2026-05-25 20:27:07.213 +02:00 [INF] Starting Intersect Client v0.8.0.0-custom+32d39132dace1351f63375b261f241297dd35be8-dirty
2026-05-25 20:27:07.564 +02:00 [INF] Discovered service type: Intersect.Plugins.PluginService
2026-05-25 20:27:07.569 +02:00 [WRN] Directory was specified as a plugin directory but does not exist: 'resources\plugins'
2026-05-25 20:27:07.570 +02:00 [INF] Discovered 0 plugins:

2026-05-25 20:27:09.645 +02:00 [INF] Connecting to 127.0.0.1:5400...
2026-05-25 20:27:09.668 +02:00 [INF] Connected [bee81b9c-0f50-40b4-a7af-e772696f4412].
2026-05-25 20:27:09.681 +02:00 [INF] Connection approved [bee81b9c-0f50-40b4-a7af-e772696f4412].
2026-05-25 20:27:09.771 +02:00 [INF] Updated PermissionSet 'default'
2026-05-25 20:27:18.756 +02:00 [INF] Updated PermissionSet 'admin'
2026-05-25 20:27:18.757 +02:00 [INF] Updating active permission set to 'admin'
2026-05-25 20:27:19.297 +02:00 [WRN] 'Me' is null.
2026-05-25 20:27:19.685 +02:00 [INF] Map "d5c08240-0436-454a-8993-362abf5bc477" 'New Map' loaded with 1 window light zone(s)
2026-05-25 20:27:19.861 +02:00 [INF] BuildWindowLightBeams() map "d5c08240-0436-454a-8993-362abf5bc477": WindowLightZones=1
2026-05-25 20:27:19.866 +02:00 [INF] BuildWindowLightBeams() map "d5c08240-0436-454a-8993-362abf5bc477": created 1 beam(s) from 1 zone(s)
2026-05-25 20:27:19.867 +02:00 [INF] Built VBO for map d5c08240-0436-454a-8993-362abf5bc477 'New Map' in 17.4325ms
2026-05-25 20:27:21.482 +02:00 [INF] Map "d5c08240-0436-454a-8993-362abf5bc477": window light drew 1/1 beam(s)
2026-05-25 20:27:21.563 +02:00 [INF] Map "d5c08240-0436-454a-8993-362abf5bc477": window light drew 1/1 beam(s)
2026-05-25 20:27:21.597 +02:00 [INF] Map "d5c08240-0436-454a-8993-362abf5bc477": window light drew 1/1 beam(s)
2026-05-25 20:27:21.630 +02:00 [INF] Map "d5c08240-0436-454a-8993-362abf5bc477": window light drew 1/1 beam(s)
2026-05-25 20:27:21.663 +02:00 [INF] Map "d5c08240-0436-454a-8993-362abf5bc477": window light drew 1/1 beam(s)
2026-05-25 20:27:21.695 +02:00 [INF] Map "d5c08240-0436-454a-8993-362abf5bc477": window light drew 1/1 beam(s)
2026-05-25 20:27:21.727 +02:00 [INF] Map "d5c08240-0436-454a-8993-362abf5bc477": window light drew 1/1 beam(s)
2026-05-25 20:27:21.759 +02:00 [INF] Map "d5c08240-0436-454a-8993-362abf5bc477": window light drew 1/1 beam(s)
2026-05-25 20:27:21.790 +02:00 [INF] Map "d5c08240-0436-454a-8993-362abf5bc477": window light drew 1/1 beam(s)
2026-05-25 20:27:21.837 +02:00 [INF] Map "d5c08240-0436-454a-8993-362abf5bc477": window light drew 1/1 beam(s)
2026-05-25 20:27:21.867 +02:00 [INF] Map "d5c08240-0436-454a-8993-362abf5bc477": window light drew 1/1 beam(s)
2026-05-25 20:27:21.897 +02:00 [INF] Map "d5c08240-0436-454a-8993-362abf5bc477": window light drew 1/1 beam(s)
2026-05-25 20:27:21.927 +02:00 [INF] Map "d5c08240-0436-454a-8993-362abf5bc477": window light drew 1/1 beam(s)
2026-05-25 20:27:21.957 +02:00 [INF] Map "d5c08240-0436-454a-8993-362abf5bc477": window light drew 1/1 beam(s)
2026-05-25 20:27:21.987 +02:00 [INF] Map "d5c08240-0436-454a-8993-362abf5bc477": window light drew 1/1 beam(s)
2026-05-25 20:27:22.019 +02:00 [INF] Map "d5c08240-0436-454a-8993-362abf5bc477": window light drew 1/1 beam(s)
2026-05-25 20:27:22.049 +02:00 [INF] Map "d5c08240-0436-454a-8993-362abf5bc477": window light drew 1/1 beam(s)
2026-05-25 20:27:22.079 +02:00 [INF] Map "d5c08240-0436-454a-8993-362abf5bc477": window light drew 1/1 beam(s)
2026-05-25 20:27:22.122 +02:00 [INF] Map "d5c08240-0436-454a-8993-362abf5bc477": window light drew 1/1 beam(s)
2026-05-25 20:27:22.153 +02:00 [INF] Map "d5c08240-0436-454a-8993-362abf5bc477": window light drew 1/1 beam(s)
2026-05-25 20:27:22.184 +02:00 [INF] Map "d5c08240-0436-454a-8993-362abf5bc477": window light drew 1/1 beam(s)
2026-05-25 20:27:22.214 +02:00 [INF] Map "d5c08240-0436-454a-8993-362abf5bc477": window light drew 1/1 beam(s)
2026-05-25 20:27:22.244 +02:00 [INF] Map "d5c08240-0436-454a-8993-362abf5bc477": window light drew 1/1 beam(s)
2026-05-25 20:27:22.274 +02:00 [INF] Map "d5c08240-0436-454a-8993-362abf5bc477": window light drew 1/1 beam(s)
2026-05-25 20:27:22.304 +02:00 [INF] Map "d5c08240-0436-454a-8993-362abf5bc477": window light drew 1/1 beam(s)
2026-05-25 20:27:22.334 +02:00 [INF] Map "d5c08240-0436-454a-8993-362abf5bc477": window light drew 1/1 beam(s)
2026-05-25 20:27:22.364 +02:00 [INF] Map "d5c08240-0436-454a-8993-362abf5bc477": window light drew 1/1 beam(s)
2026-05-25 20:27:22.407 +02:00 [INF] Map "d5c08240-0436-454a-8993-362abf5bc477": window light drew 1/1 beam(s)
2026-05-25 20:27:22.437 +02:00 [INF] Map "d5c08240-0436-454a-8993-362abf5bc477": window light drew 1/1 beam(s)
2026-05-25 20:27:22.468 +02:00 [INF] Map "d5c08240-0436-454a-8993-362abf5bc477": window light drew 1/1 beam(s)
2026-05-25 20:27:22.501 +02:00 [INF] Map "d5c08240-0436-454a-8993-362abf5bc477": window light drew 1/1 beam(s)
2026-05-25 20:27:22.531 +02:00 [INF] Map "d5c08240-0436-454a-8993-362abf5bc477": window light drew 1/1 beam(s)
2026-05-25 20:27:22.561 +02:00 [INF] Map "d5c08240-0436-454a-8993-362abf5bc477": window light drew 1/1 beam(s)
2026-05-25 20:27:22.592 +02:00 [INF] Map "d5c08240-0436-454a-8993-362abf5bc477": window light drew 1/1 beam(s)
2026-05-25 20:27:22.630 +02:00 [INF] Map "d5c08240-0436-454a-8993-362abf5bc477": window light drew 1/1 beam(s)
2026-05-25 20:27:22.660 +02:00 [INF] Map "d5c08240-0436-454a-8993-362abf5bc477": window light drew 1/1 beam(s)
2026-05-25 20:27:22.704 +02:00 [INF] Map "d5c08240-0436-454a-8993-362abf5bc477": window light drew 1/1 beam(s)
2026-05-25 20:27:22.735 +02:00 [INF] Map "d5c08240-0436-454a-8993-362abf5bc477": window light drew 1/1 beam(s)
2026-05-25 20:27:22.766 +02:00 [INF] Map "d5c08240-0436-454a-8993-362abf5bc477": window light drew 1/1 beam(s)
2026-05-25 20:27:22.795 +02:00 [INF] Map "d5c08240-0436-454a-8993-362abf5bc477": window light drew 1/1 beam(s)
2026-05-25 20:27:22.826 +02:00 [INF] Map "d5c08240-0436-454a-8993-362abf5bc477": window light drew 1/1 beam(s)
2026-05-25 20:27:22.857 +02:00 [INF] Map "d5c08240-0436-454a-8993-362abf5bc477": window light drew 1/1 beam(s)
2026-05-25 20:27:22.888 +02:00 [INF] Map "d5c08240-0436-454a-8993-362abf5bc477": window light drew 1/1 beam(s)
2026-05-25 20:27:22.919 +02:00 [INF] Map "d5c08240-0436-454a-8993-362abf5bc477": window light drew 1/1 beam(s)
2026-05-25 20:27:22.951 +02:00 [INF] Map "d5c08240-0436-454a-8993-362abf5bc477": window light drew 1/1 beam(s)
2026-05-25 20:27:23.006 +02:00 [INF] Map "d5c08240-0436-454a-8993-362abf5bc477": window light drew 1/1 beam(s)
2026-05-25 20:27:23.037 +02:00 [INF] Map "d5c08240-0436-454a-8993-362abf5bc477": window light drew 1/1 beam(s)
2026-05-25 20:27:23.071 +02:00 [INF] Map "d5c08240-0436-454a-8993-362abf5bc477": window light drew 1/1 beam(s)
2026-05-25 20:27:23.100 +02:00 [INF] Map "d5c08240-0436-454a-8993-362abf5bc477": window light drew 1/1 beam(s)
2026-05-25 20:27:23.131 +02:00 [INF] Map "d5c08240-0436-454a-8993-362abf5bc477": window light drew 1/1 beam(s)
2026-05-25 20:27:23.161 +02:00 [INF] Map "d5c08240-0436-454a-8993-362abf5bc477": window light drew 1/1 beam(s)
2026-05-25 20:27:23.192 +02:00 [INF] Map "d5c08240-0436-454a-8993-362abf5bc477": window light drew 1/1 beam(s)
2026-05-25 20:27:23.221 +02:00 [INF] Map "d5c08240-0436-454a-8993-362abf5bc477": window light drew 1/1 beam(s)
2026-05-25 20:27:23.252 +02:00 [INF] Map "d5c08240-0436-454a-8993-362abf5bc477": window light drew 1/1 beam(s)
2026-05-25 20:27:23.295 +02:00 [INF] Map "d5c08240-0436-454a-8993-362abf5bc477": window light drew 1/1 beam(s)
2026-05-25 20:27:23.325 +02:00 [INF] Map "d5c08240-0436-454a-8993-362abf5bc477": window light drew 1/1 beam(s)
2026-05-25 20:27:23.355 +02:00 [INF] Map "d5c08240-0436-454a-8993-362abf5bc477": window light drew 1/1 beam(s)
2026-05-25 20:27:23.385 +02:00 [INF] Map "d5c08240-0436-454a-8993-362abf5bc477": window light drew 1/1 beam(s)
2026-05-25 20:27:23.416 +02:00 [INF] Map "d5c08240-0436-454a-8993-362abf5bc477": window light drew 1/1 beam(s)
2026-05-25 20:27:23.446 +02:00 [INF] Map "d5c08240-0436-454a-8993-362abf5bc477": window light drew 1/1 beam(s)
2026-05-25 20:27:23.476 +02:00 [INF] Map "d5c08240-0436-454a-8993-362abf5bc477": window light drew 1/1 beam(s)
2026-05-25 20:27:23.506 +02:00 [INF] Map "d5c08240-0436-454a-8993-362abf5bc477": window light drew 1/1 beam(s)
2026-05-25 20:27:23.536 +02:00 [INF] Map "d5c08240-0436-454a-8993-362abf5bc477": window light drew 1/1 beam(s)
2026-05-25 20:27:23.585 +02:00 [INF] Map "d5c08240-0436-454a-8993-362abf5bc477": window light drew 1/1 beam(s)
2026-05-25 20:27:23.616 +02:00 [INF] Map "d5c08240-0436-454a-8993-362abf5bc477": window light drew 1/1 beam(s)
2026-05-25 20:27:23.647 +02:00 [INF] Map "d5c08240-0436-454a-8993-362abf5bc477": window light drew 1/1 beam(s)
2026-05-25 20:27:23.677 +02:00 [INF] Map "d5c08240-0436-454a-8993-362abf5bc477": window light drew 1/1 beam(s)
2026-05-25 20:27:23.708 +02:00 [INF] Map "d5c08240-0436-454a-8993-362abf5bc477": window light drew 1/1 beam(s)
2026-05-25 20:27:23.740 +02:00 [INF] Map "d5c08240-0436-454a-8993-362abf5bc477": window light drew 1/1 beam(s)
2026-05-25 20:27:23.773 +02:00 [INF] Map "d5c08240-0436-454a-8993-362abf5bc477": window light drew 1/1 beam(s)
2026-05-25 20:27:23.806 +02:00 [INF] Map "d5c08240-0436-454a-8993-362abf5bc477": window light drew 1/1 beam(s)
2026-05-25 20:27:23.837 +02:00 [INF] Map "d5c08240-0436-454a-8993-362abf5bc477": window light drew 1/1 beam(s)
2026-05-25 20:27:23.881 +02:00 [INF] Map "d5c08240-0436-454a-8993-362abf5bc477": window light drew 1/1 beam(s)
2026-05-25 20:27:23.912 +02:00 [INF] Map "d5c08240-0436-454a-8993-362abf5bc477": window light drew 1/1 beam(s)
2026-05-25 20:27:23.942 +02:00 [INF] Map "d5c08240-0436-454a-8993-362abf5bc477": window light drew 1/1 beam(s)
2026-05-25 20:27:23.972 +02:00 [INF] Map "d5c08240-0436-454a-8993-362abf5bc477": window light drew 1/1 beam(s)
2026-05-25 20:27:24.002 +02:00 [INF] Map "d5c08240-0436-454a-8993-362abf5bc477": window light drew 1/1 beam(s)
2026-05-25 20:27:24.032 +02:00 [INF] Map "d5c08240-0436-454a-8993-362abf5bc477": window light drew 1/1 beam(s)
2026-05-25 20:27:24.062 +02:00 [INF] Map "d5c08240-0436-454a-8993-362abf5bc477": window light drew 1/1 beam(s)
2026-05-25 20:27:24.092 +02:00 [INF] Map "d5c08240-0436-454a-8993-362abf5bc477": window light drew 1/1 beam(s)
2026-05-25 20:27:24.122 +02:00 [INF] Map "d5c08240-0436-454a-8993-362abf5bc477": window light drew 1/1 beam(s)
2026-05-25 20:27:24.166 +02:00 [INF] Map "d5c08240-0436-454a-8993-362abf5bc477": window light drew 1/1 beam(s)
2026-05-25 20:27:24.197 +02:00 [INF] Map "d5c08240-0436-454a-8993-362abf5bc477": window light drew 1/1 beam(s)
2026-05-25 20:27:24.227 +02:00 [INF] Map "d5c08240-0436-454a-8993-362abf5bc477": window light drew 1/1 beam(s)
2026-05-25 20:27:24.257 +02:00 [INF] Map "d5c08240-0436-454a-8993-362abf5bc477": window light drew 1/1 beam(s)
2026-05-25 20:27:24.287 +02:00 [INF] Map "d5c08240-0436-454a-8993-362abf5bc477": window light drew 1/1 beam(s)
2026-05-25 20:27:24.318 +02:00 [INF] Map "d5c08240-0436-454a-8993-362abf5bc477": window light drew 1/1 beam(s)
2026-05-25 20:27:24.349 +02:00 [INF] Map "d5c08240-0436-454a-8993-362abf5bc477": window light drew 1/1 beam(s)
2026-05-25 20:27:24.379 +02:00 [INF] Map "d5c08240-0436-454a-8993-362abf5bc477": window light drew 1/1 beam(s)
2026-05-25 20:27:24.409 +02:00 [INF] Map "d5c08240-0436-454a-8993-362abf5bc477": window light drew 1/1 beam(s)
2026-05-25 20:27:24.452 +02:00 [INF] Map "d5c08240-0436-454a-8993-362abf5bc477": window light drew 1/1 beam(s)
2026-05-25 20:27:24.483 +02:00 [INF] Map "d5c08240-0436-454a-8993-362abf5bc477": window light drew 1/1 beam(s)
2026-05-25 20:27:24.514 +02:00 [INF] Map "d5c08240-0436-454a-8993-362abf5bc477": window light drew 1/1 beam(s)
2026-05-25 20:27:24.544 +02:00 [INF] Map "d5c08240-0436-454a-8993-362abf5bc477": window light drew 1/1 beam(s)
2026-05-25 20:27:24.575 +02:00 [INF] Map "d5c08240-0436-454a-8993-362abf5bc477": window light drew 1/1 beam(s)
2026-05-25 20:27:24.605 +02:00 [INF] Map "d5c08240-0436-454a-8993-362abf5bc477": window light drew 1/1 beam(s)
2026-05-25 20:27:24.635 +02:00 [INF] Map "d5c08240-0436-454a-8993-362abf5bc477": window light drew 1/1 beam(s)
2026-05-25 20:27:24.666 +02:00 [INF] Map "d5c08240-0436-454a-8993-362abf5bc477": window light drew 1/1 beam(s)
2026-05-25 20:27:24.697 +02:00 [INF] Map "d5c08240-0436-454a-8993-362abf5bc477": window light drew 1/1 beam(s)
2026-05-25 20:27:24.740 +02:00 [INF] Map "d5c08240-0436-454a-8993-362abf5bc477": window light drew 1/1 beam(s)
2026-05-25 20:27:24.769 +02:00 [INF] Map "d5c08240-0436-454a-8993-362abf5bc477": window light drew 1/1 beam(s)
2026-05-25 20:27:24.800 +02:00 [INF] Map "d5c08240-0436-454a-8993-362abf5bc477": window light drew 1/1 beam(s)
2026-05-25 20:27:24.831 +02:00 [INF] Map "d5c08240-0436-454a-8993-362abf5bc477": window light drew 1/1 beam(s)
2026-05-25 20:27:24.863 +02:00 [INF] Map "d5c08240-0436-454a-8993-362abf5bc477": window light drew 1/1 beam(s)
2026-05-25 20:27:24.894 +02:00 [INF] Map "d5c08240-0436-454a-8993-362abf5bc477": window light drew 1/1 beam(s)
2026-05-25 20:27:24.925 +02:00 [INF] Map "d5c08240-0436-454a-8993-362abf5bc477": window light drew 1/1 beam(s)
2026-05-25 20:27:24.977 +02:00 [INF] Map "d5c08240-0436-454a-8993-362abf5bc477": window light drew 1/1 beam(s)
2026-05-25 20:27:25.029 +02:00 [INF] Map "d5c08240-0436-454a-8993-362abf5bc477": window light drew 1/1 beam(s)
2026-05-25 20:27:25.092 +02:00 [INF] Map "d5c08240-0436-454a-8993-362abf5bc477": window light drew 1/1 beam(s)
2026-05-25 20:27:25.144 +02:00 [INF] Map "d5c08240-0436-454a-8993-362abf5bc477": window light drew 1/1 beam(s)
2026-05-25 20:27:25.196 +02:00 [INF] Map "d5c08240-0436-454a-8993-362abf5bc477": window light drew 1/1 beam(s)
2026-05-25 20:27:25.248 +02:00 [INF] Map "d5c08240-0436-454a-8993-362abf5bc477": window light drew 1/1 beam(s)
2026-05-25 20:27:25.299 +02:00 [INF] Map "d5c08240-0436-454a-8993-362abf5bc477": window light drew 1/1 beam(s)
2026-05-25 20:27:25.351 +02:00 [INF] Map "d5c08240-0436-454a-8993-362abf5bc477": window light drew 1/1 beam(s)
2026-05-25 20:27:25.404 +02:00 [INF] Map "d5c08240-0436-454a-8993-362abf5bc477": window light drew 1/1 beam(s)
2026-05-25 20:27:25.457 +02:00 [INF] Map "d5c08240-0436-454a-8993-362abf5bc477": window light drew 1/1 beam(s)
2026-05-25 20:27:25.510 +02:00 [INF] Map "d5c08240-0436-454a-8993-362abf5bc477": window light drew 1/1 beam(s)
2026-05-25 20:27:25.577 +02:00 [INF] Map "d5c08240-0436-454a-8993-362abf5bc477": window light drew 1/1 beam(s)
2026-05-25 20:27:25.629 +02:00 [INF] Map "d5c08240-0436-454a-8993-362abf5bc477": window light drew 1/1 beam(s)
2026-05-25 20:27:25.681 +02:00 [INF] Map "d5c08240-0436-454a-8993-362abf5bc477": window light drew 1/1 beam(s)
2026-05-25 20:27:25.733 +02:00 [INF] Map "d5c08240-0436-454a-8993-362abf5bc477": window light drew 1/1 beam(s)
2026-05-25 20:27:25.786 +02:00 [INF] Map "d5c08240-0436-454a-8993-362abf5bc477": window light drew 1/1 beam(s)
2026-05-25 20:27:25.838 +02:00 [INF] Map "d5c08240-0436-454a-8993-362abf5bc477": window light drew 1/1 beam(s)
2026-05-25 20:27:25.888 +02:00 [INF] Map "d5c08240-0436-454a-8993-362abf5bc477": window light drew 1/1 beam(s)
2026-05-25 20:27:25.940 +02:00 [INF] Map "d5c08240-0436-454a-8993-362abf5bc477": window light drew 1/1 beam(s)
2026-05-25 20:27:25.991 +02:00 [INF] Map "d5c08240-0436-454a-8993-362abf5bc477": window light drew 1/1 beam(s)
2026-05-25 20:27:26.055 +02:00 [INF] Map "d5c08240-0436-454a-8993-362abf5bc477": window light drew 1/1 beam(s)
2026-05-25 20:27:26.105 +02:00 [INF] Map "d5c08240-0436-454a-8993-362abf5bc477": window light drew 1/1 beam(s)
2026-05-25 20:27:26.156 +02:00 [INF] Map "d5c08240-0436-454a-8993-362abf5bc477": window light drew 1/1 beam(s)
2026-05-25 20:27:26.207 +02:00 [INF] Map "d5c08240-0436-454a-8993-362abf5bc477": window light drew 1/1 beam(s)
2026-05-25 20:27:26.258 +02:00 [INF] Map "d5c08240-0436-454a-8993-362abf5bc477": window light drew 1/1 beam(s)
2026-05-25 20:27:26.310 +02:00 [INF] Map "d5c08240-0436-454a-8993-362abf5bc477": window light drew 1/1 beam(s)
2026-05-25 20:27:26.361 +02:00 [INF] Map "d5c08240-0436-454a-8993-362abf5bc477": window light drew 1/1 beam(s)
2026-05-25 20:27:26.413 +02:00 [INF] Map "d5c08240-0436-454a-8993-362abf5bc477": window light drew 1/1 beam(s)
2026-05-25 20:27:26.466 +02:00 [INF] Map "d5c08240-0436-454a-8993-362abf5bc477": window light drew 1/1 beam(s)
2026-05-25 20:27:26.531 +02:00 [INF] Map "d5c08240-0436-454a-8993-362abf5bc477": window light drew 1/1 beam(s)
2026-05-25 20:27:26.582 +02:00 [INF] Map "d5c08240-0436-454a-8993-362abf5bc477": window light drew 1/1 beam(s)
2026-05-25 20:27:26.633 +02:00 [INF] Map "d5c08240-0436-454a-8993-362abf5bc477": window light drew 1/1 beam(s)
2026-05-25 20:27:26.683 +02:00 [INF] Map "d5c08240-0436-454a-8993-362abf5bc477": window light drew 1/1 beam(s)
2026-05-25 20:27:26.735 +02:00 [INF] Map "d5c08240-0436-454a-8993-362abf5bc477": window light drew 1/1 beam(s)
2026-05-25 20:27:26.785 +02:00 [INF] Map "d5c08240-0436-454a-8993-362abf5bc477": window light drew 1/1 beam(s)
2026-05-25 20:27:26.836 +02:00 [INF] Map "d5c08240-0436-454a-8993-362abf5bc477": window light drew 1/1 beam(s)
2026-05-25 20:27:26.886 +02:00 [INF] Map "d5c08240-0436-454a-8993-362abf5bc477": window light drew 1/1 beam(s)
2026-05-25 20:27:26.939 +02:00 [INF] Map "d5c08240-0436-454a-8993-362abf5bc477": window light drew 1/1 beam(s)
2026-05-25 20:27:27.003 +02:00 [INF] Map "d5c08240-0436-454a-8993-362abf5bc477": window light drew 1/1 beam(s)
2026-05-25 20:27:27.054 +02:00 [INF] Map "d5c08240-0436-454a-8993-362abf5bc477": window light drew 1/1 beam(s)
2026-05-25 20:27:27.105 +02:00 [INF] Map "d5c08240-0436-454a-8993-362abf5bc477": window light drew 1/1 beam(s)
2026-05-25 20:27:27.155 +02:00 [INF] Map "d5c08240-0436-454a-8993-362abf5bc477": window light drew 1/1 beam(s)
2026-05-25 20:27:27.206 +02:00 [INF] Map "d5c08240-0436-454a-8993-362abf5bc477": window light drew 1/1 beam(s)
2026-05-25 20:27:27.256 +02:00 [INF] Map "d5c08240-0436-454a-8993-362abf5bc477": window light drew 1/1 beam(s)
2026-05-25 20:27:27.308 +02:00 [INF] Map "d5c08240-0436-454a-8993-362abf5bc477": window light drew 1/1 beam(s)
2026-05-25 20:27:27.358 +02:00 [INF] Map "d5c08240-0436-454a-8993-362abf5bc477": window light drew 1/1 beam(s)
2026-05-25 20:27:27.411 +02:00 [INF] Map "d5c08240-0436-454a-8993-362abf5bc477": window light drew 1/1 beam(s)
2026-05-25 20:27:27.475 +02:00 [INF] Map "d5c08240-0436-454a-8993-362abf5bc477": window light drew 1/1 beam(s)
2026-05-25 20:27:27.527 +02:00 [INF] Map "d5c08240-0436-454a-8993-362abf5bc477": window light drew 1/1 beam(s)
2026-05-25 20:27:27.578 +02:00 [INF] Map "d5c08240-0436-454a-8993-362abf5bc477": window light drew 1/1 beam(s)
2026-05-25 20:27:27.630 +02:00 [INF] Map "d5c08240-0436-454a-8993-362abf5bc477": window light drew 1/1 beam(s)
2026-05-25 20:27:27.682 +02:00 [INF] Map "d5c08240-0436-454a-8993-362abf5bc477": window light drew 1/1 beam(s)
2026-05-25 20:27:27.733 +02:00 [INF] Map "d5c08240-0436-454a-8993-362abf5bc477": window light drew 1/1 beam(s)
2026-05-25 20:27:27.785 +02:00 [INF] Map "d5c08240-0436-454a-8993-362abf5bc477": window light drew 1/1 beam(s)
2026-05-25 20:27:27.837 +02:00 [INF] Map "d5c08240-0436-454a-8993-362abf5bc477": window light drew 1/1 beam(s)
2026-05-25 20:27:27.890 +02:00 [INF] Map "d5c08240-0436-454a-8993-362abf5bc477": window light drew 1/1 beam(s)
2026-05-25 20:27:27.969 +02:00 [INF] Map "d5c08240-0436-454a-8993-362abf5bc477": window light drew 1/1 beam(s)
2026-05-25 20:27:28.020 +02:00 [INF] Map "d5c08240-0436-454a-8993-362abf5bc477": window light drew 1/1 beam(s)
2026-05-25 20:27:28.071 +02:00 [INF] Map "d5c08240-0436-454a-8993-362abf5bc477": window light drew 1/1 beam(s)
2026-05-25 20:27:28.123 +02:00 [INF] Map "d5c08240-0436-454a-8993-362abf5bc477": window light drew 1/1 beam(s)
2026-05-25 20:27:28.174 +02:00 [INF] Map "d5c08240-0436-454a-8993-362abf5bc477": window light drew 1/1 beam(s)
2026-05-25 20:27:28.228 +02:00 [INF] Map "d5c08240-0436-454a-8993-362abf5bc477": window light drew 1/1 beam(s)
2026-05-25 20:27:28.280 +02:00 [INF] Map "d5c08240-0436-454a-8993-362abf5bc477": window light drew 1/1 beam(s)
2026-05-25 20:27:28.331 +02:00 [INF] Map "d5c08240-0436-454a-8993-362abf5bc477": window light drew 1/1 beam(s)
2026-05-25 20:27:28.386 +02:00 [INF] Map "d5c08240-0436-454a-8993-362abf5bc477": window light drew 1/1 beam(s)
2026-05-25 20:27:28.451 +02:00 [INF] Map "d5c08240-0436-454a-8993-362abf5bc477": window light drew 1/1 beam(s)
2026-05-25 20:27:28.503 +02:00 [INF] Map "d5c08240-0436-454a-8993-362abf5bc477": window light drew 1/1 beam(s)
2026-05-25 20:27:28.556 +02:00 [INF] Map "d5c08240-0436-454a-8993-362abf5bc477": window light drew 1/1 beam(s)
2026-05-25 20:27:28.609 +02:00 [INF] Map "d5c08240-0436-454a-8993-362abf5bc477": window light drew 1/1 beam(s)
2026-05-25 20:27:28.661 +02:00 [INF] Map "d5c08240-0436-454a-8993-362abf5bc477": window light drew 1/1 beam(s)
2026-05-25 20:27:28.713 +02:00 [INF] Map "d5c08240-0436-454a-8993-362abf5bc477": window light drew 1/1 beam(s)
2026-05-25 20:27:28.765 +02:00 [INF] Map "d5c08240-0436-454a-8993-362abf5bc477": window light drew 1/1 beam(s)
2026-05-25 20:27:28.817 +02:00 [INF] Map "d5c08240-0436-454a-8993-362abf5bc477": window light drew 1/1 beam(s)
2026-05-25 20:27:28.871 +02:00 [INF] Map "d5c08240-0436-454a-8993-362abf5bc477": window light drew 1/1 beam(s)
2026-05-25 20:27:28.938 +02:00 [INF] Map "d5c08240-0436-454a-8993-362abf5bc477": window light drew 1/1 beam(s)
2026-05-25 20:27:28.990 +02:00 [INF] Map "d5c08240-0436-454a-8993-362abf5bc477": window light drew 1/1 beam(s)
2026-05-25 20:27:29.041 +02:00 [INF] Map "d5c08240-0436-454a-8993-362abf5bc477": window light drew 1/1 beam(s)
2026-05-25 20:27:29.116 +02:00 [INF] Map "d5c08240-0436-454a-8993-362abf5bc477": window light drew 1/1 beam(s)
2026-05-25 20:27:29.175 +02:00 [INF] Map "d5c08240-0436-454a-8993-362abf5bc477": window light drew 1/1 beam(s)
2026-05-25 20:27:29.226 +02:00 [INF] Map "d5c08240-0436-454a-8993-362abf5bc477": window light drew 1/1 beam(s)
2026-05-25 20:27:29.277 +02:00 [INF] Map "d5c08240-0436-454a-8993-362abf5bc477": window light drew 1/1 beam(s)
2026-05-25 20:27:29.328 +02:00 [INF] Map "d5c08240-0436-454a-8993-362abf5bc477": window light drew 1/1 beam(s)
2026-05-25 20:27:29.379 +02:00 [INF] Map "d5c08240-0436-454a-8993-362abf5bc477": window light drew 1/1 beam(s)
2026-05-25 20:27:29.443 +02:00 [INF] Map "d5c08240-0436-454a-8993-362abf5bc477": window light drew 1/1 beam(s)
2026-05-25 20:27:29.495 +02:00 [INF] Map "d5c08240-0436-454a-8993-362abf5bc477": window light drew 1/1 beam(s)
2026-05-25 20:27:29.546 +02:00 [INF] Map "d5c08240-0436-454a-8993-362abf5bc477": window light drew 1/1 beam(s)
2026-05-25 20:27:29.600 +02:00 [INF] Map "d5c08240-0436-454a-8993-362abf5bc477": window light drew 1/1 beam(s)
2026-05-25 20:27:29.653 +02:00 [INF] Map "d5c08240-0436-454a-8993-362abf5bc477": window light drew 1/1 beam(s)
2026-05-25 20:27:29.704 +02:00 [INF] Map "d5c08240-0436-454a-8993-362abf5bc477": window light drew 1/1 beam(s)
2026-05-25 20:27:29.754 +02:00 [INF] Map "d5c08240-0436-454a-8993-362abf5bc477": window light drew 1/1 beam(s)
2026-05-25 20:27:29.807 +02:00 [INF] Map "d5c08240-0436-454a-8993-362abf5bc477": window light drew 1/1 beam(s)
2026-05-25 20:27:29.857 +02:00 [INF] Map "d5c08240-0436-454a-8993-362abf5bc477": window light drew 1/1 beam(s)
2026-05-25 20:27:29.921 +02:00 [INF] Map "d5c08240-0436-454a-8993-362abf5bc477": window light drew 1/1 beam(s)
2026-05-25 20:27:29.972 +02:00 [INF] Map "d5c08240-0436-454a-8993-362abf5bc477": window light drew 1/1 beam(s)
2026-05-25 20:27:30.023 +02:00 [INF] Map "d5c08240-0436-454a-8993-362abf5bc477": window light drew 1/1 beam(s)
2026-05-25 20:27:30.073 +02:00 [INF] Map "d5c08240-0436-454a-8993-362abf5bc477": window light drew 1/1 beam(s)
2026-05-25 20:27:30.124 +02:00 [INF] Map "d5c08240-0436-454a-8993-362abf5bc477": window light drew 1/1 beam(s)
2026-05-25 20:27:30.175 +02:00 [INF] Map "d5c08240-0436-454a-8993-362abf5bc477": window light drew 1/1 beam(s)
2026-05-25 20:27:30.225 +02:00 [INF] Map "d5c08240-0436-454a-8993-362abf5bc477": window light drew 1/1 beam(s)
2026-05-25 20:27:30.276 +02:00 [INF] Map "d5c08240-0436-454a-8993-362abf5bc477": window light drew 1/1 beam(s)
2026-05-25 20:27:30.327 +02:00 [INF] Map "d5c08240-0436-454a-8993-362abf5bc477": window light drew 1/1 beam(s)
2026-05-25 20:27:30.393 +02:00 [INF] Map "d5c08240-0436-454a-8993-362abf5bc477": window light drew 1/1 beam(s)
2026-05-25 20:27:30.444 +02:00 [INF] Map "d5c08240-0436-454a-8993-362abf5bc477": window light drew 1/1 beam(s)
2026-05-25 20:27:30.495 +02:00 [INF] Map "d5c08240-0436-454a-8993-362abf5bc477": window light drew 1/1 beam(s)
2026-05-25 20:27:30.546 +02:00 [INF] Map "d5c08240-0436-454a-8993-362abf5bc477": window light drew 1/1 beam(s)
2026-05-25 20:27:30.597 +02:00 [INF] Map "d5c08240-0436-454a-8993-362abf5bc477": window light drew 1/1 beam(s)
2026-05-25 20:27:30.648 +02:00 [INF] Map "d5c08240-0436-454a-8993-362abf5bc477": window light drew 1/1 beam(s)
2026-05-25 20:27:30.701 +02:00 [INF] Map "d5c08240-0436-454a-8993-362abf5bc477": window light drew 1/1 beam(s)
2026-05-25 20:27:30.752 +02:00 [INF] Map "d5c08240-0436-454a-8993-362abf5bc477": window light drew 1/1 beam(s)
2026-05-25 20:27:30.804 +02:00 [INF] Map "d5c08240-0436-454a-8993-362abf5bc477": window light drew 1/1 beam(s)
2026-05-25 20:27:30.861 +02:00 [INF] Map "d5c08240-0436-454a-8993-362abf5bc477": window light drew 1/1 beam(s)
2026-05-25 20:27:30.914 +02:00 [INF] Map "d5c08240-0436-454a-8993-362abf5bc477": window light drew 1/1 beam(s)
2026-05-25 20:27:30.951 +02:00 [INF] Map "d5c08240-0436-454a-8993-362abf5bc477": window light drew 1/1 beam(s)
2026-05-25 20:27:30.983 +02:00 [INF] Map "d5c08240-0436-454a-8993-362abf5bc477": window light drew 1/1 beam(s)
2026-05-25 20:27:31.014 +02:00 [INF] Map "d5c08240-0436-454a-8993-362abf5bc477": window light drew 1/1 beam(s)
2026-05-25 20:27:31.045 +02:00 [INF] Map "d5c08240-0436-454a-8993-362abf5bc477": window light drew 1/1 beam(s)
2026-05-25 20:27:31.075 +02:00 [INF] Map "d5c08240-0436-454a-8993-362abf5bc477": window light drew 1/1 beam(s)
2026-05-25 20:27:31.106 +02:00 [INF] Map "d5c08240-0436-454a-8993-362abf5bc477": window light drew 1/1 beam(s)
2026-05-25 20:27:31.137 +02:00 [INF] Map "d5c08240-0436-454a-8993-362abf5bc477": window light drew 1/1 beam(s)
2026-05-25 20:27:31.184 +02:00 [INF] Map "d5c08240-0436-454a-8993-362abf5bc477": window light drew 1/1 beam(s)
2026-05-25 20:27:31.220 +02:00 [INF] Map "d5c08240-0436-454a-8993-362abf5bc477": window light drew 1/1 beam(s)
2026-05-25 20:27:31.255 +02:00 [INF] Map "d5c08240-0436-454a-8993-362abf5bc477": window light drew 1/1 beam(s)
2026-05-25 20:27:31.288 +02:00 [INF] Map "d5c08240-0436-454a-8993-362abf5bc477": window light drew 1/1 beam(s)
2026-05-25 20:27:31.321 +02:00 [INF] Map "d5c08240-0436-454a-8993-362abf5bc477": window light drew 1/1 beam(s)
2026-05-25 20:27:31.353 +02:00 [INF] Map "d5c08240-0436-454a-8993-362abf5bc477": window light drew 1/1 beam(s)
2026-05-25 20:27:31.385 +02:00 [INF] Map "d5c08240-0436-454a-8993-362abf5bc477": window light drew 1/1 beam(s)
2026-05-25 20:27:31.416 +02:00 [INF] Map "d5c08240-0436-454a-8993-362abf5bc477": window light drew 1/1 beam(s)
2026-05-25 20:27:31.449 +02:00 [INF] Map "d5c08240-0436-454a-8993-362abf5bc477": window light drew 1/1 beam(s)
2026-05-25 20:27:31.498 +02:00 [INF] Map "d5c08240-0436-454a-8993-362abf5bc477": window light drew 1/1 beam(s)
2026-05-25 20:27:31.531 +02:00 [INF] Map "d5c08240-0436-454a-8993-362abf5bc477": window light drew 1/1 beam(s)
2026-05-25 20:27:31.563 +02:00 [INF] Map "d5c08240-0436-454a-8993-362abf5bc477": window light drew 1/1 beam(s)
2026-05-25 20:27:31.595 +02:00 [INF] Map "d5c08240-0436-454a-8993-362abf5bc477": window light drew 1/1 beam(s)
2026-05-25 20:27:31.627 +02:00 [INF] Map "d5c08240-0436-454a-8993-362abf5bc477": window light drew 1/1 beam(s)
2026-05-25 20:27:31.659 +02:00 [INF] Map "d5c08240-0436-454a-8993-362abf5bc477": window light drew 1/1 beam(s)
2026-05-25 20:27:31.691 +02:00 [INF] Map "d5c08240-0436-454a-8993-362abf5bc477": window light drew 1/1 beam(s)
2026-05-25 20:27:31.727 +02:00 [INF] Map "d5c08240-0436-454a-8993-362abf5bc477": window light drew 1/1 beam(s)
2026-05-25 20:27:31.766 +02:00 [INF] Map "d5c08240-0436-454a-8993-362abf5bc477": window light drew 1/1 beam(s)
2026-05-25 20:27:31.821 +02:00 [INF] Map "d5c08240-0436-454a-8993-362abf5bc477": window light drew 1/1 beam(s)
2026-05-25 20:27:31.852 +02:00 [INF] Map "d5c08240-0436-454a-8993-362abf5bc477": window light drew 1/1 beam(s)
2026-05-25 20:27:31.884 +02:00 [INF] Map "d5c08240-0436-454a-8993-362abf5bc477": window light drew 1/1 beam(s)
2026-05-25 20:27:31.915 +02:00 [INF] Map "d5c08240-0436-454a-8993-362abf5bc477": window light drew 1/1 beam(s)
2026-05-25 20:27:31.946 +02:00 [INF] Map "d5c08240-0436-454a-8993-362abf5bc477": window light drew 1/1 beam(s)
2026-05-25 20:27:31.977 +02:00 [INF] Map "d5c08240-0436-454a-8993-362abf5bc477": window light drew 1/1 beam(s)
2026-05-25 20:27:32.009 +02:00 [INF] Map "d5c08240-0436-454a-8993-362abf5bc477": window light drew 1/1 beam(s)
2026-05-25 20:27:32.040 +02:00 [INF] Map "d5c08240-0436-454a-8993-362abf5bc477": window light drew 1/1 beam(s)
2026-05-25 20:27:32.071 +02:00 [INF] Map "d5c08240-0436-454a-8993-362abf5bc477": window light drew 1/1 beam(s)
2026-05-25 20:27:32.141 +02:00 [INF] Map "d5c08240-0436-454a-8993-362abf5bc477": window light drew 1/1 beam(s)
2026-05-25 20:27:32.197 +02:00 [INF] Map "d5c08240-0436-454a-8993-362abf5bc477": window light drew 1/1 beam(s)
2026-05-25 20:27:32.259 +02:00 [INF] Map "d5c08240-0436-454a-8993-362abf5bc477": window light drew 1/1 beam(s)
2026-05-25 20:27:32.323 +02:00 [INF] Map "d5c08240-0436-454a-8993-362abf5bc477": window light drew 1/1 beam(s)
2026-05-25 20:27:32.383 +02:00 [INF] Map "d5c08240-0436-454a-8993-362abf5bc477": window light drew 1/1 beam(s)
2026-05-25 20:27:32.444 +02:00 [INF] Map "d5c08240-0436-454a-8993-362abf5bc477": window light drew 1/1 beam(s)
2026-05-25 20:27:32.504 +02:00 [INF] Map "d5c08240-0436-454a-8993-362abf5bc477": window light drew 1/1 beam(s)
2026-05-25 20:27:32.562 +02:00 [INF] Map "d5c08240-0436-454a-8993-362abf5bc477": window light drew 1/1 beam(s)
2026-05-25 20:27:32.620 +02:00 [INF] Map "d5c08240-0436-454a-8993-362abf5bc477": window light drew 1/1 beam(s)
2026-05-25 20:27:32.697 +02:00 [INF] Map "d5c08240-0436-454a-8993-362abf5bc477": window light drew 1/1 beam(s)
2026-05-25 20:27:32.761 +02:00 [INF] Map "d5c08240-0436-454a-8993-362abf5bc477": window light drew 1/1 beam(s)
2026-05-25 20:27:32.825 +02:00 [INF] Map "d5c08240-0436-454a-8993-362abf5bc477": window light drew 1/1 beam(s)
2026-05-25 20:27:32.882 +02:00 [INF] Map "d5c08240-0436-454a-8993-362abf5bc477": window light drew 1/1 beam(s)
2026-05-25 20:27:32.946 +02:00 [INF] Map "d5c08240-0436-454a-8993-362abf5bc477": window light drew 1/1 beam(s)
2026-05-25 20:27:33.006 +02:00 [INF] Map "d5c08240-0436-454a-8993-362abf5bc477": window light drew 1/1 beam(s)
2026-05-25 20:27:33.067 +02:00 [INF] Map "d5c08240-0436-454a-8993-362abf5bc477": window light drew 1/1 beam(s)
2026-05-25 20:27:33.127 +02:00 [INF] Map "d5c08240-0436-454a-8993-362abf5bc477": window light drew 1/1 beam(s)
2026-05-25 20:27:33.183 +02:00 [INF] Map "d5c08240-0436-454a-8993-362abf5bc477": window light drew 1/1 beam(s)
2026-05-25 20:27:33.233 +02:00 [INF] Map "d5c08240-0436-454a-8993-362abf5bc477": window light drew 1/1 beam(s)
2026-05-25 20:27:33.268 +02:00 [INF] Map "d5c08240-0436-454a-8993-362abf5bc477": window light drew 1/1 beam(s)
2026-05-25 20:27:33.300 +02:00 [INF] Map "d5c08240-0436-454a-8993-362abf5bc477": window light drew 1/1 beam(s)
2026-05-25 20:27:33.335 +02:00 [INF] Map "d5c08240-0436-454a-8993-362abf5bc477": window light drew 1/1 beam(s)
2026-05-25 20:27:33.365 +02:00 [INF] Map "d5c08240-0436-454a-8993-362abf5bc477": window light drew 1/1 beam(s)
2026-05-25 20:27:33.396 +02:00 [INF] Map "d5c08240-0436-454a-8993-362abf5bc477": window light drew 1/1 beam(s)
2026-05-25 20:27:33.429 +02:00 [INF] Map "d5c08240-0436-454a-8993-362abf5bc477": window light drew 1/1 beam(s)
2026-05-25 20:27:33.460 +02:00 [INF] Map "d5c08240-0436-454a-8993-362abf5bc477": window light drew 1/1 beam(s)
2026-05-25 20:27:33.492 +02:00 [INF] Map "d5c08240-0436-454a-8993-362abf5bc477": window light drew 1/1 beam(s)
2026-05-25 20:27:33.537 +02:00 [INF] Map "d5c08240-0436-454a-8993-362abf5bc477": window light drew 1/1 beam(s)
2026-05-25 20:27:33.568 +02:00 [INF] Map "d5c08240-0436-454a-8993-362abf5bc477": window light drew 1/1 beam(s)
2026-05-25 20:27:33.601 +02:00 [INF] Map "d5c08240-0436-454a-8993-362abf5bc477": window light drew 1/1 beam(s)
2026-05-25 20:27:33.632 +02:00 [INF] Map "d5c08240-0436-454a-8993-362abf5bc477": window light drew 1/1 beam(s)
2026-05-25 20:27:33.662 +02:00 [INF] Map "d5c08240-0436-454a-8993-362abf5bc477": window light drew 1/1 beam(s)
2026-05-25 20:27:33.693 +02:00 [INF] Map "d5c08240-0436-454a-8993-362abf5bc477": window light drew 1/1 beam(s)
2026-05-25 20:27:33.724 +02:00 [INF] Map "d5c08240-0436-454a-8993-362abf5bc477": window light drew 1/1 beam(s)
2026-05-25 20:27:33.756 +02:00 [INF] Map "d5c08240-0436-454a-8993-362abf5bc477": window light drew 1/1 beam(s)
2026-05-25 20:27:33.788 +02:00 [INF] Map "d5c08240-0436-454a-8993-362abf5bc477": window light drew 1/1 beam(s)
2026-05-25 20:27:33.842 +02:00 [INF] Map "d5c08240-0436-454a-8993-362abf5bc477": window light drew 1/1 beam(s)
2026-05-25 20:27:33.874 +02:00 [INF] Map "d5c08240-0436-454a-8993-362abf5bc477": window light drew 1/1 beam(s)
2026-05-25 20:27:33.906 +02:00 [INF] Map "d5c08240-0436-454a-8993-362abf5bc477": window light drew 1/1 beam(s)
2026-05-25 20:27:33.939 +02:00 [INF] Map "d5c08240-0436-454a-8993-362abf5bc477": window light drew 1/1 beam(s)
2026-05-25 20:27:33.970 +02:00 [INF] Map "d5c08240-0436-454a-8993-362abf5bc477": window light drew 1/1 beam(s)
2026-05-25 20:27:34.001 +02:00 [INF] Map "d5c08240-0436-454a-8993-362abf5bc477": window light drew 1/1 beam(s)
2026-05-25 20:27:34.032 +02:00 [INF] Map "d5c08240-0436-454a-8993-362abf5bc477": window light drew 1/1 beam(s)
2026-05-25 20:27:34.064 +02:00 [INF] Map "d5c08240-0436-454a-8993-362abf5bc477": window light drew 1/1 beam(s)
2026-05-25 20:27:34.095 +02:00 [INF] Map "d5c08240-0436-454a-8993-362abf5bc477": window light drew 1/1 beam(s)
2026-05-25 20:27:34.140 +02:00 [INF] Map "d5c08240-0436-454a-8993-362abf5bc477": window light drew 1/1 beam(s)
2026-05-25 20:27:34.172 +02:00 [INF] Map "d5c08240-0436-454a-8993-362abf5bc477": window light drew 1/1 beam(s)
2026-05-25 20:27:34.203 +02:00 [INF] Map "d5c08240-0436-454a-8993-362abf5bc477": window light drew 1/1 beam(s)
2026-05-25 20:27:34.233 +02:00 [INF] Map "d5c08240-0436-454a-8993-362abf5bc477": window light drew 1/1 beam(s)
2026-05-25 20:27:34.265 +02:00 [INF] Map "d5c08240-0436-454a-8993-362abf5bc477": window light drew 1/1 beam(s)
2026-05-25 20:27:34.295 +02:00 [INF] Map "d5c08240-0436-454a-8993-362abf5bc477": window light drew 1/1 beam(s)
2026-05-25 20:27:34.326 +02:00 [INF] Map "d5c08240-0436-454a-8993-362abf5bc477": window light drew 1/1 beam(s)
2026-05-25 20:27:34.357 +02:00 [INF] Map "d5c08240-0436-454a-8993-362abf5bc477": window light drew 1/1 beam(s)
2026-05-25 20:27:34.388 +02:00 [INF] Map "d5c08240-0436-454a-8993-362abf5bc477": window light drew 1/1 beam(s)
2026-05-25 20:27:34.432 +02:00 [INF] Map "d5c08240-0436-454a-8993-362abf5bc477": window light drew 1/1 beam(s)
2026-05-25 20:27:34.464 +02:00 [INF] Map "d5c08240-0436-454a-8993-362abf5bc477": window light drew 1/1 beam(s)
2026-05-25 20:27:34.495 +02:00 [INF] Map "d5c08240-0436-454a-8993-362abf5bc477": window light drew 1/1 beam(s)
2026-05-25 20:27:34.526 +02:00 [INF] Map "d5c08240-0436-454a-8993-362abf5bc477": window light drew 1/1 beam(s)
2026-05-25 20:27:34.558 +02:00 [INF] Map "d5c08240-0436-454a-8993-362abf5bc477": window light drew 1/1 beam(s)
2026-05-25 20:27:34.589 +02:00 [INF] Map "d5c08240-0436-454a-8993-362abf5bc477": window light drew 1/1 beam(s)
2026-05-25 20:27:34.620 +02:00 [INF] Map "d5c08240-0436-454a-8993-362abf5bc477": window light drew 1/1 beam(s)
2026-05-25 20:27:34.651 +02:00 [INF] Map "d5c08240-0436-454a-8993-362abf5bc477": window light drew 1/1 beam(s)
2026-05-25 20:27:34.683 +02:00 [INF] Map "d5c08240-0436-454a-8993-362abf5bc477": window light drew 1/1 beam(s)
2026-05-25 20:27:34.727 +02:00 [INF] Map "d5c08240-0436-454a-8993-362abf5bc477": window light drew 1/1 beam(s)
2026-05-25 20:27:34.758 +02:00 [INF] Map "d5c08240-0436-454a-8993-362abf5bc477": window light drew 1/1 beam(s)
2026-05-25 20:27:34.789 +02:00 [INF] Map "d5c08240-0436-454a-8993-362abf5bc477": window light drew 1/1 beam(s)
2026-05-25 20:27:34.820 +02:00 [INF] Map "d5c08240-0436-454a-8993-362abf5bc477": window light drew 1/1 beam(s)
2026-05-25 20:27:34.851 +02:00 [INF] Map "d5c08240-0436-454a-8993-362abf5bc477": window light drew 1/1 beam(s)
2026-05-25 20:27:34.882 +02:00 [INF] Map "d5c08240-0436-454a-8993-362abf5bc477": window light drew 1/1 beam(s)
2026-05-25 20:27:34.912 +02:00 [INF] Map "d5c08240-0436-454a-8993-362abf5bc477": window light drew 1/1 beam(s)
2026-05-25 20:27:34.944 +02:00 [INF] Map "d5c08240-0436-454a-8993-362abf5bc477": window light drew 1/1 beam(s)
2026-05-25 20:27:34.975 +02:00 [INF] Map "d5c08240-0436-454a-8993-362abf5bc477": window light drew 1/1 beam(s)
2026-05-25 20:27:35.020 +02:00 [INF] Map "d5c08240-0436-454a-8993-362abf5bc477": window light drew 1/1 beam(s)
2026-05-25 20:27:35.052 +02:00 [INF] Map "d5c08240-0436-454a-8993-362abf5bc477": window light drew 1/1 beam(s)
2026-05-25 20:27:35.083 +02:00 [INF] Map "d5c08240-0436-454a-8993-362abf5bc477": window light drew 1/1 beam(s)
2026-05-25 20:27:35.114 +02:00 [INF] Map "d5c08240-0436-454a-8993-362abf5bc477": window light drew 1/1 beam(s)
2026-05-25 20:27:35.146 +02:00 [INF] Map "d5c08240-0436-454a-8993-362abf5bc477": window light drew 1/1 beam(s)
2026-05-25 20:27:35.177 +02:00 [INF] Map "d5c08240-0436-454a-8993-362abf5bc477": window light drew 1/1 beam(s)
2026-05-25 20:27:35.208 +02:00 [INF] Map "d5c08240-0436-454a-8993-362abf5bc477": window light drew 1/1 beam(s)
2026-05-25 20:27:35.240 +02:00 [INF] Map "d5c08240-0436-454a-8993-362abf5bc477": window light drew 1/1 beam(s)
2026-05-25 20:27:35.271 +02:00 [INF] Map "d5c08240-0436-454a-8993-362abf5bc477": window light drew 1/1 beam(s)
2026-05-25 20:27:35.315 +02:00 [INF] Map "d5c08240-0436-454a-8993-362abf5bc477": window light drew 1/1 beam(s)
2026-05-25 20:27:35.346 +02:00 [INF] Map "d5c08240-0436-454a-8993-362abf5bc477": window light drew 1/1 beam(s)
2026-05-25 20:27:35.377 +02:00 [INF] Map "d5c08240-0436-454a-8993-362abf5bc477": window light drew 1/1 beam(s)
2026-05-25 20:27:35.408 +02:00 [INF] Map "d5c08240-0436-454a-8993-362abf5bc477": window light drew 1/1 beam(s)
2026-05-25 20:27:35.440 +02:00 [INF] Map "d5c08240-0436-454a-8993-362abf5bc477": window light drew 1/1 beam(s)
2026-05-25 20:27:35.471 +02:00 [INF] Map "d5c08240-0436-454a-8993-362abf5bc477": window light drew 1/1 beam(s)
2026-05-25 20:27:35.505 +02:00 [INF] Map "d5c08240-0436-454a-8993-362abf5bc477": window light drew 1/1 beam(s)
2026-05-25 20:27:35.538 +02:00 [INF] Map "d5c08240-0436-454a-8993-362abf5bc477": window light drew 1/1 beam(s)
2026-05-25 20:27:35.571 +02:00 [INF] Map "d5c08240-0436-454a-8993-362abf5bc477": window light drew 1/1 beam(s)
2026-05-25 20:27:35.618 +02:00 [INF] Map "d5c08240-0436-454a-8993-362abf5bc477": window light drew 1/1 beam(s)
2026-05-25 20:27:35.650 +02:00 [INF] Map "d5c08240-0436-454a-8993-362abf5bc477": window light drew 1/1 beam(s)
2026-05-25 20:27:35.682 +02:00 [INF] Map "d5c08240-0436-454a-8993-362abf5bc477": window light drew 1/1 beam(s)
2026-05-25 20:27:35.714 +02:00 [INF] Map "d5c08240-0436-454a-8993-362abf5bc477": window light drew 1/1 beam(s)
2026-05-25 20:27:35.748 +02:00 [INF] Map "d5c08240-0436-454a-8993-362abf5bc477": window light drew 1/1 beam(s)
2026-05-25 20:27:35.781 +02:00 [INF] Map "d5c08240-0436-454a-8993-362abf5bc477": window light drew 1/1 beam(s)
2026-05-25 20:27:35.813 +02:00 [INF] Map "d5c08240-0436-454a-8993-362abf5bc477": window light drew 1/1 beam(s)
2026-05-25 20:27:35.846 +02:00 [INF] Map "d5c08240-0436-454a-8993-362abf5bc477": window light drew 1/1 beam(s)
2026-05-25 20:27:35.878 +02:00 [INF] Map "d5c08240-0436-454a-8993-362abf5bc477": window light drew 1/1 beam(s)
2026-05-25 20:27:35.924 +02:00 [INF] Map "d5c08240-0436-454a-8993-362abf5bc477": window light drew 1/1 beam(s)
2026-05-25 20:27:35.954 +02:00 [INF] Map "d5c08240-0436-454a-8993-362abf5bc477": window light drew 1/1 beam(s)
2026-05-25 20:27:35.985 +02:00 [INF] Map "d5c08240-0436-454a-8993-362abf5bc477": window light drew 1/1 beam(s)
2026-05-25 20:27:36.017 +02:00 [INF] Map "d5c08240-0436-454a-8993-362abf5bc477": window light drew 1/1 beam(s)
2026-05-25 20:27:36.050 +02:00 [INF] Map "d5c08240-0436-454a-8993-362abf5bc477": window light drew 1/1 beam(s)
2026-05-25 20:27:36.083 +02:00 [INF] Map "d5c08240-0436-454a-8993-362abf5bc477": window light drew 1/1 beam(s)
2026-05-25 20:27:36.114 +02:00 [INF] Map "d5c08240-0436-454a-8993-362abf5bc477": window light drew 1/1 beam(s)
2026-05-25 20:27:36.145 +02:00 [INF] Map "d5c08240-0436-454a-8993-362abf5bc477": window light drew 1/1 beam(s)
2026-05-25 20:27:36.176 +02:00 [INF] Map "d5c08240-0436-454a-8993-362abf5bc477": window light drew 1/1 beam(s)
2026-05-25 20:27:36.221 +02:00 [INF] Map "d5c08240-0436-454a-8993-362abf5bc477": window light drew 1/1 beam(s)
2026-05-25 20:27:36.252 +02:00 [INF] Map "d5c08240-0436-454a-8993-362abf5bc477": window light drew 1/1 beam(s)
2026-05-25 20:27:36.282 +02:00 [INF] Map "d5c08240-0436-454a-8993-362abf5bc477": window light drew 1/1 beam(s)
2026-05-25 20:27:36.313 +02:00 [INF] Map "d5c08240-0436-454a-8993-362abf5bc477": window light drew 1/1 beam(s)
2026-05-25 20:27:36.343 +02:00 [INF] Map "d5c08240-0436-454a-8993-362abf5bc477": window light drew 1/1 beam(s)
2026-05-25 20:27:36.375 +02:00 [INF] Map "d5c08240-0436-454a-8993-362abf5bc477": window light drew 1/1 beam(s)
2026-05-25 20:27:36.405 +02:00 [INF] Map "d5c08240-0436-454a-8993-362abf5bc477": window light drew 1/1 beam(s)
2026-05-25 20:27:36.436 +02:00 [INF] Map "d5c08240-0436-454a-8993-362abf5bc477": window light drew 1/1 beam(s)
2026-05-25 20:27:36.467 +02:00 [INF] Map "d5c08240-0436-454a-8993-362abf5bc477": window light drew 1/1 beam(s)
2026-05-25 20:27:36.511 +02:00 [INF] Map "d5c08240-0436-454a-8993-362abf5bc477": window light drew 1/1 beam(s)
2026-05-25 20:27:36.542 +02:00 [INF] Map "d5c08240-0436-454a-8993-362abf5bc477": window light drew 1/1 beam(s)
2026-05-25 20:27:36.572 +02:00 [INF] Map "d5c08240-0436-454a-8993-362abf5bc477": window light drew 1/1 beam(s)
2026-05-25 20:27:36.602 +02:00 [INF] Map "d5c08240-0436-454a-8993-362abf5bc477": window light drew 1/1 beam(s)
2026-05-25 20:27:36.633 +02:00 [INF] Map "d5c08240-0436-454a-8993-362abf5bc477": window light drew 1/1 beam(s)
2026-05-25 20:27:36.663 +02:00 [INF] Map "d5c08240-0436-454a-8993-362abf5bc477": window light drew 1/1 beam(s)
2026-05-25 20:27:36.693 +02:00 [INF] Map "d5c08240-0436-454a-8993-362abf5bc477": window light drew 1/1 beam(s)
2026-05-25 20:27:36.752 +02:00 [INF] Map "d5c08240-0436-454a-8993-362abf5bc477": window light drew 1/1 beam(s)
2026-05-25 20:27:36.805 +02:00 [INF] Map "d5c08240-0436-454a-8993-362abf5bc477": window light drew 1/1 beam(s)
2026-05-25 20:27:36.870 +02:00 [INF] Map "d5c08240-0436-454a-8993-362abf5bc477": window light drew 1/1 beam(s)
2026-05-25 20:27:36.922 +02:00 [INF] Map "d5c08240-0436-454a-8993-362abf5bc477": window light drew 1/1 beam(s)
2026-05-25 20:27:36.973 +02:00 [INF] Map "d5c08240-0436-454a-8993-362abf5bc477": window light drew 1/1 beam(s)
2026-05-25 20:27:37.025 +02:00 [INF] Map "d5c08240-0436-454a-8993-362abf5bc477": window light drew 1/1 beam(s)
2026-05-25 20:27:37.079 +02:00 [INF] Map "d5c08240-0436-454a-8993-362abf5bc477": window light drew 1/1 beam(s)
2026-05-25 20:27:37.130 +02:00 [INF] Map "d5c08240-0436-454a-8993-362abf5bc477": window light drew 1/1 beam(s)
2026-05-25 20:27:37.182 +02:00 [INF] Map "d5c08240-0436-454a-8993-362abf5bc477": window light drew 1/1 beam(s)
2026-05-25 20:27:37.234 +02:00 [INF] Map "d5c08240-0436-454a-8993-362abf5bc477": window light drew 1/1 beam(s)
2026-05-25 20:27:37.286 +02:00 [INF] Map "d5c08240-0436-454a-8993-362abf5bc477": window light drew 1/1 beam(s)
2026-05-25 20:27:37.351 +02:00 [INF] Map "d5c08240-0436-454a-8993-362abf5bc477": window light drew 1/1 beam(s)
2026-05-25 20:27:37.402 +02:00 [INF] Map "d5c08240-0436-454a-8993-362abf5bc477": window light drew 1/1 beam(s)
2026-05-25 20:27:37.455 +02:00 [INF] Map "d5c08240-0436-454a-8993-362abf5bc477": window light drew 1/1 beam(s)
2026-05-25 20:27:37.508 +02:00 [INF] Map "d5c08240-0436-454a-8993-362abf5bc477": window light drew 1/1 beam(s)
2026-05-25 20:27:37.560 +02:00 [INF] Map "d5c08240-0436-454a-8993-362abf5bc477": window light drew 1/1 beam(s)
2026-05-25 20:27:37.612 +02:00 [INF] Map "d5c08240-0436-454a-8993-362abf5bc477": window light drew 1/1 beam(s)
2026-05-25 20:27:37.663 +02:00 [INF] Map "d5c08240-0436-454a-8993-362abf5bc477": window light drew 1/1 beam(s)
2026-05-25 20:27:37.714 +02:00 [INF] Map "d5c08240-0436-454a-8993-362abf5bc477": window light drew 1/1 beam(s)
2026-05-25 20:27:37.766 +02:00 [INF] Map "d5c08240-0436-454a-8993-362abf5bc477": window light drew 1/1 beam(s)
2026-05-25 20:27:37.841 +02:00 [INF] Map "d5c08240-0436-454a-8993-362abf5bc477": window light drew 1/1 beam(s)
2026-05-25 20:27:37.892 +02:00 [INF] Map "d5c08240-0436-454a-8993-362abf5bc477": window light drew 1/1 beam(s)
2026-05-25 20:27:37.943 +02:00 [INF] Map "d5c08240-0436-454a-8993-362abf5bc477": window light drew 1/1 beam(s)
2026-05-25 20:27:37.995 +02:00 [INF] Map "d5c08240-0436-454a-8993-362abf5bc477": window light drew 1/1 beam(s)
2026-05-25 20:27:38.046 +02:00 [INF] Map "d5c08240-0436-454a-8993-362abf5bc477": window light drew 1/1 beam(s)
2026-05-25 20:27:38.097 +02:00 [INF] Map "d5c08240-0436-454a-8993-362abf5bc477": window light drew 1/1 beam(s)
2026-05-25 20:27:38.149 +02:00 [INF] Map "d5c08240-0436-454a-8993-362abf5bc477": window light drew 1/1 beam(s)
2026-05-25 20:27:38.202 +02:00 [INF] Map "d5c08240-0436-454a-8993-362abf5bc477": window light drew 1/1 beam(s)
2026-05-25 20:27:38.253 +02:00 [INF] Map "d5c08240-0436-454a-8993-362abf5bc477": window light drew 1/1 beam(s)
2026-05-25 20:27:38.317 +02:00 [INF] Map "d5c08240-0436-454a-8993-362abf5bc477": window light drew 1/1 beam(s)
2026-05-25 20:27:38.367 +02:00 [INF] Map "d5c08240-0436-454a-8993-362abf5bc477": window light drew 1/1 beam(s)
2026-05-25 20:27:38.419 +02:00 [INF] Map "d5c08240-0436-454a-8993-362abf5bc477": window light drew 1/1 beam(s)
2026-05-25 20:27:38.470 +02:00 [INF] Map "d5c08240-0436-454a-8993-362abf5bc477": window light drew 1/1 beam(s)
2026-05-25 20:27:38.522 +02:00 [INF] Map "d5c08240-0436-454a-8993-362abf5bc477": window light drew 1/1 beam(s)
2026-05-25 20:27:38.574 +02:00 [INF] Map "d5c08240-0436-454a-8993-362abf5bc477": window light drew 1/1 beam(s)
2026-05-25 20:27:38.626 +02:00 [INF] Map "d5c08240-0436-454a-8993-362abf5bc477": window light drew 1/1 beam(s)
2026-05-25 20:27:38.679 +02:00 [INF] Map "d5c08240-0436-454a-8993-362abf5bc477": window light drew 1/1 beam(s)
2026-05-25 20:27:38.730 +02:00 [INF] Map "d5c08240-0436-454a-8993-362abf5bc477": window light drew 1/1 beam(s)
2026-05-25 20:27:38.796 +02:00 [INF] Map "d5c08240-0436-454a-8993-362abf5bc477": window light drew 1/1 beam(s)
2026-05-25 20:27:38.847 +02:00 [INF] Map "d5c08240-0436-454a-8993-362abf5bc477": window light drew 1/1 beam(s)
2026-05-25 20:27:38.898 +02:00 [INF] Map "d5c08240-0436-454a-8993-362abf5bc477": window light drew 1/1 beam(s)
2026-05-25 20:27:38.951 +02:00 [INF] Map "d5c08240-0436-454a-8993-362abf5bc477": window light drew 1/1 beam(s)
2026-05-25 20:27:39.003 +02:00 [INF] Map "d5c08240-0436-454a-8993-362abf5bc477": window light drew 1/1 beam(s)
2026-05-25 20:27:39.054 +02:00 [INF] Map "d5c08240-0436-454a-8993-362abf5bc477": window light drew 1/1 beam(s)
2026-05-25 20:27:39.108 +02:00 [INF] Map "d5c08240-0436-454a-8993-362abf5bc477": window light drew 1/1 beam(s)
2026-05-25 20:27:39.159 +02:00 [INF] Map "d5c08240-0436-454a-8993-362abf5bc477": window light drew 1/1 beam(s)
2026-05-25 20:27:39.210 +02:00 [INF] Map "d5c08240-0436-454a-8993-362abf5bc477": window light drew 1/1 beam(s)
2026-05-25 20:27:39.274 +02:00 [INF] Map "d5c08240-0436-454a-8993-362abf5bc477": window light drew 1/1 beam(s)
2026-05-25 20:27:39.326 +02:00 [INF] Map "d5c08240-0436-454a-8993-362abf5bc477": window light drew 1/1 beam(s)
2026-05-25 20:27:39.377 +02:00 [INF] Map "d5c08240-0436-454a-8993-362abf5bc477": window light drew 1/1 beam(s)
2026-05-25 20:27:39.429 +02:00 [INF] Map "d5c08240-0436-454a-8993-362abf5bc477": window light drew 1/1 beam(s)
2026-05-25 20:27:39.482 +02:00 [INF] Map "d5c08240-0436-454a-8993-362abf5bc477": window light drew 1/1 beam(s)
2026-05-25 20:27:39.534 +02:00 [INF] Map "d5c08240-0436-454a-8993-362abf5bc477": window light drew 1/1 beam(s)
2026-05-25 20:27:39.587 +02:00 [INF] Map "d5c08240-0436-454a-8993-362abf5bc477": window light drew 1/1 beam(s)
2026-05-25 20:27:39.640 +02:00 [INF] Map "d5c08240-0436-454a-8993-362abf5bc477": window light drew 1/1 beam(s)
2026-05-25 20:27:39.692 +02:00 [INF] Map "d5c08240-0436-454a-8993-362abf5bc477": window light drew 1/1 beam(s)
2026-05-25 20:27:39.764 +02:00 [INF] Map "d5c08240-0436-454a-8993-362abf5bc477": window light drew 1/1 beam(s)
2026-05-25 20:27:39.816 +02:00 [INF] Map "d5c08240-0436-454a-8993-362abf5bc477": window light drew 1/1 beam(s)
2026-05-25 20:27:39.866 +02:00 [INF] Map "d5c08240-0436-454a-8993-362abf5bc477": window light drew 1/1 beam(s)
2026-05-25 20:27:39.919 +02:00 [INF] Map "d5c08240-0436-454a-8993-362abf5bc477": window light drew 1/1 beam(s)
2026-05-25 20:27:39.970 +02:00 [INF] Map "d5c08240-0436-454a-8993-362abf5bc477": window light drew 1/1 beam(s)
2026-05-25 20:27:40.021 +02:00 [INF] Map "d5c08240-0436-454a-8993-362abf5bc477": window light drew 1/1 beam(s)
2026-05-25 20:27:40.072 +02:00 [INF] Map "d5c08240-0436-454a-8993-362abf5bc477": window light drew 1/1 beam(s)
2026-05-25 20:27:40.124 +02:00 [INF] Map "d5c08240-0436-454a-8993-362abf5bc477": window light drew 1/1 beam(s)
2026-05-25 20:27:40.175 +02:00 [INF] Map "d5c08240-0436-454a-8993-362abf5bc477": window light drew 1/1 beam(s)
2026-05-25 20:27:40.239 +02:00 [INF] Map "d5c08240-0436-454a-8993-362abf5bc477": window light drew 1/1 beam(s)
2026-05-25 20:27:40.290 +02:00 [INF] Map "d5c08240-0436-454a-8993-362abf5bc477": window light drew 1/1 beam(s)
2026-05-25 20:27:40.341 +02:00 [INF] Map "d5c08240-0436-454a-8993-362abf5bc477": window light drew 1/1 beam(s)
2026-05-25 20:27:40.396 +02:00 [INF] Map "d5c08240-0436-454a-8993-362abf5bc477": window light drew 1/1 beam(s)
2026-05-25 20:27:40.450 +02:00 [INF] Map "d5c08240-0436-454a-8993-362abf5bc477": window light drew 1/1 beam(s)
2026-05-25 20:27:40.501 +02:00 [INF] Map "d5c08240-0436-454a-8993-362abf5bc477": window light drew 1/1 beam(s)
2026-05-25 20:27:40.553 +02:00 [INF] Map "d5c08240-0436-454a-8993-362abf5bc477": window light drew 1/1 beam(s)
2026-05-25 20:27:40.605 +02:00 [INF] Map "d5c08240-0436-454a-8993-362abf5bc477": window light drew 1/1 beam(s)
2026-05-25 20:27:40.657 +02:00 [INF] Map "d5c08240-0436-454a-8993-362abf5bc477": window light drew 1/1 beam(s)
2026-05-25 20:27:40.726 +02:00 [INF] Map "d5c08240-0436-454a-8993-362abf5bc477": window light drew 1/1 beam(s)
2026-05-25 20:27:40.778 +02:00 [INF] Map "d5c08240-0436-454a-8993-362abf5bc477": window light drew 1/1 beam(s)
2026-05-25 20:27:40.829 +02:00 [INF] Map "d5c08240-0436-454a-8993-362abf5bc477": window light drew 1/1 beam(s)
2026-05-25 20:27:40.881 +02:00 [INF] Map "d5c08240-0436-454a-8993-362abf5bc477": window light drew 1/1 beam(s)
2026-05-25 20:27:40.933 +02:00 [INF] Map "d5c08240-0436-454a-8993-362abf5bc477": window light drew 1/1 beam(s)
2026-05-25 20:27:40.984 +02:00 [INF] Map "d5c08240-0436-454a-8993-362abf5bc477": window light drew 1/1 beam(s)
2026-05-25 20:27:41.035 +02:00 [INF] Map "d5c08240-0436-454a-8993-362abf5bc477": window light drew 1/1 beam(s)
2026-05-25 20:27:41.087 +02:00 [INF] Map "d5c08240-0436-454a-8993-362abf5bc477": window light drew 1/1 beam(s)
2026-05-25 20:27:41.139 +02:00 [INF] Map "d5c08240-0436-454a-8993-362abf5bc477": window light drew 1/1 beam(s)
2026-05-25 20:27:41.204 +02:00 [INF] Map "d5c08240-0436-454a-8993-362abf5bc477": window light drew 1/1 beam(s)
2026-05-25 20:27:41.257 +02:00 [INF] Map "d5c08240-0436-454a-8993-362abf5bc477": window light drew 1/1 beam(s)
2026-05-25 20:27:41.309 +02:00 [INF] Map "d5c08240-0436-454a-8993-362abf5bc477": window light drew 1/1 beam(s)
2026-05-25 20:27:41.359 +02:00 [INF] Map "d5c08240-0436-454a-8993-362abf5bc477": window light drew 1/1 beam(s)
2026-05-25 20:27:41.411 +02:00 [INF] Map "d5c08240-0436-454a-8993-362abf5bc477": window light drew 1/1 beam(s)
2026-05-25 20:27:41.463 +02:00 [INF] Map "d5c08240-0436-454a-8993-362abf5bc477": window light drew 1/1 beam(s)
2026-05-25 20:27:41.516 +02:00 [INF] Map "d5c08240-0436-454a-8993-362abf5bc477": window light drew 1/1 beam(s)
2026-05-25 20:27:41.568 +02:00 [INF] Map "d5c08240-0436-454a-8993-362abf5bc477": window light drew 1/1 beam(s)
2026-05-25 20:27:41.619 +02:00 [INF] Map "d5c08240-0436-454a-8993-362abf5bc477": window light drew 1/1 beam(s)
2026-05-25 20:27:41.685 +02:00 [INF] Map "d5c08240-0436-454a-8993-362abf5bc477": window light drew 1/1 beam(s)
2026-05-25 20:27:41.736 +02:00 [INF] Map "d5c08240-0436-454a-8993-362abf5bc477": window light drew 1/1 beam(s)
2026-05-25 20:27:41.792 +02:00 [INF] Map "d5c08240-0436-454a-8993-362abf5bc477": window light drew 1/1 beam(s)
2026-05-25 20:27:41.845 +02:00 [INF] Map "d5c08240-0436-454a-8993-362abf5bc477": window light drew 1/1 beam(s)
2026-05-25 20:27:41.896 +02:00 [INF] Map "d5c08240-0436-454a-8993-362abf5bc477": window light drew 1/1 beam(s)
2026-05-25 20:27:41.948 +02:00 [INF] Map "d5c08240-0436-454a-8993-362abf5bc477": window light drew 1/1 beam(s)
2026-05-25 20:27:41.999 +02:00 [INF] Map "d5c08240-0436-454a-8993-362abf5bc477": window light drew 1/1 beam(s)
2026-05-25 20:27:42.050 +02:00 [INF] Map "d5c08240-0436-454a-8993-362abf5bc477": window light drew 1/1 beam(s)
2026-05-25 20:27:42.102 +02:00 [INF] Map "d5c08240-0436-454a-8993-362abf5bc477": window light drew 1/1 beam(s)
2026-05-25 20:27:42.166 +02:00 [INF] Map "d5c08240-0436-454a-8993-362abf5bc477": window light drew 1/1 beam(s)
2026-05-25 20:27:42.218 +02:00 [INF] Map "d5c08240-0436-454a-8993-362abf5bc477": window light drew 1/1 beam(s)
2026-05-25 20:27:42.268 +02:00 [INF] Map "d5c08240-0436-454a-8993-362abf5bc477": window light drew 1/1 beam(s)
2026-05-25 20:27:42.320 +02:00 [INF] Map "d5c08240-0436-454a-8993-362abf5bc477": window light drew 1/1 beam(s)
2026-05-25 20:27:42.371 +02:00 [INF] Map "d5c08240-0436-454a-8993-362abf5bc477": window light drew 1/1 beam(s)
2026-05-25 20:27:42.427 +02:00 [INF] Map "d5c08240-0436-454a-8993-362abf5bc477": window light drew 1/1 beam(s)
2026-05-25 20:27:42.479 +02:00 [INF] Map "d5c08240-0436-454a-8993-362abf5bc477": window light drew 1/1 beam(s)
2026-05-25 20:27:42.532 +02:00 [INF] Map "d5c08240-0436-454a-8993-362abf5bc477": window light drew 1/1 beam(s)
2026-05-25 20:27:42.583 +02:00 [INF] Map "d5c08240-0436-454a-8993-362abf5bc477": window light drew 1/1 beam(s)
2026-05-25 20:27:42.650 +02:00 [INF] Map "d5c08240-0436-454a-8993-362abf5bc477": window light drew 1/1 beam(s)
2026-05-25 20:27:42.701 +02:00 [INF] Map "d5c08240-0436-454a-8993-362abf5bc477": window light drew 1/1 beam(s)
2026-05-25 20:27:42.752 +02:00 [INF] Map "d5c08240-0436-454a-8993-362abf5bc477": window light drew 1/1 beam(s)
2026-05-25 20:27:42.805 +02:00 [INF] Map "d5c08240-0436-454a-8993-362abf5bc477": window light drew 1/1 beam(s)
2026-05-25 20:27:42.856 +02:00 [INF] Map "d5c08240-0436-454a-8993-362abf5bc477": window light drew 1/1 beam(s)
2026-05-25 20:27:42.907 +02:00 [INF] Map "d5c08240-0436-454a-8993-362abf5bc477": window light drew 1/1 beam(s)
2026-05-25 20:27:42.958 +02:00 [INF] Map "d5c08240-0436-454a-8993-362abf5bc477": window light drew 1/1 beam(s)
2026-05-25 20:27:43.009 +02:00 [INF] Map "d5c08240-0436-454a-8993-362abf5bc477": window light drew 1/1 beam(s)
2026-05-25 20:27:43.060 +02:00 [INF] Map "d5c08240-0436-454a-8993-362abf5bc477": window light drew 1/1 beam(s)
2026-05-25 20:27:43.123 +02:00 [INF] Map "d5c08240-0436-454a-8993-362abf5bc477": window light drew 1/1 beam(s)
2026-05-25 20:27:43.175 +02:00 [INF] Map "d5c08240-0436-454a-8993-362abf5bc477": window light drew 1/1 beam(s)
2026-05-25 20:27:43.226 +02:00 [INF] Map "d5c08240-0436-454a-8993-362abf5bc477": window light drew 1/1 beam(s)
2026-05-25 20:27:43.277 +02:00 [INF] Map "d5c08240-0436-454a-8993-362abf5bc477": window light drew 1/1 beam(s)
2026-05-25 20:27:43.328 +02:00 [INF] Map "d5c08240-0436-454a-8993-362abf5bc477": window light drew 1/1 beam(s)
2026-05-25 20:27:43.380 +02:00 [INF] Map "d5c08240-0436-454a-8993-362abf5bc477": window light drew 1/1 beam(s)
2026-05-25 20:27:43.434 +02:00 [INF] Map "d5c08240-0436-454a-8993-362abf5bc477": window light drew 1/1 beam(s)
2026-05-25 20:27:43.485 +02:00 [INF] Map "d5c08240-0436-454a-8993-362abf5bc477": window light drew 1/1 beam(s)
2026-05-25 20:27:43.537 +02:00 [INF] Map "d5c08240-0436-454a-8993-362abf5bc477": window light drew 1/1 beam(s)
2026-05-25 20:27:43.601 +02:00 [INF] Map "d5c08240-0436-454a-8993-362abf5bc477": window light drew 1/1 beam(s)
2026-05-25 20:27:43.653 +02:00 [INF] Map "d5c08240-0436-454a-8993-362abf5bc477": window light drew 1/1 beam(s)
2026-05-25 20:27:43.704 +02:00 [INF] Map "d5c08240-0436-454a-8993-362abf5bc477": window light drew 1/1 beam(s)
2026-05-25 20:27:43.755 +02:00 [INF] Map "d5c08240-0436-454a-8993-362abf5bc477": window light drew 1/1 beam(s)
2026-05-25 20:27:43.807 +02:00 [INF] Map "d5c08240-0436-454a-8993-362abf5bc477": window light drew 1/1 beam(s)
2026-05-25 20:27:43.858 +02:00 [INF] Map "d5c08240-0436-454a-8993-362abf5bc477": window light drew 1/1 beam(s)
2026-05-25 20:27:43.911 +02:00 [INF] Map "d5c08240-0436-454a-8993-362abf5bc477": window light drew 1/1 beam(s)
2026-05-25 20:27:43.967 +02:00 [INF] Map "d5c08240-0436-454a-8993-362abf5bc477": window light drew 1/1 beam(s)
2026-05-25 20:27:44.023 +02:00 [INF] Map "d5c08240-0436-454a-8993-362abf5bc477": window light drew 1/1 beam(s)
2026-05-25 20:27:44.088 +02:00 [INF] Map "d5c08240-0436-454a-8993-362abf5bc477": window light drew 1/1 beam(s)
2026-05-25 20:27:44.138 +02:00 [INF] Map "d5c08240-0436-454a-8993-362abf5bc477": window light drew 1/1 beam(s)
2026-05-25 20:27:44.193 +02:00 [INF] Map "d5c08240-0436-454a-8993-362abf5bc477": window light drew 1/1 beam(s)
2026-05-25 20:27:44.246 +02:00 [INF] Map "d5c08240-0436-454a-8993-362abf5bc477": window light drew 1/1 beam(s)
2026-05-25 20:27:44.298 +02:00 [INF] Map "d5c08240-0436-454a-8993-362abf5bc477": window light drew 1/1 beam(s)
2026-05-25 20:27:44.354 +02:00 [INF] Map "d5c08240-0436-454a-8993-362abf5bc477" 'New Map' loaded with 0 window light zone(s)
2026-05-25 20:27:44.374 +02:00 [INF] BuildWindowLightBeams() map "d5c08240-0436-454a-8993-362abf5bc477": WindowLightZones=0
2026-05-25 20:27:44.374 +02:00 [INF] Built VBO for map d5c08240-0436-454a-8993-362abf5bc477 'New Map' in 1.1947ms
2026-05-25 20:27:48.805 +02:00 [INF] Map "d5c08240-0436-454a-8993-362abf5bc477" 'New Map' loaded with 1 window light zone(s)
2026-05-25 20:27:48.814 +02:00 [INF] BuildWindowLightBeams() map "d5c08240-0436-454a-8993-362abf5bc477": WindowLightZones=1
2026-05-25 20:27:48.814 +02:00 [INF] BuildWindowLightBeams() map "d5c08240-0436-454a-8993-362abf5bc477": created 1 beam(s) from 1 zone(s)
2026-05-25 20:27:48.814 +02:00 [INF] Built VBO for map d5c08240-0436-454a-8993-362abf5bc477 'New Map' in 1.2328ms
2026-05-25 20:27:50.435 +02:00 [INF] Map "d5c08240-0436-454a-8993-362abf5bc477": window light drew 1/1 beam(s)
2026-05-25 20:27:50.494 +02:00 [INF] Map "d5c08240-0436-454a-8993-362abf5bc477": window light drew 1/1 beam(s)
2026-05-25 20:27:50.549 +02:00 [INF] Map "d5c08240-0436-454a-8993-362abf5bc477": window light drew 1/1 beam(s)
2026-05-25 20:27:50.601 +02:00 [INF] Map "d5c08240-0436-454a-8993-362abf5bc477": window light drew 1/1 beam(s)
2026-05-25 20:27:50.655 +02:00 [INF] Map "d5c08240-0436-454a-8993-362abf5bc477": window light drew 1/1 beam(s)
2026-05-25 20:27:50.706 +02:00 [INF] Map "d5c08240-0436-454a-8993-362abf5bc477": window light drew 1/1 beam(s)
2026-05-25 20:27:50.770 +02:00 [INF] Map "d5c08240-0436-454a-8993-362abf5bc477": window light drew 1/1 beam(s)
2026-05-25 20:27:50.823 +02:00 [INF] Map "d5c08240-0436-454a-8993-362abf5bc477": window light drew 1/1 beam(s)
2026-05-25 20:27:50.877 +02:00 [INF] Map "d5c08240-0436-454a-8993-362abf5bc477": window light drew 1/1 beam(s)
2026-05-25 20:27:50.929 +02:00 [INF] Map "d5c08240-0436-454a-8993-362abf5bc477": window light drew 1/1 beam(s)
2026-05-25 20:27:50.982 +02:00 [INF] Map "d5c08240-0436-454a-8993-362abf5bc477": window light drew 1/1 beam(s)
2026-05-25 20:27:51.035 +02:00 [INF] Map "d5c08240-0436-454a-8993-362abf5bc477": window light drew 1/1 beam(s)
2026-05-25 20:27:51.103 +02:00 [INF] Map "d5c08240-0436-454a-8993-362abf5bc477": window light drew 1/1 beam(s)
2026-05-25 20:27:51.155 +02:00 [INF] Map "d5c08240-0436-454a-8993-362abf5bc477": window light drew 1/1 beam(s)
2026-05-25 20:27:51.187 +02:00 [INF] Map "d5c08240-0436-454a-8993-362abf5bc477": window light drew 1/1 beam(s)
2026-05-25 20:27:51.233 +02:00 [INF] Map "d5c08240-0436-454a-8993-362abf5bc477": window light drew 1/1 beam(s)
2026-05-25 20:27:51.265 +02:00 [INF] Map "d5c08240-0436-454a-8993-362abf5bc477": window light drew 1/1 beam(s)
2026-05-25 20:27:51.295 +02:00 [INF] Map "d5c08240-0436-454a-8993-362abf5bc477": window light drew 1/1 beam(s)
2026-05-25 20:27:51.325 +02:00 [INF] Map "d5c08240-0436-454a-8993-362abf5bc477": window light drew 1/1 beam(s)
2026-05-25 20:27:51.355 +02:00 [INF] Map "d5c08240-0436-454a-8993-362abf5bc477": window light drew 1/1 beam(s)
2026-05-25 20:27:51.386 +02:00 [INF] Map "d5c08240-0436-454a-8993-362abf5bc477": window light drew 1/1 beam(s)
2026-05-25 20:27:51.416 +02:00 [INF] Map "d5c08240-0436-454a-8993-362abf5bc477": window light drew 1/1 beam(s)
2026-05-25 20:27:51.447 +02:00 [INF] Map "d5c08240-0436-454a-8993-362abf5bc477": window light drew 1/1 beam(s)
2026-05-25 20:27:51.478 +02:00 [INF] Map "d5c08240-0436-454a-8993-362abf5bc477": window light drew 1/1 beam(s)
2026-05-25 20:27:51.528 +02:00 [INF] Map "d5c08240-0436-454a-8993-362abf5bc477": window light drew 1/1 beam(s)
2026-05-25 20:27:51.560 +02:00 [INF] Map "d5c08240-0436-454a-8993-362abf5bc477": window light drew 1/1 beam(s)
2026-05-25 20:27:51.591 +02:00 [INF] Map "d5c08240-0436-454a-8993-362abf5bc477": window light drew 1/1 beam(s)
2026-05-25 20:27:51.622 +02:00 [INF] Map "d5c08240-0436-454a-8993-362abf5bc477": window light drew 1/1 beam(s)
2026-05-25 20:27:51.655 +02:00 [INF] Map "d5c08240-0436-454a-8993-362abf5bc477": window light drew 1/1 beam(s)
2026-05-25 20:27:51.695 +02:00 [INF] Map "d5c08240-0436-454a-8993-362abf5bc477": window light drew 1/1 beam(s)
2026-05-25 20:27:51.760 +02:00 [INF] Map "d5c08240-0436-454a-8993-362abf5bc477": window light drew 1/1 beam(s)
2026-05-25 20:27:51.819 +02:00 [INF] Map "d5c08240-0436-454a-8993-362abf5bc477": window light drew 1/1 beam(s)
2026-05-25 20:27:51.872 +02:00 [INF] Map "d5c08240-0436-454a-8993-362abf5bc477": window light drew 1/1 beam(s)
2026-05-25 20:27:51.937 +02:00 [INF] Map "d5c08240-0436-454a-8993-362abf5bc477": window light drew 1/1 beam(s)
2026-05-25 20:27:51.988 +02:00 [INF] Map "d5c08240-0436-454a-8993-362abf5bc477": window light drew 1/1 beam(s)
2026-05-25 20:27:52.038 +02:00 [INF] Map "d5c08240-0436-454a-8993-362abf5bc477": window light drew 1/1 beam(s)
2026-05-25 20:27:52.089 +02:00 [INF] Map "d5c08240-0436-454a-8993-362abf5bc477": window light drew 1/1 beam(s)
2026-05-25 20:27:52.141 +02:00 [INF] Map "d5c08240-0436-454a-8993-362abf5bc477": window light drew 1/1 beam(s)
2026-05-25 20:27:52.193 +02:00 [INF] Map "d5c08240-0436-454a-8993-362abf5bc477": window light drew 1/1 beam(s)
2026-05-25 20:27:52.245 +02:00 [INF] Map "d5c08240-0436-454a-8993-362abf5bc477": window light drew 1/1 beam(s)
2026-05-25 20:27:52.296 +02:00 [INF] Map "d5c08240-0436-454a-8993-362abf5bc477": window light drew 1/1 beam(s)
2026-05-25 20:27:52.347 +02:00 [INF] Map "d5c08240-0436-454a-8993-362abf5bc477": window light drew 1/1 beam(s)
2026-05-25 20:27:52.412 +02:00 [INF] Map "d5c08240-0436-454a-8993-362abf5bc477": window light drew 1/1 beam(s)
2026-05-25 20:27:52.464 +02:00 [INF] Map "d5c08240-0436-454a-8993-362abf5bc477": window light drew 1/1 beam(s)
2026-05-25 20:27:52.515 +02:00 [INF] Map "d5c08240-0436-454a-8993-362abf5bc477": window light drew 1/1 beam(s)
2026-05-25 20:27:52.566 +02:00 [INF] Map "d5c08240-0436-454a-8993-362abf5bc477": window light drew 1/1 beam(s)
2026-05-25 20:27:52.618 +02:00 [INF] Map "d5c08240-0436-454a-8993-362abf5bc477": window light drew 1/1 beam(s)
2026-05-25 20:27:52.674 +02:00 [INF] Map "d5c08240-0436-454a-8993-362abf5bc477": window light drew 1/1 beam(s)
2026-05-25 20:27:52.730 +02:00 [INF] Map "d5c08240-0436-454a-8993-362abf5bc477": window light drew 1/1 beam(s)
2026-05-25 20:27:52.777 +02:00 [INF] Map "d5c08240-0436-454a-8993-362abf5bc477": window light drew 1/1 beam(s)
2026-05-25 20:27:52.818 +02:00 [INF] Map "d5c08240-0436-454a-8993-362abf5bc477": window light drew 1/1 beam(s)
2026-05-25 20:27:52.859 +02:00 [INF] Map "d5c08240-0436-454a-8993-362abf5bc477": window light drew 1/1 beam(s)
2026-05-25 20:27:52.896 +02:00 [INF] Map "d5c08240-0436-454a-8993-362abf5bc477": window light drew 1/1 beam(s)
2026-05-25 20:27:52.928 +02:00 [INF] Map "d5c08240-0436-454a-8993-362abf5bc477": window light drew 1/1 beam(s)
2026-05-25 20:27:52.958 +02:00 [INF] Map "d5c08240-0436-454a-8993-362abf5bc477": window light drew 1/1 beam(s)
2026-05-25 20:27:52.989 +02:00 [INF] Map "d5c08240-0436-454a-8993-362abf5bc477": window light drew 1/1 beam(s)
2026-05-25 20:27:53.019 +02:00 [INF] Map "d5c08240-0436-454a-8993-362abf5bc477": window light drew 1/1 beam(s)
2026-05-25 20:27:53.050 +02:00 [INF] Map "d5c08240-0436-454a-8993-362abf5bc477": window light drew 1/1 beam(s)
2026-05-25 20:27:53.081 +02:00 [INF] Map "d5c08240-0436-454a-8993-362abf5bc477": window light drew 1/1 beam(s)
2026-05-25 20:27:53.111 +02:00 [INF] Map "d5c08240-0436-454a-8993-362abf5bc477": window light drew 1/1 beam(s)
2026-05-25 20:27:53.155 +02:00 [INF] Map "d5c08240-0436-454a-8993-362abf5bc477": window light drew 1/1 beam(s)
2026-05-25 20:27:53.185 +02:00 [INF] Map "d5c08240-0436-454a-8993-362abf5bc477": window light drew 1/1 beam(s)
2026-05-25 20:27:53.216 +02:00 [INF] Map "d5c08240-0436-454a-8993-362abf5bc477": window light drew 1/1 beam(s)
2026-05-25 20:27:53.246 +02:00 [INF] Map "d5c08240-0436-454a-8993-362abf5bc477": window light drew 1/1 beam(s)
2026-05-25 20:27:53.277 +02:00 [INF] Map "d5c08240-0436-454a-8993-362abf5bc477": window light drew 1/1 beam(s)
2026-05-25 20:27:53.307 +02:00 [INF] Map "d5c08240-0436-454a-8993-362abf5bc477": window light drew 1/1 beam(s)
2026-05-25 20:27:53.338 +02:00 [INF] Map "d5c08240-0436-454a-8993-362abf5bc477": window light drew 1/1 beam(s)
2026-05-25 20:27:53.368 +02:00 [INF] Map "d5c08240-0436-454a-8993-362abf5bc477": window light drew 1/1 beam(s)
2026-05-25 20:27:53.398 +02:00 [INF] Map "d5c08240-0436-454a-8993-362abf5bc477": window light drew 1/1 beam(s)
2026-05-25 20:27:53.444 +02:00 [INF] Map "d5c08240-0436-454a-8993-362abf5bc477": window light drew 1/1 beam(s)
2026-05-25 20:27:53.475 +02:00 [INF] Map "d5c08240-0436-454a-8993-362abf5bc477": window light drew 1/1 beam(s)
2026-05-25 20:27:53.506 +02:00 [INF] Map "d5c08240-0436-454a-8993-362abf5bc477": window light drew 1/1 beam(s)
2026-05-25 20:27:53.538 +02:00 [INF] Map "d5c08240-0436-454a-8993-362abf5bc477": window light drew 1/1 beam(s)
2026-05-25 20:27:53.569 +02:00 [INF] Map "d5c08240-0436-454a-8993-362abf5bc477": window light drew 1/1 beam(s)
2026-05-25 20:27:53.605 +02:00 [INF] Map "d5c08240-0436-454a-8993-362abf5bc477": window light drew 1/1 beam(s)
2026-05-25 20:27:53.640 +02:00 [INF] Map "d5c08240-0436-454a-8993-362abf5bc477": window light drew 1/1 beam(s)
2026-05-25 20:27:53.672 +02:00 [INF] Map "d5c08240-0436-454a-8993-362abf5bc477": window light drew 1/1 beam(s)
2026-05-25 20:27:53.704 +02:00 [INF] Map "d5c08240-0436-454a-8993-362abf5bc477": window light drew 1/1 beam(s)
2026-05-25 20:27:53.750 +02:00 [INF] Map "d5c08240-0436-454a-8993-362abf5bc477": window light drew 1/1 beam(s)
2026-05-25 20:27:53.781 +02:00 [INF] Map "d5c08240-0436-454a-8993-362abf5bc477": window light drew 1/1 beam(s)
2026-05-25 20:27:53.812 +02:00 [INF] Map "d5c08240-0436-454a-8993-362abf5bc477": window light drew 1/1 beam(s)
2026-05-25 20:27:53.844 +02:00 [INF] Map "d5c08240-0436-454a-8993-362abf5bc477": window light drew 1/1 beam(s)
2026-05-25 20:27:53.875 +02:00 [INF] Map "d5c08240-0436-454a-8993-362abf5bc477": window light drew 1/1 beam(s)
2026-05-25 20:27:53.907 +02:00 [INF] Map "d5c08240-0436-454a-8993-362abf5bc477": window light drew 1/1 beam(s)
2026-05-25 20:27:53.938 +02:00 [INF] Map "d5c08240-0436-454a-8993-362abf5bc477": window light drew 1/1 beam(s)
2026-05-25 20:27:53.968 +02:00 [INF] Map "d5c08240-0436-454a-8993-362abf5bc477": window light drew 1/1 beam(s)
2026-05-25 20:27:53.999 +02:00 [INF] Map "d5c08240-0436-454a-8993-362abf5bc477": window light drew 1/1 beam(s)
2026-05-25 20:27:54.042 +02:00 [INF] Map "d5c08240-0436-454a-8993-362abf5bc477": window light drew 1/1 beam(s)
2026-05-25 20:27:54.072 +02:00 [INF] Map "d5c08240-0436-454a-8993-362abf5bc477": window light drew 1/1 beam(s)
2026-05-25 20:27:54.102 +02:00 [INF] Map "d5c08240-0436-454a-8993-362abf5bc477": window light drew 1/1 beam(s)
2026-05-25 20:27:54.132 +02:00 [INF] Map "d5c08240-0436-454a-8993-362abf5bc477": window light drew 1/1 beam(s)
2026-05-25 20:27:54.164 +02:00 [INF] Map "d5c08240-0436-454a-8993-362abf5bc477": window light drew 1/1 beam(s)
2026-05-25 20:27:54.194 +02:00 [INF] Map "d5c08240-0436-454a-8993-362abf5bc477": window light drew 1/1 beam(s)
2026-05-25 20:27:54.225 +02:00 [INF] Map "d5c08240-0436-454a-8993-362abf5bc477": window light drew 1/1 beam(s)
2026-05-25 20:27:54.256 +02:00 [INF] Map "d5c08240-0436-454a-8993-362abf5bc477": window light drew 1/1 beam(s)
2026-05-25 20:27:54.286 +02:00 [INF] Map "d5c08240-0436-454a-8993-362abf5bc477": window light drew 1/1 beam(s)
2026-05-25 20:27:54.329 +02:00 [INF] Map "d5c08240-0436-454a-8993-362abf5bc477": window light drew 1/1 beam(s)
2026-05-25 20:27:54.361 +02:00 [INF] Map "d5c08240-0436-454a-8993-362abf5bc477": window light drew 1/1 beam(s)
2026-05-25 20:27:54.414 +02:00 [INF] Map "d5c08240-0436-454a-8993-362abf5bc477": window light drew 1/1 beam(s)
2026-05-25 20:27:54.466 +02:00 [INF] Map "d5c08240-0436-454a-8993-362abf5bc477": window light drew 1/1 beam(s)
2026-05-25 20:27:54.519 +02:00 [INF] Map "d5c08240-0436-454a-8993-362abf5bc477": window light drew 1/1 beam(s)
2026-05-25 20:27:54.570 +02:00 [INF] Map "d5c08240-0436-454a-8993-362abf5bc477": window light drew 1/1 beam(s)
2026-05-25 20:27:54.622 +02:00 [INF] Map "d5c08240-0436-454a-8993-362abf5bc477": window light drew 1/1 beam(s)
2026-05-25 20:27:54.674 +02:00 [INF] Map "d5c08240-0436-454a-8993-362abf5bc477": window light drew 1/1 beam(s)
2026-05-25 20:27:54.726 +02:00 [INF] Map "d5c08240-0436-454a-8993-362abf5bc477": window light drew 1/1 beam(s)
2026-05-25 20:27:54.792 +02:00 [INF] Map "d5c08240-0436-454a-8993-362abf5bc477": window light drew 1/1 beam(s)
2026-05-25 20:27:54.843 +02:00 [INF] Map "d5c08240-0436-454a-8993-362abf5bc477": window light drew 1/1 beam(s)
2026-05-25 20:27:54.894 +02:00 [INF] Map "d5c08240-0436-454a-8993-362abf5bc477": window light drew 1/1 beam(s)
2026-05-25 20:27:54.946 +02:00 [INF] Map "d5c08240-0436-454a-8993-362abf5bc477": window light drew 1/1 beam(s)
2026-05-25 20:27:54.998 +02:00 [INF] Map "d5c08240-0436-454a-8993-362abf5bc477": window light drew 1/1 beam(s)
2026-05-25 20:27:55.050 +02:00 [INF] Map "d5c08240-0436-454a-8993-362abf5bc477": window light drew 1/1 beam(s)
2026-05-25 20:27:55.101 +02:00 [INF] Map "d5c08240-0436-454a-8993-362abf5bc477": window light drew 1/1 beam(s)
2026-05-25 20:27:55.153 +02:00 [INF] Map "d5c08240-0436-454a-8993-362abf5bc477": window light drew 1/1 beam(s)
2026-05-25 20:27:55.205 +02:00 [INF] Map "d5c08240-0436-454a-8993-362abf5bc477": window light drew 1/1 beam(s)
2026-05-25 20:27:55.269 +02:00 [INF] Map "d5c08240-0436-454a-8993-362abf5bc477": window light drew 1/1 beam(s)
2026-05-25 20:27:55.320 +02:00 [INF] Map "d5c08240-0436-454a-8993-362abf5bc477": window light drew 1/1 beam(s)
2026-05-25 20:27:55.373 +02:00 [INF] Map "d5c08240-0436-454a-8993-362abf5bc477": window light drew 1/1 beam(s)
2026-05-25 20:27:55.424 +02:00 [INF] Map "d5c08240-0436-454a-8993-362abf5bc477": window light drew 1/1 beam(s)
2026-05-25 20:27:55.477 +02:00 [INF] Map "d5c08240-0436-454a-8993-362abf5bc477": window light drew 1/1 beam(s)
2026-05-25 20:27:55.528 +02:00 [INF] Map "d5c08240-0436-454a-8993-362abf5bc477": window light drew 1/1 beam(s)
2026-05-25 20:27:55.581 +02:00 [INF] Map "d5c08240-0436-454a-8993-362abf5bc477": window light drew 1/1 beam(s)
2026-05-25 20:27:55.634 +02:00 [INF] Map "d5c08240-0436-454a-8993-362abf5bc477": window light drew 1/1 beam(s)
2026-05-25 20:27:55.687 +02:00 [INF] Map "d5c08240-0436-454a-8993-362abf5bc477": window light drew 1/1 beam(s)
2026-05-25 20:27:55.755 +02:00 [INF] Map "d5c08240-0436-454a-8993-362abf5bc477": window light drew 1/1 beam(s)
2026-05-25 20:27:55.808 +02:00 [INF] Map "d5c08240-0436-454a-8993-362abf5bc477": window light drew 1/1 beam(s)
2026-05-25 20:27:55.865 +02:00 [INF] Map "d5c08240-0436-454a-8993-362abf5bc477": window light drew 1/1 beam(s)
2026-05-25 20:27:55.916 +02:00 [INF] Map "d5c08240-0436-454a-8993-362abf5bc477": window light drew 1/1 beam(s)
2026-05-25 20:27:55.968 +02:00 [INF] Map "d5c08240-0436-454a-8993-362abf5bc477": window light drew 1/1 beam(s)
2026-05-25 20:27:56.020 +02:00 [INF] Map "d5c08240-0436-454a-8993-362abf5bc477": window light drew 1/1 beam(s)
2026-05-25 20:27:56.072 +02:00 [INF] Map "d5c08240-0436-454a-8993-362abf5bc477": window light drew 1/1 beam(s)
2026-05-25 20:27:56.123 +02:00 [INF] Map "d5c08240-0436-454a-8993-362abf5bc477": window light drew 1/1 beam(s)
2026-05-25 20:27:56.176 +02:00 [INF] Map "d5c08240-0436-454a-8993-362abf5bc477": window light drew 1/1 beam(s)
2026-05-25 20:27:56.241 +02:00 [INF] Map "d5c08240-0436-454a-8993-362abf5bc477": window light drew 1/1 beam(s)
2026-05-25 20:27:56.291 +02:00 [INF] Map "d5c08240-0436-454a-8993-362abf5bc477": window light drew 1/1 beam(s)
2026-05-25 20:27:56.341 +02:00 [INF] Map "d5c08240-0436-454a-8993-362abf5bc477": window light drew 1/1 beam(s)
2026-05-25 20:27:56.393 +02:00 [INF] Map "d5c08240-0436-454a-8993-362abf5bc477": window light drew 1/1 beam(s)
2026-05-25 20:27:56.445 +02:00 [INF] Map "d5c08240-0436-454a-8993-362abf5bc477": window light drew 1/1 beam(s)
2026-05-25 20:27:56.496 +02:00 [INF] Map "d5c08240-0436-454a-8993-362abf5bc477": window light drew 1/1 beam(s)
2026-05-25 20:27:56.547 +02:00 [INF] Map "d5c08240-0436-454a-8993-362abf5bc477": window light drew 1/1 beam(s)
2026-05-25 20:27:56.599 +02:00 [INF] Map "d5c08240-0436-454a-8993-362abf5bc477": window light drew 1/1 beam(s)
2026-05-25 20:27:56.650 +02:00 [INF] Map "d5c08240-0436-454a-8993-362abf5bc477": window light drew 1/1 beam(s)
2026-05-25 20:27:56.714 +02:00 [INF] Map "d5c08240-0436-454a-8993-362abf5bc477": window light drew 1/1 beam(s)
2026-05-25 20:27:56.767 +02:00 [INF] Map "d5c08240-0436-454a-8993-362abf5bc477": window light drew 1/1 beam(s)
2026-05-25 20:27:56.818 +02:00 [INF] Map "d5c08240-0436-454a-8993-362abf5bc477": window light drew 1/1 beam(s)
2026-05-25 20:27:56.869 +02:00 [INF] Map "d5c08240-0436-454a-8993-362abf5bc477": window light drew 1/1 beam(s)
2026-05-25 20:27:56.921 +02:00 [INF] Map "d5c08240-0436-454a-8993-362abf5bc477": window light drew 1/1 beam(s)
2026-05-25 20:27:56.973 +02:00 [INF] Map "d5c08240-0436-454a-8993-362abf5bc477": window light drew 1/1 beam(s)
2026-05-25 20:27:57.024 +02:00 [INF] Map "d5c08240-0436-454a-8993-362abf5bc477": window light drew 1/1 beam(s)
2026-05-25 20:27:57.077 +02:00 [INF] Map "d5c08240-0436-454a-8993-362abf5bc477": window light drew 1/1 beam(s)
2026-05-25 20:27:57.128 +02:00 [INF] Map "d5c08240-0436-454a-8993-362abf5bc477": window light drew 1/1 beam(s)
2026-05-25 20:27:57.193 +02:00 [INF] Map "d5c08240-0436-454a-8993-362abf5bc477": window light drew 1/1 beam(s)
2026-05-25 20:27:57.245 +02:00 [INF] Map "d5c08240-0436-454a-8993-362abf5bc477": window light drew 1/1 beam(s)
2026-05-25 20:27:57.296 +02:00 [INF] Map "d5c08240-0436-454a-8993-362abf5bc477": window light drew 1/1 beam(s)
2026-05-25 20:27:57.348 +02:00 [INF] Map "d5c08240-0436-454a-8993-362abf5bc477": window light drew 1/1 beam(s)
2026-05-25 20:27:57.400 +02:00 [INF] Map "d5c08240-0436-454a-8993-362abf5bc477": window light drew 1/1 beam(s)
2026-05-25 20:27:57.452 +02:00 [INF] Map "d5c08240-0436-454a-8993-362abf5bc477": window light drew 1/1 beam(s)
2026-05-25 20:27:57.503 +02:00 [INF] Map "d5c08240-0436-454a-8993-362abf5bc477": window light drew 1/1 beam(s)
2026-05-25 20:27:57.558 +02:00 [INF] Map "d5c08240-0436-454a-8993-362abf5bc477": window light drew 1/1 beam(s)
2026-05-25 20:27:57.618 +02:00 [INF] Map "d5c08240-0436-454a-8993-362abf5bc477": window light drew 1/1 beam(s)
2026-05-25 20:27:57.683 +02:00 [INF] Map "d5c08240-0436-454a-8993-362abf5bc477": window light drew 1/1 beam(s)
2026-05-25 20:27:57.734 +02:00 [INF] Map "d5c08240-0436-454a-8993-362abf5bc477": window light drew 1/1 beam(s)
2026-05-25 20:27:57.786 +02:00 [INF] Map "d5c08240-0436-454a-8993-362abf5bc477": window light drew 1/1 beam(s)
2026-05-25 20:27:57.844 +02:00 [INF] Map "d5c08240-0436-454a-8993-362abf5bc477": window light drew 1/1 beam(s)
2026-05-25 20:27:57.898 +02:00 [INF] Map "d5c08240-0436-454a-8993-362abf5bc477": window light drew 1/1 beam(s)
2026-05-25 20:27:57.949 +02:00 [INF] Map "d5c08240-0436-454a-8993-362abf5bc477": window light drew 1/1 beam(s)
2026-05-25 20:27:58.000 +02:00 [INF] Map "d5c08240-0436-454a-8993-362abf5bc477": window light drew 1/1 beam(s)
2026-05-25 20:27:58.051 +02:00 [INF] Map "d5c08240-0436-454a-8993-362abf5bc477": window light drew 1/1 beam(s)
2026-05-25 20:27:58.102 +02:00 [INF] Map "d5c08240-0436-454a-8993-362abf5bc477": window light drew 1/1 beam(s)
2026-05-25 20:27:58.167 +02:00 [INF] Map "d5c08240-0436-454a-8993-362abf5bc477": window light drew 1/1 beam(s)
2026-05-25 20:27:58.217 +02:00 [INF] Map "d5c08240-0436-454a-8993-362abf5bc477": window light drew 1/1 beam(s)
2026-05-25 20:27:58.268 +02:00 [INF] Map "d5c08240-0436-454a-8993-362abf5bc477": window light drew 1/1 beam(s)
2026-05-25 20:27:58.320 +02:00 [INF] Map "d5c08240-0436-454a-8993-362abf5bc477": window light drew 1/1 beam(s)
2026-05-25 20:27:58.371 +02:00 [INF] Map "d5c08240-0436-454a-8993-362abf5bc477": window light drew 1/1 beam(s)
2026-05-25 20:27:58.423 +02:00 [INF] Map "d5c08240-0436-454a-8993-362abf5bc477": window light drew 1/1 beam(s)
2026-05-25 20:27:58.474 +02:00 [INF] Map "d5c08240-0436-454a-8993-362abf5bc477": window light drew 1/1 beam(s)
2026-05-25 20:27:58.525 +02:00 [INF] Map "d5c08240-0436-454a-8993-362abf5bc477": window light drew 1/1 beam(s)
2026-05-25 20:27:58.576 +02:00 [INF] Map "d5c08240-0436-454a-8993-362abf5bc477": window light drew 1/1 beam(s)
2026-05-25 20:27:58.641 +02:00 [INF] Map "d5c08240-0436-454a-8993-362abf5bc477": window light drew 1/1 beam(s)
2026-05-25 20:27:58.693 +02:00 [INF] Map "d5c08240-0436-454a-8993-362abf5bc477": window light drew 1/1 beam(s)
2026-05-25 20:27:58.744 +02:00 [INF] Map "d5c08240-0436-454a-8993-362abf5bc477": window light drew 1/1 beam(s)
2026-05-25 20:27:58.795 +02:00 [INF] Map "d5c08240-0436-454a-8993-362abf5bc477": window light drew 1/1 beam(s)
2026-05-25 20:27:58.847 +02:00 [INF] Map "d5c08240-0436-454a-8993-362abf5bc477": window light drew 1/1 beam(s)
2026-05-25 20:27:58.899 +02:00 [INF] Map "d5c08240-0436-454a-8993-362abf5bc477": window light drew 1/1 beam(s)
2026-05-25 20:27:58.951 +02:00 [INF] Map "d5c08240-0436-454a-8993-362abf5bc477": window light drew 1/1 beam(s)
2026-05-25 20:27:59.003 +02:00 [INF] Map "d5c08240-0436-454a-8993-362abf5bc477": window light drew 1/1 beam(s)
2026-05-25 20:27:59.054 +02:00 [INF] Map "d5c08240-0436-454a-8993-362abf5bc477": window light drew 1/1 beam(s)
2026-05-25 20:27:59.119 +02:00 [INF] Map "d5c08240-0436-454a-8993-362abf5bc477": window light drew 1/1 beam(s)
2026-05-25 20:27:59.174 +02:00 [INF] Map "d5c08240-0436-454a-8993-362abf5bc477": window light drew 1/1 beam(s)
2026-05-25 20:27:59.227 +02:00 [INF] Map "d5c08240-0436-454a-8993-362abf5bc477": window light drew 1/1 beam(s)
2026-05-25 20:27:59.279 +02:00 [INF] Map "d5c08240-0436-454a-8993-362abf5bc477": window light drew 1/1 beam(s)
2026-05-25 20:27:59.331 +02:00 [INF] Map "d5c08240-0436-454a-8993-362abf5bc477": window light drew 1/1 beam(s)
2026-05-25 20:27:59.383 +02:00 [INF] Map "d5c08240-0436-454a-8993-362abf5bc477": window light drew 1/1 beam(s)
2026-05-25 20:27:59.436 +02:00 [INF] Map "d5c08240-0436-454a-8993-362abf5bc477": window light drew 1/1 beam(s)
2026-05-25 20:27:59.490 +02:00 [INF] Map "d5c08240-0436-454a-8993-362abf5bc477": window light drew 1/1 beam(s)
2026-05-25 20:27:59.542 +02:00 [INF] Map "d5c08240-0436-454a-8993-362abf5bc477": window light drew 1/1 beam(s)
2026-05-25 20:27:59.607 +02:00 [INF] Map "d5c08240-0436-454a-8993-362abf5bc477": window light drew 1/1 beam(s)
2026-05-25 20:27:59.659 +02:00 [INF] Map "d5c08240-0436-454a-8993-362abf5bc477": window light drew 1/1 beam(s)
2026-05-25 20:27:59.711 +02:00 [INF] Map "d5c08240-0436-454a-8993-362abf5bc477": window light drew 1/1 beam(s)
2026-05-25 20:27:59.775 +02:00 [INF] Map "d5c08240-0436-454a-8993-362abf5bc477": window light drew 1/1 beam(s)
2026-05-25 20:27:59.832 +02:00 [INF] Map "d5c08240-0436-454a-8993-362abf5bc477": window light drew 1/1 beam(s)
2026-05-25 20:27:59.883 +02:00 [INF] Map "d5c08240-0436-454a-8993-362abf5bc477": window light drew 1/1 beam(s)
2026-05-25 20:27:59.934 +02:00 [INF] Map "d5c08240-0436-454a-8993-362abf5bc477": window light drew 1/1 beam(s)
2026-05-25 20:27:59.986 +02:00 [INF] Map "d5c08240-0436-454a-8993-362abf5bc477": window light drew 1/1 beam(s)
2026-05-25 20:28:00.037 +02:00 [INF] Map "d5c08240-0436-454a-8993-362abf5bc477": window light drew 1/1 beam(s)
2026-05-25 20:28:00.102 +02:00 [INF] Map "d5c08240-0436-454a-8993-362abf5bc477": window light drew 1/1 beam(s)
2026-05-25 20:28:00.153 +02:00 [INF] Map "d5c08240-0436-454a-8993-362abf5bc477": window light drew 1/1 beam(s)
2026-05-25 20:28:00.205 +02:00 [INF] Map "d5c08240-0436-454a-8993-362abf5bc477": window light drew 1/1 beam(s)
2026-05-25 20:28:00.257 +02:00 [INF] Map "d5c08240-0436-454a-8993-362abf5bc477": window light drew 1/1 beam(s)
2026-05-25 20:28:00.306 +02:00 [INF] Map "d5c08240-0436-454a-8993-362abf5bc477" 'New Map' loaded with 1 window light zone(s)
2026-05-25 20:28:00.314 +02:00 [INF] BuildWindowLightBeams() map "d5c08240-0436-454a-8993-362abf5bc477": WindowLightZones=1
2026-05-25 20:28:00.314 +02:00 [INF] BuildWindowLightBeams() map "d5c08240-0436-454a-8993-362abf5bc477": created 1 beam(s) from 1 zone(s)
2026-05-25 20:28:00.314 +02:00 [INF] Built VBO for map d5c08240-0436-454a-8993-362abf5bc477 'New Map' in 1.1637ms
2026-05-25 20:28:01.927 +02:00 [INF] Map "d5c08240-0436-454a-8993-362abf5bc477": window light drew 1/1 beam(s)
2026-05-25 20:28:01.986 +02:00 [INF] Map "d5c08240-0436-454a-8993-362abf5bc477": window light drew 1/1 beam(s)
2026-05-25 20:28:02.051 +02:00 [INF] Map "d5c08240-0436-454a-8993-362abf5bc477": window light drew 1/1 beam(s)
2026-05-25 20:28:02.103 +02:00 [INF] Map "d5c08240-0436-454a-8993-362abf5bc477": window light drew 1/1 beam(s)
2026-05-25 20:28:02.156 +02:00 [INF] Map "d5c08240-0436-454a-8993-362abf5bc477": window light drew 1/1 beam(s)
2026-05-25 20:28:02.209 +02:00 [INF] Map "d5c08240-0436-454a-8993-362abf5bc477": window light drew 1/1 beam(s)
2026-05-25 20:28:02.259 +02:00 [INF] Map "d5c08240-0436-454a-8993-362abf5bc477": window light drew 1/1 beam(s)
2026-05-25 20:28:02.311 +02:00 [INF] Map "d5c08240-0436-454a-8993-362abf5bc477": window light drew 1/1 beam(s)
2026-05-25 20:28:02.354 +02:00 [INF] Map "d5c08240-0436-454a-8993-362abf5bc477": window light drew 1/1 beam(s)
2026-05-25 20:28:02.393 +02:00 [INF] Map "d5c08240-0436-454a-8993-362abf5bc477": window light drew 1/1 beam(s)
2026-05-25 20:28:02.438 +02:00 [INF] Map "d5c08240-0436-454a-8993-362abf5bc477": window light drew 1/1 beam(s)
2026-05-25 20:28:02.469 +02:00 [INF] Map "d5c08240-0436-454a-8993-362abf5bc477": window light drew 1/1 beam(s)
2026-05-25 20:28:02.500 +02:00 [INF] Map "d5c08240-0436-454a-8993-362abf5bc477": window light drew 1/1 beam(s)
2026-05-25 20:28:02.533 +02:00 [INF] Map "d5c08240-0436-454a-8993-362abf5bc477": window light drew 1/1 beam(s)
2026-05-25 20:28:02.564 +02:00 [INF] Map "d5c08240-0436-454a-8993-362abf5bc477": window light drew 1/1 beam(s)
2026-05-25 20:28:02.595 +02:00 [INF] Map "d5c08240-0436-454a-8993-362abf5bc477": window light drew 1/1 beam(s)
2026-05-25 20:28:02.626 +02:00 [INF] Map "d5c08240-0436-454a-8993-362abf5bc477": window light drew 1/1 beam(s)
2026-05-25 20:28:02.657 +02:00 [INF] Map "d5c08240-0436-454a-8993-362abf5bc477": window light drew 1/1 beam(s)
2026-05-25 20:28:02.688 +02:00 [INF] Map "d5c08240-0436-454a-8993-362abf5bc477": window light drew 1/1 beam(s)
2026-05-25 20:28:02.733 +02:00 [INF] Map "d5c08240-0436-454a-8993-362abf5bc477": window light drew 1/1 beam(s)
2026-05-25 20:28:02.763 +02:00 [INF] Map "d5c08240-0436-454a-8993-362abf5bc477": window light drew 1/1 beam(s)
2026-05-25 20:28:02.793 +02:00 [INF] Map "d5c08240-0436-454a-8993-362abf5bc477": window light drew 1/1 beam(s)
2026-05-25 20:28:02.824 +02:00 [INF] Map "d5c08240-0436-454a-8993-362abf5bc477": window light drew 1/1 beam(s)
2026-05-25 20:28:02.854 +02:00 [INF] Map "d5c08240-0436-454a-8993-362abf5bc477": window light drew 1/1 beam(s)
2026-05-25 20:28:02.885 +02:00 [INF] Map "d5c08240-0436-454a-8993-362abf5bc477": window light drew 1/1 beam(s)
2026-05-25 20:28:02.915 +02:00 [INF] Map "d5c08240-0436-454a-8993-362abf5bc477": window light drew 1/1 beam(s)
2026-05-25 20:28:02.946 +02:00 [INF] Map "d5c08240-0436-454a-8993-362abf5bc477": window light drew 1/1 beam(s)
2026-05-25 20:28:02.976 +02:00 [INF] Map "d5c08240-0436-454a-8993-362abf5bc477": window light drew 1/1 beam(s)
2026-05-25 20:28:03.020 +02:00 [INF] Map "d5c08240-0436-454a-8993-362abf5bc477": window light drew 1/1 beam(s)
2026-05-25 20:28:03.050 +02:00 [INF] Map "d5c08240-0436-454a-8993-362abf5bc477": window light drew 1/1 beam(s)
2026-05-25 20:28:03.081 +02:00 [INF] Map "d5c08240-0436-454a-8993-362abf5bc477": window light drew 1/1 beam(s)
2026-05-25 20:28:03.111 +02:00 [INF] Map "d5c08240-0436-454a-8993-362abf5bc477": window light drew 1/1 beam(s)
2026-05-25 20:28:03.142 +02:00 [INF] Map "d5c08240-0436-454a-8993-362abf5bc477": window light drew 1/1 beam(s)
2026-05-25 20:28:03.173 +02:00 [INF] Map "d5c08240-0436-454a-8993-362abf5bc477": window light drew 1/1 beam(s)
2026-05-25 20:28:03.204 +02:00 [INF] Map "d5c08240-0436-454a-8993-362abf5bc477": window light drew 1/1 beam(s)
2026-05-25 20:28:03.235 +02:00 [INF] Map "d5c08240-0436-454a-8993-362abf5bc477": window light drew 1/1 beam(s)
2026-05-25 20:28:03.264 +02:00 [INF] Map "d5c08240-0436-454a-8993-362abf5bc477": window light drew 1/1 beam(s)
2026-05-25 20:28:03.309 +02:00 [INF] Map "d5c08240-0436-454a-8993-362abf5bc477": window light drew 1/1 beam(s)
2026-05-25 20:28:03.339 +02:00 [INF] Map "d5c08240-0436-454a-8993-362abf5bc477": window light drew 1/1 beam(s)
2026-05-25 20:28:03.370 +02:00 [INF] Map "d5c08240-0436-454a-8993-362abf5bc477": window light drew 1/1 beam(s)
2026-05-25 20:28:03.400 +02:00 [INF] Map "d5c08240-0436-454a-8993-362abf5bc477": window light drew 1/1 beam(s)
2026-05-25 20:28:03.431 +02:00 [INF] Map "d5c08240-0436-454a-8993-362abf5bc477": window light drew 1/1 beam(s)
2026-05-25 20:28:03.462 +02:00 [INF] Map "d5c08240-0436-454a-8993-362abf5bc477": window light drew 1/1 beam(s)
2026-05-25 20:28:03.492 +02:00 [INF] Map "d5c08240-0436-454a-8993-362abf5bc477": window light drew 1/1 beam(s)
2026-05-25 20:28:03.523 +02:00 [INF] Map "d5c08240-0436-454a-8993-362abf5bc477": window light drew 1/1 beam(s)
2026-05-25 20:28:03.555 +02:00 [INF] Map "d5c08240-0436-454a-8993-362abf5bc477": window light drew 1/1 beam(s)
2026-05-25 20:28:03.599 +02:00 [INF] Map "d5c08240-0436-454a-8993-362abf5bc477": window light drew 1/1 beam(s)
2026-05-25 20:28:03.631 +02:00 [INF] Map "d5c08240-0436-454a-8993-362abf5bc477": window light drew 1/1 beam(s)
2026-05-25 20:28:03.662 +02:00 [INF] Map "d5c08240-0436-454a-8993-362abf5bc477": window light drew 1/1 beam(s)
2026-05-25 20:28:03.692 +02:00 [INF] Map "d5c08240-0436-454a-8993-362abf5bc477": window light drew 1/1 beam(s)
2026-05-25 20:28:03.724 +02:00 [INF] Map "d5c08240-0436-454a-8993-362abf5bc477": window light drew 1/1 beam(s)
2026-05-25 20:28:03.762 +02:00 [INF] Map "d5c08240-0436-454a-8993-362abf5bc477": window light drew 1/1 beam(s)
2026-05-25 20:28:03.793 +02:00 [INF] Map "d5c08240-0436-454a-8993-362abf5bc477": window light drew 1/1 beam(s)
2026-05-25 20:28:03.825 +02:00 [INF] Map "d5c08240-0436-454a-8993-362abf5bc477": window light drew 1/1 beam(s)
2026-05-25 20:28:03.856 +02:00 [INF] Map "d5c08240-0436-454a-8993-362abf5bc477": window light drew 1/1 beam(s)
2026-05-25 20:28:03.900 +02:00 [INF] Map "d5c08240-0436-454a-8993-362abf5bc477": window light drew 1/1 beam(s)
2026-05-25 20:28:03.930 +02:00 [INF] Map "d5c08240-0436-454a-8993-362abf5bc477": window light drew 1/1 beam(s)
2026-05-25 20:28:03.961 +02:00 [INF] Map "d5c08240-0436-454a-8993-362abf5bc477": window light drew 1/1 beam(s)
2026-05-25 20:28:03.992 +02:00 [INF] Map "d5c08240-0436-454a-8993-362abf5bc477": window light drew 1/1 beam(s)
2026-05-25 20:28:04.023 +02:00 [INF] Map "d5c08240-0436-454a-8993-362abf5bc477": window light drew 1/1 beam(s)
2026-05-25 20:28:04.054 +02:00 [INF] Map "d5c08240-0436-454a-8993-362abf5bc477": window light drew 1/1 beam(s)
2026-05-25 20:28:04.084 +02:00 [INF] Map "d5c08240-0436-454a-8993-362abf5bc477": window light drew 1/1 beam(s)
2026-05-25 20:28:04.115 +02:00 [INF] Map "d5c08240-0436-454a-8993-362abf5bc477": window light drew 1/1 beam(s)
2026-05-25 20:28:04.146 +02:00 [INF] Map "d5c08240-0436-454a-8993-362abf5bc477": window light drew 1/1 beam(s)
2026-05-25 20:28:04.191 +02:00 [INF] Map "d5c08240-0436-454a-8993-362abf5bc477": window light drew 1/1 beam(s)
2026-05-25 20:28:04.221 +02:00 [INF] Map "d5c08240-0436-454a-8993-362abf5bc477": window light drew 1/1 beam(s)
2026-05-25 20:28:04.252 +02:00 [INF] Map "d5c08240-0436-454a-8993-362abf5bc477": window light drew 1/1 beam(s)
2026-05-25 20:28:04.284 +02:00 [INF] Map "d5c08240-0436-454a-8993-362abf5bc477": window light drew 1/1 beam(s)
2026-05-25 20:28:04.315 +02:00 [INF] Map "d5c08240-0436-454a-8993-362abf5bc477": window light drew 1/1 beam(s)
2026-05-25 20:28:04.345 +02:00 [INF] Map "d5c08240-0436-454a-8993-362abf5bc477": window light drew 1/1 beam(s)
2026-05-25 20:28:04.377 +02:00 [INF] Map "d5c08240-0436-454a-8993-362abf5bc477": window light drew 1/1 beam(s)
2026-05-25 20:28:04.408 +02:00 [INF] Map "d5c08240-0436-454a-8993-362abf5bc477": window light drew 1/1 beam(s)
2026-05-25 20:28:04.438 +02:00 [INF] Map "d5c08240-0436-454a-8993-362abf5bc477": window light drew 1/1 beam(s)
2026-05-25 20:28:04.482 +02:00 [INF] Map "d5c08240-0436-454a-8993-362abf5bc477": window light drew 1/1 beam(s)
2026-05-25 20:28:04.513 +02:00 [INF] Map "d5c08240-0436-454a-8993-362abf5bc477": window light drew 1/1 beam(s)
2026-05-25 20:28:04.543 +02:00 [INF] Map "d5c08240-0436-454a-8993-362abf5bc477": window light drew 1/1 beam(s)
2026-05-25 20:28:04.572 +02:00 [INF] Map "d5c08240-0436-454a-8993-362abf5bc477": window light drew 1/1 beam(s)
2026-05-25 20:28:04.602 +02:00 [INF] Map "d5c08240-0436-454a-8993-362abf5bc477": window light drew 1/1 beam(s)
2026-05-25 20:28:04.633 +02:00 [INF] Map "d5c08240-0436-454a-8993-362abf5bc477": window light drew 1/1 beam(s)
2026-05-25 20:28:04.663 +02:00 [INF] Map "d5c08240-0436-454a-8993-362abf5bc477": window light drew 1/1 beam(s)
2026-05-25 20:28:04.694 +02:00 [INF] Map "d5c08240-0436-454a-8993-362abf5bc477": window light drew 1/1 beam(s)
2026-05-25 20:28:04.725 +02:00 [INF] Map "d5c08240-0436-454a-8993-362abf5bc477": window light drew 1/1 beam(s)
2026-05-25 20:28:04.769 +02:00 [INF] Map "d5c08240-0436-454a-8993-362abf5bc477": window light drew 1/1 beam(s)
2026-05-25 20:28:04.799 +02:00 [INF] Map "d5c08240-0436-454a-8993-362abf5bc477": window light drew 1/1 beam(s)
2026-05-25 20:28:04.832 +02:00 [INF] Map "d5c08240-0436-454a-8993-362abf5bc477": window light drew 1/1 beam(s)
2026-05-25 20:28:04.863 +02:00 [INF] Map "d5c08240-0436-454a-8993-362abf5bc477": window light drew 1/1 beam(s)
2026-05-25 20:28:04.895 +02:00 [INF] Map "d5c08240-0436-454a-8993-362abf5bc477": window light drew 1/1 beam(s)
2026-05-25 20:28:04.925 +02:00 [INF] Map "d5c08240-0436-454a-8993-362abf5bc477": window light drew 1/1 beam(s)
2026-05-25 20:28:04.956 +02:00 [INF] Map "d5c08240-0436-454a-8993-362abf5bc477": window light drew 1/1 beam(s)
2026-05-25 20:28:04.986 +02:00 [INF] Map "d5c08240-0436-454a-8993-362abf5bc477": window light drew 1/1 beam(s)
2026-05-25 20:28:05.017 +02:00 [INF] Map "d5c08240-0436-454a-8993-362abf5bc477": window light drew 1/1 beam(s)
2026-05-25 20:28:05.061 +02:00 [INF] Map "d5c08240-0436-454a-8993-362abf5bc477": window light drew 1/1 beam(s)
2026-05-25 20:28:05.093 +02:00 [INF] Map "d5c08240-0436-454a-8993-362abf5bc477": window light drew 1/1 beam(s)
2026-05-25 20:28:05.124 +02:00 [INF] Map "d5c08240-0436-454a-8993-362abf5bc477": window light drew 1/1 beam(s)
2026-05-25 20:28:05.155 +02:00 [INF] Map "d5c08240-0436-454a-8993-362abf5bc477": window light drew 1/1 beam(s)
2026-05-25 20:28:05.185 +02:00 [INF] Map "d5c08240-0436-454a-8993-362abf5bc477": window light drew 1/1 beam(s)
2026-05-25 20:28:05.215 +02:00 [INF] Map "d5c08240-0436-454a-8993-362abf5bc477": window light drew 1/1 beam(s)
2026-05-25 20:28:05.246 +02:00 [INF] Map "d5c08240-0436-454a-8993-362abf5bc477": window light drew 1/1 beam(s)
2026-05-25 20:28:05.277 +02:00 [INF] Map "d5c08240-0436-454a-8993-362abf5bc477": window light drew 1/1 beam(s)
2026-05-25 20:28:05.308 +02:00 [INF] Map "d5c08240-0436-454a-8993-362abf5bc477": window light drew 1/1 beam(s)
2026-05-25 20:28:05.383 +02:00 [INF] Map "d5c08240-0436-454a-8993-362abf5bc477": window light drew 1/1 beam(s)
2026-05-25 20:28:05.437 +02:00 [INF] Map "d5c08240-0436-454a-8993-362abf5bc477": window light drew 1/1 beam(s)
2026-05-25 20:28:05.493 +02:00 [INF] Map "d5c08240-0436-454a-8993-362abf5bc477": window light drew 1/1 beam(s)
2026-05-25 20:28:05.548 +02:00 [INF] Map "d5c08240-0436-454a-8993-362abf5bc477": window light drew 1/1 beam(s)
2026-05-25 20:28:05.602 +02:00 [INF] Map "d5c08240-0436-454a-8993-362abf5bc477": window light drew 1/1 beam(s)
2026-05-25 20:28:05.665 +02:00 [INF] Map "d5c08240-0436-454a-8993-362abf5bc477": window light drew 1/1 beam(s)
2026-05-25 20:28:05.724 +02:00 [INF] Map "d5c08240-0436-454a-8993-362abf5bc477": window light drew 1/1 beam(s)
2026-05-25 20:28:05.778 +02:00 [INF] Map "d5c08240-0436-454a-8993-362abf5bc477": window light drew 1/1 beam(s)
2026-05-25 20:28:05.829 +02:00 [INF] Map "d5c08240-0436-454a-8993-362abf5bc477": window light drew 1/1 beam(s)
2026-05-25 20:28:05.895 +02:00 [INF] Map "d5c08240-0436-454a-8993-362abf5bc477": window light drew 1/1 beam(s)
2026-05-25 20:28:05.948 +02:00 [INF] Map "d5c08240-0436-454a-8993-362abf5bc477": window light drew 1/1 beam(s)
2026-05-25 20:28:05.999 +02:00 [INF] Map "d5c08240-0436-454a-8993-362abf5bc477": window light drew 1/1 beam(s)
2026-05-25 20:28:06.051 +02:00 [INF] Map "d5c08240-0436-454a-8993-362abf5bc477": window light drew 1/1 beam(s)
2026-05-25 20:28:06.103 +02:00 [INF] Map "d5c08240-0436-454a-8993-362abf5bc477": window light drew 1/1 beam(s)
2026-05-25 20:28:06.154 +02:00 [INF] Map "d5c08240-0436-454a-8993-362abf5bc477": window light drew 1/1 beam(s)
2026-05-25 20:28:06.206 +02:00 [INF] Map "d5c08240-0436-454a-8993-362abf5bc477": window light drew 1/1 beam(s)
2026-05-25 20:28:06.262 +02:00 [INF] Map "d5c08240-0436-454a-8993-362abf5bc477": window light drew 1/1 beam(s)
2026-05-25 20:28:06.314 +02:00 [INF] Map "d5c08240-0436-454a-8993-362abf5bc477": window light drew 1/1 beam(s)
2026-05-25 20:28:06.392 +02:00 [INF] Map "d5c08240-0436-454a-8993-362abf5bc477": window light drew 1/1 beam(s)
2026-05-25 20:28:06.449 +02:00 [INF] Map "d5c08240-0436-454a-8993-362abf5bc477": window light drew 1/1 beam(s)
2026-05-25 20:28:06.501 +02:00 [INF] Map "d5c08240-0436-454a-8993-362abf5bc477": window light drew 1/1 beam(s)
2026-05-25 20:28:06.555 +02:00 [INF] Map "d5c08240-0436-454a-8993-362abf5bc477": window light drew 1/1 beam(s)
2026-05-25 20:28:06.606 +02:00 [INF] Map "d5c08240-0436-454a-8993-362abf5bc477": window light drew 1/1 beam(s)
2026-05-25 20:28:06.658 +02:00 [INF] Map "d5c08240-0436-454a-8993-362abf5bc477": window light drew 1/1 beam(s)
2026-05-25 20:28:06.710 +02:00 [INF] Map "d5c08240-0436-454a-8993-362abf5bc477": window light drew 1/1 beam(s)
2026-05-25 20:28:06.761 +02:00 [INF] Map "d5c08240-0436-454a-8993-362abf5bc477": window light drew 1/1 beam(s)
2026-05-25 20:28:06.813 +02:00 [INF] Map "d5c08240-0436-454a-8993-362abf5bc477": window light drew 1/1 beam(s)
2026-05-25 20:28:06.879 +02:00 [INF] Map "d5c08240-0436-454a-8993-362abf5bc477": window light drew 1/1 beam(s)
2026-05-25 20:28:06.931 +02:00 [INF] Map "d5c08240-0436-454a-8993-362abf5bc477": window light drew 1/1 beam(s)
2026-05-25 20:28:06.983 +02:00 [INF] Map "d5c08240-0436-454a-8993-362abf5bc477": window light drew 1/1 beam(s)
2026-05-25 20:28:07.034 +02:00 [INF] Map "d5c08240-0436-454a-8993-362abf5bc477": window light drew 1/1 beam(s)
2026-05-25 20:28:07.087 +02:00 [INF] Map "d5c08240-0436-454a-8993-362abf5bc477": window light drew 1/1 beam(s)
2026-05-25 20:28:07.138 +02:00 [INF] Map "d5c08240-0436-454a-8993-362abf5bc477": window light drew 1/1 beam(s)
2026-05-25 20:28:07.189 +02:00 [INF] Map "d5c08240-0436-454a-8993-362abf5bc477": window light drew 1/1 beam(s)
2026-05-25 20:28:07.241 +02:00 [INF] Map "d5c08240-0436-454a-8993-362abf5bc477": window light drew 1/1 beam(s)
2026-05-25 20:28:07.292 +02:00 [INF] Map "d5c08240-0436-454a-8993-362abf5bc477": window light drew 1/1 beam(s)
2026-05-25 20:28:07.360 +02:00 [INF] Map "d5c08240-0436-454a-8993-362abf5bc477": window light drew 1/1 beam(s)
2026-05-25 20:28:07.412 +02:00 [INF] Map "d5c08240-0436-454a-8993-362abf5bc477": window light drew 1/1 beam(s)
2026-05-25 20:28:07.465 +02:00 [INF] Map "d5c08240-0436-454a-8993-362abf5bc477": window light drew 1/1 beam(s)
2026-05-25 20:28:07.517 +02:00 [INF] Map "d5c08240-0436-454a-8993-362abf5bc477": window light drew 1/1 beam(s)
2026-05-25 20:28:07.570 +02:00 [INF] Map "d5c08240-0436-454a-8993-362abf5bc477": window light drew 1/1 beam(s)
2026-05-25 20:28:07.628 +02:00 [INF] Map "d5c08240-0436-454a-8993-362abf5bc477": window light drew 1/1 beam(s)
2026-05-25 20:28:07.681 +02:00 [INF] Map "d5c08240-0436-454a-8993-362abf5bc477": window light drew 1/1 beam(s)
2026-05-25 20:28:07.731 +02:00 [INF] Map "d5c08240-0436-454a-8993-362abf5bc477": window light drew 1/1 beam(s)
2026-05-25 20:28:07.783 +02:00 [INF] Map "d5c08240-0436-454a-8993-362abf5bc477": window light drew 1/1 beam(s)
2026-05-25 20:28:07.848 +02:00 [INF] Map "d5c08240-0436-454a-8993-362abf5bc477": window light drew 1/1 beam(s)
2026-05-25 20:28:07.900 +02:00 [INF] Map "d5c08240-0436-454a-8993-362abf5bc477": window light drew 1/1 beam(s)
2026-05-25 20:28:07.952 +02:00 [INF] Map "d5c08240-0436-454a-8993-362abf5bc477": window light drew 1/1 beam(s)
2026-05-25 20:28:08.004 +02:00 [INF] Map "d5c08240-0436-454a-8993-362abf5bc477": window light drew 1/1 beam(s)
2026-05-25 20:28:08.055 +02:00 [INF] Map "d5c08240-0436-454a-8993-362abf5bc477": window light drew 1/1 beam(s)
2026-05-25 20:28:08.106 +02:00 [INF] Map "d5c08240-0436-454a-8993-362abf5bc477": window light drew 1/1 beam(s)
2026-05-25 20:28:08.158 +02:00 [INF] Map "d5c08240-0436-454a-8993-362abf5bc477": window light drew 1/1 beam(s)
2026-05-25 20:28:08.210 +02:00 [INF] Map "d5c08240-0436-454a-8993-362abf5bc477": window light drew 1/1 beam(s)
2026-05-25 20:28:08.261 +02:00 [INF] Map "d5c08240-0436-454a-8993-362abf5bc477": window light drew 1/1 beam(s)
2026-05-25 20:28:08.326 +02:00 [INF] Map "d5c08240-0436-454a-8993-362abf5bc477": window light drew 1/1 beam(s)
2026-05-25 20:28:08.378 +02:00 [INF] Map "d5c08240-0436-454a-8993-362abf5bc477": window light drew 1/1 beam(s)
2026-05-25 20:28:08.430 +02:00 [INF] Map "d5c08240-0436-454a-8993-362abf5bc477": window light drew 1/1 beam(s)
2026-05-25 20:28:08.482 +02:00 [INF] Map "d5c08240-0436-454a-8993-362abf5bc477": window light drew 1/1 beam(s)
2026-05-25 20:28:08.534 +02:00 [INF] Map "d5c08240-0436-454a-8993-362abf5bc477": window light drew 1/1 beam(s)
2026-05-25 20:28:08.586 +02:00 [INF] Map "d5c08240-0436-454a-8993-362abf5bc477": window light drew 1/1 beam(s)
2026-05-25 20:28:08.639 +02:00 [INF] Map "d5c08240-0436-454a-8993-362abf5bc477": window light drew 1/1 beam(s)
2026-05-25 20:28:08.690 +02:00 [INF] Map "d5c08240-0436-454a-8993-362abf5bc477": window light drew 1/1 beam(s)
2026-05-25 20:28:08.742 +02:00 [INF] Map "d5c08240-0436-454a-8993-362abf5bc477": window light drew 1/1 beam(s)
2026-05-25 20:28:08.807 +02:00 [INF] Map "d5c08240-0436-454a-8993-362abf5bc477": window light drew 1/1 beam(s)
2026-05-25 20:28:08.859 +02:00 [INF] Map "d5c08240-0436-454a-8993-362abf5bc477": window light drew 1/1 beam(s)
2026-05-25 20:28:08.910 +02:00 [INF] Map "d5c08240-0436-454a-8993-362abf5bc477": window light drew 1/1 beam(s)
2026-05-25 20:28:08.963 +02:00 [INF] Map "d5c08240-0436-454a-8993-362abf5bc477": window light drew 1/1 beam(s)
2026-05-25 20:28:09.016 +02:00 [INF] Map "d5c08240-0436-454a-8993-362abf5bc477": window light drew 1/1 beam(s)
2026-05-25 20:28:09.067 +02:00 [INF] Map "d5c08240-0436-454a-8993-362abf5bc477": window light drew 1/1 beam(s)
2026-05-25 20:28:09.119 +02:00 [INF] Map "d5c08240-0436-454a-8993-362abf5bc477": window light drew 1/1 beam(s)
2026-05-25 20:28:09.171 +02:00 [INF] Map "d5c08240-0436-454a-8993-362abf5bc477": window light drew 1/1 beam(s)
2026-05-25 20:28:09.223 +02:00 [INF] Map "d5c08240-0436-454a-8993-362abf5bc477": window light drew 1/1 beam(s)
2026-05-25 20:28:09.287 +02:00 [INF] Map "d5c08240-0436-454a-8993-362abf5bc477": window light drew 1/1 beam(s)
2026-05-25 20:28:09.340 +02:00 [INF] Map "d5c08240-0436-454a-8993-362abf5bc477": window light drew 1/1 beam(s)
2026-05-25 20:28:09.392 +02:00 [INF] Map "d5c08240-0436-454a-8993-362abf5bc477": window light drew 1/1 beam(s)
2026-05-25 20:28:09.443 +02:00 [INF] Map "d5c08240-0436-454a-8993-362abf5bc477": window light drew 1/1 beam(s)
2026-05-25 20:28:09.495 +02:00 [INF] Map "d5c08240-0436-454a-8993-362abf5bc477": window light drew 1/1 beam(s)
2026-05-25 20:28:09.547 +02:00 [INF] Map "d5c08240-0436-454a-8993-362abf5bc477": window light drew 1/1 beam(s)
2026-05-25 20:28:09.599 +02:00 [INF] Map "d5c08240-0436-454a-8993-362abf5bc477": window light drew 1/1 beam(s)
2026-05-25 20:28:09.650 +02:00 [INF] Map "d5c08240-0436-454a-8993-362abf5bc477": window light drew 1/1 beam(s)
2026-05-25 20:28:09.704 +02:00 [INF] Map "d5c08240-0436-454a-8993-362abf5bc477": window light drew 1/1 beam(s)
2026-05-25 20:28:09.770 +02:00 [INF] Map "d5c08240-0436-454a-8993-362abf5bc477": window light drew 1/1 beam(s)
2026-05-25 20:28:09.822 +02:00 [INF] Map "d5c08240-0436-454a-8993-362abf5bc477": window light drew 1/1 beam(s)
2026-05-25 20:28:09.876 +02:00 [INF] Map "d5c08240-0436-454a-8993-362abf5bc477": window light drew 1/1 beam(s)
2026-05-25 20:28:09.931 +02:00 [INF] Map "d5c08240-0436-454a-8993-362abf5bc477": window light drew 1/1 beam(s)
2026-05-25 20:28:09.982 +02:00 [INF] Map "d5c08240-0436-454a-8993-362abf5bc477": window light drew 1/1 beam(s)
2026-05-25 20:28:10.033 +02:00 [INF] Map "d5c08240-0436-454a-8993-362abf5bc477": window light drew 1/1 beam(s)
2026-05-25 20:28:10.085 +02:00 [INF] Map "d5c08240-0436-454a-8993-362abf5bc477": window light drew 1/1 beam(s)
2026-05-25 20:28:10.136 +02:00 [INF] Map "d5c08240-0436-454a-8993-362abf5bc477": window light drew 1/1 beam(s)
2026-05-25 20:28:10.189 +02:00 [INF] Map "d5c08240-0436-454a-8993-362abf5bc477": window light drew 1/1 beam(s)
2026-05-25 20:28:10.254 +02:00 [INF] Map "d5c08240-0436-454a-8993-362abf5bc477": window light drew 1/1 beam(s)
2026-05-25 20:28:10.306 +02:00 [INF] Map "d5c08240-0436-454a-8993-362abf5bc477": window light drew 1/1 beam(s)
2026-05-25 20:28:10.357 +02:00 [INF] Map "d5c08240-0436-454a-8993-362abf5bc477": window light drew 1/1 beam(s)
2026-05-25 20:28:10.409 +02:00 [INF] Map "d5c08240-0436-454a-8993-362abf5bc477": window light drew 1/1 beam(s)
2026-05-25 20:28:10.461 +02:00 [INF] Map "d5c08240-0436-454a-8993-362abf5bc477": window light drew 1/1 beam(s)
2026-05-25 20:28:10.583 +02:00 [INF] Map "d5c08240-0436-454a-8993-362abf5bc477": window light drew 1/1 beam(s)
2026-05-25 20:28:10.634 +02:00 [INF] Map "d5c08240-0436-454a-8993-362abf5bc477": window light drew 1/1 beam(s)
2026-05-25 20:28:10.686 +02:00 [INF] Map "d5c08240-0436-454a-8993-362abf5bc477": window light drew 1/1 beam(s)
2026-05-25 20:28:10.791 +02:00 [INF] Map "d5c08240-0436-454a-8993-362abf5bc477": window light drew 1/1 beam(s)
2026-05-25 20:28:10.858 +02:00 [INF] Map "d5c08240-0436-454a-8993-362abf5bc477": window light drew 1/1 beam(s)
2026-05-25 20:28:10.914 +02:00 [INF] Map "d5c08240-0436-454a-8993-362abf5bc477": window light drew 1/1 beam(s)
2026-05-25 20:28:10.966 +02:00 [INF] Map "d5c08240-0436-454a-8993-362abf5bc477": window light drew 1/1 beam(s)
2026-05-25 20:28:11.017 +02:00 [INF] Map "d5c08240-0436-454a-8993-362abf5bc477": window light drew 1/1 beam(s)
2026-05-25 20:28:11.069 +02:00 [INF] Map "d5c08240-0436-454a-8993-362abf5bc477": window light drew 1/1 beam(s)
2026-05-25 20:28:11.121 +02:00 [INF] Map "d5c08240-0436-454a-8993-362abf5bc477": window light drew 1/1 beam(s)
2026-05-25 20:28:11.172 +02:00 [INF] Map "d5c08240-0436-454a-8993-362abf5bc477": window light drew 1/1 beam(s)
2026-05-25 20:28:11.223 +02:00 [INF] Map "d5c08240-0436-454a-8993-362abf5bc477": window light drew 1/1 beam(s)
2026-05-25 20:28:11.274 +02:00 [INF] Map "d5c08240-0436-454a-8993-362abf5bc477": window light drew 1/1 beam(s)
2026-05-25 20:28:11.341 +02:00 [INF] Map "d5c08240-0436-454a-8993-362abf5bc477": window light drew 1/1 beam(s)
2026-05-25 20:28:11.394 +02:00 [INF] Map "d5c08240-0436-454a-8993-362abf5bc477": window light drew 1/1 beam(s)
2026-05-25 20:28:11.449 +02:00 [INF] Map "d5c08240-0436-454a-8993-362abf5bc477": window light drew 1/1 beam(s)
2026-05-25 20:28:11.501 +02:00 [INF] Map "d5c08240-0436-454a-8993-362abf5bc477": window light drew 1/1 beam(s)
2026-05-25 20:28:11.553 +02:00 [INF] Map "d5c08240-0436-454a-8993-362abf5bc477": window light drew 1/1 beam(s)
2026-05-25 20:28:11.606 +02:00 [INF] Map "d5c08240-0436-454a-8993-362abf5bc477": window light drew 1/1 beam(s)
2026-05-25 20:28:11.658 +02:00 [INF] Map "d5c08240-0436-454a-8993-362abf5bc477": window light drew 1/1 beam(s)
2026-05-25 20:28:11.711 +02:00 [INF] Map "d5c08240-0436-454a-8993-362abf5bc477": window light drew 1/1 beam(s)
2026-05-25 20:28:11.770 +02:00 [INF] Map "d5c08240-0436-454a-8993-362abf5bc477": window light drew 1/1 beam(s)
2026-05-25 20:28:11.845 +02:00 [INF] Map "d5c08240-0436-454a-8993-362abf5bc477": window light drew 1/1 beam(s)
2026-05-25 20:28:11.899 +02:00 [INF] Map "d5c08240-0436-454a-8993-362abf5bc477": window light drew 1/1 beam(s)
2026-05-25 20:28:11.950 +02:00 [INF] Map "d5c08240-0436-454a-8993-362abf5bc477": window light drew 1/1 beam(s)
2026-05-25 20:28:12.002 +02:00 [INF] Map "d5c08240-0436-454a-8993-362abf5bc477": window light drew 1/1 beam(s)
2026-05-25 20:28:12.054 +02:00 [INF] Map "d5c08240-0436-454a-8993-362abf5bc477": window light drew 1/1 beam(s)
2026-05-25 20:28:12.105 +02:00 [INF] Map "d5c08240-0436-454a-8993-362abf5bc477": window light drew 1/1 beam(s)
2026-05-25 20:28:12.158 +02:00 [INF] Map "d5c08240-0436-454a-8993-362abf5bc477": window light drew 1/1 beam(s)
2026-05-25 20:28:12.209 +02:00 [INF] Map "d5c08240-0436-454a-8993-362abf5bc477": window light drew 1/1 beam(s)
2026-05-25 20:28:12.262 +02:00 [INF] Map "d5c08240-0436-454a-8993-362abf5bc477": window light drew 1/1 beam(s)
2026-05-25 20:28:12.326 +02:00 [INF] Map "d5c08240-0436-454a-8993-362abf5bc477": window light drew 1/1 beam(s)
2026-05-25 20:28:12.379 +02:00 [INF] Map "d5c08240-0436-454a-8993-362abf5bc477": window light drew 1/1 beam(s)
2026-05-25 20:28:12.431 +02:00 [INF] Map "d5c08240-0436-454a-8993-362abf5bc477": window light drew 1/1 beam(s)
2026-05-25 20:28:12.483 +02:00 [INF] Map "d5c08240-0436-454a-8993-362abf5bc477": window light drew 1/1 beam(s)
2026-05-25 20:28:12.536 +02:00 [INF] Map "d5c08240-0436-454a-8993-362abf5bc477": window light drew 1/1 beam(s)
2026-05-25 20:28:12.592 +02:00 [INF] Map "d5c08240-0436-454a-8993-362abf5bc477": window light drew 1/1 beam(s)
2026-05-25 20:28:12.648 +02:00 [INF] Map "d5c08240-0436-454a-8993-362abf5bc477": window light drew 1/1 beam(s)
2026-05-25 20:28:12.701 +02:00 [INF] Map "d5c08240-0436-454a-8993-362abf5bc477": window light drew 1/1 beam(s)
2026-05-25 20:28:12.753 +02:00 [INF] Map "d5c08240-0436-454a-8993-362abf5bc477": window light drew 1/1 beam(s)
2026-05-25 20:28:12.818 +02:00 [INF] Map "d5c08240-0436-454a-8993-362abf5bc477": window light drew 1/1 beam(s)
2026-05-25 20:28:12.872 +02:00 [INF] Map "d5c08240-0436-454a-8993-362abf5bc477": window light drew 1/1 beam(s)
2026-05-25 20:28:12.923 +02:00 [INF] Map "d5c08240-0436-454a-8993-362abf5bc477": window light drew 1/1 beam(s)
2026-05-25 20:28:12.975 +02:00 [INF] Map "d5c08240-0436-454a-8993-362abf5bc477": window light drew 1/1 beam(s)
2026-05-25 20:28:13.025 +02:00 [INF] Map "d5c08240-0436-454a-8993-362abf5bc477": window light drew 1/1 beam(s)
2026-05-25 20:28:13.076 +02:00 [INF] Map "d5c08240-0436-454a-8993-362abf5bc477": window light drew 1/1 beam(s)
2026-05-25 20:28:13.128 +02:00 [INF] Map "d5c08240-0436-454a-8993-362abf5bc477": window light drew 1/1 beam(s)
2026-05-25 20:28:13.180 +02:00 [INF] Map "d5c08240-0436-454a-8993-362abf5bc477": window light drew 1/1 beam(s)
2026-05-25 20:28:13.231 +02:00 [INF] Map "d5c08240-0436-454a-8993-362abf5bc477": window light drew 1/1 beam(s)
2026-05-25 20:28:13.297 +02:00 [INF] Map "d5c08240-0436-454a-8993-362abf5bc477": window light drew 1/1 beam(s)
2026-05-25 20:28:13.355 +02:00 [INF] Map "d5c08240-0436-454a-8993-362abf5bc477": window light drew 1/1 beam(s)
2026-05-25 20:28:13.407 +02:00 [INF] Map "d5c08240-0436-454a-8993-362abf5bc477": window light drew 1/1 beam(s)
2026-05-25 20:28:13.459 +02:00 [INF] Map "d5c08240-0436-454a-8993-362abf5bc477": window light drew 1/1 beam(s)
2026-05-25 20:28:13.511 +02:00 [INF] Map "d5c08240-0436-454a-8993-362abf5bc477": window light drew 1/1 beam(s)
2026-05-25 20:28:13.563 +02:00 [INF] Map "d5c08240-0436-454a-8993-362abf5bc477": window light drew 1/1 beam(s)
2026-05-25 20:28:13.616 +02:00 [INF] Map "d5c08240-0436-454a-8993-362abf5bc477": window light drew 1/1 beam(s)
2026-05-25 20:28:13.669 +02:00 [INF] Map "d5c08240-0436-454a-8993-362abf5bc477": window light drew 1/1 beam(s)
2026-05-25 20:28:13.721 +02:00 [INF] Map "d5c08240-0436-454a-8993-362abf5bc477": window light drew 1/1 beam(s)
2026-05-25 20:28:13.788 +02:00 [INF] Map "d5c08240-0436-454a-8993-362abf5bc477": window light drew 1/1 beam(s)
2026-05-25 20:28:13.840 +02:00 [INF] Map "d5c08240-0436-454a-8993-362abf5bc477": window light drew 1/1 beam(s)
2026-05-25 20:28:13.892 +02:00 [INF] Map "d5c08240-0436-454a-8993-362abf5bc477": window light drew 1/1 beam(s)
2026-05-25 20:28:13.951 +02:00 [INF] Map "d5c08240-0436-454a-8993-362abf5bc477": window light drew 1/1 beam(s)
2026-05-25 20:28:14.007 +02:00 [INF] Map "d5c08240-0436-454a-8993-362abf5bc477": window light drew 1/1 beam(s)
2026-05-25 20:28:14.061 +02:00 [INF] Map "d5c08240-0436-454a-8993-362abf5bc477": window light drew 1/1 beam(s)
2026-05-25 20:28:14.113 +02:00 [INF] Map "d5c08240-0436-454a-8993-362abf5bc477": window light drew 1/1 beam(s)
2026-05-25 20:28:14.164 +02:00 [INF] Map "d5c08240-0436-454a-8993-362abf5bc477": window light drew 1/1 beam(s)
2026-05-25 20:28:14.215 +02:00 [INF] Map "d5c08240-0436-454a-8993-362abf5bc477": window light drew 1/1 beam(s)
2026-05-25 20:28:14.281 +02:00 [INF] Map "d5c08240-0436-454a-8993-362abf5bc477": window light drew 1/1 beam(s)
2026-05-25 20:28:14.333 +02:00 [INF] Map "d5c08240-0436-454a-8993-362abf5bc477": window light drew 1/1 beam(s)
2026-05-25 20:28:14.386 +02:00 [INF] Map "d5c08240-0436-454a-8993-362abf5bc477": window light drew 1/1 beam(s)
2026-05-25 20:28:14.437 +02:00 [INF] Map "d5c08240-0436-454a-8993-362abf5bc477": window light drew 1/1 beam(s)
2026-05-25 20:28:14.489 +02:00 [INF] Map "d5c08240-0436-454a-8993-362abf5bc477": window light drew 1/1 beam(s)
2026-05-25 20:28:14.541 +02:00 [INF] Map "d5c08240-0436-454a-8993-362abf5bc477": window light drew 1/1 beam(s)
2026-05-25 20:28:14.592 +02:00 [INF] Map "d5c08240-0436-454a-8993-362abf5bc477": window light drew 1/1 beam(s)
2026-05-25 20:28:14.643 +02:00 [INF] Map "d5c08240-0436-454a-8993-362abf5bc477": window light drew 1/1 beam(s)
2026-05-25 20:28:14.701 +02:00 [INF] Map "d5c08240-0436-454a-8993-362abf5bc477": window light drew 1/1 beam(s)
2026-05-25 20:28:14.767 +02:00 [INF] Map "d5c08240-0436-454a-8993-362abf5bc477": window light drew 1/1 beam(s)
2026-05-25 20:28:14.819 +02:00 [INF] Map "d5c08240-0436-454a-8993-362abf5bc477": window light drew 1/1 beam(s)
2026-05-25 20:28:14.871 +02:00 [INF] Map "d5c08240-0436-454a-8993-362abf5bc477": window light drew 1/1 beam(s)
2026-05-25 20:28:14.923 +02:00 [INF] Map "d5c08240-0436-454a-8993-362abf5bc477": window light drew 1/1 beam(s)
2026-05-25 20:28:14.975 +02:00 [INF] Map "d5c08240-0436-454a-8993-362abf5bc477": window light drew 1/1 beam(s)
2026-05-25 20:28:15.027 +02:00 [INF] Map "d5c08240-0436-454a-8993-362abf5bc477": window light drew 1/1 beam(s)
2026-05-25 20:28:15.079 +02:00 [INF] Map "d5c08240-0436-454a-8993-362abf5bc477": window light drew 1/1 beam(s)
2026-05-25 20:28:15.131 +02:00 [INF] Map "d5c08240-0436-454a-8993-362abf5bc477": window light drew 1/1 beam(s)
2026-05-25 20:28:15.182 +02:00 [INF] Map "d5c08240-0436-454a-8993-362abf5bc477": window light drew 1/1 beam(s)
2026-05-25 20:28:15.246 +02:00 [INF] Map "d5c08240-0436-454a-8993-362abf5bc477": window light drew 1/1 beam(s)
2026-05-25 20:28:15.295 +02:00 [INF] Map "d5c08240-0436-454a-8993-362abf5bc477": window light drew 1/1 beam(s)
2026-05-25 20:28:15.346 +02:00 [INF] Map "d5c08240-0436-454a-8993-362abf5bc477": window light drew 1/1 beam(s)
2026-05-25 20:28:15.399 +02:00 [INF] Map "d5c08240-0436-454a-8993-362abf5bc477": window light drew 1/1 beam(s)
2026-05-25 20:28:15.452 +02:00 [INF] Map "d5c08240-0436-454a-8993-362abf5bc477": window light drew 1/1 beam(s)
2026-05-25 20:28:15.505 +02:00 [INF] Map "d5c08240-0436-454a-8993-362abf5bc477": window light drew 1/1 beam(s)
2026-05-25 20:28:15.558 +02:00 [INF] Map "d5c08240-0436-454a-8993-362abf5bc477": window light drew 1/1 beam(s)
2026-05-25 20:28:15.611 +02:00 [INF] Map "d5c08240-0436-454a-8993-362abf5bc477": window light drew 1/1 beam(s)
2026-05-25 20:28:15.665 +02:00 [INF] Map "d5c08240-0436-454a-8993-362abf5bc477": window light drew 1/1 beam(s)
2026-05-25 20:28:15.731 +02:00 [INF] Map "d5c08240-0436-454a-8993-362abf5bc477": window light drew 1/1 beam(s)
2026-05-25 20:28:15.782 +02:00 [INF] Map "d5c08240-0436-454a-8993-362abf5bc477": window light drew 1/1 beam(s)
2026-05-25 20:28:15.836 +02:00 [INF] Map "d5c08240-0436-454a-8993-362abf5bc477": window light drew 1/1 beam(s)
2026-05-25 20:28:15.889 +02:00 [INF] Map "d5c08240-0436-454a-8993-362abf5bc477": window light drew 1/1 beam(s)
2026-05-25 20:28:15.941 +02:00 [INF] Map "d5c08240-0436-454a-8993-362abf5bc477": window light drew 1/1 beam(s)
2026-05-25 20:28:16.002 +02:00 [INF] Map "d5c08240-0436-454a-8993-362abf5bc477": window light drew 1/1 beam(s)
2026-05-25 20:28:16.054 +02:00 [INF] Map "d5c08240-0436-454a-8993-362abf5bc477": window light drew 1/1 beam(s)
2026-05-25 20:28:16.105 +02:00 [INF] Map "d5c08240-0436-454a-8993-362abf5bc477": window light drew 1/1 beam(s)
2026-05-25 20:28:16.157 +02:00 [INF] Map "d5c08240-0436-454a-8993-362abf5bc477": window light drew 1/1 beam(s)
2026-05-25 20:28:16.222 +02:00 [INF] Map "d5c08240-0436-454a-8993-362abf5bc477": window light drew 1/1 beam(s)
2026-05-25 20:28:16.274 +02:00 [INF] Map "d5c08240-0436-454a-8993-362abf5bc477": window light drew 1/1 beam(s)
2026-05-25 20:28:16.325 +02:00 [INF] Map "d5c08240-0436-454a-8993-362abf5bc477": window light drew 1/1 beam(s)
2026-05-25 20:28:16.377 +02:00 [INF] Map "d5c08240-0436-454a-8993-362abf5bc477": window light drew 1/1 beam(s)
2026-05-25 20:28:16.429 +02:00 [INF] Map "d5c08240-0436-454a-8993-362abf5bc477": window light drew 1/1 beam(s)
2026-05-25 20:28:16.481 +02:00 [INF] Map "d5c08240-0436-454a-8993-362abf5bc477": window light drew 1/1 beam(s)
2026-05-25 20:28:16.534 +02:00 [INF] Map "d5c08240-0436-454a-8993-362abf5bc477": window light drew 1/1 beam(s)
2026-05-25 20:28:16.586 +02:00 [INF] Map "d5c08240-0436-454a-8993-362abf5bc477": window light drew 1/1 beam(s)
2026-05-25 20:28:16.637 +02:00 [INF] Map "d5c08240-0436-454a-8993-362abf5bc477": window light drew 1/1 beam(s)
2026-05-25 20:28:16.705 +02:00 [INF] Map "d5c08240-0436-454a-8993-362abf5bc477": window light drew 1/1 beam(s)
2026-05-25 20:28:16.756 +02:00 [INF] Map "d5c08240-0436-454a-8993-362abf5bc477": window light drew 1/1 beam(s)
2026-05-25 20:28:16.809 +02:00 [INF] Map "d5c08240-0436-454a-8993-362abf5bc477": window light drew 1/1 beam(s)
2026-05-25 20:28:16.861 +02:00 [INF] Map "d5c08240-0436-454a-8993-362abf5bc477": window light drew 1/1 beam(s)
2026-05-25 20:28:16.913 +02:00 [INF] Map "d5c08240-0436-454a-8993-362abf5bc477": window light drew 1/1 beam(s)
2026-05-25 20:28:16.964 +02:00 [INF] Map "d5c08240-0436-454a-8993-362abf5bc477": window light drew 1/1 beam(s)
2026-05-25 20:28:17.016 +02:00 [INF] Map "d5c08240-0436-454a-8993-362abf5bc477": window light drew 1/1 beam(s)
2026-05-25 20:28:17.066 +02:00 [INF] Map "d5c08240-0436-454a-8993-362abf5bc477": window light drew 1/1 beam(s)
2026-05-25 20:28:17.117 +02:00 [INF] Map "d5c08240-0436-454a-8993-362abf5bc477": window light drew 1/1 beam(s)
2026-05-25 20:28:17.183 +02:00 [INF] Map "d5c08240-0436-454a-8993-362abf5bc477": window light drew 1/1 beam(s)
2026-05-25 20:28:17.234 +02:00 [INF] Map "d5c08240-0436-454a-8993-362abf5bc477": window light drew 1/1 beam(s)
2026-05-25 20:28:17.286 +02:00 [INF] Map "d5c08240-0436-454a-8993-362abf5bc477": window light drew 1/1 beam(s)
2026-05-25 20:28:17.337 +02:00 [INF] Map "d5c08240-0436-454a-8993-362abf5bc477": window light drew 1/1 beam(s)
2026-05-25 20:28:17.388 +02:00 [INF] Map "d5c08240-0436-454a-8993-362abf5bc477": window light drew 1/1 beam(s)
2026-05-25 20:28:17.439 +02:00 [INF] Map "d5c08240-0436-454a-8993-362abf5bc477": window light drew 1/1 beam(s)
2026-05-25 20:28:17.490 +02:00 [INF] Map "d5c08240-0436-454a-8993-362abf5bc477": window light drew 1/1 beam(s)
2026-05-25 20:28:17.541 +02:00 [INF] Map "d5c08240-0436-454a-8993-362abf5bc477": window light drew 1/1 beam(s)
2026-05-25 20:28:17.594 +02:00 [INF] Map "d5c08240-0436-454a-8993-362abf5bc477": window light drew 1/1 beam(s)
2026-05-25 20:28:17.659 +02:00 [INF] Map "d5c08240-0436-454a-8993-362abf5bc477": window light drew 1/1 beam(s)
2026-05-25 20:28:17.711 +02:00 [INF] Map "d5c08240-0436-454a-8993-362abf5bc477": window light drew 1/1 beam(s)
2026-05-25 20:28:17.762 +02:00 [INF] Map "d5c08240-0436-454a-8993-362abf5bc477": window light drew 1/1 beam(s)
2026-05-25 20:28:17.814 +02:00 [INF] Map "d5c08240-0436-454a-8993-362abf5bc477": window light drew 1/1 beam(s)
2026-05-25 20:28:17.866 +02:00 [INF] Map "d5c08240-0436-454a-8993-362abf5bc477": window light drew 1/1 beam(s)
2026-05-25 20:28:17.918 +02:00 [INF] Map "d5c08240-0436-454a-8993-362abf5bc477": window light drew 1/1 beam(s)
2026-05-25 20:28:17.972 +02:00 [INF] Map "d5c08240-0436-454a-8993-362abf5bc477": window light drew 1/1 beam(s)
2026-05-25 20:28:18.025 +02:00 [INF] Map "d5c08240-0436-454a-8993-362abf5bc477": window light drew 1/1 beam(s)
2026-05-25 20:28:18.077 +02:00 [INF] Map "d5c08240-0436-454a-8993-362abf5bc477": window light drew 1/1 beam(s)
2026-05-25 20:28:18.141 +02:00 [INF] Map "d5c08240-0436-454a-8993-362abf5bc477": window light drew 1/1 beam(s)
2026-05-25 20:28:18.193 +02:00 [INF] Map "d5c08240-0436-454a-8993-362abf5bc477": window light drew 1/1 beam(s)
2026-05-25 20:28:18.244 +02:00 [INF] Map "d5c08240-0436-454a-8993-362abf5bc477": window light drew 1/1 beam(s)
2026-05-25 20:28:18.295 +02:00 [INF] Map "d5c08240-0436-454a-8993-362abf5bc477": window light drew 1/1 beam(s)
2026-05-25 20:28:18.347 +02:00 [INF] Map "d5c08240-0436-454a-8993-362abf5bc477": window light drew 1/1 beam(s)
2026-05-25 20:28:18.399 +02:00 [INF] Map "d5c08240-0436-454a-8993-362abf5bc477": window light drew 1/1 beam(s)
2026-05-25 20:28:18.453 +02:00 [INF] Map "d5c08240-0436-454a-8993-362abf5bc477": window light drew 1/1 beam(s)
2026-05-25 20:28:18.504 +02:00 [INF] Map "d5c08240-0436-454a-8993-362abf5bc477": window light drew 1/1 beam(s)
2026-05-25 20:28:18.556 +02:00 [INF] Map "d5c08240-0436-454a-8993-362abf5bc477": window light drew 1/1 beam(s)
2026-05-25 20:28:18.623 +02:00 [INF] Map "d5c08240-0436-454a-8993-362abf5bc477": window light drew 1/1 beam(s)
2026-05-25 20:28:18.675 +02:00 [INF] Map "d5c08240-0436-454a-8993-362abf5bc477": window light drew 1/1 beam(s)
2026-05-25 20:28:18.726 +02:00 [INF] Map "d5c08240-0436-454a-8993-362abf5bc477": window light drew 1/1 beam(s)
2026-05-25 20:28:18.778 +02:00 [INF] Map "d5c08240-0436-454a-8993-362abf5bc477": window light drew 1/1 beam(s)
2026-05-25 20:28:18.829 +02:00 [INF] Map "d5c08240-0436-454a-8993-362abf5bc477": window light drew 1/1 beam(s)
2026-05-25 20:28:18.881 +02:00 [INF] Map "d5c08240-0436-454a-8993-362abf5bc477": window light drew 1/1 beam(s)
2026-05-25 20:28:18.932 +02:00 [INF] Map "d5c08240-0436-454a-8993-362abf5bc477": window light drew 1/1 beam(s)
2026-05-25 20:28:18.983 +02:00 [INF] Map "d5c08240-0436-454a-8993-362abf5bc477": window light drew 1/1 beam(s)
2026-05-25 20:28:19.036 +02:00 [INF] Map "d5c08240-0436-454a-8993-362abf5bc477": window light drew 1/1 beam(s)
2026-05-25 20:28:19.103 +02:00 [INF] Map "d5c08240-0436-454a-8993-362abf5bc477": window light drew 1/1 beam(s)
2026-05-25 20:28:19.155 +02:00 [INF] Map "d5c08240-0436-454a-8993-362abf5bc477": window light drew 1/1 beam(s)
2026-05-25 20:28:19.207 +02:00 [INF] Map "d5c08240-0436-454a-8993-362abf5bc477": window light drew 1/1 beam(s)
2026-05-25 20:28:19.258 +02:00 [INF] Map "d5c08240-0436-454a-8993-362abf5bc477": window light drew 1/1 beam(s)
2026-05-25 20:28:19.309 +02:00 [INF] Map "d5c08240-0436-454a-8993-362abf5bc477": window light drew 1/1 beam(s)
2026-05-25 20:28:19.361 +02:00 [INF] Map "d5c08240-0436-454a-8993-362abf5bc477": window light drew 1/1 beam(s)
2026-05-25 20:28:19.413 +02:00 [INF] Map "d5c08240-0436-454a-8993-362abf5bc477": window light drew 1/1 beam(s)
2026-05-25 20:28:19.465 +02:00 [INF] Map "d5c08240-0436-454a-8993-362abf5bc477": window light drew 1/1 beam(s)
2026-05-25 20:28:19.518 +02:00 [INF] Map "d5c08240-0436-454a-8993-362abf5bc477": window light drew 1/1 beam(s)
2026-05-25 20:28:19.584 +02:00 [INF] Map "d5c08240-0436-454a-8993-362abf5bc477": window light drew 1/1 beam(s)
2026-05-25 20:28:19.637 +02:00 [INF] Map "d5c08240-0436-454a-8993-362abf5bc477": window light drew 1/1 beam(s)
2026-05-25 20:28:19.690 +02:00 [INF] Map "d5c08240-0436-454a-8993-362abf5bc477": window light drew 1/1 beam(s)
2026-05-25 20:28:19.743 +02:00 [INF] Map "d5c08240-0436-454a-8993-362abf5bc477": window light drew 1/1 beam(s)
2026-05-25 20:28:19.795 +02:00 [INF] Map "d5c08240-0436-454a-8993-362abf5bc477": window light drew 1/1 beam(s)
2026-05-25 20:28:19.853 +02:00 [INF] Map "d5c08240-0436-454a-8993-362abf5bc477": window light drew 1/1 beam(s)
2026-05-25 20:28:19.907 +02:00 [INF] Map "d5c08240-0436-454a-8993-362abf5bc477": window light drew 1/1 beam(s)
2026-05-25 20:28:19.959 +02:00 [INF] Map "d5c08240-0436-454a-8993-362abf5bc477": window light drew 1/1 beam(s)
2026-05-25 20:28:20.010 +02:00 [INF] Map "d5c08240-0436-454a-8993-362abf5bc477": window light drew 1/1 beam(s)
2026-05-25 20:28:20.075 +02:00 [INF] Map "d5c08240-0436-454a-8993-362abf5bc477": window light drew 1/1 beam(s)
2026-05-25 20:28:20.126 +02:00 [INF] Map "d5c08240-0436-454a-8993-362abf5bc477": window light drew 1/1 beam(s)
2026-05-25 20:28:20.177 +02:00 [INF] Map "d5c08240-0436-454a-8993-362abf5bc477": window light drew 1/1 beam(s)
2026-05-25 20:28:20.229 +02:00 [INF] Map "d5c08240-0436-454a-8993-362abf5bc477": window light drew 1/1 beam(s)
2026-05-25 20:28:20.280 +02:00 [INF] Map "d5c08240-0436-454a-8993-362abf5bc477": window light drew 1/1 beam(s)
2026-05-25 20:28:20.333 +02:00 [INF] Map "d5c08240-0436-454a-8993-362abf5bc477": window light drew 1/1 beam(s)
2026-05-25 20:28:20.384 +02:00 [INF] Map "d5c08240-0436-454a-8993-362abf5bc477": window light drew 1/1 beam(s)
2026-05-25 20:28:20.436 +02:00 [INF] Map "d5c08240-0436-454a-8993-362abf5bc477": window light drew 1/1 beam(s)
2026-05-25 20:28:20.488 +02:00 [INF] Map "d5c08240-0436-454a-8993-362abf5bc477": window light drew 1/1 beam(s)
2026-05-25 20:28:20.554 +02:00 [INF] Map "d5c08240-0436-454a-8993-362abf5bc477": window light drew 1/1 beam(s)
2026-05-25 20:28:20.605 +02:00 [INF] Map "d5c08240-0436-454a-8993-362abf5bc477": window light drew 1/1 beam(s)
2026-05-25 20:28:20.659 +02:00 [INF] Map "d5c08240-0436-454a-8993-362abf5bc477": window light drew 1/1 beam(s)
2026-05-25 20:28:20.712 +02:00 [INF] Map "d5c08240-0436-454a-8993-362abf5bc477": window light drew 1/1 beam(s)
2026-05-25 20:28:20.764 +02:00 [INF] Map "d5c08240-0436-454a-8993-362abf5bc477": window light drew 1/1 beam(s)
2026-05-25 20:28:20.816 +02:00 [INF] Map "d5c08240-0436-454a-8993-362abf5bc477": window light drew 1/1 beam(s)
2026-05-25 20:28:20.869 +02:00 [INF] Map "d5c08240-0436-454a-8993-362abf5bc477": window light drew 1/1 beam(s)
2026-05-25 20:28:20.921 +02:00 [INF] Map "d5c08240-0436-454a-8993-362abf5bc477": window light drew 1/1 beam(s)
2026-05-25 20:28:20.974 +02:00 [INF] Map "d5c08240-0436-454a-8993-362abf5bc477": window light drew 1/1 beam(s)
2026-05-25 20:28:21.040 +02:00 [INF] Map "d5c08240-0436-454a-8993-362abf5bc477": window light drew 1/1 beam(s)
2026-05-25 20:28:21.092 +02:00 [INF] Map "d5c08240-0436-454a-8993-362abf5bc477": window light drew 1/1 beam(s)
2026-05-25 20:28:21.145 +02:00 [INF] Map "d5c08240-0436-454a-8993-362abf5bc477": window light drew 1/1 beam(s)
2026-05-25 20:28:21.196 +02:00 [INF] Map "d5c08240-0436-454a-8993-362abf5bc477": window light drew 1/1 beam(s)
2026-05-25 20:28:21.247 +02:00 [INF] Map "d5c08240-0436-454a-8993-362abf5bc477": window light drew 1/1 beam(s)
2026-05-25 20:28:21.300 +02:00 [INF] Map "d5c08240-0436-454a-8993-362abf5bc477": window light drew 1/1 beam(s)
2026-05-25 20:28:21.353 +02:00 [INF] Map "d5c08240-0436-454a-8993-362abf5bc477": window light drew 1/1 beam(s)
2026-05-25 20:28:21.406 +02:00 [INF] Map "d5c08240-0436-454a-8993-362abf5bc477": window light drew 1/1 beam(s)
2026-05-25 20:28:21.461 +02:00 [INF] Map "d5c08240-0436-454a-8993-362abf5bc477": window light drew 1/1 beam(s)
2026-05-25 20:28:21.533 +02:00 [INF] Map "d5c08240-0436-454a-8993-362abf5bc477": window light drew 1/1 beam(s)
2026-05-25 20:28:21.591 +02:00 [INF] Map "d5c08240-0436-454a-8993-362abf5bc477": window light drew 1/1 beam(s)
2026-05-25 20:28:21.647 +02:00 [INF] Map "d5c08240-0436-454a-8993-362abf5bc477": window light drew 1/1 beam(s)
2026-05-25 20:28:21.699 +02:00 [INF] Map "d5c08240-0436-454a-8993-362abf5bc477": window light drew 1/1 beam(s)
2026-05-25 20:28:21.752 +02:00 [INF] Map "d5c08240-0436-454a-8993-362abf5bc477": window light drew 1/1 beam(s)
2026-05-25 20:28:21.803 +02:00 [INF] Map "d5c08240-0436-454a-8993-362abf5bc477": window light drew 1/1 beam(s)
2026-05-25 20:28:21.856 +02:00 [INF] Map "d5c08240-0436-454a-8993-362abf5bc477": window light drew 1/1 beam(s)
2026-05-25 20:28:21.909 +02:00 [INF] Map "d5c08240-0436-454a-8993-362abf5bc477": window light drew 1/1 beam(s)
2026-05-25 20:28:21.961 +02:00 [INF] Map "d5c08240-0436-454a-8993-362abf5bc477": window light drew 1/1 beam(s)
2026-05-25 20:28:22.026 +02:00 [INF] Map "d5c08240-0436-454a-8993-362abf5bc477": window light drew 1/1 beam(s)
2026-05-25 20:28:22.079 +02:00 [INF] Map "d5c08240-0436-454a-8993-362abf5bc477": window light drew 1/1 beam(s)
2026-05-25 20:28:22.131 +02:00 [INF] Map "d5c08240-0436-454a-8993-362abf5bc477": window light drew 1/1 beam(s)
2026-05-25 20:28:22.183 +02:00 [INF] Map "d5c08240-0436-454a-8993-362abf5bc477": window light drew 1/1 beam(s)
2026-05-25 20:28:22.235 +02:00 [INF] Map "d5c08240-0436-454a-8993-362abf5bc477": window light drew 1/1 beam(s)
2026-05-25 20:28:22.287 +02:00 [INF] Map "d5c08240-0436-454a-8993-362abf5bc477": window light drew 1/1 beam(s)
2026-05-25 20:28:22.339 +02:00 [INF] Map "d5c08240-0436-454a-8993-362abf5bc477": window light drew 1/1 beam(s)
2026-05-25 20:28:22.391 +02:00 [INF] Map "d5c08240-0436-454a-8993-362abf5bc477": window light drew 1/1 beam(s)
2026-05-25 20:28:22.443 +02:00 [INF] Map "d5c08240-0436-454a-8993-362abf5bc477": window light drew 1/1 beam(s)
2026-05-25 20:28:22.508 +02:00 [INF] Map "d5c08240-0436-454a-8993-362abf5bc477": window light drew 1/1 beam(s)
2026-05-25 20:28:22.559 +02:00 [INF] Map "d5c08240-0436-454a-8993-362abf5bc477": window light drew 1/1 beam(s)
2026-05-25 20:28:22.611 +02:00 [INF] Map "d5c08240-0436-454a-8993-362abf5bc477": window light drew 1/1 beam(s)
2026-05-25 20:28:22.665 +02:00 [INF] Map "d5c08240-0436-454a-8993-362abf5bc477": window light drew 1/1 beam(s)
2026-05-25 20:28:22.722 +02:00 [INF] Map "d5c08240-0436-454a-8993-362abf5bc477": window light drew 1/1 beam(s)
2026-05-25 20:28:22.774 +02:00 [INF] Map "d5c08240-0436-454a-8993-362abf5bc477": window light drew 1/1 beam(s)
2026-05-25 20:28:22.826 +02:00 [INF] Map "d5c08240-0436-454a-8993-362abf5bc477": window light drew 1/1 beam(s)
2026-05-25 20:28:22.878 +02:00 [INF] Map "d5c08240-0436-454a-8993-362abf5bc477": window light drew 1/1 beam(s)
2026-05-25 20:28:22.930 +02:00 [INF] Map "d5c08240-0436-454a-8993-362abf5bc477": window light drew 1/1 beam(s)
2026-05-25 20:28:22.994 +02:00 [INF] Map "d5c08240-0436-454a-8993-362abf5bc477": window light drew 1/1 beam(s)
2026-05-25 20:28:23.045 +02:00 [INF] Map "d5c08240-0436-454a-8993-362abf5bc477": window light drew 1/1 beam(s)
2026-05-25 20:28:23.096 +02:00 [INF] Map "d5c08240-0436-454a-8993-362abf5bc477": window light drew 1/1 beam(s)
2026-05-25 20:28:23.147 +02:00 [INF] Map "d5c08240-0436-454a-8993-362abf5bc477": window light drew 1/1 beam(s)
2026-05-25 20:28:23.199 +02:00 [INF] Map "d5c08240-0436-454a-8993-362abf5bc477": window light drew 1/1 beam(s)
2026-05-25 20:28:23.252 +02:00 [INF] Map "d5c08240-0436-454a-8993-362abf5bc477": window light drew 1/1 beam(s)
2026-05-25 20:28:23.303 +02:00 [INF] Map "d5c08240-0436-454a-8993-362abf5bc477": window light drew 1/1 beam(s)
2026-05-25 20:28:23.358 +02:00 [INF] Map "d5c08240-0436-454a-8993-362abf5bc477": window light drew 1/1 beam(s)
2026-05-25 20:28:23.412 +02:00 [INF] Map "d5c08240-0436-454a-8993-362abf5bc477": window light drew 1/1 beam(s)
2026-05-25 20:28:23.476 +02:00 [INF] Map "d5c08240-0436-454a-8993-362abf5bc477": window light drew 1/1 beam(s)
2026-05-25 20:28:23.528 +02:00 [INF] Map "d5c08240-0436-454a-8993-362abf5bc477": window light drew 1/1 beam(s)
2026-05-25 20:28:23.580 +02:00 [INF] Map "d5c08240-0436-454a-8993-362abf5bc477": window light drew 1/1 beam(s)
2026-05-25 20:28:23.632 +02:00 [INF] Map "d5c08240-0436-454a-8993-362abf5bc477": window light drew 1/1 beam(s)
2026-05-25 20:28:23.685 +02:00 [INF] Map "d5c08240-0436-454a-8993-362abf5bc477": window light drew 1/1 beam(s)
2026-05-25 20:28:23.737 +02:00 [INF] Map "d5c08240-0436-454a-8993-362abf5bc477": window light drew 1/1 beam(s)
2026-05-25 20:28:23.789 +02:00 [INF] Map "d5c08240-0436-454a-8993-362abf5bc477": window light drew 1/1 beam(s)
2026-05-25 20:28:23.841 +02:00 [INF] Map "d5c08240-0436-454a-8993-362abf5bc477": window light drew 1/1 beam(s)
2026-05-25 20:28:23.893 +02:00 [INF] Map "d5c08240-0436-454a-8993-362abf5bc477": window light drew 1/1 beam(s)
2026-05-25 20:28:23.960 +02:00 [INF] Map "d5c08240-0436-454a-8993-362abf5bc477": window light drew 1/1 beam(s)
2026-05-25 20:28:24.012 +02:00 [INF] Map "d5c08240-0436-454a-8993-362abf5bc477": window light drew 1/1 beam(s)
2026-05-25 20:28:24.064 +02:00 [INF] Map "d5c08240-0436-454a-8993-362abf5bc477": window light drew 1/1 beam(s)
2026-05-25 20:28:24.115 +02:00 [INF] Map "d5c08240-0436-454a-8993-362abf5bc477": window light drew 1/1 beam(s)
2026-05-25 20:28:24.167 +02:00 [INF] Map "d5c08240-0436-454a-8993-362abf5bc477": window light drew 1/1 beam(s)
2026-05-25 20:28:24.219 +02:00 [INF] Map "d5c08240-0436-454a-8993-362abf5bc477": window light drew 1/1 beam(s)
2026-05-25 20:28:24.270 +02:00 [INF] Map "d5c08240-0436-454a-8993-362abf5bc477": window light drew 1/1 beam(s)
2026-05-25 20:28:24.321 +02:00 [INF] Map "d5c08240-0436-454a-8993-362abf5bc477": window light drew 1/1 beam(s)
2026-05-25 20:28:24.373 +02:00 [INF] Map "d5c08240-0436-454a-8993-362abf5bc477": window light drew 1/1 beam(s)
2026-05-25 20:28:24.438 +02:00 [INF] Map "d5c08240-0436-454a-8993-362abf5bc477": window light drew 1/1 beam(s)
2026-05-25 20:28:24.489 +02:00 [INF] Map "d5c08240-0436-454a-8993-362abf5bc477": window light drew 1/1 beam(s)
2026-05-25 20:28:24.541 +02:00 [INF] Map "d5c08240-0436-454a-8993-362abf5bc477": window light drew 1/1 beam(s)
2026-05-25 20:28:24.593 +02:00 [INF] Map "d5c08240-0436-454a-8993-362abf5bc477": window light drew 1/1 beam(s)
2026-05-25 20:28:24.645 +02:00 [INF] Map "d5c08240-0436-454a-8993-362abf5bc477": window light drew 1/1 beam(s)
2026-05-25 20:28:24.696 +02:00 [INF] Map "d5c08240-0436-454a-8993-362abf5bc477": window light drew 1/1 beam(s)
2026-05-25 20:28:24.749 +02:00 [INF] Map "d5c08240-0436-454a-8993-362abf5bc477": window light drew 1/1 beam(s)
2026-05-25 20:28:24.801 +02:00 [INF] Map "d5c08240-0436-454a-8993-362abf5bc477": window light drew 1/1 beam(s)
2026-05-25 20:28:24.853 +02:00 [INF] Map "d5c08240-0436-454a-8993-362abf5bc477": window light drew 1/1 beam(s)
2026-05-25 20:28:24.919 +02:00 [INF] Map "d5c08240-0436-454a-8993-362abf5bc477": window light drew 1/1 beam(s)
2026-05-25 20:28:24.971 +02:00 [INF] Map "d5c08240-0436-454a-8993-362abf5bc477": window light drew 1/1 beam(s)
2026-05-25 20:28:25.023 +02:00 [INF] Map "d5c08240-0436-454a-8993-362abf5bc477": window light drew 1/1 beam(s)
2026-05-25 20:28:25.075 +02:00 [INF] Map "d5c08240-0436-454a-8993-362abf5bc477": window light drew 1/1 beam(s)
2026-05-25 20:28:25.134 +02:00 [INF] Map "d5c08240-0436-454a-8993-362abf5bc477": window light drew 1/1 beam(s)
2026-05-25 20:28:25.186 +02:00 [INF] Map "d5c08240-0436-454a-8993-362abf5bc477": window light drew 1/1 beam(s)
2026-05-25 20:28:25.239 +02:00 [INF] Map "d5c08240-0436-454a-8993-362abf5bc477": window light drew 1/1 beam(s)
2026-05-25 20:28:25.291 +02:00 [INF] Map "d5c08240-0436-454a-8993-362abf5bc477": window light drew 1/1 beam(s)
2026-05-25 20:28:25.342 +02:00 [INF] Map "d5c08240-0436-454a-8993-362abf5bc477": window light drew 1/1 beam(s)
2026-05-25 20:28:25.411 +02:00 [INF] Map "d5c08240-0436-454a-8993-362abf5bc477": window light drew 1/1 beam(s)
2026-05-25 20:28:25.468 +02:00 [INF] Map "d5c08240-0436-454a-8993-362abf5bc477": window light drew 1/1 beam(s)
2026-05-25 20:28:25.527 +02:00 [INF] Map "d5c08240-0436-454a-8993-362abf5bc477": window light drew 1/1 beam(s)
2026-05-25 20:28:25.583 +02:00 [INF] Map "d5c08240-0436-454a-8993-362abf5bc477": window light drew 1/1 beam(s)
2026-05-25 20:28:25.642 +02:00 [INF] Map "d5c08240-0436-454a-8993-362abf5bc477": window light drew 1/1 beam(s)
2026-05-25 20:28:25.683 +02:00 [INF] Map "d5c08240-0436-454a-8993-362abf5bc477": window light drew 1/1 beam(s)
2026-05-25 20:28:25.718 +02:00 [INF] Map "d5c08240-0436-454a-8993-362abf5bc477": window light drew 1/1 beam(s)
2026-05-25 20:28:25.750 +02:00 [INF] Map "d5c08240-0436-454a-8993-362abf5bc477": window light drew 1/1 beam(s)
2026-05-25 20:28:25.782 +02:00 [INF] Map "d5c08240-0436-454a-8993-362abf5bc477": window light drew 1/1 beam(s)
2026-05-25 20:28:25.829 +02:00 [INF] Map "d5c08240-0436-454a-8993-362abf5bc477": window light drew 1/1 beam(s)
2026-05-25 20:28:25.863 +02:00 [INF] Map "d5c08240-0436-454a-8993-362abf5bc477": window light drew 1/1 beam(s)
2026-05-25 20:28:25.896 +02:00 [INF] Map "d5c08240-0436-454a-8993-362abf5bc477": window light drew 1/1 beam(s)
2026-05-25 20:28:25.928 +02:00 [INF] Map "d5c08240-0436-454a-8993-362abf5bc477": window light drew 1/1 beam(s)
2026-05-25 20:28:25.959 +02:00 [INF] Map "d5c08240-0436-454a-8993-362abf5bc477": window light drew 1/1 beam(s)
2026-05-25 20:28:25.990 +02:00 [INF] Map "d5c08240-0436-454a-8993-362abf5bc477": window light drew 1/1 beam(s)
2026-05-25 20:28:26.020 +02:00 [INF] Map "d5c08240-0436-454a-8993-362abf5bc477": window light drew 1/1 beam(s)
2026-05-25 20:28:26.051 +02:00 [INF] Map "d5c08240-0436-454a-8993-362abf5bc477": window light drew 1/1 beam(s)
2026-05-25 20:28:26.081 +02:00 [INF] Map "d5c08240-0436-454a-8993-362abf5bc477": window light drew 1/1 beam(s)
2026-05-25 20:28:26.125 +02:00 [INF] Map "d5c08240-0436-454a-8993-362abf5bc477": window light drew 1/1 beam(s)
2026-05-25 20:28:26.155 +02:00 [INF] Map "d5c08240-0436-454a-8993-362abf5bc477": window light drew 1/1 beam(s)
2026-05-25 20:28:26.184 +02:00 [INF] Map "d5c08240-0436-454a-8993-362abf5bc477": window light drew 1/1 beam(s)
2026-05-25 20:28:26.214 +02:00 [INF] Map "d5c08240-0436-454a-8993-362abf5bc477": window light drew 1/1 beam(s)
2026-05-25 20:28:26.244 +02:00 [INF] Map "d5c08240-0436-454a-8993-362abf5bc477": window light drew 1/1 beam(s)
2026-05-25 20:28:26.274 +02:00 [INF] Map "d5c08240-0436-454a-8993-362abf5bc477": window light drew 1/1 beam(s)
2026-05-25 20:28:26.305 +02:00 [INF] Map "d5c08240-0436-454a-8993-362abf5bc477": window light drew 1/1 beam(s)
2026-05-25 20:28:26.335 +02:00 [INF] Map "d5c08240-0436-454a-8993-362abf5bc477": window light drew 1/1 beam(s)
2026-05-25 20:28:26.365 +02:00 [INF] Map "d5c08240-0436-454a-8993-362abf5bc477": window light drew 1/1 beam(s)
2026-05-25 20:28:26.409 +02:00 [INF] Map "d5c08240-0436-454a-8993-362abf5bc477": window light drew 1/1 beam(s)
2026-05-25 20:28:26.440 +02:00 [INF] Map "d5c08240-0436-454a-8993-362abf5bc477": window light drew 1/1 beam(s)
2026-05-25 20:28:26.471 +02:00 [INF] Map "d5c08240-0436-454a-8993-362abf5bc477": window light drew 1/1 beam(s)
2026-05-25 20:28:26.502 +02:00 [INF] Map "d5c08240-0436-454a-8993-362abf5bc477": window light drew 1/1 beam(s)
2026-05-25 20:28:26.532 +02:00 [INF] Map "d5c08240-0436-454a-8993-362abf5bc477": window light drew 1/1 beam(s)
2026-05-25 20:28:26.563 +02:00 [INF] Map "d5c08240-0436-454a-8993-362abf5bc477": window light drew 1/1 beam(s)
2026-05-25 20:28:26.593 +02:00 [INF] Map "d5c08240-0436-454a-8993-362abf5bc477": window light drew 1/1 beam(s)
2026-05-25 20:28:26.624 +02:00 [INF] Map "d5c08240-0436-454a-8993-362abf5bc477": window light drew 1/1 beam(s)
2026-05-25 20:28:26.654 +02:00 [INF] Map "d5c08240-0436-454a-8993-362abf5bc477": window light drew 1/1 beam(s)
2026-05-25 20:28:26.698 +02:00 [INF] Map "d5c08240-0436-454a-8993-362abf5bc477": window light drew 1/1 beam(s)
2026-05-25 20:28:26.734 +02:00 [INF] Map "d5c08240-0436-454a-8993-362abf5bc477": window light drew 1/1 beam(s)
2026-05-25 20:28:26.764 +02:00 [INF] Map "d5c08240-0436-454a-8993-362abf5bc477": window light drew 1/1 beam(s)
2026-05-25 20:28:26.794 +02:00 [INF] Map "d5c08240-0436-454a-8993-362abf5bc477": window light drew 1/1 beam(s)
2026-05-25 20:28:26.824 +02:00 [INF] Map "d5c08240-0436-454a-8993-362abf5bc477": window light drew 1/1 beam(s)
2026-05-25 20:28:26.855 +02:00 [INF] Map "d5c08240-0436-454a-8993-362abf5bc477": window light drew 1/1 beam(s)
2026-05-25 20:28:26.886 +02:00 [INF] Map "d5c08240-0436-454a-8993-362abf5bc477": window light drew 1/1 beam(s)
2026-05-25 20:28:26.922 +02:00 [INF] Map "d5c08240-0436-454a-8993-362abf5bc477": window light drew 1/1 beam(s)
2026-05-25 20:28:26.954 +02:00 [INF] Map "d5c08240-0436-454a-8993-362abf5bc477": window light drew 1/1 beam(s)
2026-05-25 20:28:26.999 +02:00 [INF] Map "d5c08240-0436-454a-8993-362abf5bc477": window light drew 1/1 beam(s)
2026-05-25 20:28:27.032 +02:00 [INF] Map "d5c08240-0436-454a-8993-362abf5bc477": window light drew 1/1 beam(s)
2026-05-25 20:28:27.069 +02:00 [INF] Map "d5c08240-0436-454a-8993-362abf5bc477": window light drew 1/1 beam(s)
2026-05-25 20:28:27.102 +02:00 [INF] Map "d5c08240-0436-454a-8993-362abf5bc477": window light drew 1/1 beam(s)
2026-05-25 20:28:27.133 +02:00 [INF] Map "d5c08240-0436-454a-8993-362abf5bc477": window light drew 1/1 beam(s)
2026-05-25 20:28:27.165 +02:00 [INF] Map "d5c08240-0436-454a-8993-362abf5bc477": window light drew 1/1 beam(s)
2026-05-25 20:28:27.196 +02:00 [INF] Map "d5c08240-0436-454a-8993-362abf5bc477": window light drew 1/1 beam(s)
2026-05-25 20:28:27.227 +02:00 [INF] Map "d5c08240-0436-454a-8993-362abf5bc477": window light drew 1/1 beam(s)
2026-05-25 20:28:27.257 +02:00 [INF] Map "d5c08240-0436-454a-8993-362abf5bc477": window light drew 1/1 beam(s)
2026-05-25 20:28:27.301 +02:00 [INF] Map "d5c08240-0436-454a-8993-362abf5bc477": window light drew 1/1 beam(s)
2026-05-25 20:28:27.333 +02:00 [INF] Map "d5c08240-0436-454a-8993-362abf5bc477": window light drew 1/1 beam(s)
2026-05-25 20:28:27.364 +02:00 [INF] Map "d5c08240-0436-454a-8993-362abf5bc477": window light drew 1/1 beam(s)
2026-05-25 20:28:27.394 +02:00 [INF] Map "d5c08240-0436-454a-8993-362abf5bc477": window light drew 1/1 beam(s)
2026-05-25 20:28:27.424 +02:00 [INF] Map "d5c08240-0436-454a-8993-362abf5bc477": window light drew 1/1 beam(s)
2026-05-25 20:28:27.455 +02:00 [INF] Map "d5c08240-0436-454a-8993-362abf5bc477": window light drew 1/1 beam(s)
2026-05-25 20:28:27.485 +02:00 [INF] Map "d5c08240-0436-454a-8993-362abf5bc477": window light drew 1/1 beam(s)
2026-05-25 20:28:27.516 +02:00 [INF] Map "d5c08240-0436-454a-8993-362abf5bc477": window light drew 1/1 beam(s)
2026-05-25 20:28:27.547 +02:00 [INF] Map "d5c08240-0436-454a-8993-362abf5bc477": window light drew 1/1 beam(s)
2026-05-25 20:28:27.603 +02:00 [INF] Map "d5c08240-0436-454a-8993-362abf5bc477": window light drew 1/1 beam(s)
2026-05-25 20:28:27.635 +02:00 [INF] Map "d5c08240-0436-454a-8993-362abf5bc477": window light drew 1/1 beam(s)
2026-05-25 20:28:27.670 +02:00 [INF] Map "d5c08240-0436-454a-8993-362abf5bc477": window light drew 1/1 beam(s)
2026-05-25 20:28:27.701 +02:00 [INF] Map "d5c08240-0436-454a-8993-362abf5bc477": window light drew 1/1 beam(s)
2026-05-25 20:28:27.731 +02:00 [INF] Map "d5c08240-0436-454a-8993-362abf5bc477": window light drew 1/1 beam(s)
2026-05-25 20:28:27.762 +02:00 [INF] Map "d5c08240-0436-454a-8993-362abf5bc477": window light drew 1/1 beam(s)
2026-05-25 20:28:27.814 +02:00 [INF] Map "d5c08240-0436-454a-8993-362abf5bc477": window light drew 1/1 beam(s)
2026-05-25 20:28:27.868 +02:00 [INF] Map "d5c08240-0436-454a-8993-362abf5bc477": window light drew 1/1 beam(s)
2026-05-25 20:28:27.920 +02:00 [INF] Map "d5c08240-0436-454a-8993-362abf5bc477": window light drew 1/1 beam(s)
2026-05-25 20:28:27.986 +02:00 [INF] Map "d5c08240-0436-454a-8993-362abf5bc477": window light drew 1/1 beam(s)
2026-05-25 20:28:28.037 +02:00 [INF] Map "d5c08240-0436-454a-8993-362abf5bc477": window light drew 1/1 beam(s)
2026-05-25 20:28:28.089 +02:00 [INF] Map "d5c08240-0436-454a-8993-362abf5bc477": window light drew 1/1 beam(s)
2026-05-25 20:28:28.141 +02:00 [INF] Map "d5c08240-0436-454a-8993-362abf5bc477": window light drew 1/1 beam(s)
2026-05-25 20:28:28.192 +02:00 [INF] Map "d5c08240-0436-454a-8993-362abf5bc477": window light drew 1/1 beam(s)
2026-05-25 20:28:28.243 +02:00 [INF] Map "d5c08240-0436-454a-8993-362abf5bc477": window light drew 1/1 beam(s)
2026-05-25 20:28:28.294 +02:00 [INF] Map "d5c08240-0436-454a-8993-362abf5bc477": window light drew 1/1 beam(s)
2026-05-25 20:28:28.346 +02:00 [INF] Map "d5c08240-0436-454a-8993-362abf5bc477": window light drew 1/1 beam(s)
2026-05-25 20:28:28.398 +02:00 [INF] Map "d5c08240-0436-454a-8993-362abf5bc477": window light drew 1/1 beam(s)
2026-05-25 20:28:28.463 +02:00 [INF] Map "d5c08240-0436-454a-8993-362abf5bc477": window light drew 1/1 beam(s)
2026-05-25 20:28:28.514 +02:00 [INF] Map "d5c08240-0436-454a-8993-362abf5bc477": window light drew 1/1 beam(s)
2026-05-25 20:28:28.565 +02:00 [INF] Map "d5c08240-0436-454a-8993-362abf5bc477": window light drew 1/1 beam(s)
2026-05-25 20:28:28.619 +02:00 [INF] Map "d5c08240-0436-454a-8993-362abf5bc477": window light drew 1/1 beam(s)
2026-05-25 20:28:28.672 +02:00 [INF] Map "d5c08240-0436-454a-8993-362abf5bc477": window light drew 1/1 beam(s)
2026-05-25 20:28:28.725 +02:00 [INF] Map "d5c08240-0436-454a-8993-362abf5bc477": window light drew 1/1 beam(s)
2026-05-25 20:28:28.778 +02:00 [INF] Map "d5c08240-0436-454a-8993-362abf5bc477": window light drew 1/1 beam(s)
2026-05-25 20:28:28.829 +02:00 [INF] Map "d5c08240-0436-454a-8993-362abf5bc477": window light drew 1/1 beam(s)
2026-05-25 20:28:28.882 +02:00 [INF] Map "d5c08240-0436-454a-8993-362abf5bc477": window light drew 1/1 beam(s)
2026-05-25 20:28:28.951 +02:00 [INF] Map "d5c08240-0436-454a-8993-362abf5bc477": window light drew 1/1 beam(s)
2026-05-25 20:28:29.006 +02:00 [INF] Map "d5c08240-0436-454a-8993-362abf5bc477": window light drew 1/1 beam(s)
2026-05-25 20:28:29.060 +02:00 [INF] Map "d5c08240-0436-454a-8993-362abf5bc477": window light drew 1/1 beam(s)
2026-05-25 20:28:29.113 +02:00 [INF] Map "d5c08240-0436-454a-8993-362abf5bc477": window light drew 1/1 beam(s)
2026-05-25 20:28:29.165 +02:00 [INF] Map "d5c08240-0436-454a-8993-362abf5bc477": window light drew 1/1 beam(s)
2026-05-25 20:28:29.219 +02:00 [INF] Map "d5c08240-0436-454a-8993-362abf5bc477": window light drew 1/1 beam(s)
2026-05-25 20:28:29.271 +02:00 [INF] Map "d5c08240-0436-454a-8993-362abf5bc477": window light drew 1/1 beam(s)
2026-05-25 20:28:29.322 +02:00 [INF] Map "d5c08240-0436-454a-8993-362abf5bc477": window light drew 1/1 beam(s)
2026-05-25 20:28:29.373 +02:00 [INF] Map "d5c08240-0436-454a-8993-362abf5bc477": window light drew 1/1 beam(s)
2026-05-25 20:28:29.440 +02:00 [INF] Map "d5c08240-0436-454a-8993-362abf5bc477": window light drew 1/1 beam(s)
2026-05-25 20:28:29.491 +02:00 [INF] Map "d5c08240-0436-454a-8993-362abf5bc477": window light drew 1/1 beam(s)
2026-05-25 20:28:29.544 +02:00 [INF] Map "d5c08240-0436-454a-8993-362abf5bc477": window light drew 1/1 beam(s)
2026-05-25 20:28:29.597 +02:00 [INF] Map "d5c08240-0436-454a-8993-362abf5bc477": window light drew 1/1 beam(s)
2026-05-25 20:28:29.649 +02:00 [INF] Map "d5c08240-0436-454a-8993-362abf5bc477": window light drew 1/1 beam(s)
2026-05-25 20:28:29.707 +02:00 [INF] Map "d5c08240-0436-454a-8993-362abf5bc477": window light drew 1/1 beam(s)
2026-05-25 20:28:29.759 +02:00 [INF] Map "d5c08240-0436-454a-8993-362abf5bc477": window light drew 1/1 beam(s)
2026-05-25 20:28:29.814 +02:00 [INF] Map "d5c08240-0436-454a-8993-362abf5bc477": window light drew 1/1 beam(s)
2026-05-25 20:28:29.870 +02:00 [INF] Map "d5c08240-0436-454a-8993-362abf5bc477": window light drew 1/1 beam(s)
2026-05-25 20:28:29.935 +02:00 [INF] Map "d5c08240-0436-454a-8993-362abf5bc477": window light drew 1/1 beam(s)
2026-05-25 20:28:29.988 +02:00 [INF] Map "d5c08240-0436-454a-8993-362abf5bc477": window light drew 1/1 beam(s)
2026-05-25 20:28:30.040 +02:00 [INF] Map "d5c08240-0436-454a-8993-362abf5bc477": window light drew 1/1 beam(s)
2026-05-25 20:28:30.091 +02:00 [INF] Map "d5c08240-0436-454a-8993-362abf5bc477": window light drew 1/1 beam(s)
2026-05-25 20:28:30.142 +02:00 [INF] Map "d5c08240-0436-454a-8993-362abf5bc477": window light drew 1/1 beam(s)
2026-05-25 20:28:30.195 +02:00 [INF] Map "d5c08240-0436-454a-8993-362abf5bc477": window light drew 1/1 beam(s)
2026-05-25 20:28:30.246 +02:00 [INF] Map "d5c08240-0436-454a-8993-362abf5bc477": window light drew 1/1 beam(s)
2026-05-25 20:28:30.301 +02:00 [INF] Map "d5c08240-0436-454a-8993-362abf5bc477": window light drew 1/1 beam(s)
2026-05-25 20:28:30.355 +02:00 [INF] Map "d5c08240-0436-454a-8993-362abf5bc477": window light drew 1/1 beam(s)
2026-05-25 20:28:30.424 +02:00 [INF] Map "d5c08240-0436-454a-8993-362abf5bc477": window light drew 1/1 beam(s)
2026-05-25 20:28:30.477 +02:00 [INF] Map "d5c08240-0436-454a-8993-362abf5bc477": window light drew 1/1 beam(s)
2026-05-25 20:28:30.531 +02:00 [INF] Map "d5c08240-0436-454a-8993-362abf5bc477": window light drew 1/1 beam(s)
2026-05-25 20:28:30.585 +02:00 [INF] Map "d5c08240-0436-454a-8993-362abf5bc477": window light drew 1/1 beam(s)
2026-05-25 20:28:30.637 +02:00 [INF] Map "d5c08240-0436-454a-8993-362abf5bc477": window light drew 1/1 beam(s)
2026-05-25 20:28:30.693 +02:00 [INF] Map "d5c08240-0436-454a-8993-362abf5bc477": window light drew 1/1 beam(s)
2026-05-25 20:28:30.752 +02:00 [INF] Map "d5c08240-0436-454a-8993-362abf5bc477": window light drew 1/1 beam(s)
2026-05-25 20:28:30.813 +02:00 [INF] Map "d5c08240-0436-454a-8993-362abf5bc477": window light drew 1/1 beam(s)
2026-05-25 20:28:30.873 +02:00 [INF] Map "d5c08240-0436-454a-8993-362abf5bc477": window light drew 1/1 beam(s)
2026-05-25 20:28:30.945 +02:00 [INF] Map "d5c08240-0436-454a-8993-362abf5bc477": window light drew 1/1 beam(s)
2026-05-25 20:28:30.998 +02:00 [INF] Map "d5c08240-0436-454a-8993-362abf5bc477": window light drew 1/1 beam(s)
2026-05-25 20:28:31.053 +02:00 [INF] Map "d5c08240-0436-454a-8993-362abf5bc477": window light drew 1/1 beam(s)
2026-05-25 20:28:31.110 +02:00 [INF] Map "d5c08240-0436-454a-8993-362abf5bc477": window light drew 1/1 beam(s)
2026-05-25 20:28:31.164 +02:00 [INF] Map "d5c08240-0436-454a-8993-362abf5bc477": window light drew 1/1 beam(s)
2026-05-25 20:28:31.218 +02:00 [INF] Map "d5c08240-0436-454a-8993-362abf5bc477": window light drew 1/1 beam(s)
2026-05-25 20:28:31.269 +02:00 [INF] Map "d5c08240-0436-454a-8993-362abf5bc477": window light drew 1/1 beam(s)
2026-05-25 20:28:31.324 +02:00 [INF] Map "d5c08240-0436-454a-8993-362abf5bc477": window light drew 1/1 beam(s)
2026-05-25 20:28:31.377 +02:00 [INF] Map "d5c08240-0436-454a-8993-362abf5bc477": window light drew 1/1 beam(s)
2026-05-25 20:28:31.444 +02:00 [INF] Map "d5c08240-0436-454a-8993-362abf5bc477": window light drew 1/1 beam(s)
2026-05-25 20:28:31.497 +02:00 [INF] Map "d5c08240-0436-454a-8993-362abf5bc477": window light drew 1/1 beam(s)
2026-05-25 20:28:31.550 +02:00 [INF] Map "d5c08240-0436-454a-8993-362abf5bc477": window light drew 1/1 beam(s)
2026-05-25 20:28:31.604 +02:00 [INF] Map "d5c08240-0436-454a-8993-362abf5bc477": window light drew 1/1 beam(s)
2026-05-25 20:28:31.660 +02:00 [INF] Map "d5c08240-0436-454a-8993-362abf5bc477": window light drew 1/1 beam(s)
2026-05-25 20:28:31.715 +02:00 [INF] Map "d5c08240-0436-454a-8993-362abf5bc477": window light drew 1/1 beam(s)
2026-05-25 20:28:31.770 +02:00 [INF] Map "d5c08240-0436-454a-8993-362abf5bc477": window light drew 1/1 beam(s)
2026-05-25 20:28:31.822 +02:00 [INF] Map "d5c08240-0436-454a-8993-362abf5bc477": window light drew 1/1 beam(s)
2026-05-25 20:28:31.874 +02:00 [INF] Map "d5c08240-0436-454a-8993-362abf5bc477": window light drew 1/1 beam(s)
2026-05-25 20:28:31.940 +02:00 [INF] Map "d5c08240-0436-454a-8993-362abf5bc477": window light drew 1/1 beam(s)
2026-05-25 20:28:31.992 +02:00 [INF] Map "d5c08240-0436-454a-8993-362abf5bc477": window light drew 1/1 beam(s)
2026-05-25 20:28:32.044 +02:00 [INF] Map "d5c08240-0436-454a-8993-362abf5bc477": window light drew 1/1 beam(s)
2026-05-25 20:28:32.097 +02:00 [INF] Map "d5c08240-0436-454a-8993-362abf5bc477": window light drew 1/1 beam(s)
2026-05-25 20:28:32.151 +02:00 [INF] Map "d5c08240-0436-454a-8993-362abf5bc477": window light drew 1/1 beam(s)
2026-05-25 20:28:32.203 +02:00 [INF] Map "d5c08240-0436-454a-8993-362abf5bc477": window light drew 1/1 beam(s)
2026-05-25 20:28:32.255 +02:00 [INF] Map "d5c08240-0436-454a-8993-362abf5bc477": window light drew 1/1 beam(s)
2026-05-25 20:28:32.307 +02:00 [INF] Map "d5c08240-0436-454a-8993-362abf5bc477": window light drew 1/1 beam(s)
2026-05-25 20:28:32.359 +02:00 [INF] Map "d5c08240-0436-454a-8993-362abf5bc477": window light drew 1/1 beam(s)
2026-05-25 20:28:32.426 +02:00 [INF] Map "d5c08240-0436-454a-8993-362abf5bc477": window light drew 1/1 beam(s)
2026-05-25 20:28:32.478 +02:00 [INF] Map "d5c08240-0436-454a-8993-362abf5bc477": window light drew 1/1 beam(s)
2026-05-25 20:28:32.530 +02:00 [INF] Map "d5c08240-0436-454a-8993-362abf5bc477": window light drew 1/1 beam(s)
2026-05-25 20:28:32.583 +02:00 [INF] Map "d5c08240-0436-454a-8993-362abf5bc477": window light drew 1/1 beam(s)
2026-05-25 20:28:32.635 +02:00 [INF] Map "d5c08240-0436-454a-8993-362abf5bc477": window light drew 1/1 beam(s)
2026-05-25 20:28:32.688 +02:00 [INF] Map "d5c08240-0436-454a-8993-362abf5bc477": window light drew 1/1 beam(s)
2026-05-25 20:28:32.740 +02:00 [INF] Map "d5c08240-0436-454a-8993-362abf5bc477": window light drew 1/1 beam(s)
2026-05-25 20:28:32.792 +02:00 [INF] Map "d5c08240-0436-454a-8993-362abf5bc477": window light drew 1/1 beam(s)
2026-05-25 20:28:32.843 +02:00 [INF] Map "d5c08240-0436-454a-8993-362abf5bc477": window light drew 1/1 beam(s)
2026-05-25 20:28:32.908 +02:00 [INF] Map "d5c08240-0436-454a-8993-362abf5bc477": window light drew 1/1 beam(s)
2026-05-25 20:28:32.960 +02:00 [INF] Map "d5c08240-0436-454a-8993-362abf5bc477": window light drew 1/1 beam(s)
2026-05-25 20:28:33.012 +02:00 [INF] Map "d5c08240-0436-454a-8993-362abf5bc477": window light drew 1/1 beam(s)
2026-05-25 20:28:33.065 +02:00 [INF] Map "d5c08240-0436-454a-8993-362abf5bc477": window light drew 1/1 beam(s)
2026-05-25 20:28:33.118 +02:00 [INF] Map "d5c08240-0436-454a-8993-362abf5bc477": window light drew 1/1 beam(s)
2026-05-25 20:28:33.170 +02:00 [INF] Map "d5c08240-0436-454a-8993-362abf5bc477": window light drew 1/1 beam(s)
2026-05-25 20:28:33.222 +02:00 [INF] Map "d5c08240-0436-454a-8993-362abf5bc477": window light drew 1/1 beam(s)
2026-05-25 20:28:33.275 +02:00 [INF] Map "d5c08240-0436-454a-8993-362abf5bc477": window light drew 1/1 beam(s)
2026-05-25 20:28:33.326 +02:00 [INF] Map "d5c08240-0436-454a-8993-362abf5bc477": window light drew 1/1 beam(s)
2026-05-25 20:28:33.396 +02:00 [INF] Map "d5c08240-0436-454a-8993-362abf5bc477": window light drew 1/1 beam(s)
2026-05-25 20:28:33.451 +02:00 [INF] Map "d5c08240-0436-454a-8993-362abf5bc477": window light drew 1/1 beam(s)
2026-05-25 20:28:33.512 +02:00 [INF] Map "d5c08240-0436-454a-8993-362abf5bc477": window light drew 1/1 beam(s)
2026-05-25 20:28:33.567 +02:00 [INF] Map "d5c08240-0436-454a-8993-362abf5bc477": window light drew 1/1 beam(s)
2026-05-25 20:28:33.619 +02:00 [INF] Map "d5c08240-0436-454a-8993-362abf5bc477": window light drew 1/1 beam(s)
2026-05-25 20:28:33.672 +02:00 [INF] Map "d5c08240-0436-454a-8993-362abf5bc477": window light drew 1/1 beam(s)
2026-05-25 20:28:33.724 +02:00 [INF] Map "d5c08240-0436-454a-8993-362abf5bc477": window light drew 1/1 beam(s)
2026-05-25 20:28:33.775 +02:00 [INF] Map "d5c08240-0436-454a-8993-362abf5bc477": window light drew 1/1 beam(s)
2026-05-25 20:28:33.826 +02:00 [INF] Map "d5c08240-0436-454a-8993-362abf5bc477": window light drew 1/1 beam(s)
2026-05-25 20:28:33.891 +02:00 [INF] Map "d5c08240-0436-454a-8993-362abf5bc477": window light drew 1/1 beam(s)
2026-05-25 20:28:33.943 +02:00 [INF] Map "d5c08240-0436-454a-8993-362abf5bc477": window light drew 1/1 beam(s)
2026-05-25 20:28:33.995 +02:00 [INF] Map "d5c08240-0436-454a-8993-362abf5bc477": window light drew 1/1 beam(s)
2026-05-25 20:28:34.047 +02:00 [INF] Map "d5c08240-0436-454a-8993-362abf5bc477": window light drew 1/1 beam(s)
2026-05-25 20:28:34.099 +02:00 [INF] Map "d5c08240-0436-454a-8993-362abf5bc477": window light drew 1/1 beam(s)
2026-05-25 20:28:34.151 +02:00 [INF] Map "d5c08240-0436-454a-8993-362abf5bc477": window light drew 1/1 beam(s)
2026-05-25 20:28:34.205 +02:00 [INF] Map "d5c08240-0436-454a-8993-362abf5bc477": window light drew 1/1 beam(s)
2026-05-25 20:28:34.256 +02:00 [INF] Map "d5c08240-0436-454a-8993-362abf5bc477": window light drew 1/1 beam(s)
2026-05-25 20:28:34.308 +02:00 [INF] Map "d5c08240-0436-454a-8993-362abf5bc477": window light drew 1/1 beam(s)
2026-05-25 20:28:34.373 +02:00 [INF] Map "d5c08240-0436-454a-8993-362abf5bc477": window light drew 1/1 beam(s)
2026-05-25 20:28:34.425 +02:00 [INF] Map "d5c08240-0436-454a-8993-362abf5bc477": window light drew 1/1 beam(s)
2026-05-25 20:28:34.478 +02:00 [INF] Map "d5c08240-0436-454a-8993-362abf5bc477": window light drew 1/1 beam(s)
2026-05-25 20:28:34.529 +02:00 [INF] Map "d5c08240-0436-454a-8993-362abf5bc477": window light drew 1/1 beam(s)
2026-05-25 20:28:34.583 +02:00 [INF] Map "d5c08240-0436-454a-8993-362abf5bc477": window light drew 1/1 beam(s)
2026-05-25 20:28:34.634 +02:00 [INF] Map "d5c08240-0436-454a-8993-362abf5bc477": window light drew 1/1 beam(s)
2026-05-25 20:28:34.687 +02:00 [INF] Map "d5c08240-0436-454a-8993-362abf5bc477": window light drew 1/1 beam(s)
2026-05-25 20:28:34.739 +02:00 [INF] Map "d5c08240-0436-454a-8993-362abf5bc477": window light drew 1/1 beam(s)
2026-05-25 20:28:34.794 +02:00 [INF] Map "d5c08240-0436-454a-8993-362abf5bc477": window light drew 1/1 beam(s)
2026-05-25 20:28:34.859 +02:00 [INF] Map "d5c08240-0436-454a-8993-362abf5bc477": window light drew 1/1 beam(s)
2026-05-25 20:28:34.910 +02:00 [INF] Map "d5c08240-0436-454a-8993-362abf5bc477": window light drew 1/1 beam(s)
2026-05-25 20:28:34.961 +02:00 [INF] Map "d5c08240-0436-454a-8993-362abf5bc477": window light drew 1/1 beam(s)
2026-05-25 20:28:35.013 +02:00 [INF] Map "d5c08240-0436-454a-8993-362abf5bc477": window light drew 1/1 beam(s)
2026-05-25 20:28:35.065 +02:00 [INF] Map "d5c08240-0436-454a-8993-362abf5bc477": window light drew 1/1 beam(s)
2026-05-25 20:28:35.116 +02:00 [INF] Map "d5c08240-0436-454a-8993-362abf5bc477": window light drew 1/1 beam(s)
2026-05-25 20:28:35.169 +02:00 [INF] Map "d5c08240-0436-454a-8993-362abf5bc477": window light drew 1/1 beam(s)
2026-05-25 20:28:35.221 +02:00 [INF] Map "d5c08240-0436-454a-8993-362abf5bc477": window light drew 1/1 beam(s)
2026-05-25 20:28:35.274 +02:00 [INF] Map "d5c08240-0436-454a-8993-362abf5bc477": window light drew 1/1 beam(s)
2026-05-25 20:28:35.338 +02:00 [INF] Map "d5c08240-0436-454a-8993-362abf5bc477": window light drew 1/1 beam(s)
2026-05-25 20:28:35.391 +02:00 [INF] Map "d5c08240-0436-454a-8993-362abf5bc477": window light drew 1/1 beam(s)
2026-05-25 20:28:35.442 +02:00 [INF] Map "d5c08240-0436-454a-8993-362abf5bc477": window light drew 1/1 beam(s)
2026-05-25 20:28:35.494 +02:00 [INF] Map "d5c08240-0436-454a-8993-362abf5bc477": window light drew 1/1 beam(s)
2026-05-25 20:28:35.546 +02:00 [INF] Map "d5c08240-0436-454a-8993-362abf5bc477": window light drew 1/1 beam(s)
2026-05-25 20:28:35.600 +02:00 [INF] Map "d5c08240-0436-454a-8993-362abf5bc477": window light drew 1/1 beam(s)
2026-05-25 20:28:35.654 +02:00 [INF] Map "d5c08240-0436-454a-8993-362abf5bc477": window light drew 1/1 beam(s)
2026-05-25 20:28:35.708 +02:00 [INF] Map "d5c08240-0436-454a-8993-362abf5bc477": window light drew 1/1 beam(s)
2026-05-25 20:28:35.761 +02:00 [INF] Map "d5c08240-0436-454a-8993-362abf5bc477": window light drew 1/1 beam(s)
2026-05-25 20:28:35.827 +02:00 [INF] Map "d5c08240-0436-454a-8993-362abf5bc477": window light drew 1/1 beam(s)
2026-05-25 20:28:35.880 +02:00 [INF] Map "d5c08240-0436-454a-8993-362abf5bc477": window light drew 1/1 beam(s)
2026-05-25 20:28:35.933 +02:00 [INF] Map "d5c08240-0436-454a-8993-362abf5bc477": window light drew 1/1 beam(s)
2026-05-25 20:28:35.986 +02:00 [INF] Map "d5c08240-0436-454a-8993-362abf5bc477": window light drew 1/1 beam(s)
2026-05-25 20:28:36.038 +02:00 [INF] Map "d5c08240-0436-454a-8993-362abf5bc477": window light drew 1/1 beam(s)
2026-05-25 20:28:36.092 +02:00 [INF] Map "d5c08240-0436-454a-8993-362abf5bc477": window light drew 1/1 beam(s)
2026-05-25 20:28:36.144 +02:00 [INF] Map "d5c08240-0436-454a-8993-362abf5bc477": window light drew 1/1 beam(s)
2026-05-25 20:28:36.196 +02:00 [INF] Map "d5c08240-0436-454a-8993-362abf5bc477": window light drew 1/1 beam(s)
2026-05-25 20:28:36.250 +02:00 [INF] Map "d5c08240-0436-454a-8993-362abf5bc477": window light drew 1/1 beam(s)
2026-05-25 20:28:36.315 +02:00 [INF] Map "d5c08240-0436-454a-8993-362abf5bc477": window light drew 1/1 beam(s)
2026-05-25 20:28:36.367 +02:00 [INF] Map "d5c08240-0436-454a-8993-362abf5bc477": window light drew 1/1 beam(s)
2026-05-25 20:28:36.420 +02:00 [INF] Map "d5c08240-0436-454a-8993-362abf5bc477": window light drew 1/1 beam(s)
2026-05-25 20:28:36.472 +02:00 [INF] Map "d5c08240-0436-454a-8993-362abf5bc477": window light drew 1/1 beam(s)
2026-05-25 20:28:36.524 +02:00 [INF] Map "d5c08240-0436-454a-8993-362abf5bc477": window light drew 1/1 beam(s)
2026-05-25 20:28:36.577 +02:00 [INF] Map "d5c08240-0436-454a-8993-362abf5bc477": window light drew 1/1 beam(s)
2026-05-25 20:28:36.632 +02:00 [INF] Map "d5c08240-0436-454a-8993-362abf5bc477": window light drew 1/1 beam(s)
2026-05-25 20:28:36.685 +02:00 [INF] Map "d5c08240-0436-454a-8993-362abf5bc477": window light drew 1/1 beam(s)
2026-05-25 20:28:36.736 +02:00 [INF] Map "d5c08240-0436-454a-8993-362abf5bc477": window light drew 1/1 beam(s)
2026-05-25 20:28:36.803 +02:00 [INF] Map "d5c08240-0436-454a-8993-362abf5bc477": window light drew 1/1 beam(s)
2026-05-25 20:28:36.855 +02:00 [INF] Map "d5c08240-0436-454a-8993-362abf5bc477": window light drew 1/1 beam(s)
2026-05-25 20:28:36.906 +02:00 [INF] Map "d5c08240-0436-454a-8993-362abf5bc477": window light drew 1/1 beam(s)
2026-05-25 20:28:36.958 +02:00 [INF] Map "d5c08240-0436-454a-8993-362abf5bc477": window light drew 1/1 beam(s)
2026-05-25 20:28:37.010 +02:00 [INF] Map "d5c08240-0436-454a-8993-362abf5bc477": window light drew 1/1 beam(s)
2026-05-25 20:28:37.062 +02:00 [INF] Map "d5c08240-0436-454a-8993-362abf5bc477": window light drew 1/1 beam(s)
2026-05-25 20:28:37.116 +02:00 [INF] Map "d5c08240-0436-454a-8993-362abf5bc477": window light drew 1/1 beam(s)
2026-05-25 20:28:37.169 +02:00 [INF] Map "d5c08240-0436-454a-8993-362abf5bc477": window light drew 1/1 beam(s)
2026-05-25 20:28:37.221 +02:00 [INF] Map "d5c08240-0436-454a-8993-362abf5bc477": window light drew 1/1 beam(s)
2026-05-25 20:28:37.286 +02:00 [INF] Map "d5c08240-0436-454a-8993-362abf5bc477": window light drew 1/1 beam(s)
2026-05-25 20:28:37.338 +02:00 [INF] Map "d5c08240-0436-454a-8993-362abf5bc477": window light drew 1/1 beam(s)
2026-05-25 20:28:37.392 +02:00 [INF] Map "d5c08240-0436-454a-8993-362abf5bc477": window light drew 1/1 beam(s)
2026-05-25 20:28:37.453 +02:00 [INF] Map "d5c08240-0436-454a-8993-362abf5bc477": window light drew 1/1 beam(s)
2026-05-25 20:28:37.504 +02:00 [INF] Map "d5c08240-0436-454a-8993-362abf5bc477": window light drew 1/1 beam(s)
2026-05-25 20:28:37.556 +02:00 [INF] Map "d5c08240-0436-454a-8993-362abf5bc477": window light drew 1/1 beam(s)
2026-05-25 20:28:37.609 +02:00 [INF] Map "d5c08240-0436-454a-8993-362abf5bc477": window light drew 1/1 beam(s)
2026-05-25 20:28:37.661 +02:00 [INF] Map "d5c08240-0436-454a-8993-362abf5bc477": window light drew 1/1 beam(s)
2026-05-25 20:28:37.720 +02:00 [INF] Map "d5c08240-0436-454a-8993-362abf5bc477": window light drew 1/1 beam(s)
2026-05-25 20:28:37.785 +02:00 [INF] Map "d5c08240-0436-454a-8993-362abf5bc477": window light drew 1/1 beam(s)
2026-05-25 20:28:37.837 +02:00 [INF] Map "d5c08240-0436-454a-8993-362abf5bc477": window light drew 1/1 beam(s)
2026-05-25 20:28:37.889 +02:00 [INF] Map "d5c08240-0436-454a-8993-362abf5bc477": window light drew 1/1 beam(s)
2026-05-25 20:28:37.941 +02:00 [INF] Map "d5c08240-0436-454a-8993-362abf5bc477": window light drew 1/1 beam(s)
2026-05-25 20:28:37.992 +02:00 [INF] Map "d5c08240-0436-454a-8993-362abf5bc477": window light drew 1/1 beam(s)
2026-05-25 20:28:38.044 +02:00 [INF] Map "d5c08240-0436-454a-8993-362abf5bc477": window light drew 1/1 beam(s)
2026-05-25 20:28:38.095 +02:00 [INF] Map "d5c08240-0436-454a-8993-362abf5bc477": window light drew 1/1 beam(s)
2026-05-25 20:28:38.147 +02:00 [INF] Map "d5c08240-0436-454a-8993-362abf5bc477": window light drew 1/1 beam(s)
2026-05-25 20:28:38.199 +02:00 [INF] Map "d5c08240-0436-454a-8993-362abf5bc477": window light drew 1/1 beam(s)
2026-05-25 20:28:38.263 +02:00 [INF] Map "d5c08240-0436-454a-8993-362abf5bc477": window light drew 1/1 beam(s)
2026-05-25 20:28:38.315 +02:00 [INF] Map "d5c08240-0436-454a-8993-362abf5bc477": window light drew 1/1 beam(s)
2026-05-25 20:28:38.366 +02:00 [INF] Map "d5c08240-0436-454a-8993-362abf5bc477": window light drew 1/1 beam(s)
2026-05-25 20:28:38.418 +02:00 [INF] Map "d5c08240-0436-454a-8993-362abf5bc477": window light drew 1/1 beam(s)
2026-05-25 20:28:38.469 +02:00 [INF] Map "d5c08240-0436-454a-8993-362abf5bc477": window light drew 1/1 beam(s)
2026-05-25 20:28:38.521 +02:00 [INF] Map "d5c08240-0436-454a-8993-362abf5bc477": window light drew 1/1 beam(s)
2026-05-25 20:28:38.572 +02:00 [INF] Map "d5c08240-0436-454a-8993-362abf5bc477": window light drew 1/1 beam(s)
2026-05-25 20:28:38.623 +02:00 [INF] Map "d5c08240-0436-454a-8993-362abf5bc477": window light drew 1/1 beam(s)
2026-05-25 20:28:38.676 +02:00 [INF] Map "d5c08240-0436-454a-8993-362abf5bc477": window light drew 1/1 beam(s)
2026-05-25 20:28:38.741 +02:00 [INF] Map "d5c08240-0436-454a-8993-362abf5bc477": window light drew 1/1 beam(s)
2026-05-25 20:28:38.793 +02:00 [INF] Map "d5c08240-0436-454a-8993-362abf5bc477": window light drew 1/1 beam(s)
2026-05-25 20:28:38.845 +02:00 [INF] Map "d5c08240-0436-454a-8993-362abf5bc477": window light drew 1/1 beam(s)
2026-05-25 20:28:38.897 +02:00 [INF] Map "d5c08240-0436-454a-8993-362abf5bc477": window light drew 1/1 beam(s)
2026-05-25 20:28:38.948 +02:00 [INF] Map "d5c08240-0436-454a-8993-362abf5bc477": window light drew 1/1 beam(s)
2026-05-25 20:28:39.000 +02:00 [INF] Map "d5c08240-0436-454a-8993-362abf5bc477": window light drew 1/1 beam(s)
2026-05-25 20:28:39.052 +02:00 [INF] Map "d5c08240-0436-454a-8993-362abf5bc477": window light drew 1/1 beam(s)
2026-05-25 20:28:39.104 +02:00 [INF] Map "d5c08240-0436-454a-8993-362abf5bc477": window light drew 1/1 beam(s)
2026-05-25 20:28:39.155 +02:00 [INF] Map "d5c08240-0436-454a-8993-362abf5bc477": window light drew 1/1 beam(s)
2026-05-25 20:28:39.222 +02:00 [INF] Map "d5c08240-0436-454a-8993-362abf5bc477": window light drew 1/1 beam(s)
2026-05-25 20:28:39.273 +02:00 [INF] Map "d5c08240-0436-454a-8993-362abf5bc477": window light drew 1/1 beam(s)
2026-05-25 20:28:39.325 +02:00 [INF] Map "d5c08240-0436-454a-8993-362abf5bc477": window light drew 1/1 beam(s)
2026-05-25 20:28:39.376 +02:00 [INF] Map "d5c08240-0436-454a-8993-362abf5bc477": window light drew 1/1 beam(s)
2026-05-25 20:28:39.428 +02:00 [INF] Map "d5c08240-0436-454a-8993-362abf5bc477": window light drew 1/1 beam(s)
2026-05-25 20:28:39.481 +02:00 [INF] Map "d5c08240-0436-454a-8993-362abf5bc477": window light drew 1/1 beam(s)
2026-05-25 20:28:39.534 +02:00 [INF] Map "d5c08240-0436-454a-8993-362abf5bc477": window light drew 1/1 beam(s)
2026-05-25 20:28:39.586 +02:00 [INF] Map "d5c08240-0436-454a-8993-362abf5bc477": window light drew 1/1 beam(s)
2026-05-25 20:28:39.638 +02:00 [INF] Map "d5c08240-0436-454a-8993-362abf5bc477": window light drew 1/1 beam(s)
2026-05-25 20:28:39.705 +02:00 [INF] Map "d5c08240-0436-454a-8993-362abf5bc477": window light drew 1/1 beam(s)
2026-05-25 20:28:39.757 +02:00 [INF] Map "d5c08240-0436-454a-8993-362abf5bc477": window light drew 1/1 beam(s)
2026-05-25 20:28:39.809 +02:00 [INF] Map "d5c08240-0436-454a-8993-362abf5bc477": window light drew 1/1 beam(s)
2026-05-25 20:28:39.863 +02:00 [INF] Map "d5c08240-0436-454a-8993-362abf5bc477": window light drew 1/1 beam(s)
2026-05-25 20:28:39.915 +02:00 [INF] Map "d5c08240-0436-454a-8993-362abf5bc477": window light drew 1/1 beam(s)
2026-05-25 20:28:39.967 +02:00 [INF] Map "d5c08240-0436-454a-8993-362abf5bc477": window light drew 1/1 beam(s)
2026-05-25 20:28:40.019 +02:00 [INF] Map "d5c08240-0436-454a-8993-362abf5bc477": window light drew 1/1 beam(s)
2026-05-25 20:28:40.071 +02:00 [INF] Map "d5c08240-0436-454a-8993-362abf5bc477": window light drew 1/1 beam(s)
2026-05-25 20:28:40.123 +02:00 [INF] Map "d5c08240-0436-454a-8993-362abf5bc477": window light drew 1/1 beam(s)
2026-05-25 20:28:40.189 +02:00 [INF] Map "d5c08240-0436-454a-8993-362abf5bc477": window light drew 1/1 beam(s)
2026-05-25 20:28:40.240 +02:00 [INF] Map "d5c08240-0436-454a-8993-362abf5bc477": window light drew 1/1 beam(s)
2026-05-25 20:28:40.293 +02:00 [INF] Map "d5c08240-0436-454a-8993-362abf5bc477": window light drew 1/1 beam(s)
2026-05-25 20:28:40.344 +02:00 [INF] Map "d5c08240-0436-454a-8993-362abf5bc477": window light drew 1/1 beam(s)
2026-05-25 20:28:40.395 +02:00 [INF] Map "d5c08240-0436-454a-8993-362abf5bc477": window light drew 1/1 beam(s)
2026-05-25 20:28:40.447 +02:00 [INF] Map "d5c08240-0436-454a-8993-362abf5bc477": window light drew 1/1 beam(s)
2026-05-25 20:28:40.499 +02:00 [INF] Map "d5c08240-0436-454a-8993-362abf5bc477": window light drew 1/1 beam(s)
2026-05-25 20:28:40.552 +02:00 [INF] Map "d5c08240-0436-454a-8993-362abf5bc477": window light drew 1/1 beam(s)
2026-05-25 20:28:40.603 +02:00 [INF] Map "d5c08240-0436-454a-8993-362abf5bc477": window light drew 1/1 beam(s)
2026-05-25 20:28:40.669 +02:00 [INF] Map "d5c08240-0436-454a-8993-362abf5bc477": window light drew 1/1 beam(s)
2026-05-25 20:28:40.722 +02:00 [INF] Map "d5c08240-0436-454a-8993-362abf5bc477": window light drew 1/1 beam(s)
2026-05-25 20:28:40.773 +02:00 [INF] Map "d5c08240-0436-454a-8993-362abf5bc477": window light drew 1/1 beam(s)
2026-05-25 20:28:40.826 +02:00 [INF] Map "d5c08240-0436-454a-8993-362abf5bc477": window light drew 1/1 beam(s)
2026-05-25 20:28:40.877 +02:00 [INF] Map "d5c08240-0436-454a-8993-362abf5bc477": window light drew 1/1 beam(s)
2026-05-25 20:28:40.930 +02:00 [INF] Map "d5c08240-0436-454a-8993-362abf5bc477": window light drew 1/1 beam(s)
2026-05-25 20:28:40.982 +02:00 [INF] Map "d5c08240-0436-454a-8993-362abf5bc477": window light drew 1/1 beam(s)
2026-05-25 20:28:41.033 +02:00 [INF] Map "d5c08240-0436-454a-8993-362abf5bc477": window light drew 1/1 beam(s)
2026-05-25 20:28:41.085 +02:00 [INF] Map "d5c08240-0436-454a-8993-362abf5bc477": window light drew 1/1 beam(s)
2026-05-25 20:28:41.151 +02:00 [INF] Map "d5c08240-0436-454a-8993-362abf5bc477": window light drew 1/1 beam(s)
2026-05-25 20:28:41.203 +02:00 [INF] Map "d5c08240-0436-454a-8993-362abf5bc477": window light drew 1/1 beam(s)
2026-05-25 20:28:41.255 +02:00 [INF] Map "d5c08240-0436-454a-8993-362abf5bc477": window light drew 1/1 beam(s)
2026-05-25 20:28:41.307 +02:00 [INF] Map "d5c08240-0436-454a-8993-362abf5bc477": window light drew 1/1 beam(s)
2026-05-25 20:28:41.359 +02:00 [INF] Map "d5c08240-0436-454a-8993-362abf5bc477": window light drew 1/1 beam(s)
2026-05-25 20:28:41.416 +02:00 [INF] Map "d5c08240-0436-454a-8993-362abf5bc477": window light drew 1/1 beam(s)
2026-05-25 20:28:41.470 +02:00 [INF] Map "d5c08240-0436-454a-8993-362abf5bc477": window light drew 1/1 beam(s)
2026-05-25 20:28:41.526 +02:00 [INF] Map "d5c08240-0436-454a-8993-362abf5bc477": window light drew 1/1 beam(s)
2026-05-25 20:28:41.577 +02:00 [INF] Map "d5c08240-0436-454a-8993-362abf5bc477": window light drew 1/1 beam(s)
2026-05-25 20:28:41.643 +02:00 [INF] Map "d5c08240-0436-454a-8993-362abf5bc477": window light drew 1/1 beam(s)
2026-05-25 20:28:41.695 +02:00 [INF] Map "d5c08240-0436-454a-8993-362abf5bc477": window light drew 1/1 beam(s)
2026-05-25 20:28:41.748 +02:00 [INF] Map "d5c08240-0436-454a-8993-362abf5bc477": window light drew 1/1 beam(s)
2026-05-25 20:28:41.798 +02:00 [INF] Map "d5c08240-0436-454a-8993-362abf5bc477": window light drew 1/1 beam(s)
2026-05-25 20:28:41.850 +02:00 [INF] Map "d5c08240-0436-454a-8993-362abf5bc477": window light drew 1/1 beam(s)
2026-05-25 20:28:41.902 +02:00 [INF] Map "d5c08240-0436-454a-8993-362abf5bc477": window light drew 1/1 beam(s)
2026-05-25 20:28:41.953 +02:00 [INF] Map "d5c08240-0436-454a-8993-362abf5bc477": window light drew 1/1 beam(s)
2026-05-25 20:28:42.005 +02:00 [INF] Map "d5c08240-0436-454a-8993-362abf5bc477": window light drew 1/1 beam(s)
2026-05-25 20:28:42.056 +02:00 [INF] Map "d5c08240-0436-454a-8993-362abf5bc477": window light drew 1/1 beam(s)
2026-05-25 20:28:42.122 +02:00 [INF] Map "d5c08240-0436-454a-8993-362abf5bc477": window light drew 1/1 beam(s)
2026-05-25 20:28:42.174 +02:00 [INF] Map "d5c08240-0436-454a-8993-362abf5bc477": window light drew 1/1 beam(s)
2026-05-25 20:28:42.224 +02:00 [INF] Map "d5c08240-0436-454a-8993-362abf5bc477": window light drew 1/1 beam(s)
2026-05-25 20:28:42.276 +02:00 [INF] Map "d5c08240-0436-454a-8993-362abf5bc477": window light drew 1/1 beam(s)
2026-05-25 20:28:42.327 +02:00 [INF] Map "d5c08240-0436-454a-8993-362abf5bc477": window light drew 1/1 beam(s)
2026-05-25 20:28:42.379 +02:00 [INF] Map "d5c08240-0436-454a-8993-362abf5bc477": window light drew 1/1 beam(s)
2026-05-25 20:28:42.430 +02:00 [INF] Map "d5c08240-0436-454a-8993-362abf5bc477": window light drew 1/1 beam(s)
2026-05-25 20:28:42.483 +02:00 [INF] Map "d5c08240-0436-454a-8993-362abf5bc477": window light drew 1/1 beam(s)
2026-05-25 20:28:42.534 +02:00 [INF] Map "d5c08240-0436-454a-8993-362abf5bc477": window light drew 1/1 beam(s)
2026-05-25 20:28:42.600 +02:00 [INF] Map "d5c08240-0436-454a-8993-362abf5bc477": window light drew 1/1 beam(s)
2026-05-25 20:28:42.652 +02:00 [INF] Map "d5c08240-0436-454a-8993-362abf5bc477": window light drew 1/1 beam(s)
2026-05-25 20:28:42.703 +02:00 [INF] Map "d5c08240-0436-454a-8993-362abf5bc477": window light drew 1/1 beam(s)
2026-05-25 20:28:42.755 +02:00 [INF] Map "d5c08240-0436-454a-8993-362abf5bc477": window light drew 1/1 beam(s)
2026-05-25 20:28:42.807 +02:00 [INF] Map "d5c08240-0436-454a-8993-362abf5bc477": window light drew 1/1 beam(s)
2026-05-25 20:28:42.859 +02:00 [INF] Map "d5c08240-0436-454a-8993-362abf5bc477": window light drew 1/1 beam(s)
2026-05-25 20:28:42.910 +02:00 [INF] Map "d5c08240-0436-454a-8993-362abf5bc477": window light drew 1/1 beam(s)
2026-05-25 20:28:42.962 +02:00 [INF] Map "d5c08240-0436-454a-8993-362abf5bc477": window light drew 1/1 beam(s)
2026-05-25 20:28:43.013 +02:00 [INF] Map "d5c08240-0436-454a-8993-362abf5bc477": window light drew 1/1 beam(s)
2026-05-25 20:28:43.079 +02:00 [INF] Map "d5c08240-0436-454a-8993-362abf5bc477": window light drew 1/1 beam(s)
2026-05-25 20:28:43.130 +02:00 [INF] Map "d5c08240-0436-454a-8993-362abf5bc477": window light drew 1/1 beam(s)
2026-05-25 20:28:43.182 +02:00 [INF] Map "d5c08240-0436-454a-8993-362abf5bc477": window light drew 1/1 beam(s)
2026-05-25 20:28:43.234 +02:00 [INF] Map "d5c08240-0436-454a-8993-362abf5bc477": window light drew 1/1 beam(s)
2026-05-25 20:28:43.287 +02:00 [INF] Map "d5c08240-0436-454a-8993-362abf5bc477": window light drew 1/1 beam(s)
2026-05-25 20:28:43.344 +02:00 [INF] Map "d5c08240-0436-454a-8993-362abf5bc477": window light drew 1/1 beam(s)
2026-05-25 20:28:43.396 +02:00 [INF] Map "d5c08240-0436-454a-8993-362abf5bc477": window light drew 1/1 beam(s)
2026-05-25 20:28:43.450 +02:00 [INF] Map "d5c08240-0436-454a-8993-362abf5bc477": window light drew 1/1 beam(s)
2026-05-25 20:28:43.513 +02:00 [INF] Map "d5c08240-0436-454a-8993-362abf5bc477": window light drew 1/1 beam(s)
2026-05-25 20:28:43.584 +02:00 [INF] Map "d5c08240-0436-454a-8993-362abf5bc477": window light drew 1/1 beam(s)
2026-05-25 20:28:43.636 +02:00 [INF] Map "d5c08240-0436-454a-8993-362abf5bc477": window light drew 1/1 beam(s)
2026-05-25 20:28:43.688 +02:00 [INF] Map "d5c08240-0436-454a-8993-362abf5bc477": window light drew 1/1 beam(s)
2026-05-25 20:28:43.740 +02:00 [INF] Map "d5c08240-0436-454a-8993-362abf5bc477": window light drew 1/1 beam(s)
2026-05-25 20:28:43.792 +02:00 [INF] Map "d5c08240-0436-454a-8993-362abf5bc477": window light drew 1/1 beam(s)
2026-05-25 20:28:43.844 +02:00 [INF] Map "d5c08240-0436-454a-8993-362abf5bc477": window light drew 1/1 beam(s)
2026-05-25 20:28:43.895 +02:00 [INF] Map "d5c08240-0436-454a-8993-362abf5bc477": window light drew 1/1 beam(s)
2026-05-25 20:28:43.952 +02:00 [INF] Map "d5c08240-0436-454a-8993-362abf5bc477": window light drew 1/1 beam(s)
2026-05-25 20:28:44.006 +02:00 [INF] Map "d5c08240-0436-454a-8993-362abf5bc477": window light drew 1/1 beam(s)
2026-05-25 20:28:44.072 +02:00 [INF] Map "d5c08240-0436-454a-8993-362abf5bc477": window light drew 1/1 beam(s)
2026-05-25 20:28:44.124 +02:00 [INF] Map "d5c08240-0436-454a-8993-362abf5bc477": window light drew 1/1 beam(s)
2026-05-25 20:28:44.177 +02:00 [INF] Map "d5c08240-0436-454a-8993-362abf5bc477": window light drew 1/1 beam(s)
2026-05-25 20:28:44.228 +02:00 [INF] Map "d5c08240-0436-454a-8993-362abf5bc477": window light drew 1/1 beam(s)
2026-05-25 20:28:44.280 +02:00 [INF] Map "d5c08240-0436-454a-8993-362abf5bc477": window light drew 1/1 beam(s)
2026-05-25 20:28:44.332 +02:00 [INF] Map "d5c08240-0436-454a-8993-362abf5bc477": window light drew 1/1 beam(s)
2026-05-25 20:28:44.384 +02:00 [INF] Map "d5c08240-0436-454a-8993-362abf5bc477": window light drew 1/1 beam(s)
2026-05-25 20:28:44.436 +02:00 [INF] Map "d5c08240-0436-454a-8993-362abf5bc477": window light drew 1/1 beam(s)
2026-05-25 20:28:44.487 +02:00 [INF] Map "d5c08240-0436-454a-8993-362abf5bc477": window light drew 1/1 beam(s)
2026-05-25 20:28:44.553 +02:00 [INF] Map "d5c08240-0436-454a-8993-362abf5bc477": window light drew 1/1 beam(s)
2026-05-25 20:28:44.605 +02:00 [INF] Map "d5c08240-0436-454a-8993-362abf5bc477": window light drew 1/1 beam(s)
2026-05-25 20:28:44.657 +02:00 [INF] Map "d5c08240-0436-454a-8993-362abf5bc477": window light drew 1/1 beam(s)
2026-05-25 20:28:44.708 +02:00 [INF] Map "d5c08240-0436-454a-8993-362abf5bc477": window light drew 1/1 beam(s)
2026-05-25 20:28:44.760 +02:00 [INF] Map "d5c08240-0436-454a-8993-362abf5bc477": window light drew 1/1 beam(s)
2026-05-25 20:28:44.817 +02:00 [INF] Map "d5c08240-0436-454a-8993-362abf5bc477": window light drew 1/1 beam(s)
2026-05-25 20:28:44.868 +02:00 [INF] Map "d5c08240-0436-454a-8993-362abf5bc477": window light drew 1/1 beam(s)
2026-05-25 20:28:44.919 +02:00 [INF] Map "d5c08240-0436-454a-8993-362abf5bc477": window light drew 1/1 beam(s)
2026-05-25 20:28:44.972 +02:00 [INF] Map "d5c08240-0436-454a-8993-362abf5bc477": window light drew 1/1 beam(s)
2026-05-25 20:28:45.037 +02:00 [INF] Map "d5c08240-0436-454a-8993-362abf5bc477": window light drew 1/1 beam(s)
2026-05-25 20:28:45.089 +02:00 [INF] Map "d5c08240-0436-454a-8993-362abf5bc477": window light drew 1/1 beam(s)
2026-05-25 20:28:45.141 +02:00 [INF] Map "d5c08240-0436-454a-8993-362abf5bc477": window light drew 1/1 beam(s)
2026-05-25 20:28:45.192 +02:00 [INF] Map "d5c08240-0436-454a-8993-362abf5bc477": window light drew 1/1 beam(s)
2026-05-25 20:28:45.243 +02:00 [INF] Map "d5c08240-0436-454a-8993-362abf5bc477": window light drew 1/1 beam(s)
2026-05-25 20:28:45.294 +02:00 [INF] Map "d5c08240-0436-454a-8993-362abf5bc477": window light drew 1/1 beam(s)
2026-05-25 20:28:45.347 +02:00 [INF] Map "d5c08240-0436-454a-8993-362abf5bc477": window light drew 1/1 beam(s)
2026-05-25 20:28:45.399 +02:00 [INF] Map "d5c08240-0436-454a-8993-362abf5bc477": window light drew 1/1 beam(s)
2026-05-25 20:28:45.452 +02:00 [INF] Map "d5c08240-0436-454a-8993-362abf5bc477": window light drew 1/1 beam(s)
2026-05-25 20:28:45.520 +02:00 [INF] Map "d5c08240-0436-454a-8993-362abf5bc477": window light drew 1/1 beam(s)
2026-05-25 20:28:45.572 +02:00 [INF] Map "d5c08240-0436-454a-8993-362abf5bc477": window light drew 1/1 beam(s)
2026-05-25 20:28:45.624 +02:00 [INF] Map "d5c08240-0436-454a-8993-362abf5bc477": window light drew 1/1 beam(s)
2026-05-25 20:28:45.676 +02:00 [INF] Map "d5c08240-0436-454a-8993-362abf5bc477": window light drew 1/1 beam(s)
2026-05-25 20:28:45.728 +02:00 [INF] Map "d5c08240-0436-454a-8993-362abf5bc477": window light drew 1/1 beam(s)
2026-05-25 20:28:45.785 +02:00 [INF] Map "d5c08240-0436-454a-8993-362abf5bc477": window light drew 1/1 beam(s)
2026-05-25 20:28:45.837 +02:00 [INF] Map "d5c08240-0436-454a-8993-362abf5bc477": window light drew 1/1 beam(s)
2026-05-25 20:28:45.889 +02:00 [INF] Map "d5c08240-0436-454a-8993-362abf5bc477": window light drew 1/1 beam(s)
2026-05-25 20:28:45.940 +02:00 [INF] Map "d5c08240-0436-454a-8993-362abf5bc477": window light drew 1/1 beam(s)
2026-05-25 20:28:46.005 +02:00 [INF] Map "d5c08240-0436-454a-8993-362abf5bc477": window light drew 1/1 beam(s)
2026-05-25 20:28:46.063 +02:00 [INF] Map "d5c08240-0436-454a-8993-362abf5bc477": window light drew 1/1 beam(s)
2026-05-25 20:28:46.115 +02:00 [INF] Map "d5c08240-0436-454a-8993-362abf5bc477": window light drew 1/1 beam(s)
2026-05-25 20:28:46.168 +02:00 [INF] Map "d5c08240-0436-454a-8993-362abf5bc477": window light drew 1/1 beam(s)
2026-05-25 20:28:46.219 +02:00 [INF] Map "d5c08240-0436-454a-8993-362abf5bc477": window light drew 1/1 beam(s)
2026-05-25 20:28:46.270 +02:00 [INF] Map "d5c08240-0436-454a-8993-362abf5bc477": window light drew 1/1 beam(s)
2026-05-25 20:28:46.322 +02:00 [INF] Map "d5c08240-0436-454a-8993-362abf5bc477": window light drew 1/1 beam(s)
2026-05-25 20:28:46.373 +02:00 [INF] Map "d5c08240-0436-454a-8993-362abf5bc477": window light drew 1/1 beam(s)
2026-05-25 20:28:46.425 +02:00 [INF] Map "d5c08240-0436-454a-8993-362abf5bc477": window light drew 1/1 beam(s)
2026-05-25 20:28:46.491 +02:00 [INF] Map "d5c08240-0436-454a-8993-362abf5bc477": window light drew 1/1 beam(s)
2026-05-25 20:28:46.544 +02:00 [INF] Map "d5c08240-0436-454a-8993-362abf5bc477": window light drew 1/1 beam(s)
2026-05-25 20:28:46.595 +02:00 [INF] Map "d5c08240-0436-454a-8993-362abf5bc477": window light drew 1/1 beam(s)
2026-05-25 20:28:46.648 +02:00 [INF] Map "d5c08240-0436-454a-8993-362abf5bc477": window light drew 1/1 beam(s)
2026-05-25 20:28:46.700 +02:00 [INF] Map "d5c08240-0436-454a-8993-362abf5bc477": window light drew 1/1 beam(s)
2026-05-25 20:28:46.752 +02:00 [INF] Map "d5c08240-0436-454a-8993-362abf5bc477": window light drew 1/1 beam(s)
2026-05-25 20:28:46.803 +02:00 [INF] Map "d5c08240-0436-454a-8993-362abf5bc477": window light drew 1/1 beam(s)
2026-05-25 20:28:46.855 +02:00 [INF] Map "d5c08240-0436-454a-8993-362abf5bc477": window light drew 1/1 beam(s)
2026-05-25 20:28:46.906 +02:00 [INF] Map "d5c08240-0436-454a-8993-362abf5bc477": window light drew 1/1 beam(s)
2026-05-25 20:28:46.972 +02:00 [INF] Map "d5c08240-0436-454a-8993-362abf5bc477": window light drew 1/1 beam(s)
2026-05-25 20:28:47.023 +02:00 [INF] Map "d5c08240-0436-454a-8993-362abf5bc477": window light drew 1/1 beam(s)
2026-05-25 20:28:47.077 +02:00 [INF] Map "d5c08240-0436-454a-8993-362abf5bc477": window light drew 1/1 beam(s)
2026-05-25 20:28:47.129 +02:00 [INF] Map "d5c08240-0436-454a-8993-362abf5bc477": window light drew 1/1 beam(s)
2026-05-25 20:28:47.181 +02:00 [INF] Map "d5c08240-0436-454a-8993-362abf5bc477": window light drew 1/1 beam(s)
2026-05-25 20:28:47.233 +02:00 [INF] Map "d5c08240-0436-454a-8993-362abf5bc477": window light drew 1/1 beam(s)
2026-05-25 20:28:47.284 +02:00 [INF] Map "d5c08240-0436-454a-8993-362abf5bc477": window light drew 1/1 beam(s)
2026-05-25 20:28:47.336 +02:00 [INF] Map "d5c08240-0436-454a-8993-362abf5bc477": window light drew 1/1 beam(s)
2026-05-25 20:28:47.387 +02:00 [INF] Map "d5c08240-0436-454a-8993-362abf5bc477": window light drew 1/1 beam(s)
2026-05-25 20:28:47.453 +02:00 [INF] Map "d5c08240-0436-454a-8993-362abf5bc477": window light drew 1/1 beam(s)
2026-05-25 20:28:47.505 +02:00 [INF] Map "d5c08240-0436-454a-8993-362abf5bc477": window light drew 1/1 beam(s)
2026-05-25 20:28:47.557 +02:00 [INF] Map "d5c08240-0436-454a-8993-362abf5bc477": window light drew 1/1 beam(s)
2026-05-25 20:28:47.609 +02:00 [INF] Map "d5c08240-0436-454a-8993-362abf5bc477": window light drew 1/1 beam(s)
2026-05-25 20:28:47.661 +02:00 [INF] Map "d5c08240-0436-454a-8993-362abf5bc477": window light drew 1/1 beam(s)
2026-05-25 20:28:47.713 +02:00 [INF] Map "d5c08240-0436-454a-8993-362abf5bc477": window light drew 1/1 beam(s)
2026-05-25 20:28:47.765 +02:00 [INF] Map "d5c08240-0436-454a-8993-362abf5bc477": window light drew 1/1 beam(s)
2026-05-25 20:28:47.817 +02:00 [INF] Map "d5c08240-0436-454a-8993-362abf5bc477": window light drew 1/1 beam(s)
2026-05-25 20:28:47.874 +02:00 [INF] Map "d5c08240-0436-454a-8993-362abf5bc477": window light drew 1/1 beam(s)
2026-05-25 20:28:47.942 +02:00 [INF] Map "d5c08240-0436-454a-8993-362abf5bc477": window light drew 1/1 beam(s)
2026-05-25 20:28:47.994 +02:00 [INF] Map "d5c08240-0436-454a-8993-362abf5bc477": window light drew 1/1 beam(s)
2026-05-25 20:28:48.046 +02:00 [INF] Map "d5c08240-0436-454a-8993-362abf5bc477": window light drew 1/1 beam(s)
2026-05-25 20:28:48.097 +02:00 [INF] Map "d5c08240-0436-454a-8993-362abf5bc477": window light drew 1/1 beam(s)
2026-05-25 20:28:48.149 +02:00 [INF] Map "d5c08240-0436-454a-8993-362abf5bc477": window light drew 1/1 beam(s)
2026-05-25 20:28:48.201 +02:00 [INF] Map "d5c08240-0436-454a-8993-362abf5bc477": window light drew 1/1 beam(s)
2026-05-25 20:28:48.253 +02:00 [INF] Map "d5c08240-0436-454a-8993-362abf5bc477": window light drew 1/1 beam(s)
2026-05-25 20:28:48.305 +02:00 [INF] Map "d5c08240-0436-454a-8993-362abf5bc477": window light drew 1/1 beam(s)
2026-05-25 20:28:48.355 +02:00 [INF] Map "d5c08240-0436-454a-8993-362abf5bc477": window light drew 1/1 beam(s)
2026-05-25 20:28:48.420 +02:00 [INF] Map "d5c08240-0436-454a-8993-362abf5bc477": window light drew 1/1 beam(s)
2026-05-25 20:28:48.471 +02:00 [INF] Map "d5c08240-0436-454a-8993-362abf5bc477": window light drew 1/1 beam(s)
2026-05-25 20:28:48.522 +02:00 [INF] Map "d5c08240-0436-454a-8993-362abf5bc477": window light drew 1/1 beam(s)
2026-05-25 20:28:48.574 +02:00 [INF] Map "d5c08240-0436-454a-8993-362abf5bc477": window light drew 1/1 beam(s)
2026-05-25 20:28:48.627 +02:00 [INF] Map "d5c08240-0436-454a-8993-362abf5bc477": window light drew 1/1 beam(s)
2026-05-25 20:28:48.679 +02:00 [INF] Map "d5c08240-0436-454a-8993-362abf5bc477": window light drew 1/1 beam(s)
2026-05-25 20:28:48.730 +02:00 [INF] Map "d5c08240-0436-454a-8993-362abf5bc477": window light drew 1/1 beam(s)
2026-05-25 20:28:48.789 +02:00 [INF] Map "d5c08240-0436-454a-8993-362abf5bc477": window light drew 1/1 beam(s)
2026-05-25 20:28:48.841 +02:00 [INF] Map "d5c08240-0436-454a-8993-362abf5bc477": window light drew 1/1 beam(s)
2026-05-25 20:28:48.908 +02:00 [INF] Map "d5c08240-0436-454a-8993-362abf5bc477": window light drew 1/1 beam(s)
2026-05-25 20:28:48.960 +02:00 [INF] Map "d5c08240-0436-454a-8993-362abf5bc477": window light drew 1/1 beam(s)
2026-05-25 20:28:49.011 +02:00 [INF] Map "d5c08240-0436-454a-8993-362abf5bc477": window light drew 1/1 beam(s)
2026-05-25 20:28:49.064 +02:00 [INF] Map "d5c08240-0436-454a-8993-362abf5bc477": window light drew 1/1 beam(s)
2026-05-25 20:28:49.122 +02:00 [INF] Map "d5c08240-0436-454a-8993-362abf5bc477": window light drew 1/1 beam(s)
2026-05-25 20:28:49.173 +02:00 [INF] Map "d5c08240-0436-454a-8993-362abf5bc477": window light drew 1/1 beam(s)
2026-05-25 20:28:49.225 +02:00 [INF] Map "d5c08240-0436-454a-8993-362abf5bc477": window light drew 1/1 beam(s)
2026-05-25 20:28:49.277 +02:00 [INF] Map "d5c08240-0436-454a-8993-362abf5bc477": window light drew 1/1 beam(s)
2026-05-25 20:28:49.330 +02:00 [INF] Map "d5c08240-0436-454a-8993-362abf5bc477": window light drew 1/1 beam(s)
2026-05-25 20:28:49.397 +02:00 [INF] Map "d5c08240-0436-454a-8993-362abf5bc477": window light drew 1/1 beam(s)
2026-05-25 20:28:49.449 +02:00 [INF] Map "d5c08240-0436-454a-8993-362abf5bc477": window light drew 1/1 beam(s)
2026-05-25 20:28:49.501 +02:00 [INF] Map "d5c08240-0436-454a-8993-362abf5bc477": window light drew 1/1 beam(s)
2026-05-25 20:28:49.552 +02:00 [INF] Map "d5c08240-0436-454a-8993-362abf5bc477": window light drew 1/1 beam(s)
2026-05-25 20:28:49.605 +02:00 [INF] Map "d5c08240-0436-454a-8993-362abf5bc477": window light drew 1/1 beam(s)
2026-05-25 20:28:49.657 +02:00 [INF] Map "d5c08240-0436-454a-8993-362abf5bc477": window light drew 1/1 beam(s)
2026-05-25 20:28:49.712 +02:00 [INF] Map "d5c08240-0436-454a-8993-362abf5bc477": window light drew 1/1 beam(s)
2026-05-25 20:28:49.767 +02:00 [INF] Map "d5c08240-0436-454a-8993-362abf5bc477": window light drew 1/1 beam(s)
2026-05-25 20:28:49.819 +02:00 [INF] Map "d5c08240-0436-454a-8993-362abf5bc477": window light drew 1/1 beam(s)
2026-05-25 20:28:49.885 +02:00 [INF] Map "d5c08240-0436-454a-8993-362abf5bc477": window light drew 1/1 beam(s)
2026-05-25 20:28:49.936 +02:00 [INF] Map "d5c08240-0436-454a-8993-362abf5bc477": window light drew 1/1 beam(s)
2026-05-25 20:28:49.988 +02:00 [INF] Map "d5c08240-0436-454a-8993-362abf5bc477": window light drew 1/1 beam(s)
2026-05-25 20:28:50.040 +02:00 [INF] Map "d5c08240-0436-454a-8993-362abf5bc477": window light drew 1/1 beam(s)
2026-05-25 20:28:50.091 +02:00 [INF] Map "d5c08240-0436-454a-8993-362abf5bc477": window light drew 1/1 beam(s)
2026-05-25 20:28:50.144 +02:00 [INF] Map "d5c08240-0436-454a-8993-362abf5bc477": window light drew 1/1 beam(s)
2026-05-25 20:28:50.197 +02:00 [INF] Map "d5c08240-0436-454a-8993-362abf5bc477": window light drew 1/1 beam(s)
2026-05-25 20:28:50.249 +02:00 [INF] Map "d5c08240-0436-454a-8993-362abf5bc477": window light drew 1/1 beam(s)
2026-05-25 20:28:50.301 +02:00 [INF] Map "d5c08240-0436-454a-8993-362abf5bc477": window light drew 1/1 beam(s)
2026-05-25 20:28:50.367 +02:00 [INF] Map "d5c08240-0436-454a-8993-362abf5bc477": window light drew 1/1 beam(s)
2026-05-25 20:28:50.420 +02:00 [INF] Map "d5c08240-0436-454a-8993-362abf5bc477": window light drew 1/1 beam(s)
2026-05-25 20:28:50.471 +02:00 [INF] Map "d5c08240-0436-454a-8993-362abf5bc477": window light drew 1/1 beam(s)
2026-05-25 20:28:50.523 +02:00 [INF] Map "d5c08240-0436-454a-8993-362abf5bc477": window light drew 1/1 beam(s)
2026-05-25 20:28:50.578 +02:00 [INF] Map "d5c08240-0436-454a-8993-362abf5bc477": window light drew 1/1 beam(s)
2026-05-25 20:28:50.635 +02:00 [INF] Map "d5c08240-0436-454a-8993-362abf5bc477": window light drew 1/1 beam(s)
2026-05-25 20:28:50.687 +02:00 [INF] Map "d5c08240-0436-454a-8993-362abf5bc477": window light drew 1/1 beam(s)
2026-05-25 20:28:50.747 +02:00 [INF] Map "d5c08240-0436-454a-8993-362abf5bc477": window light drew 1/1 beam(s)
2026-05-25 20:28:50.798 +02:00 [INF] Map "d5c08240-0436-454a-8993-362abf5bc477": window light drew 1/1 beam(s)
2026-05-25 20:28:50.863 +02:00 [INF] Map "d5c08240-0436-454a-8993-362abf5bc477": window light drew 1/1 beam(s)
2026-05-25 20:28:50.914 +02:00 [INF] Map "d5c08240-0436-454a-8993-362abf5bc477": window light drew 1/1 beam(s)
2026-05-25 20:28:50.966 +02:00 [INF] Map "d5c08240-0436-454a-8993-362abf5bc477": window light drew 1/1 beam(s)
2026-05-25 20:28:51.018 +02:00 [INF] Map "d5c08240-0436-454a-8993-362abf5bc477": window light drew 1/1 beam(s)
2026-05-25 20:28:51.069 +02:00 [INF] Map "d5c08240-0436-454a-8993-362abf5bc477": window light drew 1/1 beam(s)
2026-05-25 20:28:51.120 +02:00 [INF] Map "d5c08240-0436-454a-8993-362abf5bc477": window light drew 1/1 beam(s)
2026-05-25 20:28:51.171 +02:00 [INF] Map "d5c08240-0436-454a-8993-362abf5bc477": window light drew 1/1 beam(s)
2026-05-25 20:28:51.224 +02:00 [INF] Map "d5c08240-0436-454a-8993-362abf5bc477": window light drew 1/1 beam(s)
2026-05-25 20:28:51.276 +02:00 [INF] Map "d5c08240-0436-454a-8993-362abf5bc477": window light drew 1/1 beam(s)
2026-05-25 20:28:51.341 +02:00 [INF] Map "d5c08240-0436-454a-8993-362abf5bc477": window light drew 1/1 beam(s)
2026-05-25 20:28:51.392 +02:00 [INF] Map "d5c08240-0436-454a-8993-362abf5bc477": window light drew 1/1 beam(s)
2026-05-25 20:28:51.444 +02:00 [INF] Map "d5c08240-0436-454a-8993-362abf5bc477": window light drew 1/1 beam(s)
2026-05-25 20:28:51.496 +02:00 [INF] Map "d5c08240-0436-454a-8993-362abf5bc477": window light drew 1/1 beam(s)
2026-05-25 20:28:51.551 +02:00 [INF] Map "d5c08240-0436-454a-8993-362abf5bc477": window light drew 1/1 beam(s)
2026-05-25 20:28:51.605 +02:00 [INF] Map "d5c08240-0436-454a-8993-362abf5bc477": window light drew 1/1 beam(s)
2026-05-25 20:28:51.662 +02:00 [INF] Map "d5c08240-0436-454a-8993-362abf5bc477": window light drew 1/1 beam(s)
2026-05-25 20:28:51.716 +02:00 [INF] Map "d5c08240-0436-454a-8993-362abf5bc477": window light drew 1/1 beam(s)
2026-05-25 20:28:51.767 +02:00 [INF] Map "d5c08240-0436-454a-8993-362abf5bc477": window light drew 1/1 beam(s)
2026-05-25 20:28:51.832 +02:00 [INF] Map "d5c08240-0436-454a-8993-362abf5bc477": window light drew 1/1 beam(s)
2026-05-25 20:28:51.884 +02:00 [INF] Map "d5c08240-0436-454a-8993-362abf5bc477": window light drew 1/1 beam(s)
2026-05-25 20:28:51.936 +02:00 [INF] Map "d5c08240-0436-454a-8993-362abf5bc477": window light drew 1/1 beam(s)
2026-05-25 20:28:51.989 +02:00 [INF] Map "d5c08240-0436-454a-8993-362abf5bc477": window light drew 1/1 beam(s)
2026-05-25 20:28:52.041 +02:00 [INF] Map "d5c08240-0436-454a-8993-362abf5bc477": window light drew 1/1 beam(s)
2026-05-25 20:28:52.092 +02:00 [INF] Map "d5c08240-0436-454a-8993-362abf5bc477": window light drew 1/1 beam(s)
2026-05-25 20:28:52.143 +02:00 [INF] Map "d5c08240-0436-454a-8993-362abf5bc477": window light drew 1/1 beam(s)
2026-05-25 20:28:52.195 +02:00 [INF] Map "d5c08240-0436-454a-8993-362abf5bc477": window light drew 1/1 beam(s)
2026-05-25 20:28:52.247 +02:00 [INF] Map "d5c08240-0436-454a-8993-362abf5bc477": window light drew 1/1 beam(s)
2026-05-25 20:28:52.312 +02:00 [INF] Map "d5c08240-0436-454a-8993-362abf5bc477": window light drew 1/1 beam(s)
2026-05-25 20:28:52.363 +02:00 [INF] Map "d5c08240-0436-454a-8993-362abf5bc477": window light drew 1/1 beam(s)
2026-05-25 20:28:52.415 +02:00 [INF] Map "d5c08240-0436-454a-8993-362abf5bc477": window light drew 1/1 beam(s)
2026-05-25 20:28:52.466 +02:00 [INF] Map "d5c08240-0436-454a-8993-362abf5bc477": window light drew 1/1 beam(s)
2026-05-25 20:28:52.519 +02:00 [INF] Map "d5c08240-0436-454a-8993-362abf5bc477": window light drew 1/1 beam(s)
2026-05-25 20:28:52.571 +02:00 [INF] Map "d5c08240-0436-454a-8993-362abf5bc477": window light drew 1/1 beam(s)
2026-05-25 20:28:52.623 +02:00 [INF] Map "d5c08240-0436-454a-8993-362abf5bc477": window light drew 1/1 beam(s)
2026-05-25 20:28:52.677 +02:00 [INF] Map "d5c08240-0436-454a-8993-362abf5bc477": window light drew 1/1 beam(s)
2026-05-25 20:28:52.734 +02:00 [INF] Map "d5c08240-0436-454a-8993-362abf5bc477": window light drew 1/1 beam(s)
2026-05-25 20:28:52.799 +02:00 [INF] Map "d5c08240-0436-454a-8993-362abf5bc477": window light drew 1/1 beam(s)
2026-05-25 20:28:52.852 +02:00 [INF] Map "d5c08240-0436-454a-8993-362abf5bc477": window light drew 1/1 beam(s)
2026-05-25 20:28:52.903 +02:00 [INF] Map "d5c08240-0436-454a-8993-362abf5bc477": window light drew 1/1 beam(s)
2026-05-25 20:28:52.955 +02:00 [INF] Map "d5c08240-0436-454a-8993-362abf5bc477": window light drew 1/1 beam(s)
2026-05-25 20:28:53.007 +02:00 [INF] Map "d5c08240-0436-454a-8993-362abf5bc477": window light drew 1/1 beam(s)
2026-05-25 20:28:53.058 +02:00 [INF] Map "d5c08240-0436-454a-8993-362abf5bc477": window light drew 1/1 beam(s)
2026-05-25 20:28:53.110 +02:00 [INF] Map "d5c08240-0436-454a-8993-362abf5bc477": window light drew 1/1 beam(s)
2026-05-25 20:28:53.161 +02:00 [INF] Map "d5c08240-0436-454a-8993-362abf5bc477": window light drew 1/1 beam(s)
2026-05-25 20:28:53.213 +02:00 [INF] Map "d5c08240-0436-454a-8993-362abf5bc477": window light drew 1/1 beam(s)
2026-05-25 20:28:53.279 +02:00 [INF] Map "d5c08240-0436-454a-8993-362abf5bc477": window light drew 1/1 beam(s)
2026-05-25 20:28:53.334 +02:00 [INF] Map "d5c08240-0436-454a-8993-362abf5bc477": window light drew 1/1 beam(s)
2026-05-25 20:28:53.387 +02:00 [INF] Map "d5c08240-0436-454a-8993-362abf5bc477": window light drew 1/1 beam(s)
2026-05-25 20:28:53.439 +02:00 [INF] Map "d5c08240-0436-454a-8993-362abf5bc477": window light drew 1/1 beam(s)
2026-05-25 20:28:53.492 +02:00 [INF] Map "d5c08240-0436-454a-8993-362abf5bc477": window light drew 1/1 beam(s)
2026-05-25 20:28:53.545 +02:00 [INF] Map "d5c08240-0436-454a-8993-362abf5bc477": window light drew 1/1 beam(s)
2026-05-25 20:28:53.598 +02:00 [INF] Map "d5c08240-0436-454a-8993-362abf5bc477": window light drew 1/1 beam(s)
2026-05-25 20:28:53.650 +02:00 [INF] Map "d5c08240-0436-454a-8993-362abf5bc477": window light drew 1/1 beam(s)
2026-05-25 20:28:53.703 +02:00 [INF] Map "d5c08240-0436-454a-8993-362abf5bc477": window light drew 1/1 beam(s)
2026-05-25 20:28:53.770 +02:00 [INF] Map "d5c08240-0436-454a-8993-362abf5bc477": window light drew 1/1 beam(s)
2026-05-25 20:28:53.822 +02:00 [INF] Map "d5c08240-0436-454a-8993-362abf5bc477": window light drew 1/1 beam(s)
2026-05-25 20:28:53.873 +02:00 [INF] Map "d5c08240-0436-454a-8993-362abf5bc477": window light drew 1/1 beam(s)
2026-05-25 20:28:53.925 +02:00 [INF] Map "d5c08240-0436-454a-8993-362abf5bc477": window light drew 1/1 beam(s)
2026-05-25 20:28:53.978 +02:00 [INF] Map "d5c08240-0436-454a-8993-362abf5bc477": window light drew 1/1 beam(s)
2026-05-25 20:28:54.029 +02:00 [INF] Map "d5c08240-0436-454a-8993-362abf5bc477": window light drew 1/1 beam(s)
2026-05-25 20:28:54.082 +02:00 [INF] Map "d5c08240-0436-454a-8993-362abf5bc477": window light drew 1/1 beam(s)
2026-05-25 20:28:54.134 +02:00 [INF] Map "d5c08240-0436-454a-8993-362abf5bc477": window light drew 1/1 beam(s)
2026-05-25 20:28:54.186 +02:00 [INF] Map "d5c08240-0436-454a-8993-362abf5bc477": window light drew 1/1 beam(s)
2026-05-25 20:28:54.251 +02:00 [INF] Map "d5c08240-0436-454a-8993-362abf5bc477": window light drew 1/1 beam(s)
2026-05-25 20:28:54.303 +02:00 [INF] Map "d5c08240-0436-454a-8993-362abf5bc477": window light drew 1/1 beam(s)
2026-05-25 20:28:54.355 +02:00 [INF] Map "d5c08240-0436-454a-8993-362abf5bc477": window light drew 1/1 beam(s)
2026-05-25 20:28:54.407 +02:00 [INF] Map "d5c08240-0436-454a-8993-362abf5bc477": window light drew 1/1 beam(s)
2026-05-25 20:28:54.459 +02:00 [INF] Map "d5c08240-0436-454a-8993-362abf5bc477": window light drew 1/1 beam(s)
2026-05-25 20:28:54.510 +02:00 [INF] Map "d5c08240-0436-454a-8993-362abf5bc477": window light drew 1/1 beam(s)
2026-05-25 20:28:54.563 +02:00 [INF] Map "d5c08240-0436-454a-8993-362abf5bc477": window light drew 1/1 beam(s)
2026-05-25 20:28:54.615 +02:00 [INF] Map "d5c08240-0436-454a-8993-362abf5bc477": window light drew 1/1 beam(s)
2026-05-25 20:28:54.667 +02:00 [INF] Map "d5c08240-0436-454a-8993-362abf5bc477": window light drew 1/1 beam(s)
2026-05-25 20:28:54.733 +02:00 [INF] Map "d5c08240-0436-454a-8993-362abf5bc477": window light drew 1/1 beam(s)
2026-05-25 20:28:54.785 +02:00 [INF] Map "d5c08240-0436-454a-8993-362abf5bc477": window light drew 1/1 beam(s)
2026-05-25 20:28:54.836 +02:00 [INF] Map "d5c08240-0436-454a-8993-362abf5bc477": window light drew 1/1 beam(s)
2026-05-25 20:28:54.889 +02:00 [INF] Map "d5c08240-0436-454a-8993-362abf5bc477": window light drew 1/1 beam(s)
2026-05-25 20:28:54.941 +02:00 [INF] Map "d5c08240-0436-454a-8993-362abf5bc477": window light drew 1/1 beam(s)
2026-05-25 20:28:54.993 +02:00 [INF] Map "d5c08240-0436-454a-8993-362abf5bc477": window light drew 1/1 beam(s)
2026-05-25 20:28:55.045 +02:00 [INF] Map "d5c08240-0436-454a-8993-362abf5bc477": window light drew 1/1 beam(s)
2026-05-25 20:28:55.102 +02:00 [INF] Map "d5c08240-0436-454a-8993-362abf5bc477": window light drew 1/1 beam(s)
2026-05-25 20:28:55.154 +02:00 [INF] Map "d5c08240-0436-454a-8993-362abf5bc477": window light drew 1/1 beam(s)
2026-05-25 20:28:55.219 +02:00 [INF] Map "d5c08240-0436-454a-8993-362abf5bc477": window light drew 1/1 beam(s)
2026-05-25 20:28:55.272 +02:00 [INF] Map "d5c08240-0436-454a-8993-362abf5bc477": window light drew 1/1 beam(s)
2026-05-25 20:28:55.324 +02:00 [INF] Map "d5c08240-0436-454a-8993-362abf5bc477": window light drew 1/1 beam(s)
2026-05-25 20:28:55.376 +02:00 [INF] Map "d5c08240-0436-454a-8993-362abf5bc477": window light drew 1/1 beam(s)
2026-05-25 20:28:55.429 +02:00 [INF] Map "d5c08240-0436-454a-8993-362abf5bc477": window light drew 1/1 beam(s)
2026-05-25 20:28:55.483 +02:00 [INF] Map "d5c08240-0436-454a-8993-362abf5bc477": window light drew 1/1 beam(s)
2026-05-25 20:28:55.541 +02:00 [INF] Map "d5c08240-0436-454a-8993-362abf5bc477": window light drew 1/1 beam(s)
2026-05-25 20:28:55.602 +02:00 [INF] Map "d5c08240-0436-454a-8993-362abf5bc477": window light drew 1/1 beam(s)
2026-05-25 20:28:55.658 +02:00 [INF] Map "d5c08240-0436-454a-8993-362abf5bc477": window light drew 1/1 beam(s)
2026-05-25 20:28:55.724 +02:00 [INF] Map "d5c08240-0436-454a-8993-362abf5bc477": window light drew 1/1 beam(s)
2026-05-25 20:28:55.776 +02:00 [INF] Map "d5c08240-0436-454a-8993-362abf5bc477": window light drew 1/1 beam(s)
2026-05-25 20:28:55.828 +02:00 [INF] Map "d5c08240-0436-454a-8993-362abf5bc477": window light drew 1/1 beam(s)
2026-05-25 20:28:55.882 +02:00 [INF] Map "d5c08240-0436-454a-8993-362abf5bc477": window light drew 1/1 beam(s)
2026-05-25 20:28:55.935 +02:00 [INF] Map "d5c08240-0436-454a-8993-362abf5bc477": window light drew 1/1 beam(s)
2026-05-25 20:28:55.988 +02:00 [INF] Map "d5c08240-0436-454a-8993-362abf5bc477": window light drew 1/1 beam(s)
2026-05-25 20:28:56.046 +02:00 [INF] Map "d5c08240-0436-454a-8993-362abf5bc477": window light drew 1/1 beam(s)
2026-05-25 20:28:56.099 +02:00 [INF] Map "d5c08240-0436-454a-8993-362abf5bc477": window light drew 1/1 beam(s)
2026-05-25 20:28:56.151 +02:00 [INF] Map "d5c08240-0436-454a-8993-362abf5bc477": window light drew 1/1 beam(s)
2026-05-25 20:28:56.216 +02:00 [INF] Map "d5c08240-0436-454a-8993-362abf5bc477": window light drew 1/1 beam(s)
2026-05-25 20:28:56.268 +02:00 [INF] Map "d5c08240-0436-454a-8993-362abf5bc477": window light drew 1/1 beam(s)
2026-05-25 20:28:56.320 +02:00 [INF] Map "d5c08240-0436-454a-8993-362abf5bc477": window light drew 1/1 beam(s)
2026-05-25 20:28:56.371 +02:00 [INF] Map "d5c08240-0436-454a-8993-362abf5bc477": window light drew 1/1 beam(s)
2026-05-25 20:28:56.422 +02:00 [INF] Map "d5c08240-0436-454a-8993-362abf5bc477": window light drew 1/1 beam(s)
2026-05-25 20:28:56.475 +02:00 [INF] Map "d5c08240-0436-454a-8993-362abf5bc477": window light drew 1/1 beam(s)
2026-05-25 20:28:56.526 +02:00 [INF] Map "d5c08240-0436-454a-8993-362abf5bc477": window light drew 1/1 beam(s)
2026-05-25 20:28:56.579 +02:00 [INF] Map "d5c08240-0436-454a-8993-362abf5bc477": window light drew 1/1 beam(s)
2026-05-25 20:28:56.632 +02:00 [INF] Map "d5c08240-0436-454a-8993-362abf5bc477": window light drew 1/1 beam(s)
2026-05-25 20:28:56.697 +02:00 [INF] Map "d5c08240-0436-454a-8993-362abf5bc477": window light drew 1/1 beam(s)
2026-05-25 20:28:56.749 +02:00 [INF] Map "d5c08240-0436-454a-8993-362abf5bc477": window light drew 1/1 beam(s)
2026-05-25 20:28:56.801 +02:00 [INF] Map "d5c08240-0436-454a-8993-362abf5bc477": window light drew 1/1 beam(s)
2026-05-25 20:28:56.853 +02:00 [INF] Map "d5c08240-0436-454a-8993-362abf5bc477": window light drew 1/1 beam(s)
2026-05-25 20:28:56.905 +02:00 [INF] Map "d5c08240-0436-454a-8993-362abf5bc477": window light drew 1/1 beam(s)
2026-05-25 20:28:56.962 +02:00 [INF] Map "d5c08240-0436-454a-8993-362abf5bc477": window light drew 1/1 beam(s)
2026-05-25 20:28:57.013 +02:00 [INF] Map "d5c08240-0436-454a-8993-362abf5bc477": window light drew 1/1 beam(s)
2026-05-25 20:28:57.065 +02:00 [INF] Map "d5c08240-0436-454a-8993-362abf5bc477": window light drew 1/1 beam(s)
2026-05-25 20:28:57.117 +02:00 [INF] Map "d5c08240-0436-454a-8993-362abf5bc477": window light drew 1/1 beam(s)
2026-05-25 20:28:57.183 +02:00 [INF] Map "d5c08240-0436-454a-8993-362abf5bc477": window light drew 1/1 beam(s)
2026-05-25 20:28:57.235 +02:00 [INF] Map "d5c08240-0436-454a-8993-362abf5bc477": window light drew 1/1 beam(s)
2026-05-25 20:28:57.286 +02:00 [INF] Map "d5c08240-0436-454a-8993-362abf5bc477": window light drew 1/1 beam(s)
2026-05-25 20:28:57.338 +02:00 [INF] Map "d5c08240-0436-454a-8993-362abf5bc477": window light drew 1/1 beam(s)
2026-05-25 20:28:57.390 +02:00 [INF] Map "d5c08240-0436-454a-8993-362abf5bc477": window light drew 1/1 beam(s)
2026-05-25 20:28:57.443 +02:00 [INF] Map "d5c08240-0436-454a-8993-362abf5bc477": window light drew 1/1 beam(s)
2026-05-25 20:28:57.494 +02:00 [INF] Map "d5c08240-0436-454a-8993-362abf5bc477": window light drew 1/1 beam(s)
2026-05-25 20:28:57.547 +02:00 [INF] Map "d5c08240-0436-454a-8993-362abf5bc477": window light drew 1/1 beam(s)
2026-05-25 20:28:57.599 +02:00 [INF] Map "d5c08240-0436-454a-8993-362abf5bc477": window light drew 1/1 beam(s)
2026-05-25 20:28:57.664 +02:00 [INF] Map "d5c08240-0436-454a-8993-362abf5bc477": window light drew 1/1 beam(s)
2026-05-25 20:28:57.720 +02:00 [INF] Map "d5c08240-0436-454a-8993-362abf5bc477": window light drew 1/1 beam(s)
2026-05-25 20:28:57.771 +02:00 [INF] Map "d5c08240-0436-454a-8993-362abf5bc477": window light drew 1/1 beam(s)
2026-05-25 20:28:57.823 +02:00 [INF] Map "d5c08240-0436-454a-8993-362abf5bc477": window light drew 1/1 beam(s)
2026-05-25 20:28:57.874 +02:00 [INF] Map "d5c08240-0436-454a-8993-362abf5bc477": window light drew 1/1 beam(s)
2026-05-25 20:28:57.926 +02:00 [INF] Map "d5c08240-0436-454a-8993-362abf5bc477": window light drew 1/1 beam(s)
2026-05-25 20:28:57.976 +02:00 [INF] Map "d5c08240-0436-454a-8993-362abf5bc477": window light drew 1/1 beam(s)
2026-05-25 20:28:58.028 +02:00 [INF] Map "d5c08240-0436-454a-8993-362abf5bc477": window light drew 1/1 beam(s)
2026-05-25 20:28:58.081 +02:00 [INF] Map "d5c08240-0436-454a-8993-362abf5bc477": window light drew 1/1 beam(s)
2026-05-25 20:28:58.146 +02:00 [INF] Map "d5c08240-0436-454a-8993-362abf5bc477": window light drew 1/1 beam(s)
2026-05-25 20:28:58.197 +02:00 [INF] Map "d5c08240-0436-454a-8993-362abf5bc477": window light drew 1/1 beam(s)
2026-05-25 20:28:58.249 +02:00 [INF] Map "d5c08240-0436-454a-8993-362abf5bc477": window light drew 1/1 beam(s)
2026-05-25 20:28:58.300 +02:00 [INF] Map "d5c08240-0436-454a-8993-362abf5bc477": window light drew 1/1 beam(s)
2026-05-25 20:28:58.352 +02:00 [INF] Map "d5c08240-0436-454a-8993-362abf5bc477": window light drew 1/1 beam(s)
2026-05-25 20:28:58.405 +02:00 [INF] Map "d5c08240-0436-454a-8993-362abf5bc477": window light drew 1/1 beam(s)
2026-05-25 20:28:58.457 +02:00 [INF] Map "d5c08240-0436-454a-8993-362abf5bc477": window light drew 1/1 beam(s)
2026-05-25 20:28:58.509 +02:00 [INF] Map "d5c08240-0436-454a-8993-362abf5bc477": window light drew 1/1 beam(s)
2026-05-25 20:28:58.560 +02:00 [INF] Map "d5c08240-0436-454a-8993-362abf5bc477": window light drew 1/1 beam(s)
2026-05-25 20:28:58.625 +02:00 [INF] Map "d5c08240-0436-454a-8993-362abf5bc477": window light drew 1/1 beam(s)
2026-05-25 20:28:58.677 +02:00 [INF] Map "d5c08240-0436-454a-8993-362abf5bc477": window light drew 1/1 beam(s)
2026-05-25 20:28:58.729 +02:00 [INF] Map "d5c08240-0436-454a-8993-362abf5bc477": window light drew 1/1 beam(s)
2026-05-25 20:28:58.780 +02:00 [INF] Map "d5c08240-0436-454a-8993-362abf5bc477": window light drew 1/1 beam(s)
2026-05-25 20:28:58.832 +02:00 [INF] Map "d5c08240-0436-454a-8993-362abf5bc477": window light drew 1/1 beam(s)
2026-05-25 20:28:58.886 +02:00 [INF] Map "d5c08240-0436-454a-8993-362abf5bc477": window light drew 1/1 beam(s)
2026-05-25 20:28:58.939 +02:00 [INF] Map "d5c08240-0436-454a-8993-362abf5bc477": window light drew 1/1 beam(s)
2026-05-25 20:28:58.991 +02:00 [INF] Map "d5c08240-0436-454a-8993-362abf5bc477": window light drew 1/1 beam(s)
2026-05-25 20:28:59.042 +02:00 [INF] Map "d5c08240-0436-454a-8993-362abf5bc477": window light drew 1/1 beam(s)
2026-05-25 20:28:59.107 +02:00 [INF] Map "d5c08240-0436-454a-8993-362abf5bc477": window light drew 1/1 beam(s)
2026-05-25 20:28:59.159 +02:00 [INF] Map "d5c08240-0436-454a-8993-362abf5bc477": window light drew 1/1 beam(s)
2026-05-25 20:28:59.213 +02:00 [INF] Map "d5c08240-0436-454a-8993-362abf5bc477": window light drew 1/1 beam(s)
2026-05-25 20:28:59.265 +02:00 [INF] Map "d5c08240-0436-454a-8993-362abf5bc477": window light drew 1/1 beam(s)
2026-05-25 20:28:59.316 +02:00 [INF] Map "d5c08240-0436-454a-8993-362abf5bc477": window light drew 1/1 beam(s)
2026-05-25 20:28:59.368 +02:00 [INF] Map "d5c08240-0436-454a-8993-362abf5bc477": window light drew 1/1 beam(s)
2026-05-25 20:28:59.422 +02:00 [INF] Map "d5c08240-0436-454a-8993-362abf5bc477": window light drew 1/1 beam(s)
2026-05-25 20:28:59.475 +02:00 [INF] Map "d5c08240-0436-454a-8993-362abf5bc477": window light drew 1/1 beam(s)
2026-05-25 20:28:59.527 +02:00 [INF] Map "d5c08240-0436-454a-8993-362abf5bc477": window light drew 1/1 beam(s)
2026-05-25 20:28:59.597 +02:00 [INF] Map "d5c08240-0436-454a-8993-362abf5bc477": window light drew 1/1 beam(s)
2026-05-25 20:28:59.655 +02:00 [INF] Map "d5c08240-0436-454a-8993-362abf5bc477": window light drew 1/1 beam(s)
2026-05-25 20:28:59.707 +02:00 [INF] Map "d5c08240-0436-454a-8993-362abf5bc477": window light drew 1/1 beam(s)
2026-05-25 20:28:59.758 +02:00 [INF] Map "d5c08240-0436-454a-8993-362abf5bc477": window light drew 1/1 beam(s)
2026-05-25 20:28:59.810 +02:00 [INF] Map "d5c08240-0436-454a-8993-362abf5bc477": window light drew 1/1 beam(s)
2026-05-25 20:28:59.861 +02:00 [INF] Map "d5c08240-0436-454a-8993-362abf5bc477": window light drew 1/1 beam(s)
2026-05-25 20:28:59.913 +02:00 [INF] Map "d5c08240-0436-454a-8993-362abf5bc477": window light drew 1/1 beam(s)
2026-05-25 20:28:59.964 +02:00 [INF] Map "d5c08240-0436-454a-8993-362abf5bc477": window light drew 1/1 beam(s)
2026-05-25 20:29:00.016 +02:00 [INF] Map "d5c08240-0436-454a-8993-362abf5bc477": window light drew 1/1 beam(s)
2026-05-25 20:29:00.081 +02:00 [INF] Map "d5c08240-0436-454a-8993-362abf5bc477": window light drew 1/1 beam(s)
2026-05-25 20:29:00.133 +02:00 [INF] Map "d5c08240-0436-454a-8993-362abf5bc477": window light drew 1/1 beam(s)
2026-05-25 20:29:00.185 +02:00 [INF] Map "d5c08240-0436-454a-8993-362abf5bc477": window light drew 1/1 beam(s)
2026-05-25 20:29:00.237 +02:00 [INF] Map "d5c08240-0436-454a-8993-362abf5bc477": window light drew 1/1 beam(s)
2026-05-25 20:29:00.289 +02:00 [INF] Map "d5c08240-0436-454a-8993-362abf5bc477": window light drew 1/1 beam(s)
2026-05-25 20:29:00.340 +02:00 [INF] Map "d5c08240-0436-454a-8993-362abf5bc477": window light drew 1/1 beam(s)
2026-05-25 20:29:00.392 +02:00 [INF] Map "d5c08240-0436-454a-8993-362abf5bc477": window light drew 1/1 beam(s)
2026-05-25 20:29:00.444 +02:00 [INF] Map "d5c08240-0436-454a-8993-362abf5bc477": window light drew 1/1 beam(s)
2026-05-25 20:29:00.496 +02:00 [INF] Map "d5c08240-0436-454a-8993-362abf5bc477": window light drew 1/1 beam(s)
2026-05-25 20:29:00.562 +02:00 [INF] Map "d5c08240-0436-454a-8993-362abf5bc477": window light drew 1/1 beam(s)
2026-05-25 20:29:00.614 +02:00 [INF] Map "d5c08240-0436-454a-8993-362abf5bc477": window light drew 1/1 beam(s)
2026-05-25 20:29:00.666 +02:00 [INF] Map "d5c08240-0436-454a-8993-362abf5bc477": window light drew 1/1 beam(s)
2026-05-25 20:29:00.717 +02:00 [INF] Map "d5c08240-0436-454a-8993-362abf5bc477": window light drew 1/1 beam(s)
2026-05-25 20:29:00.769 +02:00 [INF] Map "d5c08240-0436-454a-8993-362abf5bc477": window light drew 1/1 beam(s)
2026-05-25 20:29:00.821 +02:00 [INF] Map "d5c08240-0436-454a-8993-362abf5bc477": window light drew 1/1 beam(s)
2026-05-25 20:29:00.873 +02:00 [INF] Map "d5c08240-0436-454a-8993-362abf5bc477": window light drew 1/1 beam(s)
2026-05-25 20:29:00.925 +02:00 [INF] Map "d5c08240-0436-454a-8993-362abf5bc477": window light drew 1/1 beam(s)
2026-05-25 20:29:00.978 +02:00 [INF] Map "d5c08240-0436-454a-8993-362abf5bc477": window light drew 1/1 beam(s)
2026-05-25 20:29:01.043 +02:00 [INF] Map "d5c08240-0436-454a-8993-362abf5bc477": window light drew 1/1 beam(s)
2026-05-25 20:29:01.095 +02:00 [INF] Map "d5c08240-0436-454a-8993-362abf5bc477": window light drew 1/1 beam(s)
2026-05-25 20:29:01.146 +02:00 [INF] Map "d5c08240-0436-454a-8993-362abf5bc477": window light drew 1/1 beam(s)
2026-05-25 20:29:01.198 +02:00 [INF] Map "d5c08240-0436-454a-8993-362abf5bc477": window light drew 1/1 beam(s)
2026-05-25 20:29:01.250 +02:00 [INF] Map "d5c08240-0436-454a-8993-362abf5bc477": window light drew 1/1 beam(s)
2026-05-25 20:29:01.303 +02:00 [INF] Map "d5c08240-0436-454a-8993-362abf5bc477": window light drew 1/1 beam(s)
2026-05-25 20:29:01.355 +02:00 [INF] Map "d5c08240-0436-454a-8993-362abf5bc477": window light drew 1/1 beam(s)
2026-05-25 20:29:01.407 +02:00 [INF] Map "d5c08240-0436-454a-8993-362abf5bc477": window light drew 1/1 beam(s)
2026-05-25 20:29:01.459 +02:00 [INF] Map "d5c08240-0436-454a-8993-362abf5bc477": window light drew 1/1 beam(s)
2026-05-25 20:29:01.525 +02:00 [INF] Map "d5c08240-0436-454a-8993-362abf5bc477": window light drew 1/1 beam(s)
2026-05-25 20:29:01.576 +02:00 [INF] Map "d5c08240-0436-454a-8993-362abf5bc477": window light drew 1/1 beam(s)
2026-05-25 20:29:01.629 +02:00 [INF] Map "d5c08240-0436-454a-8993-362abf5bc477": window light drew 1/1 beam(s)
2026-05-25 20:29:01.682 +02:00 [INF] Map "d5c08240-0436-454a-8993-362abf5bc477": window light drew 1/1 beam(s)
2026-05-25 20:29:01.733 +02:00 [INF] Map "d5c08240-0436-454a-8993-362abf5bc477": window light drew 1/1 beam(s)
2026-05-25 20:29:01.786 +02:00 [INF] Map "d5c08240-0436-454a-8993-362abf5bc477": window light drew 1/1 beam(s)
2026-05-25 20:29:01.837 +02:00 [INF] Map "d5c08240-0436-454a-8993-362abf5bc477": window light drew 1/1 beam(s)
2026-05-25 20:29:01.890 +02:00 [INF] Map "d5c08240-0436-454a-8993-362abf5bc477": window light drew 1/1 beam(s)
2026-05-25 20:29:01.942 +02:00 [INF] Map "d5c08240-0436-454a-8993-362abf5bc477": window light drew 1/1 beam(s)
2026-05-25 20:29:02.017 +02:00 [INF] Map "d5c08240-0436-454a-8993-362abf5bc477": window light drew 1/1 beam(s)
2026-05-25 20:29:02.069 +02:00 [INF] Map "d5c08240-0436-454a-8993-362abf5bc477": window light drew 1/1 beam(s)
2026-05-25 20:29:02.121 +02:00 [INF] Map "d5c08240-0436-454a-8993-362abf5bc477": window light drew 1/1 beam(s)
2026-05-25 20:29:02.173 +02:00 [INF] Map "d5c08240-0436-454a-8993-362abf5bc477": window light drew 1/1 beam(s)
2026-05-25 20:29:02.225 +02:00 [INF] Map "d5c08240-0436-454a-8993-362abf5bc477": window light drew 1/1 beam(s)
2026-05-25 20:29:02.277 +02:00 [INF] Map "d5c08240-0436-454a-8993-362abf5bc477": window light drew 1/1 beam(s)
2026-05-25 20:29:02.331 +02:00 [INF] Map "d5c08240-0436-454a-8993-362abf5bc477": window light drew 1/1 beam(s)
2026-05-25 20:29:02.382 +02:00 [INF] Map "d5c08240-0436-454a-8993-362abf5bc477": window light drew 1/1 beam(s)
2026-05-25 20:29:02.435 +02:00 [INF] Map "d5c08240-0436-454a-8993-362abf5bc477": window light drew 1/1 beam(s)
2026-05-25 20:29:02.503 +02:00 [INF] Map "d5c08240-0436-454a-8993-362abf5bc477": window light drew 1/1 beam(s)
2026-05-25 20:29:02.554 +02:00 [INF] Map "d5c08240-0436-454a-8993-362abf5bc477": window light drew 1/1 beam(s)
2026-05-25 20:29:02.606 +02:00 [INF] Map "d5c08240-0436-454a-8993-362abf5bc477": window light drew 1/1 beam(s)
2026-05-25 20:29:02.660 +02:00 [INF] Map "d5c08240-0436-454a-8993-362abf5bc477": window light drew 1/1 beam(s)
2026-05-25 20:29:02.711 +02:00 [INF] Map "d5c08240-0436-454a-8993-362abf5bc477": window light drew 1/1 beam(s)
2026-05-25 20:29:02.763 +02:00 [INF] Map "d5c08240-0436-454a-8993-362abf5bc477": window light drew 1/1 beam(s)
2026-05-25 20:29:02.814 +02:00 [INF] Map "d5c08240-0436-454a-8993-362abf5bc477": window light drew 1/1 beam(s)
2026-05-25 20:29:02.866 +02:00 [INF] Map "d5c08240-0436-454a-8993-362abf5bc477": window light drew 1/1 beam(s)
2026-05-25 20:29:02.917 +02:00 [INF] Map "d5c08240-0436-454a-8993-362abf5bc477": window light drew 1/1 beam(s)
2026-05-25 20:29:02.982 +02:00 [INF] Map "d5c08240-0436-454a-8993-362abf5bc477": window light drew 1/1 beam(s)
2026-05-25 20:29:03.033 +02:00 [INF] Map "d5c08240-0436-454a-8993-362abf5bc477": window light drew 1/1 beam(s)
2026-05-25 20:29:03.085 +02:00 [INF] Map "d5c08240-0436-454a-8993-362abf5bc477": window light drew 1/1 beam(s)
2026-05-25 20:29:03.137 +02:00 [INF] Map "d5c08240-0436-454a-8993-362abf5bc477": window light drew 1/1 beam(s)
2026-05-25 20:29:03.189 +02:00 [INF] Map "d5c08240-0436-454a-8993-362abf5bc477": window light drew 1/1 beam(s)
2026-05-25 20:29:03.240 +02:00 [INF] Map "d5c08240-0436-454a-8993-362abf5bc477": window light drew 1/1 beam(s)
2026-05-25 20:29:03.291 +02:00 [INF] Map "d5c08240-0436-454a-8993-362abf5bc477": window light drew 1/1 beam(s)
2026-05-25 20:29:03.343 +02:00 [INF] Map "d5c08240-0436-454a-8993-362abf5bc477": window light drew 1/1 beam(s)
2026-05-25 20:29:03.395 +02:00 [INF] Map "d5c08240-0436-454a-8993-362abf5bc477": window light drew 1/1 beam(s)
2026-05-25 20:29:03.461 +02:00 [INF] Map "d5c08240-0436-454a-8993-362abf5bc477": window light drew 1/1 beam(s)
2026-05-25 20:29:03.513 +02:00 [INF] Map "d5c08240-0436-454a-8993-362abf5bc477": window light drew 1/1 beam(s)
2026-05-25 20:29:03.566 +02:00 [INF] Map "d5c08240-0436-454a-8993-362abf5bc477": window light drew 1/1 beam(s)
2026-05-25 20:29:03.618 +02:00 [INF] Map "d5c08240-0436-454a-8993-362abf5bc477": window light drew 1/1 beam(s)
2026-05-25 20:29:03.671 +02:00 [INF] Map "d5c08240-0436-454a-8993-362abf5bc477": window light drew 1/1 beam(s)
2026-05-25 20:29:03.723 +02:00 [INF] Map "d5c08240-0436-454a-8993-362abf5bc477": window light drew 1/1 beam(s)
2026-05-25 20:29:03.785 +02:00 [INF] Map "d5c08240-0436-454a-8993-362abf5bc477": window light drew 1/1 beam(s)
2026-05-25 20:29:03.836 +02:00 [INF] Map "d5c08240-0436-454a-8993-362abf5bc477": window light drew 1/1 beam(s)
2026-05-25 20:29:03.894 +02:00 [INF] Map "d5c08240-0436-454a-8993-362abf5bc477": window light drew 1/1 beam(s)
2026-05-25 20:29:03.961 +02:00 [INF] Map "d5c08240-0436-454a-8993-362abf5bc477": window light drew 1/1 beam(s)
2026-05-25 20:29:04.013 +02:00 [INF] Map "d5c08240-0436-454a-8993-362abf5bc477": window light drew 1/1 beam(s)
2026-05-25 20:29:04.065 +02:00 [INF] Map "d5c08240-0436-454a-8993-362abf5bc477": window light drew 1/1 beam(s)
2026-05-25 20:29:04.116 +02:00 [INF] Map "d5c08240-0436-454a-8993-362abf5bc477": window light drew 1/1 beam(s)
2026-05-25 20:29:04.167 +02:00 [INF] Map "d5c08240-0436-454a-8993-362abf5bc477": window light drew 1/1 beam(s)
2026-05-25 20:29:04.218 +02:00 [INF] Map "d5c08240-0436-454a-8993-362abf5bc477": window light drew 1/1 beam(s)
2026-05-25 20:29:04.270 +02:00 [INF] Map "d5c08240-0436-454a-8993-362abf5bc477": window light drew 1/1 beam(s)
2026-05-25 20:29:04.322 +02:00 [INF] Map "d5c08240-0436-454a-8993-362abf5bc477": window light drew 1/1 beam(s)
2026-05-25 20:29:04.374 +02:00 [INF] Map "d5c08240-0436-454a-8993-362abf5bc477": window light drew 1/1 beam(s)
2026-05-25 20:29:04.440 +02:00 [INF] Map "d5c08240-0436-454a-8993-362abf5bc477": window light drew 1/1 beam(s)
2026-05-25 20:29:04.492 +02:00 [INF] Map "d5c08240-0436-454a-8993-362abf5bc477": window light drew 1/1 beam(s)
2026-05-25 20:29:04.545 +02:00 [INF] Map "d5c08240-0436-454a-8993-362abf5bc477": window light drew 1/1 beam(s)
2026-05-25 20:29:04.598 +02:00 [INF] Map "d5c08240-0436-454a-8993-362abf5bc477": window light drew 1/1 beam(s)
2026-05-25 20:29:04.654 +02:00 [INF] Map "d5c08240-0436-454a-8993-362abf5bc477": window light drew 1/1 beam(s)
2026-05-25 20:29:04.712 +02:00 [INF] Map "d5c08240-0436-454a-8993-362abf5bc477": window light drew 1/1 beam(s)
2026-05-25 20:29:04.771 +02:00 [INF] Map "d5c08240-0436-454a-8993-362abf5bc477": window light drew 1/1 beam(s)
2026-05-25 20:29:04.833 +02:00 [INF] Map "d5c08240-0436-454a-8993-362abf5bc477": window light drew 1/1 beam(s)
2026-05-25 20:29:04.885 +02:00 [INF] Map "d5c08240-0436-454a-8993-362abf5bc477": window light drew 1/1 beam(s)
2026-05-25 20:29:04.953 +02:00 [INF] Map "d5c08240-0436-454a-8993-362abf5bc477": window light drew 1/1 beam(s)
2026-05-25 20:29:05.003 +02:00 [INF] Map "d5c08240-0436-454a-8993-362abf5bc477": window light drew 1/1 beam(s)
2026-05-25 20:29:05.054 +02:00 [INF] Map "d5c08240-0436-454a-8993-362abf5bc477": window light drew 1/1 beam(s)
2026-05-25 20:29:05.105 +02:00 [INF] Map "d5c08240-0436-454a-8993-362abf5bc477": window light drew 1/1 beam(s)
2026-05-25 20:29:05.155 +02:00 [INF] Map "d5c08240-0436-454a-8993-362abf5bc477": window light drew 1/1 beam(s)
2026-05-25 20:29:05.207 +02:00 [INF] Map "d5c08240-0436-454a-8993-362abf5bc477": window light drew 1/1 beam(s)
2026-05-25 20:29:05.259 +02:00 [INF] Map "d5c08240-0436-454a-8993-362abf5bc477": window light drew 1/1 beam(s)
2026-05-25 20:29:05.316 +02:00 [INF] Map "d5c08240-0436-454a-8993-362abf5bc477": window light drew 1/1 beam(s)
2026-05-25 20:29:05.367 +02:00 [INF] Map "d5c08240-0436-454a-8993-362abf5bc477": window light drew 1/1 beam(s)
2026-05-25 20:29:05.432 +02:00 [INF] Map "d5c08240-0436-454a-8993-362abf5bc477": window light drew 1/1 beam(s)
2026-05-25 20:29:05.484 +02:00 [INF] Map "d5c08240-0436-454a-8993-362abf5bc477": window light drew 1/1 beam(s)
2026-05-25 20:29:05.535 +02:00 [INF] Map "d5c08240-0436-454a-8993-362abf5bc477": window light drew 1/1 beam(s)
2026-05-25 20:29:05.588 +02:00 [INF] Map "d5c08240-0436-454a-8993-362abf5bc477": window light drew 1/1 beam(s)
2026-05-25 20:29:05.641 +02:00 [INF] Map "d5c08240-0436-454a-8993-362abf5bc477": window light drew 1/1 beam(s)
2026-05-25 20:29:05.693 +02:00 [INF] Map "d5c08240-0436-454a-8993-362abf5bc477": window light drew 1/1 beam(s)
2026-05-25 20:29:05.746 +02:00 [INF] Map "d5c08240-0436-454a-8993-362abf5bc477": window light drew 1/1 beam(s)
2026-05-25 20:29:05.800 +02:00 [INF] Map "d5c08240-0436-454a-8993-362abf5bc477": window light drew 1/1 beam(s)
2026-05-25 20:29:05.853 +02:00 [INF] Map "d5c08240-0436-454a-8993-362abf5bc477": window light drew 1/1 beam(s)
2026-05-25 20:29:05.920 +02:00 [INF] Map "d5c08240-0436-454a-8993-362abf5bc477": window light drew 1/1 beam(s)
2026-05-25 20:29:05.972 +02:00 [INF] Map "d5c08240-0436-454a-8993-362abf5bc477": window light drew 1/1 beam(s)
2026-05-25 20:29:06.026 +02:00 [INF] Map "d5c08240-0436-454a-8993-362abf5bc477": window light drew 1/1 beam(s)
2026-05-25 20:29:06.077 +02:00 [INF] Map "d5c08240-0436-454a-8993-362abf5bc477": window light drew 1/1 beam(s)
2026-05-25 20:29:06.129 +02:00 [INF] Map "d5c08240-0436-454a-8993-362abf5bc477": window light drew 1/1 beam(s)
2026-05-25 20:29:06.180 +02:00 [INF] Map "d5c08240-0436-454a-8993-362abf5bc477": window light drew 1/1 beam(s)
2026-05-25 20:29:06.231 +02:00 [INF] Map "d5c08240-0436-454a-8993-362abf5bc477": window light drew 1/1 beam(s)
2026-05-25 20:29:06.283 +02:00 [INF] Map "d5c08240-0436-454a-8993-362abf5bc477": window light drew 1/1 beam(s)
2026-05-25 20:29:06.334 +02:00 [INF] Map "d5c08240-0436-454a-8993-362abf5bc477": window light drew 1/1 beam(s)
2026-05-25 20:29:06.395 +02:00 [INF] Map "d5c08240-0436-454a-8993-362abf5bc477": window light drew 1/1 beam(s)
2026-05-25 20:29:06.446 +02:00 [INF] Map "d5c08240-0436-454a-8993-362abf5bc477": window light drew 1/1 beam(s)
2026-05-25 20:29:06.497 +02:00 [INF] Map "d5c08240-0436-454a-8993-362abf5bc477": window light drew 1/1 beam(s)
2026-05-25 20:29:06.550 +02:00 [INF] Map "d5c08240-0436-454a-8993-362abf5bc477": window light drew 1/1 beam(s)
2026-05-25 20:29:06.601 +02:00 [INF] Map "d5c08240-0436-454a-8993-362abf5bc477": window light drew 1/1 beam(s)
2026-05-25 20:29:06.653 +02:00 [INF] Map "d5c08240-0436-454a-8993-362abf5bc477": window light drew 1/1 beam(s)
2026-05-25 20:29:06.703 +02:00 [INF] Map "d5c08240-0436-454a-8993-362abf5bc477": window light drew 1/1 beam(s)
2026-05-25 20:29:06.754 +02:00 [INF] Map "d5c08240-0436-454a-8993-362abf5bc477": window light drew 1/1 beam(s)
2026-05-25 20:29:06.805 +02:00 [INF] Map "d5c08240-0436-454a-8993-362abf5bc477": window light drew 1/1 beam(s)
2026-05-25 20:29:06.869 +02:00 [INF] Map "d5c08240-0436-454a-8993-362abf5bc477": window light drew 1/1 beam(s)
2026-05-25 20:29:06.919 +02:00 [INF] Map "d5c08240-0436-454a-8993-362abf5bc477": window light drew 1/1 beam(s)
2026-05-25 20:29:06.970 +02:00 [INF] Map "d5c08240-0436-454a-8993-362abf5bc477": window light drew 1/1 beam(s)
2026-05-25 20:29:07.021 +02:00 [INF] Map "d5c08240-0436-454a-8993-362abf5bc477": window light drew 1/1 beam(s)
2026-05-25 20:29:07.071 +02:00 [INF] Map "d5c08240-0436-454a-8993-362abf5bc477": window light drew 1/1 beam(s)
2026-05-25 20:29:07.123 +02:00 [INF] Map "d5c08240-0436-454a-8993-362abf5bc477": window light drew 1/1 beam(s)
2026-05-25 20:29:07.175 +02:00 [INF] Map "d5c08240-0436-454a-8993-362abf5bc477": window light drew 1/1 beam(s)
2026-05-25 20:29:07.228 +02:00 [INF] Map "d5c08240-0436-454a-8993-362abf5bc477": window light drew 1/1 beam(s)
2026-05-25 20:29:07.290 +02:00 [INF] Map "d5c08240-0436-454a-8993-362abf5bc477": window light drew 1/1 beam(s)
2026-05-25 20:29:07.356 +02:00 [INF] Map "d5c08240-0436-454a-8993-362abf5bc477": window light drew 1/1 beam(s)
2026-05-25 20:29:07.410 +02:00 [INF] Map "d5c08240-0436-454a-8993-362abf5bc477": window light drew 1/1 beam(s)
2026-05-25 20:29:07.465 +02:00 [INF] Map "d5c08240-0436-454a-8993-362abf5bc477": window light drew 1/1 beam(s)
2026-05-25 20:29:07.518 +02:00 [INF] Map "d5c08240-0436-454a-8993-362abf5bc477": window light drew 1/1 beam(s)
2026-05-25 20:29:07.576 +02:00 [INF] Map "d5c08240-0436-454a-8993-362abf5bc477": window light drew 1/1 beam(s)
2026-05-25 20:29:07.633 +02:00 [INF] Map "d5c08240-0436-454a-8993-362abf5bc477": window light drew 1/1 beam(s)
2026-05-25 20:29:07.689 +02:00 [INF] Map "d5c08240-0436-454a-8993-362abf5bc477": window light drew 1/1 beam(s)
2026-05-25 20:29:07.742 +02:00 [INF] Map "d5c08240-0436-454a-8993-362abf5bc477": window light drew 1/1 beam(s)
2026-05-25 20:29:07.797 +02:00 [INF] Map "d5c08240-0436-454a-8993-362abf5bc477": window light drew 1/1 beam(s)
2026-05-25 20:29:07.886 +02:00 [INF] Map "d5c08240-0436-454a-8993-362abf5bc477": window light drew 1/1 beam(s)
2026-05-25 20:29:07.938 +02:00 [INF] Map "d5c08240-0436-454a-8993-362abf5bc477": window light drew 1/1 beam(s)
2026-05-25 20:29:07.991 +02:00 [INF] Map "d5c08240-0436-454a-8993-362abf5bc477": window light drew 1/1 beam(s)
2026-05-25 20:29:08.044 +02:00 [INF] Map "d5c08240-0436-454a-8993-362abf5bc477": window light drew 1/1 beam(s)
2026-05-25 20:29:08.096 +02:00 [INF] Map "d5c08240-0436-454a-8993-362abf5bc477": window light drew 1/1 beam(s)
2026-05-25 20:29:08.151 +02:00 [INF] Map "d5c08240-0436-454a-8993-362abf5bc477": window light drew 1/1 beam(s)
2026-05-25 20:29:08.205 +02:00 [INF] Map "d5c08240-0436-454a-8993-362abf5bc477": window light drew 1/1 beam(s)
2026-05-25 20:29:08.257 +02:00 [INF] Map "d5c08240-0436-454a-8993-362abf5bc477": window light drew 1/1 beam(s)
2026-05-25 20:29:08.309 +02:00 [INF] Map "d5c08240-0436-454a-8993-362abf5bc477": window light drew 1/1 beam(s)
2026-05-25 20:29:08.374 +02:00 [INF] Map "d5c08240-0436-454a-8993-362abf5bc477": window light drew 1/1 beam(s)
2026-05-25 20:29:08.426 +02:00 [INF] Map "d5c08240-0436-454a-8993-362abf5bc477": window light drew 1/1 beam(s)
2026-05-25 20:29:08.477 +02:00 [INF] Map "d5c08240-0436-454a-8993-362abf5bc477": window light drew 1/1 beam(s)
2026-05-25 20:29:08.529 +02:00 [INF] Map "d5c08240-0436-454a-8993-362abf5bc477": window light drew 1/1 beam(s)
2026-05-25 20:29:08.581 +02:00 [INF] Map "d5c08240-0436-454a-8993-362abf5bc477": window light drew 1/1 beam(s)
2026-05-25 20:29:08.633 +02:00 [INF] Map "d5c08240-0436-454a-8993-362abf5bc477": window light drew 1/1 beam(s)
2026-05-25 20:29:08.685 +02:00 [INF] Map "d5c08240-0436-454a-8993-362abf5bc477": window light drew 1/1 beam(s)
2026-05-25 20:29:08.736 +02:00 [INF] Map "d5c08240-0436-454a-8993-362abf5bc477": window light drew 1/1 beam(s)
2026-05-25 20:29:08.787 +02:00 [INF] Map "d5c08240-0436-454a-8993-362abf5bc477": window light drew 1/1 beam(s)
2026-05-25 20:29:08.853 +02:00 [INF] Map "d5c08240-0436-454a-8993-362abf5bc477": window light drew 1/1 beam(s)
2026-05-25 20:29:08.905 +02:00 [INF] Map "d5c08240-0436-454a-8993-362abf5bc477": window light drew 1/1 beam(s)
2026-05-25 20:29:08.956 +02:00 [INF] Map "d5c08240-0436-454a-8993-362abf5bc477": window light drew 1/1 beam(s)
2026-05-25 20:29:09.007 +02:00 [INF] Map "d5c08240-0436-454a-8993-362abf5bc477": window light drew 1/1 beam(s)
2026-05-25 20:29:09.059 +02:00 [INF] Map "d5c08240-0436-454a-8993-362abf5bc477": window light drew 1/1 beam(s)
2026-05-25 20:29:09.110 +02:00 [INF] Map "d5c08240-0436-454a-8993-362abf5bc477": window light drew 1/1 beam(s)
2026-05-25 20:29:09.162 +02:00 [INF] Map "d5c08240-0436-454a-8993-362abf5bc477": window light drew 1/1 beam(s)
2026-05-25 20:29:09.214 +02:00 [INF] Map "d5c08240-0436-454a-8993-362abf5bc477": window light drew 1/1 beam(s)
2026-05-25 20:29:09.267 +02:00 [INF] Map "d5c08240-0436-454a-8993-362abf5bc477": window light drew 1/1 beam(s)
2026-05-25 20:29:09.332 +02:00 [INF] Map "d5c08240-0436-454a-8993-362abf5bc477": window light drew 1/1 beam(s)
2026-05-25 20:29:09.383 +02:00 [INF] Map "d5c08240-0436-454a-8993-362abf5bc477": window light drew 1/1 beam(s)
2026-05-25 20:29:09.434 +02:00 [INF] Map "d5c08240-0436-454a-8993-362abf5bc477": window light drew 1/1 beam(s)
2026-05-25 20:29:09.486 +02:00 [INF] Map "d5c08240-0436-454a-8993-362abf5bc477": window light drew 1/1 beam(s)
2026-05-25 20:29:09.537 +02:00 [INF] Map "d5c08240-0436-454a-8993-362abf5bc477": window light drew 1/1 beam(s)
2026-05-25 20:29:09.590 +02:00 [INF] Map "d5c08240-0436-454a-8993-362abf5bc477": window light drew 1/1 beam(s)
2026-05-25 20:29:09.643 +02:00 [INF] Map "d5c08240-0436-454a-8993-362abf5bc477": window light drew 1/1 beam(s)
2026-05-25 20:29:09.696 +02:00 [INF] Map "d5c08240-0436-454a-8993-362abf5bc477": window light drew 1/1 beam(s)
2026-05-25 20:29:09.749 +02:00 [INF] Map "d5c08240-0436-454a-8993-362abf5bc477": window light drew 1/1 beam(s)
2026-05-25 20:29:09.815 +02:00 [INF] Map "d5c08240-0436-454a-8993-362abf5bc477": window light drew 1/1 beam(s)
2026-05-25 20:29:09.868 +02:00 [INF] Map "d5c08240-0436-454a-8993-362abf5bc477": window light drew 1/1 beam(s)
2026-05-25 20:29:09.920 +02:00 [INF] Map "d5c08240-0436-454a-8993-362abf5bc477": window light drew 1/1 beam(s)
2026-05-25 20:29:09.979 +02:00 [INF] Map "d5c08240-0436-454a-8993-362abf5bc477": window light drew 1/1 beam(s)
2026-05-25 20:29:10.032 +02:00 [INF] Map "d5c08240-0436-454a-8993-362abf5bc477": window light drew 1/1 beam(s)
2026-05-25 20:29:10.084 +02:00 [INF] Map "d5c08240-0436-454a-8993-362abf5bc477": window light drew 1/1 beam(s)
2026-05-25 20:29:10.136 +02:00 [INF] Map "d5c08240-0436-454a-8993-362abf5bc477": window light drew 1/1 beam(s)
2026-05-25 20:29:10.189 +02:00 [INF] Map "d5c08240-0436-454a-8993-362abf5bc477": window light drew 1/1 beam(s)
2026-05-25 20:29:10.240 +02:00 [INF] Map "d5c08240-0436-454a-8993-362abf5bc477": window light drew 1/1 beam(s)
2026-05-25 20:29:10.306 +02:00 [INF] Map "d5c08240-0436-454a-8993-362abf5bc477": window light drew 1/1 beam(s)
2026-05-25 20:29:10.358 +02:00 [INF] Map "d5c08240-0436-454a-8993-362abf5bc477": window light drew 1/1 beam(s)
2026-05-25 20:29:10.409 +02:00 [INF] Map "d5c08240-0436-454a-8993-362abf5bc477": window light drew 1/1 beam(s)
2026-05-25 20:29:10.461 +02:00 [INF] Map "d5c08240-0436-454a-8993-362abf5bc477": window light drew 1/1 beam(s)
2026-05-25 20:29:10.513 +02:00 [INF] Map "d5c08240-0436-454a-8993-362abf5bc477": window light drew 1/1 beam(s)
2026-05-25 20:29:10.565 +02:00 [INF] Map "d5c08240-0436-454a-8993-362abf5bc477": window light drew 1/1 beam(s)
2026-05-25 20:29:10.617 +02:00 [INF] Map "d5c08240-0436-454a-8993-362abf5bc477": window light drew 1/1 beam(s)
2026-05-25 20:29:10.670 +02:00 [INF] Map "d5c08240-0436-454a-8993-362abf5bc477": window light drew 1/1 beam(s)
2026-05-25 20:29:10.722 +02:00 [INF] Map "d5c08240-0436-454a-8993-362abf5bc477": window light drew 1/1 beam(s)
2026-05-25 20:29:10.786 +02:00 [INF] Map "d5c08240-0436-454a-8993-362abf5bc477": window light drew 1/1 beam(s)
2026-05-25 20:29:10.838 +02:00 [INF] Map "d5c08240-0436-454a-8993-362abf5bc477": window light drew 1/1 beam(s)
2026-05-25 20:29:10.890 +02:00 [INF] Map "d5c08240-0436-454a-8993-362abf5bc477": window light drew 1/1 beam(s)
2026-05-25 20:29:10.942 +02:00 [INF] Map "d5c08240-0436-454a-8993-362abf5bc477": window light drew 1/1 beam(s)
2026-05-25 20:29:10.994 +02:00 [INF] Map "d5c08240-0436-454a-8993-362abf5bc477": window light drew 1/1 beam(s)
2026-05-25 20:29:11.044 +02:00 [INF] Map "d5c08240-0436-454a-8993-362abf5bc477": window light drew 1/1 beam(s)
2026-05-25 20:29:11.096 +02:00 [INF] Map "d5c08240-0436-454a-8993-362abf5bc477": window light drew 1/1 beam(s)
2026-05-25 20:29:11.148 +02:00 [INF] Map "d5c08240-0436-454a-8993-362abf5bc477": window light drew 1/1 beam(s)
2026-05-25 20:29:11.200 +02:00 [INF] Map "d5c08240-0436-454a-8993-362abf5bc477": window light drew 1/1 beam(s)
2026-05-25 20:29:11.264 +02:00 [INF] Map "d5c08240-0436-454a-8993-362abf5bc477": window light drew 1/1 beam(s)
2026-05-25 20:29:11.316 +02:00 [INF] Map "d5c08240-0436-454a-8993-362abf5bc477": window light drew 1/1 beam(s)
2026-05-25 20:29:11.368 +02:00 [INF] Map "d5c08240-0436-454a-8993-362abf5bc477": window light drew 1/1 beam(s)
2026-05-25 20:29:11.421 +02:00 [INF] Map "d5c08240-0436-454a-8993-362abf5bc477": window light drew 1/1 beam(s)
2026-05-25 20:29:11.476 +02:00 [INF] Map "d5c08240-0436-454a-8993-362abf5bc477": window light drew 1/1 beam(s)
2026-05-25 20:29:11.530 +02:00 [INF] Map "d5c08240-0436-454a-8993-362abf5bc477": window light drew 1/1 beam(s)
2026-05-25 20:29:11.584 +02:00 [INF] Map "d5c08240-0436-454a-8993-362abf5bc477": window light drew 1/1 beam(s)
2026-05-25 20:29:11.636 +02:00 [INF] Map "d5c08240-0436-454a-8993-362abf5bc477": window light drew 1/1 beam(s)
2026-05-25 20:29:11.687 +02:00 [INF] Map "d5c08240-0436-454a-8993-362abf5bc477": window light drew 1/1 beam(s)
2026-05-25 20:29:11.752 +02:00 [INF] Map "d5c08240-0436-454a-8993-362abf5bc477": window light drew 1/1 beam(s)
2026-05-25 20:29:11.804 +02:00 [INF] Map "d5c08240-0436-454a-8993-362abf5bc477": window light drew 1/1 beam(s)
2026-05-25 20:29:11.856 +02:00 [INF] Map "d5c08240-0436-454a-8993-362abf5bc477": window light drew 1/1 beam(s)
2026-05-25 20:29:11.908 +02:00 [INF] Map "d5c08240-0436-454a-8993-362abf5bc477": window light drew 1/1 beam(s)
2026-05-25 20:29:11.958 +02:00 [INF] Map "d5c08240-0436-454a-8993-362abf5bc477": window light drew 1/1 beam(s)
2026-05-25 20:29:12.012 +02:00 [INF] Map "d5c08240-0436-454a-8993-362abf5bc477": window light drew 1/1 beam(s)
2026-05-25 20:29:12.064 +02:00 [INF] Map "d5c08240-0436-454a-8993-362abf5bc477": window light drew 1/1 beam(s)
2026-05-25 20:29:12.115 +02:00 [INF] Map "d5c08240-0436-454a-8993-362abf5bc477": window light drew 1/1 beam(s)
2026-05-25 20:29:12.168 +02:00 [INF] Map "d5c08240-0436-454a-8993-362abf5bc477": window light drew 1/1 beam(s)
2026-05-25 20:29:12.234 +02:00 [INF] Map "d5c08240-0436-454a-8993-362abf5bc477": window light drew 1/1 beam(s)
2026-05-25 20:29:12.286 +02:00 [INF] Map "d5c08240-0436-454a-8993-362abf5bc477": window light drew 1/1 beam(s)
2026-05-25 20:29:12.337 +02:00 [INF] Map "d5c08240-0436-454a-8993-362abf5bc477": window light drew 1/1 beam(s)
2026-05-25 20:29:12.390 +02:00 [INF] Map "d5c08240-0436-454a-8993-362abf5bc477": window light drew 1/1 beam(s)
2026-05-25 20:29:12.441 +02:00 [INF] Map "d5c08240-0436-454a-8993-362abf5bc477": window light drew 1/1 beam(s)
2026-05-25 20:29:12.494 +02:00 [INF] Map "d5c08240-0436-454a-8993-362abf5bc477": window light drew 1/1 beam(s)
2026-05-25 20:29:12.546 +02:00 [INF] Map "d5c08240-0436-454a-8993-362abf5bc477": window light drew 1/1 beam(s)
2026-05-25 20:29:12.599 +02:00 [INF] Map "d5c08240-0436-454a-8993-362abf5bc477": window light drew 1/1 beam(s)
2026-05-25 20:29:12.651 +02:00 [INF] Map "d5c08240-0436-454a-8993-362abf5bc477": window light drew 1/1 beam(s)
2026-05-25 20:29:12.717 +02:00 [INF] Map "d5c08240-0436-454a-8993-362abf5bc477": window light drew 1/1 beam(s)
2026-05-25 20:29:12.769 +02:00 [INF] Map "d5c08240-0436-454a-8993-362abf5bc477": window light drew 1/1 beam(s)
2026-05-25 20:29:12.821 +02:00 [INF] Map "d5c08240-0436-454a-8993-362abf5bc477": window light drew 1/1 beam(s)
2026-05-25 20:29:12.872 +02:00 [INF] Map "d5c08240-0436-454a-8993-362abf5bc477": window light drew 1/1 beam(s)
2026-05-25 20:29:12.924 +02:00 [INF] Map "d5c08240-0436-454a-8993-362abf5bc477": window light drew 1/1 beam(s)
2026-05-25 20:29:12.976 +02:00 [INF] Map "d5c08240-0436-454a-8993-362abf5bc477": window light drew 1/1 beam(s)
2026-05-25 20:29:13.028 +02:00 [INF] Map "d5c08240-0436-454a-8993-362abf5bc477": window light drew 1/1 beam(s)
2026-05-25 20:29:13.080 +02:00 [INF] Map "d5c08240-0436-454a-8993-362abf5bc477": window light drew 1/1 beam(s)
2026-05-25 20:29:13.132 +02:00 [INF] Map "d5c08240-0436-454a-8993-362abf5bc477": window light drew 1/1 beam(s)
2026-05-25 20:29:13.197 +02:00 [INF] Map "d5c08240-0436-454a-8993-362abf5bc477": window light drew 1/1 beam(s)
2026-05-25 20:29:13.249 +02:00 [INF] Map "d5c08240-0436-454a-8993-362abf5bc477": window light drew 1/1 beam(s)
2026-05-25 20:29:13.300 +02:00 [INF] Map "d5c08240-0436-454a-8993-362abf5bc477": window light drew 1/1 beam(s)
2026-05-25 20:29:13.351 +02:00 [INF] Map "d5c08240-0436-454a-8993-362abf5bc477": window light drew 1/1 beam(s)
2026-05-25 20:29:13.402 +02:00 [INF] Map "d5c08240-0436-454a-8993-362abf5bc477": window light drew 1/1 beam(s)
2026-05-25 20:29:13.454 +02:00 [INF] Map "d5c08240-0436-454a-8993-362abf5bc477": window light drew 1/1 beam(s)
2026-05-25 20:29:13.506 +02:00 [INF] Map "d5c08240-0436-454a-8993-362abf5bc477": window light drew 1/1 beam(s)
2026-05-25 20:29:13.559 +02:00 [INF] Map "d5c08240-0436-454a-8993-362abf5bc477": window light drew 1/1 beam(s)
2026-05-25 20:29:13.611 +02:00 [INF] Map "d5c08240-0436-454a-8993-362abf5bc477": window light drew 1/1 beam(s)
2026-05-25 20:29:13.677 +02:00 [INF] Map "d5c08240-0436-454a-8993-362abf5bc477": window light drew 1/1 beam(s)
2026-05-25 20:29:13.729 +02:00 [INF] Map "d5c08240-0436-454a-8993-362abf5bc477": window light drew 1/1 beam(s)
2026-05-25 20:29:13.782 +02:00 [INF] Map "d5c08240-0436-454a-8993-362abf5bc477": window light drew 1/1 beam(s)
2026-05-25 20:29:13.835 +02:00 [INF] Map "d5c08240-0436-454a-8993-362abf5bc477": window light drew 1/1 beam(s)
2026-05-25 20:29:13.887 +02:00 [INF] Map "d5c08240-0436-454a-8993-362abf5bc477": window light drew 1/1 beam(s)
2026-05-25 20:29:13.947 +02:00 [INF] Map "d5c08240-0436-454a-8993-362abf5bc477": window light drew 1/1 beam(s)
2026-05-25 20:29:13.999 +02:00 [INF] Map "d5c08240-0436-454a-8993-362abf5bc477": window light drew 1/1 beam(s)
2026-05-25 20:29:14.051 +02:00 [INF] Map "d5c08240-0436-454a-8993-362abf5bc477": window light drew 1/1 beam(s)
2026-05-25 20:29:14.103 +02:00 [INF] Map "d5c08240-0436-454a-8993-362abf5bc477": window light drew 1/1 beam(s)
2026-05-25 20:29:14.167 +02:00 [INF] Map "d5c08240-0436-454a-8993-362abf5bc477": window light drew 1/1 beam(s)
2026-05-25 20:29:14.219 +02:00 [INF] Map "d5c08240-0436-454a-8993-362abf5bc477": window light drew 1/1 beam(s)
2026-05-25 20:29:14.271 +02:00 [INF] Map "d5c08240-0436-454a-8993-362abf5bc477": window light drew 1/1 beam(s)
2026-05-25 20:29:14.322 +02:00 [INF] Map "d5c08240-0436-454a-8993-362abf5bc477": window light drew 1/1 beam(s)
2026-05-25 20:29:14.373 +02:00 [INF] Map "d5c08240-0436-454a-8993-362abf5bc477": window light drew 1/1 beam(s)
2026-05-25 20:29:14.425 +02:00 [INF] Map "d5c08240-0436-454a-8993-362abf5bc477": window light drew 1/1 beam(s)
2026-05-25 20:29:14.476 +02:00 [INF] Map "d5c08240-0436-454a-8993-362abf5bc477": window light drew 1/1 beam(s)
2026-05-25 20:29:14.529 +02:00 [INF] Map "d5c08240-0436-454a-8993-362abf5bc477": window light drew 1/1 beam(s)
2026-05-25 20:29:14.582 +02:00 [INF] Map "d5c08240-0436-454a-8993-362abf5bc477": window light drew 1/1 beam(s)
2026-05-25 20:29:14.646 +02:00 [INF] Map "d5c08240-0436-454a-8993-362abf5bc477": window light drew 1/1 beam(s)
2026-05-25 20:29:14.699 +02:00 [INF] Map "d5c08240-0436-454a-8993-362abf5bc477": window light drew 1/1 beam(s)
2026-05-25 20:29:14.751 +02:00 [INF] Map "d5c08240-0436-454a-8993-362abf5bc477": window light drew 1/1 beam(s)
2026-05-25 20:29:14.802 +02:00 [INF] Map "d5c08240-0436-454a-8993-362abf5bc477": window light drew 1/1 beam(s)
2026-05-25 20:29:14.853 +02:00 [INF] Map "d5c08240-0436-454a-8993-362abf5bc477": window light drew 1/1 beam(s)
2026-05-25 20:29:14.904 +02:00 [INF] Map "d5c08240-0436-454a-8993-362abf5bc477": window light drew 1/1 beam(s)
2026-05-25 20:29:14.957 +02:00 [INF] Map "d5c08240-0436-454a-8993-362abf5bc477": window light drew 1/1 beam(s)
2026-05-25 20:29:15.008 +02:00 [INF] Map "d5c08240-0436-454a-8993-362abf5bc477": window light drew 1/1 beam(s)
2026-05-25 20:29:15.060 +02:00 [INF] Map "d5c08240-0436-454a-8993-362abf5bc477": window light drew 1/1 beam(s)
2026-05-25 20:29:15.126 +02:00 [INF] Map "d5c08240-0436-454a-8993-362abf5bc477": window light drew 1/1 beam(s)
2026-05-25 20:29:15.178 +02:00 [INF] Map "d5c08240-0436-454a-8993-362abf5bc477": window light drew 1/1 beam(s)
2026-05-25 20:29:15.229 +02:00 [INF] Map "d5c08240-0436-454a-8993-362abf5bc477": window light drew 1/1 beam(s)
2026-05-25 20:29:15.280 +02:00 [INF] Map "d5c08240-0436-454a-8993-362abf5bc477": window light drew 1/1 beam(s)
2026-05-25 20:29:15.333 +02:00 [INF] Map "d5c08240-0436-454a-8993-362abf5bc477": window light drew 1/1 beam(s)
2026-05-25 20:29:15.384 +02:00 [INF] Map "d5c08240-0436-454a-8993-362abf5bc477": window light drew 1/1 beam(s)
2026-05-25 20:29:15.438 +02:00 [INF] Map "d5c08240-0436-454a-8993-362abf5bc477": window light drew 1/1 beam(s)
2026-05-25 20:29:15.490 +02:00 [INF] Map "d5c08240-0436-454a-8993-362abf5bc477": window light drew 1/1 beam(s)
2026-05-25 20:29:15.543 +02:00 [INF] Map "d5c08240-0436-454a-8993-362abf5bc477": window light drew 1/1 beam(s)
2026-05-25 20:29:15.613 +02:00 [INF] Map "d5c08240-0436-454a-8993-362abf5bc477": window light drew 1/1 beam(s)
2026-05-25 20:29:15.666 +02:00 [INF] Map "d5c08240-0436-454a-8993-362abf5bc477": window light drew 1/1 beam(s)
2026-05-25 20:29:15.718 +02:00 [INF] Map "d5c08240-0436-454a-8993-362abf5bc477": window light drew 1/1 beam(s)
2026-05-25 20:29:15.771 +02:00 [INF] Map "d5c08240-0436-454a-8993-362abf5bc477": window light drew 1/1 beam(s)
2026-05-25 20:29:15.825 +02:00 [INF] Map "d5c08240-0436-454a-8993-362abf5bc477": window light drew 1/1 beam(s)
2026-05-25 20:29:15.878 +02:00 [INF] Map "d5c08240-0436-454a-8993-362abf5bc477": window light drew 1/1 beam(s)
2026-05-25 20:29:15.934 +02:00 [INF] Map "d5c08240-0436-454a-8993-362abf5bc477": window light drew 1/1 beam(s)
2026-05-25 20:29:15.993 +02:00 [INF] Map "d5c08240-0436-454a-8993-362abf5bc477": window light drew 1/1 beam(s)
2026-05-25 20:29:16.051 +02:00 [INF] Map "d5c08240-0436-454a-8993-362abf5bc477": window light drew 1/1 beam(s)
2026-05-25 20:29:16.118 +02:00 [INF] Map "d5c08240-0436-454a-8993-362abf5bc477": window light drew 1/1 beam(s)
2026-05-25 20:29:16.171 +02:00 [INF] Map "d5c08240-0436-454a-8993-362abf5bc477": window light drew 1/1 beam(s)
2026-05-25 20:29:16.223 +02:00 [INF] Map "d5c08240-0436-454a-8993-362abf5bc477": window light drew 1/1 beam(s)
2026-05-25 20:29:16.275 +02:00 [INF] Map "d5c08240-0436-454a-8993-362abf5bc477": window light drew 1/1 beam(s)
2026-05-25 20:29:16.327 +02:00 [INF] Map "d5c08240-0436-454a-8993-362abf5bc477": window light drew 1/1 beam(s)
2026-05-25 20:29:16.379 +02:00 [INF] Map "d5c08240-0436-454a-8993-362abf5bc477": window light drew 1/1 beam(s)
2026-05-25 20:29:16.431 +02:00 [INF] Map "d5c08240-0436-454a-8993-362abf5bc477": window light drew 1/1 beam(s)
2026-05-25 20:29:16.483 +02:00 [INF] Map "d5c08240-0436-454a-8993-362abf5bc477": window light drew 1/1 beam(s)
2026-05-25 20:29:16.535 +02:00 [INF] Map "d5c08240-0436-454a-8993-362abf5bc477": window light drew 1/1 beam(s)
2026-05-25 20:29:16.600 +02:00 [INF] Map "d5c08240-0436-454a-8993-362abf5bc477": window light drew 1/1 beam(s)
2026-05-25 20:29:16.651 +02:00 [INF] Map "d5c08240-0436-454a-8993-362abf5bc477": window light drew 1/1 beam(s)
2026-05-25 20:29:16.703 +02:00 [INF] Map "d5c08240-0436-454a-8993-362abf5bc477": window light drew 1/1 beam(s)
2026-05-25 20:29:16.754 +02:00 [INF] Map "d5c08240-0436-454a-8993-362abf5bc477": window light drew 1/1 beam(s)
2026-05-25 20:29:16.806 +02:00 [INF] Map "d5c08240-0436-454a-8993-362abf5bc477": window light drew 1/1 beam(s)
2026-05-25 20:29:16.859 +02:00 [INF] Map "d5c08240-0436-454a-8993-362abf5bc477": window light drew 1/1 beam(s)
2026-05-25 20:29:16.911 +02:00 [INF] Map "d5c08240-0436-454a-8993-362abf5bc477": window light drew 1/1 beam(s)
2026-05-25 20:29:16.964 +02:00 [INF] Map "d5c08240-0436-454a-8993-362abf5bc477": window light drew 1/1 beam(s)
2026-05-25 20:29:17.016 +02:00 [INF] Map "d5c08240-0436-454a-8993-362abf5bc477": window light drew 1/1 beam(s)
2026-05-25 20:29:17.082 +02:00 [INF] Map "d5c08240-0436-454a-8993-362abf5bc477": window light drew 1/1 beam(s)
2026-05-25 20:29:17.133 +02:00 [INF] Map "d5c08240-0436-454a-8993-362abf5bc477": window light drew 1/1 beam(s)
2026-05-25 20:29:17.185 +02:00 [INF] Map "d5c08240-0436-454a-8993-362abf5bc477": window light drew 1/1 beam(s)
2026-05-25 20:29:17.237 +02:00 [INF] Map "d5c08240-0436-454a-8993-362abf5bc477": window light drew 1/1 beam(s)
2026-05-25 20:29:17.288 +02:00 [INF] Map "d5c08240-0436-454a-8993-362abf5bc477": window light drew 1/1 beam(s)
2026-05-25 20:29:17.340 +02:00 [INF] Map "d5c08240-0436-454a-8993-362abf5bc477": window light drew 1/1 beam(s)
2026-05-25 20:29:17.392 +02:00 [INF] Map "d5c08240-0436-454a-8993-362abf5bc477": window light drew 1/1 beam(s)
2026-05-25 20:29:17.444 +02:00 [INF] Map "d5c08240-0436-454a-8993-362abf5bc477": window light drew 1/1 beam(s)
2026-05-25 20:29:17.498 +02:00 [INF] Map "d5c08240-0436-454a-8993-362abf5bc477": window light drew 1/1 beam(s)
2026-05-25 20:29:17.563 +02:00 [INF] Map "d5c08240-0436-454a-8993-362abf5bc477": window light drew 1/1 beam(s)
2026-05-25 20:29:17.615 +02:00 [INF] Map "d5c08240-0436-454a-8993-362abf5bc477": window light drew 1/1 beam(s)
2026-05-25 20:29:17.667 +02:00 [INF] Map "d5c08240-0436-454a-8993-362abf5bc477": window light drew 1/1 beam(s)
2026-05-25 20:29:17.719 +02:00 [INF] Map "d5c08240-0436-454a-8993-362abf5bc477": window light drew 1/1 beam(s)
2026-05-25 20:29:17.771 +02:00 [INF] Map "d5c08240-0436-454a-8993-362abf5bc477": window light drew 1/1 beam(s)
2026-05-25 20:29:17.823 +02:00 [INF] Map "d5c08240-0436-454a-8993-362abf5bc477": window light drew 1/1 beam(s)
2026-05-25 20:29:17.875 +02:00 [INF] Map "d5c08240-0436-454a-8993-362abf5bc477": window light drew 1/1 beam(s)
2026-05-25 20:29:17.927 +02:00 [INF] Map "d5c08240-0436-454a-8993-362abf5bc477": window light drew 1/1 beam(s)
2026-05-25 20:29:17.984 +02:00 [INF] Map "d5c08240-0436-454a-8993-362abf5bc477": window light drew 1/1 beam(s)
2026-05-25 20:29:18.049 +02:00 [INF] Map "d5c08240-0436-454a-8993-362abf5bc477": window light drew 1/1 beam(s)
2026-05-25 20:29:18.101 +02:00 [INF] Map "d5c08240-0436-454a-8993-362abf5bc477": window light drew 1/1 beam(s)
2026-05-25 20:29:18.153 +02:00 [INF] Map "d5c08240-0436-454a-8993-362abf5bc477": window light drew 1/1 beam(s)
2026-05-25 20:29:18.204 +02:00 [INF] Map "d5c08240-0436-454a-8993-362abf5bc477": window light drew 1/1 beam(s)
2026-05-25 20:29:18.255 +02:00 [INF] Map "d5c08240-0436-454a-8993-362abf5bc477": window light drew 1/1 beam(s)
2026-05-25 20:29:18.307 +02:00 [INF] Map "d5c08240-0436-454a-8993-362abf5bc477": window light drew 1/1 beam(s)
2026-05-25 20:29:18.358 +02:00 [INF] Map "d5c08240-0436-454a-8993-362abf5bc477": window light drew 1/1 beam(s)
2026-05-25 20:29:18.409 +02:00 [INF] Map "d5c08240-0436-454a-8993-362abf5bc477": window light drew 1/1 beam(s)
2026-05-25 20:29:18.460 +02:00 [INF] Map "d5c08240-0436-454a-8993-362abf5bc477": window light drew 1/1 beam(s)
2026-05-25 20:29:18.525 +02:00 [INF] Map "d5c08240-0436-454a-8993-362abf5bc477": window light drew 1/1 beam(s)
2026-05-25 20:29:18.577 +02:00 [INF] Map "d5c08240-0436-454a-8993-362abf5bc477": window light drew 1/1 beam(s)
2026-05-25 20:29:18.629 +02:00 [INF] Map "d5c08240-0436-454a-8993-362abf5bc477": window light drew 1/1 beam(s)
2026-05-25 20:29:18.681 +02:00 [INF] Map "d5c08240-0436-454a-8993-362abf5bc477": window light drew 1/1 beam(s)
2026-05-25 20:29:18.733 +02:00 [INF] Map "d5c08240-0436-454a-8993-362abf5bc477": window light drew 1/1 beam(s)
2026-05-25 20:29:18.785 +02:00 [INF] Map "d5c08240-0436-454a-8993-362abf5bc477": window light drew 1/1 beam(s)
2026-05-25 20:29:18.837 +02:00 [INF] Map "d5c08240-0436-454a-8993-362abf5bc477": window light drew 1/1 beam(s)
2026-05-25 20:29:18.888 +02:00 [INF] Map "d5c08240-0436-454a-8993-362abf5bc477": window light drew 1/1 beam(s)
2026-05-25 20:29:18.940 +02:00 [INF] Map "d5c08240-0436-454a-8993-362abf5bc477": window light drew 1/1 beam(s)
2026-05-25 20:29:19.006 +02:00 [INF] Map "d5c08240-0436-454a-8993-362abf5bc477": window light drew 1/1 beam(s)
2026-05-25 20:29:19.058 +02:00 [INF] Map "d5c08240-0436-454a-8993-362abf5bc477": window light drew 1/1 beam(s)
2026-05-25 20:29:19.109 +02:00 [INF] Map "d5c08240-0436-454a-8993-362abf5bc477": window light drew 1/1 beam(s)
2026-05-25 20:29:19.161 +02:00 [INF] Map "d5c08240-0436-454a-8993-362abf5bc477": window light drew 1/1 beam(s)
2026-05-25 20:29:19.213 +02:00 [INF] Map "d5c08240-0436-454a-8993-362abf5bc477": window light drew 1/1 beam(s)
2026-05-25 20:29:19.264 +02:00 [INF] Map "d5c08240-0436-454a-8993-362abf5bc477": window light drew 1/1 beam(s)
2026-05-25 20:29:19.315 +02:00 [INF] Map "d5c08240-0436-454a-8993-362abf5bc477": window light drew 1/1 beam(s)
2026-05-25 20:29:19.367 +02:00 [INF] Map "d5c08240-0436-454a-8993-362abf5bc477": window light drew 1/1 beam(s)
2026-05-25 20:29:19.420 +02:00 [INF] Map "d5c08240-0436-454a-8993-362abf5bc477": window light drew 1/1 beam(s)
2026-05-25 20:29:19.489 +02:00 [INF] Map "d5c08240-0436-454a-8993-362abf5bc477": window light drew 1/1 beam(s)
2026-05-25 20:29:19.541 +02:00 [INF] Map "d5c08240-0436-454a-8993-362abf5bc477": window light drew 1/1 beam(s)
2026-05-25 20:29:19.595 +02:00 [INF] Map "d5c08240-0436-454a-8993-362abf5bc477": window light drew 1/1 beam(s)
2026-05-25 20:29:19.647 +02:00 [INF] Map "d5c08240-0436-454a-8993-362abf5bc477": window light drew 1/1 beam(s)
2026-05-25 20:29:19.700 +02:00 [INF] Map "d5c08240-0436-454a-8993-362abf5bc477": window light drew 1/1 beam(s)
2026-05-25 20:29:19.752 +02:00 [INF] Map "d5c08240-0436-454a-8993-362abf5bc477": window light drew 1/1 beam(s)
2026-05-25 20:29:19.804 +02:00 [INF] Map "d5c08240-0436-454a-8993-362abf5bc477": window light drew 1/1 beam(s)
2026-05-25 20:29:19.858 +02:00 [INF] Map "d5c08240-0436-454a-8993-362abf5bc477": window light drew 1/1 beam(s)
2026-05-25 20:29:19.912 +02:00 [INF] Map "d5c08240-0436-454a-8993-362abf5bc477": window light drew 1/1 beam(s)
2026-05-25 20:29:19.977 +02:00 [INF] Map "d5c08240-0436-454a-8993-362abf5bc477": window light drew 1/1 beam(s)
2026-05-25 20:29:20.029 +02:00 [INF] Map "d5c08240-0436-454a-8993-362abf5bc477": window light drew 1/1 beam(s)
2026-05-25 20:29:20.081 +02:00 [INF] Map "d5c08240-0436-454a-8993-362abf5bc477": window light drew 1/1 beam(s)
2026-05-25 20:29:20.137 +02:00 [INF] Map "d5c08240-0436-454a-8993-362abf5bc477": window light drew 1/1 beam(s)
2026-05-25 20:29:20.189 +02:00 [INF] Map "d5c08240-0436-454a-8993-362abf5bc477": window light drew 1/1 beam(s)
2026-05-25 20:29:20.243 +02:00 [INF] Map "d5c08240-0436-454a-8993-362abf5bc477": window light drew 1/1 beam(s)
2026-05-25 20:29:20.294 +02:00 [INF] Map "d5c08240-0436-454a-8993-362abf5bc477": window light drew 1/1 beam(s)
2026-05-25 20:29:20.347 +02:00 [INF] Map "d5c08240-0436-454a-8993-362abf5bc477": window light drew 1/1 beam(s)
2026-05-25 20:29:20.399 +02:00 [INF] Map "d5c08240-0436-454a-8993-362abf5bc477": window light drew 1/1 beam(s)
2026-05-25 20:29:20.465 +02:00 [INF] Map "d5c08240-0436-454a-8993-362abf5bc477": window light drew 1/1 beam(s)
2026-05-25 20:29:20.517 +02:00 [INF] Map "d5c08240-0436-454a-8993-362abf5bc477": window light drew 1/1 beam(s)
2026-05-25 20:29:20.570 +02:00 [INF] Map "d5c08240-0436-454a-8993-362abf5bc477": window light drew 1/1 beam(s)
2026-05-25 20:29:20.623 +02:00 [INF] Map "d5c08240-0436-454a-8993-362abf5bc477": window light drew 1/1 beam(s)
2026-05-25 20:29:20.675 +02:00 [INF] Map "d5c08240-0436-454a-8993-362abf5bc477": window light drew 1/1 beam(s)
2026-05-25 20:29:20.727 +02:00 [INF] Map "d5c08240-0436-454a-8993-362abf5bc477": window light drew 1/1 beam(s)
2026-05-25 20:29:20.779 +02:00 [INF] Map "d5c08240-0436-454a-8993-362abf5bc477": window light drew 1/1 beam(s)
2026-05-25 20:29:20.831 +02:00 [INF] Map "d5c08240-0436-454a-8993-362abf5bc477": window light drew 1/1 beam(s)
2026-05-25 20:29:20.888 +02:00 [INF] Map "d5c08240-0436-454a-8993-362abf5bc477": window light drew 1/1 beam(s)
2026-05-25 20:29:20.953 +02:00 [INF] Map "d5c08240-0436-454a-8993-362abf5bc477": window light drew 1/1 beam(s)
2026-05-25 20:29:21.005 +02:00 [INF] Map "d5c08240-0436-454a-8993-362abf5bc477": window light drew 1/1 beam(s)
2026-05-25 20:29:21.057 +02:00 [INF] Map "d5c08240-0436-454a-8993-362abf5bc477": window light drew 1/1 beam(s)
2026-05-25 20:29:21.109 +02:00 [INF] Map "d5c08240-0436-454a-8993-362abf5bc477": window light drew 1/1 beam(s)
2026-05-25 20:29:21.161 +02:00 [INF] Map "d5c08240-0436-454a-8993-362abf5bc477": window light drew 1/1 beam(s)
2026-05-25 20:29:21.213 +02:00 [INF] Map "d5c08240-0436-454a-8993-362abf5bc477": window light drew 1/1 beam(s)
2026-05-25 20:29:21.266 +02:00 [INF] Map "d5c08240-0436-454a-8993-362abf5bc477": window light drew 1/1 beam(s)
2026-05-25 20:29:21.318 +02:00 [INF] Map "d5c08240-0436-454a-8993-362abf5bc477": window light drew 1/1 beam(s)
2026-05-25 20:29:21.369 +02:00 [INF] Map "d5c08240-0436-454a-8993-362abf5bc477": window light drew 1/1 beam(s)
2026-05-25 20:29:21.435 +02:00 [INF] Map "d5c08240-0436-454a-8993-362abf5bc477": window light drew 1/1 beam(s)
2026-05-25 20:29:21.486 +02:00 [INF] Map "d5c08240-0436-454a-8993-362abf5bc477": window light drew 1/1 beam(s)
2026-05-25 20:29:21.540 +02:00 [INF] Map "d5c08240-0436-454a-8993-362abf5bc477": window light drew 1/1 beam(s)
2026-05-25 20:29:21.592 +02:00 [INF] Map "d5c08240-0436-454a-8993-362abf5bc477": window light drew 1/1 beam(s)
2026-05-25 20:29:21.645 +02:00 [INF] Map "d5c08240-0436-454a-8993-362abf5bc477": window light drew 1/1 beam(s)
2026-05-25 20:29:21.705 +02:00 [INF] Map "d5c08240-0436-454a-8993-362abf5bc477": window light drew 1/1 beam(s)
2026-05-25 20:29:21.761 +02:00 [INF] Map "d5c08240-0436-454a-8993-362abf5bc477": window light drew 1/1 beam(s)
2026-05-25 20:29:21.816 +02:00 [INF] Map "d5c08240-0436-454a-8993-362abf5bc477": window light drew 1/1 beam(s)
2026-05-25 20:29:21.868 +02:00 [INF] Map "d5c08240-0436-454a-8993-362abf5bc477": window light drew 1/1 beam(s)
2026-05-25 20:29:21.934 +02:00 [INF] Map "d5c08240-0436-454a-8993-362abf5bc477": window light drew 1/1 beam(s)
2026-05-25 20:29:21.985 +02:00 [INF] Map "d5c08240-0436-454a-8993-362abf5bc477": window light drew 1/1 beam(s)
2026-05-25 20:29:22.037 +02:00 [INF] Map "d5c08240-0436-454a-8993-362abf5bc477": window light drew 1/1 beam(s)
2026-05-25 20:29:22.091 +02:00 [INF] Map "d5c08240-0436-454a-8993-362abf5bc477": window light drew 1/1 beam(s)
2026-05-25 20:29:22.142 +02:00 [INF] Map "d5c08240-0436-454a-8993-362abf5bc477": window light drew 1/1 beam(s)
2026-05-25 20:29:22.195 +02:00 [INF] Map "d5c08240-0436-454a-8993-362abf5bc477": window light drew 1/1 beam(s)
2026-05-25 20:29:22.247 +02:00 [INF] Map "d5c08240-0436-454a-8993-362abf5bc477": window light drew 1/1 beam(s)
2026-05-25 20:29:22.299 +02:00 [INF] Map "d5c08240-0436-454a-8993-362abf5bc477": window light drew 1/1 beam(s)
2026-05-25 20:29:22.351 +02:00 [INF] Map "d5c08240-0436-454a-8993-362abf5bc477": window light drew 1/1 beam(s)
2026-05-25 20:29:22.416 +02:00 [INF] Map "d5c08240-0436-454a-8993-362abf5bc477": window light drew 1/1 beam(s)
2026-05-25 20:29:22.468 +02:00 [INF] Map "d5c08240-0436-454a-8993-362abf5bc477": window light drew 1/1 beam(s)
2026-05-25 20:29:22.520 +02:00 [INF] Map "d5c08240-0436-454a-8993-362abf5bc477": window light drew 1/1 beam(s)
2026-05-25 20:29:22.572 +02:00 [INF] Map "d5c08240-0436-454a-8993-362abf5bc477": window light drew 1/1 beam(s)
2026-05-25 20:29:22.624 +02:00 [INF] Map "d5c08240-0436-454a-8993-362abf5bc477": window light drew 1/1 beam(s)
2026-05-25 20:29:22.675 +02:00 [INF] Map "d5c08240-0436-454a-8993-362abf5bc477": window light drew 1/1 beam(s)
2026-05-25 20:29:22.729 +02:00 [INF] Map "d5c08240-0436-454a-8993-362abf5bc477": window light drew 1/1 beam(s)
2026-05-25 20:29:22.786 +02:00 [INF] Map "d5c08240-0436-454a-8993-362abf5bc477": window light drew 1/1 beam(s)
2026-05-25 20:29:22.839 +02:00 [INF] Map "d5c08240-0436-454a-8993-362abf5bc477": window light drew 1/1 beam(s)
2026-05-25 20:29:22.904 +02:00 [INF] Map "d5c08240-0436-454a-8993-362abf5bc477": window light drew 1/1 beam(s)
2026-05-25 20:29:22.956 +02:00 [INF] Map "d5c08240-0436-454a-8993-362abf5bc477": window light drew 1/1 beam(s)
2026-05-25 20:29:23.007 +02:00 [INF] Map "d5c08240-0436-454a-8993-362abf5bc477": window light drew 1/1 beam(s)
2026-05-25 20:29:23.058 +02:00 [INF] Map "d5c08240-0436-454a-8993-362abf5bc477": window light drew 1/1 beam(s)
2026-05-25 20:29:23.109 +02:00 [INF] Map "d5c08240-0436-454a-8993-362abf5bc477": window light drew 1/1 beam(s)
2026-05-25 20:29:23.161 +02:00 [INF] Map "d5c08240-0436-454a-8993-362abf5bc477": window light drew 1/1 beam(s)
2026-05-25 20:29:23.213 +02:00 [INF] Map "d5c08240-0436-454a-8993-362abf5bc477": window light drew 1/1 beam(s)
2026-05-25 20:29:23.264 +02:00 [INF] Map "d5c08240-0436-454a-8993-362abf5bc477": window light drew 1/1 beam(s)
2026-05-25 20:29:23.316 +02:00 [INF] Map "d5c08240-0436-454a-8993-362abf5bc477": window light drew 1/1 beam(s)
2026-05-25 20:29:23.381 +02:00 [INF] Map "d5c08240-0436-454a-8993-362abf5bc477": window light drew 1/1 beam(s)
2026-05-25 20:29:23.433 +02:00 [INF] Map "d5c08240-0436-454a-8993-362abf5bc477": window light drew 1/1 beam(s)
2026-05-25 20:29:23.486 +02:00 [INF] Map "d5c08240-0436-454a-8993-362abf5bc477": window light drew 1/1 beam(s)
2026-05-25 20:29:23.538 +02:00 [INF] Map "d5c08240-0436-454a-8993-362abf5bc477": window light drew 1/1 beam(s)
2026-05-25 20:29:23.590 +02:00 [INF] Map "d5c08240-0436-454a-8993-362abf5bc477": window light drew 1/1 beam(s)
2026-05-25 20:29:23.641 +02:00 [INF] Map "d5c08240-0436-454a-8993-362abf5bc477": window light drew 1/1 beam(s)
2026-05-25 20:29:23.693 +02:00 [INF] Map "d5c08240-0436-454a-8993-362abf5bc477": window light drew 1/1 beam(s)
2026-05-25 20:29:23.745 +02:00 [INF] Map "d5c08240-0436-454a-8993-362abf5bc477": window light drew 1/1 beam(s)
2026-05-25 20:29:23.797 +02:00 [INF] Map "d5c08240-0436-454a-8993-362abf5bc477": window light drew 1/1 beam(s)
2026-05-25 20:29:23.869 +02:00 [INF] Map "d5c08240-0436-454a-8993-362abf5bc477": window light drew 1/1 beam(s)
2026-05-25 20:29:23.921 +02:00 [INF] Map "d5c08240-0436-454a-8993-362abf5bc477": window light drew 1/1 beam(s)
2026-05-25 20:29:23.973 +02:00 [INF] Map "d5c08240-0436-454a-8993-362abf5bc477": window light drew 1/1 beam(s)
2026-05-25 20:29:24.024 +02:00 [INF] Map "d5c08240-0436-454a-8993-362abf5bc477": window light drew 1/1 beam(s)
2026-05-25 20:29:24.076 +02:00 [INF] Map "d5c08240-0436-454a-8993-362abf5bc477": window light drew 1/1 beam(s)
2026-05-25 20:29:24.127 +02:00 [INF] Map "d5c08240-0436-454a-8993-362abf5bc477": window light drew 1/1 beam(s)
2026-05-25 20:29:24.180 +02:00 [INF] Map "d5c08240-0436-454a-8993-362abf5bc477": window light drew 1/1 beam(s)
2026-05-25 20:29:24.248 +02:00 [INF] Map "d5c08240-0436-454a-8993-362abf5bc477": window light drew 1/1 beam(s)
2026-05-25 20:29:24.301 +02:00 [INF] Map "d5c08240-0436-454a-8993-362abf5bc477": window light drew 1/1 beam(s)
2026-05-25 20:29:24.374 +02:00 [INF] Map "d5c08240-0436-454a-8993-362abf5bc477": window light drew 1/1 beam(s)
2026-05-25 20:29:24.425 +02:00 [INF] Map "d5c08240-0436-454a-8993-362abf5bc477": window light drew 1/1 beam(s)
2026-05-25 20:29:24.477 +02:00 [INF] Map "d5c08240-0436-454a-8993-362abf5bc477": window light drew 1/1 beam(s)
2026-05-25 20:29:24.528 +02:00 [INF] Map "d5c08240-0436-454a-8993-362abf5bc477": window light drew 1/1 beam(s)
2026-05-25 20:29:24.579 +02:00 [INF] Map "d5c08240-0436-454a-8993-362abf5bc477": window light drew 1/1 beam(s)
2026-05-25 20:29:24.631 +02:00 [INF] Map "d5c08240-0436-454a-8993-362abf5bc477": window light drew 1/1 beam(s)
2026-05-25 20:29:24.683 +02:00 [INF] Map "d5c08240-0436-454a-8993-362abf5bc477": window light drew 1/1 beam(s)
2026-05-25 20:29:24.735 +02:00 [INF] Map "d5c08240-0436-454a-8993-362abf5bc477": window light drew 1/1 beam(s)
2026-05-25 20:29:24.787 +02:00 [INF] Map "d5c08240-0436-454a-8993-362abf5bc477": window light drew 1/1 beam(s)
2026-05-25 20:29:24.851 +02:00 [INF] Map "d5c08240-0436-454a-8993-362abf5bc477": window light drew 1/1 beam(s)
2026-05-25 20:29:24.903 +02:00 [INF] Map "d5c08240-0436-454a-8993-362abf5bc477": window light drew 1/1 beam(s)
2026-05-25 20:29:24.957 +02:00 [INF] Map "d5c08240-0436-454a-8993-362abf5bc477": window light drew 1/1 beam(s)
2026-05-25 20:29:25.011 +02:00 [INF] Map "d5c08240-0436-454a-8993-362abf5bc477": window light drew 1/1 beam(s)
2026-05-25 20:29:25.064 +02:00 [INF] Map "d5c08240-0436-454a-8993-362abf5bc477": window light drew 1/1 beam(s)
2026-05-25 20:29:25.116 +02:00 [INF] Map "d5c08240-0436-454a-8993-362abf5bc477": window light drew 1/1 beam(s)
2026-05-25 20:29:25.169 +02:00 [INF] Map "d5c08240-0436-454a-8993-362abf5bc477": window light drew 1/1 beam(s)
2026-05-25 20:29:25.220 +02:00 [INF] Map "d5c08240-0436-454a-8993-362abf5bc477": window light drew 1/1 beam(s)
2026-05-25 20:29:25.272 +02:00 [INF] Map "d5c08240-0436-454a-8993-362abf5bc477": window light drew 1/1 beam(s)
2026-05-25 20:29:25.337 +02:00 [INF] Map "d5c08240-0436-454a-8993-362abf5bc477": window light drew 1/1 beam(s)
2026-05-25 20:29:25.388 +02:00 [INF] Map "d5c08240-0436-454a-8993-362abf5bc477": window light drew 1/1 beam(s)
2026-05-25 20:29:25.439 +02:00 [INF] Map "d5c08240-0436-454a-8993-362abf5bc477": window light drew 1/1 beam(s)
2026-05-25 20:29:25.491 +02:00 [INF] Map "d5c08240-0436-454a-8993-362abf5bc477": window light drew 1/1 beam(s)
2026-05-25 20:29:25.545 +02:00 [INF] Map "d5c08240-0436-454a-8993-362abf5bc477": window light drew 1/1 beam(s)
2026-05-25 20:29:25.616 +02:00 [INF] Map "d5c08240-0436-454a-8993-362abf5bc477": window light drew 1/1 beam(s)
2026-05-25 20:29:25.669 +02:00 [INF] Map "d5c08240-0436-454a-8993-362abf5bc477": window light drew 1/1 beam(s)
2026-05-25 20:29:25.722 +02:00 [INF] Map "d5c08240-0436-454a-8993-362abf5bc477": window light drew 1/1 beam(s)
2026-05-25 20:29:25.775 +02:00 [INF] Map "d5c08240-0436-454a-8993-362abf5bc477": window light drew 1/1 beam(s)
2026-05-25 20:29:25.840 +02:00 [INF] Map "d5c08240-0436-454a-8993-362abf5bc477": window light drew 1/1 beam(s)
2026-05-25 20:29:25.893 +02:00 [INF] Map "d5c08240-0436-454a-8993-362abf5bc477": window light drew 1/1 beam(s)
2026-05-25 20:29:25.945 +02:00 [INF] Map "d5c08240-0436-454a-8993-362abf5bc477": window light drew 1/1 beam(s)
2026-05-25 20:29:25.999 +02:00 [INF] Map "d5c08240-0436-454a-8993-362abf5bc477": window light drew 1/1 beam(s)
2026-05-25 20:29:26.052 +02:00 [INF] Map "d5c08240-0436-454a-8993-362abf5bc477": window light drew 1/1 beam(s)
2026-05-25 20:29:26.107 +02:00 [INF] Map "d5c08240-0436-454a-8993-362abf5bc477": window light drew 1/1 beam(s)
2026-05-25 20:29:26.159 +02:00 [INF] Map "d5c08240-0436-454a-8993-362abf5bc477": window light drew 1/1 beam(s)
2026-05-25 20:29:26.210 +02:00 [INF] Map "d5c08240-0436-454a-8993-362abf5bc477": window light drew 1/1 beam(s)
2026-05-25 20:29:26.262 +02:00 [INF] Map "d5c08240-0436-454a-8993-362abf5bc477": window light drew 1/1 beam(s)
2026-05-25 20:29:26.327 +02:00 [INF] Map "d5c08240-0436-454a-8993-362abf5bc477": window light drew 1/1 beam(s)
2026-05-25 20:29:26.379 +02:00 [INF] Map "d5c08240-0436-454a-8993-362abf5bc477": window light drew 1/1 beam(s)
2026-05-25 20:29:26.430 +02:00 [INF] Map "d5c08240-0436-454a-8993-362abf5bc477": window light drew 1/1 beam(s)
2026-05-25 20:29:26.482 +02:00 [INF] Map "d5c08240-0436-454a-8993-362abf5bc477": window light drew 1/1 beam(s)
2026-05-25 20:29:26.534 +02:00 [INF] Map "d5c08240-0436-454a-8993-362abf5bc477": window light drew 1/1 beam(s)
2026-05-25 20:29:26.585 +02:00 [INF] Map "d5c08240-0436-454a-8993-362abf5bc477": window light drew 1/1 beam(s)
2026-05-25 20:29:26.637 +02:00 [INF] Map "d5c08240-0436-454a-8993-362abf5bc477": window light drew 1/1 beam(s)
2026-05-25 20:29:26.687 +02:00 [INF] Map "d5c08240-0436-454a-8993-362abf5bc477": window light drew 1/1 beam(s)
2026-05-25 20:29:26.738 +02:00 [INF] Map "d5c08240-0436-454a-8993-362abf5bc477": window light drew 1/1 beam(s)
2026-05-25 20:29:26.802 +02:00 [INF] Map "d5c08240-0436-454a-8993-362abf5bc477": window light drew 1/1 beam(s)
2026-05-25 20:29:26.853 +02:00 [INF] Map "d5c08240-0436-454a-8993-362abf5bc477": window light drew 1/1 beam(s)
2026-05-25 20:29:26.906 +02:00 [INF] Map "d5c08240-0436-454a-8993-362abf5bc477": window light drew 1/1 beam(s)
2026-05-25 20:29:26.973 +02:00 [INF] Map "d5c08240-0436-454a-8993-362abf5bc477": window light drew 1/1 beam(s)
2026-05-25 20:29:27.025 +02:00 [INF] Map "d5c08240-0436-454a-8993-362abf5bc477": window light drew 1/1 beam(s)
2026-05-25 20:29:27.076 +02:00 [INF] Map "d5c08240-0436-454a-8993-362abf5bc477": window light drew 1/1 beam(s)
2026-05-25 20:29:27.128 +02:00 [INF] Map "d5c08240-0436-454a-8993-362abf5bc477": window light drew 1/1 beam(s)
2026-05-25 20:29:27.180 +02:00 [INF] Map "d5c08240-0436-454a-8993-362abf5bc477": window light drew 1/1 beam(s)
2026-05-25 20:29:27.231 +02:00 [INF] Map "d5c08240-0436-454a-8993-362abf5bc477": window light drew 1/1 beam(s)
2026-05-25 20:29:27.297 +02:00 [INF] Map "d5c08240-0436-454a-8993-362abf5bc477": window light drew 1/1 beam(s)
2026-05-25 20:29:27.348 +02:00 [INF] Map "d5c08240-0436-454a-8993-362abf5bc477": window light drew 1/1 beam(s)
2026-05-25 20:29:27.401 +02:00 [INF] Map "d5c08240-0436-454a-8993-362abf5bc477": window light drew 1/1 beam(s)
2026-05-25 20:29:27.453 +02:00 [INF] Map "d5c08240-0436-454a-8993-362abf5bc477": window light drew 1/1 beam(s)
2026-05-25 20:29:27.506 +02:00 [INF] Map "d5c08240-0436-454a-8993-362abf5bc477": window light drew 1/1 beam(s)
2026-05-25 20:29:27.558 +02:00 [INF] Map "d5c08240-0436-454a-8993-362abf5bc477": window light drew 1/1 beam(s)
2026-05-25 20:29:27.610 +02:00 [INF] Map "d5c08240-0436-454a-8993-362abf5bc477": window light drew 1/1 beam(s)
2026-05-25 20:29:27.663 +02:00 [INF] Map "d5c08240-0436-454a-8993-362abf5bc477": window light drew 1/1 beam(s)
2026-05-25 20:29:27.715 +02:00 [INF] Map "d5c08240-0436-454a-8993-362abf5bc477": window light drew 1/1 beam(s)
2026-05-25 20:29:27.779 +02:00 [INF] Map "d5c08240-0436-454a-8993-362abf5bc477": window light drew 1/1 beam(s)
2026-05-25 20:29:27.831 +02:00 [INF] Map "d5c08240-0436-454a-8993-362abf5bc477": window light drew 1/1 beam(s)
2026-05-25 20:29:27.889 +02:00 [INF] Map "d5c08240-0436-454a-8993-362abf5bc477": window light drew 1/1 beam(s)
2026-05-25 20:29:27.940 +02:00 [INF] Map "d5c08240-0436-454a-8993-362abf5bc477": window light drew 1/1 beam(s)
2026-05-25 20:29:27.992 +02:00 [INF] Map "d5c08240-0436-454a-8993-362abf5bc477": window light drew 1/1 beam(s)
2026-05-25 20:29:28.043 +02:00 [INF] Map "d5c08240-0436-454a-8993-362abf5bc477": window light drew 1/1 beam(s)
2026-05-25 20:29:28.093 +02:00 [INF] Map "d5c08240-0436-454a-8993-362abf5bc477": window light drew 1/1 beam(s)
2026-05-25 20:29:28.145 +02:00 [INF] Map "d5c08240-0436-454a-8993-362abf5bc477": window light drew 1/1 beam(s)
2026-05-25 20:29:28.197 +02:00 [INF] Map "d5c08240-0436-454a-8993-362abf5bc477": window light drew 1/1 beam(s)
2026-05-25 20:29:28.262 +02:00 [INF] Map "d5c08240-0436-454a-8993-362abf5bc477": window light drew 1/1 beam(s)
2026-05-25 20:29:28.314 +02:00 [INF] Map "d5c08240-0436-454a-8993-362abf5bc477": window light drew 1/1 beam(s)
2026-05-25 20:29:28.367 +02:00 [INF] Map "d5c08240-0436-454a-8993-362abf5bc477": window light drew 1/1 beam(s)
2026-05-25 20:29:28.424 +02:00 [INF] Map "d5c08240-0436-454a-8993-362abf5bc477": window light drew 1/1 beam(s)
2026-05-25 20:29:28.483 +02:00 [INF] Map "d5c08240-0436-454a-8993-362abf5bc477": window light drew 1/1 beam(s)
2026-05-25 20:29:28.541 +02:00 [INF] Map "d5c08240-0436-454a-8993-362abf5bc477": window light drew 1/1 beam(s)
2026-05-25 20:29:28.600 +02:00 [INF] Map "d5c08240-0436-454a-8993-362abf5bc477": window light drew 1/1 beam(s)
2026-05-25 20:29:28.655 +02:00 [INF] Map "d5c08240-0436-454a-8993-362abf5bc477": window light drew 1/1 beam(s)
2026-05-25 20:29:28.709 +02:00 [INF] Map "d5c08240-0436-454a-8993-362abf5bc477": window light drew 1/1 beam(s)
2026-05-25 20:29:28.788 +02:00 [INF] Map "d5c08240-0436-454a-8993-362abf5bc477": window light drew 1/1 beam(s)
2026-05-25 20:29:28.851 +02:00 [INF] Map "d5c08240-0436-454a-8993-362abf5bc477": window light drew 1/1 beam(s)
2026-05-25 20:29:28.914 +02:00 [INF] Map "d5c08240-0436-454a-8993-362abf5bc477": window light drew 1/1 beam(s)
2026-05-25 20:29:28.977 +02:00 [INF] Map "d5c08240-0436-454a-8993-362abf5bc477": window light drew 1/1 beam(s)
2026-05-25 20:29:29.032 +02:00 [INF] Map "d5c08240-0436-454a-8993-362abf5bc477": window light drew 1/1 beam(s)
2026-05-25 20:29:29.087 +02:00 [INF] Map "d5c08240-0436-454a-8993-362abf5bc477": window light drew 1/1 beam(s)
2026-05-25 20:29:29.143 +02:00 [INF] Map "d5c08240-0436-454a-8993-362abf5bc477": window light drew 1/1 beam(s)
2026-05-25 20:29:29.199 +02:00 [INF] Map "d5c08240-0436-454a-8993-362abf5bc477": window light drew 1/1 beam(s)
2026-05-25 20:29:29.253 +02:00 [INF] Map "d5c08240-0436-454a-8993-362abf5bc477": window light drew 1/1 beam(s)
2026-05-25 20:29:29.318 +02:00 [INF] Map "d5c08240-0436-454a-8993-362abf5bc477": window light drew 1/1 beam(s)
2026-05-25 20:29:29.371 +02:00 [INF] Map "d5c08240-0436-454a-8993-362abf5bc477": window light drew 1/1 beam(s)
2026-05-25 20:29:29.424 +02:00 [INF] Map "d5c08240-0436-454a-8993-362abf5bc477": window light drew 1/1 beam(s)
2026-05-25 20:29:29.479 +02:00 [INF] Map "d5c08240-0436-454a-8993-362abf5bc477": window light drew 1/1 beam(s)
2026-05-25 20:29:29.533 +02:00 [INF] Map "d5c08240-0436-454a-8993-362abf5bc477": window light drew 1/1 beam(s)
2026-05-25 20:29:29.588 +02:00 [INF] Map "d5c08240-0436-454a-8993-362abf5bc477": window light drew 1/1 beam(s)
2026-05-25 20:29:29.645 +02:00 [INF] Map "d5c08240-0436-454a-8993-362abf5bc477": window light drew 1/1 beam(s)
2026-05-25 20:29:29.706 +02:00 [INF] Map "d5c08240-0436-454a-8993-362abf5bc477": window light drew 1/1 beam(s)
2026-05-25 20:29:29.761 +02:00 [INF] Map "d5c08240-0436-454a-8993-362abf5bc477": window light drew 1/1 beam(s)
2026-05-25 20:29:29.827 +02:00 [INF] Map "d5c08240-0436-454a-8993-362abf5bc477": window light drew 1/1 beam(s)
2026-05-25 20:29:29.879 +02:00 [INF] Map "d5c08240-0436-454a-8993-362abf5bc477": window light drew 1/1 beam(s)
2026-05-25 20:29:29.931 +02:00 [INF] Map "d5c08240-0436-454a-8993-362abf5bc477": window light drew 1/1 beam(s)
2026-05-25 20:29:29.984 +02:00 [INF] Map "d5c08240-0436-454a-8993-362abf5bc477": window light drew 1/1 beam(s)
2026-05-25 20:29:30.036 +02:00 [INF] Map "d5c08240-0436-454a-8993-362abf5bc477": window light drew 1/1 beam(s)
2026-05-25 20:29:30.090 +02:00 [INF] Map "d5c08240-0436-454a-8993-362abf5bc477": window light drew 1/1 beam(s)
2026-05-25 20:29:30.142 +02:00 [INF] Map "d5c08240-0436-454a-8993-362abf5bc477": window light drew 1/1 beam(s)
2026-05-25 20:29:30.196 +02:00 [INF] Map "d5c08240-0436-454a-8993-362abf5bc477": window light drew 1/1 beam(s)
2026-05-25 20:29:30.250 +02:00 [INF] Map "d5c08240-0436-454a-8993-362abf5bc477": window light drew 1/1 beam(s)
2026-05-25 20:29:30.315 +02:00 [INF] Map "d5c08240-0436-454a-8993-362abf5bc477": window light drew 1/1 beam(s)
2026-05-25 20:29:30.367 +02:00 [INF] Map "d5c08240-0436-454a-8993-362abf5bc477": window light drew 1/1 beam(s)
2026-05-25 20:29:30.420 +02:00 [INF] Map "d5c08240-0436-454a-8993-362abf5bc477": window light drew 1/1 beam(s)
2026-05-25 20:29:30.473 +02:00 [INF] Map "d5c08240-0436-454a-8993-362abf5bc477": window light drew 1/1 beam(s)
2026-05-25 20:29:30.525 +02:00 [INF] Map "d5c08240-0436-454a-8993-362abf5bc477": window light drew 1/1 beam(s)
2026-05-25 20:29:30.577 +02:00 [INF] Map "d5c08240-0436-454a-8993-362abf5bc477": window light drew 1/1 beam(s)
2026-05-25 20:29:30.629 +02:00 [INF] Map "d5c08240-0436-454a-8993-362abf5bc477": window light drew 1/1 beam(s)
2026-05-25 20:29:30.680 +02:00 [INF] Map "d5c08240-0436-454a-8993-362abf5bc477": window light drew 1/1 beam(s)
2026-05-25 20:29:30.732 +02:00 [INF] Map "d5c08240-0436-454a-8993-362abf5bc477": window light drew 1/1 beam(s)
2026-05-25 20:29:30.797 +02:00 [INF] Map "d5c08240-0436-454a-8993-362abf5bc477": window light drew 1/1 beam(s)
2026-05-25 20:29:30.849 +02:00 [INF] Map "d5c08240-0436-454a-8993-362abf5bc477": window light drew 1/1 beam(s)
2026-05-25 20:29:30.901 +02:00 [INF] Map "d5c08240-0436-454a-8993-362abf5bc477": window light drew 1/1 beam(s)
2026-05-25 20:29:30.953 +02:00 [INF] Map "d5c08240-0436-454a-8993-362abf5bc477": window light drew 1/1 beam(s)
2026-05-25 20:29:31.005 +02:00 [INF] Map "d5c08240-0436-454a-8993-362abf5bc477": window light drew 1/1 beam(s)
2026-05-25 20:29:31.071 +02:00 [INF] Map "d5c08240-0436-454a-8993-362abf5bc477": window light drew 1/1 beam(s)
2026-05-25 20:29:31.124 +02:00 [INF] Map "d5c08240-0436-454a-8993-362abf5bc477": window light drew 1/1 beam(s)
2026-05-25 20:29:31.177 +02:00 [INF] Map "d5c08240-0436-454a-8993-362abf5bc477": window light drew 1/1 beam(s)
2026-05-25 20:29:31.229 +02:00 [INF] Map "d5c08240-0436-454a-8993-362abf5bc477": window light drew 1/1 beam(s)
2026-05-25 20:29:31.295 +02:00 [INF] Map "d5c08240-0436-454a-8993-362abf5bc477": window light drew 1/1 beam(s)
2026-05-25 20:29:31.347 +02:00 [INF] Map "d5c08240-0436-454a-8993-362abf5bc477": window light drew 1/1 beam(s)
2026-05-25 20:29:31.400 +02:00 [INF] Map "d5c08240-0436-454a-8993-362abf5bc477": window light drew 1/1 beam(s)
2026-05-25 20:29:31.452 +02:00 [INF] Map "d5c08240-0436-454a-8993-362abf5bc477": window light drew 1/1 beam(s)
2026-05-25 20:29:31.504 +02:00 [INF] Map "d5c08240-0436-454a-8993-362abf5bc477": window light drew 1/1 beam(s)
2026-05-25 20:29:31.556 +02:00 [INF] Map "d5c08240-0436-454a-8993-362abf5bc477": window light drew 1/1 beam(s)
2026-05-25 20:29:31.609 +02:00 [INF] Map "d5c08240-0436-454a-8993-362abf5bc477": window light drew 1/1 beam(s)
2026-05-25 20:29:31.661 +02:00 [INF] Map "d5c08240-0436-454a-8993-362abf5bc477": window light drew 1/1 beam(s)
2026-05-25 20:29:31.714 +02:00 [INF] Map "d5c08240-0436-454a-8993-362abf5bc477": window light drew 1/1 beam(s)
2026-05-25 20:29:31.782 +02:00 [INF] Map "d5c08240-0436-454a-8993-362abf5bc477": window light drew 1/1 beam(s)
2026-05-25 20:29:31.834 +02:00 [INF] Map "d5c08240-0436-454a-8993-362abf5bc477": window light drew 1/1 beam(s)
2026-05-25 20:29:31.890 +02:00 [INF] Map "d5c08240-0436-454a-8993-362abf5bc477": window light drew 1/1 beam(s)
2026-05-25 20:29:31.943 +02:00 [INF] Map "d5c08240-0436-454a-8993-362abf5bc477": window light drew 1/1 beam(s)
2026-05-25 20:29:31.996 +02:00 [INF] Map "d5c08240-0436-454a-8993-362abf5bc477": window light drew 1/1 beam(s)
2026-05-25 20:29:32.048 +02:00 [INF] Map "d5c08240-0436-454a-8993-362abf5bc477": window light drew 1/1 beam(s)
2026-05-25 20:29:32.101 +02:00 [INF] Map "d5c08240-0436-454a-8993-362abf5bc477": window light drew 1/1 beam(s)
2026-05-25 20:29:32.153 +02:00 [INF] Map "d5c08240-0436-454a-8993-362abf5bc477": window light drew 1/1 beam(s)
2026-05-25 20:29:32.205 +02:00 [INF] Map "d5c08240-0436-454a-8993-362abf5bc477": window light drew 1/1 beam(s)
2026-05-25 20:29:32.270 +02:00 [INF] Map "d5c08240-0436-454a-8993-362abf5bc477": window light drew 1/1 beam(s)
2026-05-25 20:29:32.322 +02:00 [INF] Map "d5c08240-0436-454a-8993-362abf5bc477": window light drew 1/1 beam(s)
2026-05-25 20:29:32.373 +02:00 [INF] Map "d5c08240-0436-454a-8993-362abf5bc477": window light drew 1/1 beam(s)
2026-05-25 20:29:32.424 +02:00 [INF] Map "d5c08240-0436-454a-8993-362abf5bc477": window light drew 1/1 beam(s)
2026-05-25 20:29:32.477 +02:00 [INF] Map "d5c08240-0436-454a-8993-362abf5bc477": window light drew 1/1 beam(s)
2026-05-25 20:29:32.530 +02:00 [INF] Map "d5c08240-0436-454a-8993-362abf5bc477": window light drew 1/1 beam(s)
2026-05-25 20:29:32.583 +02:00 [INF] Map "d5c08240-0436-454a-8993-362abf5bc477": window light drew 1/1 beam(s)
2026-05-25 20:29:32.634 +02:00 [INF] Map "d5c08240-0436-454a-8993-362abf5bc477": window light drew 1/1 beam(s)
2026-05-25 20:29:32.686 +02:00 [INF] Map "d5c08240-0436-454a-8993-362abf5bc477": window light drew 1/1 beam(s)
2026-05-25 20:29:32.752 +02:00 [INF] Map "d5c08240-0436-454a-8993-362abf5bc477": window light drew 1/1 beam(s)
2026-05-25 20:29:32.804 +02:00 [INF] Map "d5c08240-0436-454a-8993-362abf5bc477": window light drew 1/1 beam(s)
2026-05-25 20:29:32.856 +02:00 [INF] Map "d5c08240-0436-454a-8993-362abf5bc477": window light drew 1/1 beam(s)
2026-05-25 20:29:32.913 +02:00 [INF] Map "d5c08240-0436-454a-8993-362abf5bc477": window light drew 1/1 beam(s)
2026-05-25 20:29:32.966 +02:00 [INF] Map "d5c08240-0436-454a-8993-362abf5bc477": window light drew 1/1 beam(s)
2026-05-25 20:29:33.017 +02:00 [INF] Map "d5c08240-0436-454a-8993-362abf5bc477": window light drew 1/1 beam(s)
2026-05-25 20:29:33.069 +02:00 [INF] Map "d5c08240-0436-454a-8993-362abf5bc477": window light drew 1/1 beam(s)
2026-05-25 20:29:33.121 +02:00 [INF] Map "d5c08240-0436-454a-8993-362abf5bc477": window light drew 1/1 beam(s)
2026-05-25 20:29:33.174 +02:00 [INF] Map "d5c08240-0436-454a-8993-362abf5bc477": window light drew 1/1 beam(s)
2026-05-25 20:29:33.240 +02:00 [INF] Map "d5c08240-0436-454a-8993-362abf5bc477": window light drew 1/1 beam(s)
2026-05-25 20:29:33.292 +02:00 [INF] Map "d5c08240-0436-454a-8993-362abf5bc477": window light drew 1/1 beam(s)
2026-05-25 20:29:33.343 +02:00 [INF] Map "d5c08240-0436-454a-8993-362abf5bc477": window light drew 1/1 beam(s)
2026-05-25 20:29:33.396 +02:00 [INF] Map "d5c08240-0436-454a-8993-362abf5bc477": window light drew 1/1 beam(s)
2026-05-25 20:29:33.448 +02:00 [INF] Map "d5c08240-0436-454a-8993-362abf5bc477": window light drew 1/1 beam(s)
2026-05-25 20:29:33.501 +02:00 [INF] Map "d5c08240-0436-454a-8993-362abf5bc477": window light drew 1/1 beam(s)
2026-05-25 20:29:33.557 +02:00 [INF] Map "d5c08240-0436-454a-8993-362abf5bc477": window light drew 1/1 beam(s)
2026-05-25 20:29:33.609 +02:00 [INF] Map "d5c08240-0436-454a-8993-362abf5bc477": window light drew 1/1 beam(s)
2026-05-25 20:29:33.661 +02:00 [INF] Map "d5c08240-0436-454a-8993-362abf5bc477": window light drew 1/1 beam(s)
2026-05-25 20:29:33.726 +02:00 [INF] Map "d5c08240-0436-454a-8993-362abf5bc477": window light drew 1/1 beam(s)
2026-05-25 20:29:33.794 +02:00 [INF] Map "d5c08240-0436-454a-8993-362abf5bc477": window light drew 1/1 beam(s)
2026-05-25 20:29:33.847 +02:00 [INF] Map "d5c08240-0436-454a-8993-362abf5bc477": window light drew 1/1 beam(s)
2026-05-25 20:29:33.901 +02:00 [INF] Map "d5c08240-0436-454a-8993-362abf5bc477": window light drew 1/1 beam(s)
2026-05-25 20:29:33.963 +02:00 [INF] Map "d5c08240-0436-454a-8993-362abf5bc477": window light drew 1/1 beam(s)
2026-05-25 20:29:34.018 +02:00 [INF] Map "d5c08240-0436-454a-8993-362abf5bc477": window light drew 1/1 beam(s)
2026-05-25 20:29:34.072 +02:00 [INF] Map "d5c08240-0436-454a-8993-362abf5bc477": window light drew 1/1 beam(s)
2026-05-25 20:29:34.124 +02:00 [INF] Map "d5c08240-0436-454a-8993-362abf5bc477": window light drew 1/1 beam(s)
2026-05-25 20:29:34.176 +02:00 [INF] Map "d5c08240-0436-454a-8993-362abf5bc477": window light drew 1/1 beam(s)
2026-05-25 20:29:34.241 +02:00 [INF] Map "d5c08240-0436-454a-8993-362abf5bc477": window light drew 1/1 beam(s)
2026-05-25 20:29:34.293 +02:00 [INF] Map "d5c08240-0436-454a-8993-362abf5bc477": window light drew 1/1 beam(s)
2026-05-25 20:29:34.346 +02:00 [INF] Map "d5c08240-0436-454a-8993-362abf5bc477": window light drew 1/1 beam(s)
2026-05-25 20:29:34.399 +02:00 [INF] Map "d5c08240-0436-454a-8993-362abf5bc477": window light drew 1/1 beam(s)
2026-05-25 20:29:34.451 +02:00 [INF] Map "d5c08240-0436-454a-8993-362abf5bc477": window light drew 1/1 beam(s)
2026-05-25 20:29:34.503 +02:00 [INF] Map "d5c08240-0436-454a-8993-362abf5bc477": window light drew 1/1 beam(s)
2026-05-25 20:29:34.556 +02:00 [INF] Map "d5c08240-0436-454a-8993-362abf5bc477": window light drew 1/1 beam(s)
2026-05-25 20:29:34.608 +02:00 [INF] Map "d5c08240-0436-454a-8993-362abf5bc477": window light drew 1/1 beam(s)
2026-05-25 20:29:34.659 +02:00 [INF] Map "d5c08240-0436-454a-8993-362abf5bc477": window light drew 1/1 beam(s)
2026-05-25 20:29:34.724 +02:00 [INF] Map "d5c08240-0436-454a-8993-362abf5bc477": window light drew 1/1 beam(s)
2026-05-25 20:29:34.776 +02:00 [INF] Map "d5c08240-0436-454a-8993-362abf5bc477": window light drew 1/1 beam(s)
2026-05-25 20:29:34.830 +02:00 [INF] Map "d5c08240-0436-454a-8993-362abf5bc477": window light drew 1/1 beam(s)
2026-05-25 20:29:34.883 +02:00 [INF] Map "d5c08240-0436-454a-8993-362abf5bc477": window light drew 1/1 beam(s)
2026-05-25 20:29:34.935 +02:00 [INF] Map "d5c08240-0436-454a-8993-362abf5bc477": window light drew 1/1 beam(s)
2026-05-25 20:29:34.988 +02:00 [INF] Map "d5c08240-0436-454a-8993-362abf5bc477": window light drew 1/1 beam(s)
2026-05-25 20:29:35.039 +02:00 [INF] Map "d5c08240-0436-454a-8993-362abf5bc477": window light drew 1/1 beam(s)
2026-05-25 20:29:35.091 +02:00 [INF] Map "d5c08240-0436-454a-8993-362abf5bc477": window light drew 1/1 beam(s)
2026-05-25 20:29:35.156 +02:00 [INF] Map "d5c08240-0436-454a-8993-362abf5bc477": window light drew 1/1 beam(s)
2026-05-25 20:29:35.222 +02:00 [INF] Map "d5c08240-0436-454a-8993-362abf5bc477": window light drew 1/1 beam(s)
2026-05-25 20:29:35.275 +02:00 [INF] Map "d5c08240-0436-454a-8993-362abf5bc477": window light drew 1/1 beam(s)
2026-05-25 20:29:35.327 +02:00 [INF] Map "d5c08240-0436-454a-8993-362abf5bc477": window light drew 1/1 beam(s)
2026-05-25 20:29:35.383 +02:00 [INF] Map "d5c08240-0436-454a-8993-362abf5bc477": window light drew 1/1 beam(s)
2026-05-25 20:29:35.436 +02:00 [INF] Map "d5c08240-0436-454a-8993-362abf5bc477": window light drew 1/1 beam(s)
2026-05-25 20:29:35.494 +02:00 [INF] Map "d5c08240-0436-454a-8993-362abf5bc477": window light drew 1/1 beam(s)
2026-05-25 20:29:35.561 +02:00 [INF] Map "d5c08240-0436-454a-8993-362abf5bc477": window light drew 1/1 beam(s)
2026-05-25 20:29:35.619 +02:00 [INF] Map "d5c08240-0436-454a-8993-362abf5bc477": window light drew 1/1 beam(s)
2026-05-25 20:29:35.674 +02:00 [INF] Map "d5c08240-0436-454a-8993-362abf5bc477": window light drew 1/1 beam(s)
2026-05-25 20:29:35.740 +02:00 [INF] Map "d5c08240-0436-454a-8993-362abf5bc477": window light drew 1/1 beam(s)
2026-05-25 20:29:35.794 +02:00 [INF] Map "d5c08240-0436-454a-8993-362abf5bc477": window light drew 1/1 beam(s)
2026-05-25 20:29:35.849 +02:00 [INF] Map "d5c08240-0436-454a-8993-362abf5bc477": window light drew 1/1 beam(s)
2026-05-25 20:29:35.901 +02:00 [INF] Map "d5c08240-0436-454a-8993-362abf5bc477": window light drew 1/1 beam(s)
2026-05-25 20:29:35.975 +02:00 [INF] Map "d5c08240-0436-454a-8993-362abf5bc477": window light drew 1/1 beam(s)
2026-05-25 20:29:36.030 +02:00 [INF] Map "d5c08240-0436-454a-8993-362abf5bc477": window light drew 1/1 beam(s)
2026-05-25 20:29:36.083 +02:00 [INF] Map "d5c08240-0436-454a-8993-362abf5bc477": window light drew 1/1 beam(s)
2026-05-25 20:29:36.134 +02:00 [INF] Map "d5c08240-0436-454a-8993-362abf5bc477": window light drew 1/1 beam(s)
2026-05-25 20:29:36.187 +02:00 [INF] Map "d5c08240-0436-454a-8993-362abf5bc477": window light drew 1/1 beam(s)
2026-05-25 20:29:36.252 +02:00 [INF] Map "d5c08240-0436-454a-8993-362abf5bc477": window light drew 1/1 beam(s)
2026-05-25 20:29:36.304 +02:00 [INF] Map "d5c08240-0436-454a-8993-362abf5bc477": window light drew 1/1 beam(s)
2026-05-25 20:29:36.363 +02:00 [INF] Map "d5c08240-0436-454a-8993-362abf5bc477": window light drew 1/1 beam(s)
2026-05-25 20:29:36.416 +02:00 [INF] Map "d5c08240-0436-454a-8993-362abf5bc477": window light drew 1/1 beam(s)
2026-05-25 20:29:36.468 +02:00 [INF] Map "d5c08240-0436-454a-8993-362abf5bc477": window light drew 1/1 beam(s)
2026-05-25 20:29:36.519 +02:00 [INF] Map "d5c08240-0436-454a-8993-362abf5bc477": window light drew 1/1 beam(s)
2026-05-25 20:29:36.570 +02:00 [INF] Map "d5c08240-0436-454a-8993-362abf5bc477": window light drew 1/1 beam(s)
2026-05-25 20:29:36.622 +02:00 [INF] Map "d5c08240-0436-454a-8993-362abf5bc477": window light drew 1/1 beam(s)
2026-05-25 20:29:36.674 +02:00 [INF] Map "d5c08240-0436-454a-8993-362abf5bc477": window light drew 1/1 beam(s)
2026-05-25 20:29:36.739 +02:00 [INF] Map "d5c08240-0436-454a-8993-362abf5bc477": window light drew 1/1 beam(s)
2026-05-25 20:29:36.791 +02:00 [INF] Map "d5c08240-0436-454a-8993-362abf5bc477": window light drew 1/1 beam(s)
2026-05-25 20:29:36.843 +02:00 [INF] Map "d5c08240-0436-454a-8993-362abf5bc477": window light drew 1/1 beam(s)
2026-05-25 20:29:36.896 +02:00 [INF] Map "d5c08240-0436-454a-8993-362abf5bc477": window light drew 1/1 beam(s)
2026-05-25 20:29:36.957 +02:00 [INF] Map "d5c08240-0436-454a-8993-362abf5bc477": window light drew 1/1 beam(s)
2026-05-25 20:29:37.009 +02:00 [INF] Map "d5c08240-0436-454a-8993-362abf5bc477": window light drew 1/1 beam(s)
2026-05-25 20:29:37.060 +02:00 [INF] Map "d5c08240-0436-454a-8993-362abf5bc477": window light drew 1/1 beam(s)
2026-05-25 20:29:37.112 +02:00 [INF] Map "d5c08240-0436-454a-8993-362abf5bc477": window light drew 1/1 beam(s)
2026-05-25 20:29:37.277 +02:00 [INF] Map "d5c08240-0436-454a-8993-362abf5bc477": window light drew 1/1 beam(s)
2026-05-25 20:29:37.321 +02:00 [INF] Map "d5c08240-0436-454a-8993-362abf5bc477": window light drew 1/1 beam(s)
2026-05-25 20:29:37.387 +02:00 [INF] Map "d5c08240-0436-454a-8993-362abf5bc477": window light drew 1/1 beam(s)
2026-05-25 20:29:37.418 +02:00 [INF] Map "d5c08240-0436-454a-8993-362abf5bc477": window light drew 1/1 beam(s)
2026-05-25 20:29:37.449 +02:00 [INF] Map "d5c08240-0436-454a-8993-362abf5bc477": window light drew 1/1 beam(s)
2026-05-25 20:29:37.481 +02:00 [INF] Map "d5c08240-0436-454a-8993-362abf5bc477": window light drew 1/1 beam(s)
2026-05-25 20:29:37.513 +02:00 [INF] Map "d5c08240-0436-454a-8993-362abf5bc477": window light drew 1/1 beam(s)
2026-05-25 20:29:37.545 +02:00 [INF] Map "d5c08240-0436-454a-8993-362abf5bc477": window light drew 1/1 beam(s)
2026-05-25 20:29:37.577 +02:00 [INF] Map "d5c08240-0436-454a-8993-362abf5bc477": window light drew 1/1 beam(s)
2026-05-25 20:29:37.624 +02:00 [INF] Map "d5c08240-0436-454a-8993-362abf5bc477": window light drew 1/1 beam(s)
2026-05-25 20:29:37.655 +02:00 [INF] Map "d5c08240-0436-454a-8993-362abf5bc477": window light drew 1/1 beam(s)
2026-05-25 20:29:37.686 +02:00 [INF] Map "d5c08240-0436-454a-8993-362abf5bc477": window light drew 1/1 beam(s)
2026-05-25 20:29:37.717 +02:00 [INF] Map "d5c08240-0436-454a-8993-362abf5bc477": window light drew 1/1 beam(s)
2026-05-25 20:29:37.748 +02:00 [INF] Map "d5c08240-0436-454a-8993-362abf5bc477": window light drew 1/1 beam(s)
2026-05-25 20:29:37.779 +02:00 [INF] Map "d5c08240-0436-454a-8993-362abf5bc477": window light drew 1/1 beam(s)
2026-05-25 20:29:37.811 +02:00 [INF] Map "d5c08240-0436-454a-8993-362abf5bc477": window light drew 1/1 beam(s)
2026-05-25 20:29:37.843 +02:00 [INF] Map "d5c08240-0436-454a-8993-362abf5bc477": window light drew 1/1 beam(s)
2026-05-25 20:29:37.877 +02:00 [INF] Map "d5c08240-0436-454a-8993-362abf5bc477": window light drew 1/1 beam(s)
2026-05-25 20:29:37.943 +02:00 [INF] Map "d5c08240-0436-454a-8993-362abf5bc477": window light drew 1/1 beam(s)
2026-05-25 20:29:37.974 +02:00 [INF] Map "d5c08240-0436-454a-8993-362abf5bc477": window light drew 1/1 beam(s)
2026-05-25 20:29:38.005 +02:00 [INF] Map "d5c08240-0436-454a-8993-362abf5bc477": window light drew 1/1 beam(s)
2026-05-25 20:29:38.036 +02:00 [INF] Map "d5c08240-0436-454a-8993-362abf5bc477": window light drew 1/1 beam(s)
2026-05-25 20:29:38.067 +02:00 [INF] Map "d5c08240-0436-454a-8993-362abf5bc477": window light drew 1/1 beam(s)
2026-05-25 20:29:38.098 +02:00 [INF] Map "d5c08240-0436-454a-8993-362abf5bc477": window light drew 1/1 beam(s)
2026-05-25 20:29:38.129 +02:00 [INF] Map "d5c08240-0436-454a-8993-362abf5bc477": window light drew 1/1 beam(s)
2026-05-25 20:29:38.160 +02:00 [INF] Map "d5c08240-0436-454a-8993-362abf5bc477": window light drew 1/1 beam(s)
2026-05-25 20:29:38.191 +02:00 [INF] Map "d5c08240-0436-454a-8993-362abf5bc477": window light drew 1/1 beam(s)
2026-05-25 20:29:38.235 +02:00 [INF] Map "d5c08240-0436-454a-8993-362abf5bc477": window light drew 1/1 beam(s)
2026-05-25 20:29:38.266 +02:00 [INF] Map "d5c08240-0436-454a-8993-362abf5bc477": window light drew 1/1 beam(s)
2026-05-25 20:29:38.297 +02:00 [INF] Map "d5c08240-0436-454a-8993-362abf5bc477": window light drew 1/1 beam(s)
2026-05-25 20:29:38.328 +02:00 [INF] Map "d5c08240-0436-454a-8993-362abf5bc477": window light drew 1/1 beam(s)
2026-05-25 20:29:38.359 +02:00 [INF] Map "d5c08240-0436-454a-8993-362abf5bc477": window light drew 1/1 beam(s)
2026-05-25 20:29:38.391 +02:00 [INF] Map "d5c08240-0436-454a-8993-362abf5bc477": window light drew 1/1 beam(s)
2026-05-25 20:29:38.422 +02:00 [INF] Map "d5c08240-0436-454a-8993-362abf5bc477": window light drew 1/1 beam(s)
2026-05-25 20:29:38.453 +02:00 [INF] Map "d5c08240-0436-454a-8993-362abf5bc477": window light drew 1/1 beam(s)
2026-05-25 20:29:38.484 +02:00 [INF] Map "d5c08240-0436-454a-8993-362abf5bc477": window light drew 1/1 beam(s)
2026-05-25 20:29:38.528 +02:00 [INF] Map "d5c08240-0436-454a-8993-362abf5bc477": window light drew 1/1 beam(s)
2026-05-25 20:29:38.559 +02:00 [INF] Map "d5c08240-0436-454a-8993-362abf5bc477": window light drew 1/1 beam(s)
2026-05-25 20:29:38.590 +02:00 [INF] Map "d5c08240-0436-454a-8993-362abf5bc477": window light drew 1/1 beam(s)
2026-05-25 20:29:38.621 +02:00 [INF] Map "d5c08240-0436-454a-8993-362abf5bc477": window light drew 1/1 beam(s)
2026-05-25 20:29:38.652 +02:00 [INF] Map "d5c08240-0436-454a-8993-362abf5bc477": window light drew 1/1 beam(s)
2026-05-25 20:29:38.682 +02:00 [INF] Map "d5c08240-0436-454a-8993-362abf5bc477": window light drew 1/1 beam(s)
2026-05-25 20:29:38.715 +02:00 [INF] Map "d5c08240-0436-454a-8993-362abf5bc477": window light drew 1/1 beam(s)
2026-05-25 20:29:38.745 +02:00 [INF] Map "d5c08240-0436-454a-8993-362abf5bc477": window light drew 1/1 beam(s)
2026-05-25 20:29:38.776 +02:00 [INF] Map "d5c08240-0436-454a-8993-362abf5bc477": window light drew 1/1 beam(s)
2026-05-25 20:29:38.822 +02:00 [INF] Map "d5c08240-0436-454a-8993-362abf5bc477": window light drew 1/1 beam(s)
2026-05-25 20:29:38.854 +02:00 [INF] Map "d5c08240-0436-454a-8993-362abf5bc477": window light drew 1/1 beam(s)
2026-05-25 20:29:38.887 +02:00 [INF] Map "d5c08240-0436-454a-8993-362abf5bc477": window light drew 1/1 beam(s)
2026-05-25 20:29:38.920 +02:00 [INF] Map "d5c08240-0436-454a-8993-362abf5bc477": window light drew 1/1 beam(s)
2026-05-25 20:29:39.026 +02:00 [INF] System window closing (due to user interaction most likely).
2026-05-25 20:29:39.029 +02:00 [INF] Disconnected [bee81b9c-0f50-40b4-a7af-e772696f4412].
2026-05-25 20:29:39.029 +02:00 [INF] Updating active permission set to 'default'
2026-05-25 20:29:39.058 +02:00 [INF] Acquiring context lock... (0ms)
2026-05-25 20:29:39.058 +02:00 [INF] Acquired. (0ms)
2026-05-25 20:29:39.058 +02:00 [INF] Beginning context dispose. (0ms)
2026-05-25 20:29:39.059 +02:00 [INF] GC.SuppressFinalize (0ms)
2026-05-25 20:29:39.059 +02:00 [INF] InternalDispose() completed. (0ms)
2026-05-25 20:29:39.059 +02:00 [INF] Clearing instance... (1ms)
2026-05-25 20:29:39.059 +02:00 [INF] Releasing context lock... (1ms)
2026-05-25 20:29:39.059 +02:00 [INF] Released. (1ms)
