2026-05-25 23:29:47.644 +02:00 [INF] Starting Intersect Client v0.8.0.0-custom+32d39132dace1351f63375b261f241297dd35be8-dirty
2026-05-25 23:29:47.862 +02:00 [INF] Discovered service type: Intersect.Plugins.PluginService
2026-05-25 23:29:47.865 +02:00 [WRN] Directory was specified as a plugin directory but does not exist: 'resources\plugins'
2026-05-25 23:29:47.866 +02:00 [INF] Discovered 0 plugins:

2026-05-25 23:29:50.662 +02:00 [INF] Connecting to 127.0.0.1:5400...
2026-05-25 23:29:50.685 +02:00 [INF] Connected [eda4fa49-2d62-401e-aa1b-17c4c25e9af6].
2026-05-25 23:29:50.707 +02:00 [INF] Connection approved [eda4fa49-2d62-401e-aa1b-17c4c25e9af6].
2026-05-25 23:29:50.807 +02:00 [INF] Updated PermissionSet 'default'
2026-05-25 23:30:01.740 +02:00 [INF] Updated PermissionSet 'admin'
2026-05-25 23:30:01.740 +02:00 [INF] Updating active permission set to 'admin'
2026-05-25 23:30:02.330 +02:00 [WRN] 'Me' is null.
2026-05-25 23:30:02.686 +02:00 [INF] Map "27c6a7b2-4e9f-4316-9a0f-e13ec8e16ba2" 'Forest' loaded with 0 window light zone(s)
2026-05-25 23:30:02.727 +02:00 [INF] Map "e341d25d-5ff4-4cd6-bcd5-2f2cda710c86" 'Forest' loaded with 2 window light zone(s)
2026-05-25 23:30:02.885 +02:00 [INF] BuildWindowLightBeams() map "e341d25d-5ff4-4cd6-bcd5-2f2cda710c86": WindowLightZones=2
2026-05-25 23:30:02.890 +02:00 [INF] BuildWindowLightBeams() map "e341d25d-5ff4-4cd6-bcd5-2f2cda710c86": created 1 beam(s) from 2 zone(s)
2026-05-25 23:30:02.890 +02:00 [INF] Built VBO for map e341d25d-5ff4-4cd6-bcd5-2f2cda710c86 'Forest' in 24.2319ms
2026-05-25 23:30:02.941 +02:00 [WRN] Map "e341d25d-5ff4-4cd6-bcd5-2f2cda710c86": window light drew 0/1 beams (skipped opacity=1, mask=0, shaderDraw=0). Check Time=Always if testing at night.
2026-05-25 23:30:27.376 +02:00 [INF] Map "e341d25d-5ff4-4cd6-bcd5-2f2cda710c86" 'Forest' loaded with 0 window light zone(s)
2026-05-25 23:30:27.397 +02:00 [INF] BuildWindowLightBeams() map "e341d25d-5ff4-4cd6-bcd5-2f2cda710c86": WindowLightZones=0
2026-05-25 23:30:27.397 +02:00 [INF] Built VBO for map e341d25d-5ff4-4cd6-bcd5-2f2cda710c86 'Forest' in 3.1571ms
2026-05-25 23:30:44.593 +02:00 [INF] Map "d5c08240-0436-454a-8993-362abf5bc477" 'New Map' loaded with 7 window light zone(s)
2026-05-25 23:30:44.614 +02:00 [INF] BuildWindowLightBeams() map "d5c08240-0436-454a-8993-362abf5bc477": WindowLightZones=7
2026-05-25 23:30:44.614 +02:00 [INF] BuildWindowLightBeams() map "d5c08240-0436-454a-8993-362abf5bc477": created 2 beam(s) from 7 zone(s)
2026-05-25 23:30:44.614 +02:00 [INF] Built VBO for map d5c08240-0436-454a-8993-362abf5bc477 'New Map' in 11.6136ms
2026-05-25 23:30:44.621 +02:00 [INF] Map "d5c08240-0436-454a-8993-362abf5bc477": window light drew 2/2 beam(s)
2026-05-25 23:30:44.648 +02:00 [INF] Map "d5c08240-0436-454a-8993-362abf5bc477" 'New Map' loaded with 7 window light zone(s)
2026-05-25 23:30:44.658 +02:00 [INF] BuildWindowLightBeams() map "d5c08240-0436-454a-8993-362abf5bc477": WindowLightZones=7
2026-05-25 23:30:44.658 +02:00 [INF] BuildWindowLightBeams() map "d5c08240-0436-454a-8993-362abf5bc477": created 2 beam(s) from 7 zone(s)
2026-05-25 23:30:44.658 +02:00 [INF] Built VBO for map d5c08240-0436-454a-8993-362abf5bc477 'New Map' in 1.1668ms
2026-05-25 23:30:44.664 +02:00 [INF] Map "d5c08240-0436-454a-8993-362abf5bc477": window light drew 2/2 beam(s)
2026-05-25 23:30:44.708 +02:00 [INF] Map "d5c08240-0436-454a-8993-362abf5bc477": window light drew 2/2 beam(s)
2026-05-25 23:30:44.738 +02:00 [INF] Map "d5c08240-0436-454a-8993-362abf5bc477": window light drew 2/2 beam(s)
2026-05-25 23:30:44.768 +02:00 [INF] Map "d5c08240-0436-454a-8993-362abf5bc477": window light drew 2/2 beam(s)
2026-05-25 23:30:44.798 +02:00 [INF] Map "d5c08240-0436-454a-8993-362abf5bc477": window light drew 2/2 beam(s)
2026-05-25 23:30:44.827 +02:00 [INF] Map "d5c08240-0436-454a-8993-362abf5bc477": window light drew 2/2 beam(s)
2026-05-25 23:30:44.857 +02:00 [INF] Map "d5c08240-0436-454a-8993-362abf5bc477": window light drew 2/2 beam(s)
2026-05-25 23:30:44.887 +02:00 [INF] Map "d5c08240-0436-454a-8993-362abf5bc477": window light drew 2/2 beam(s)
2026-05-25 23:30:44.917 +02:00 [INF] Map "d5c08240-0436-454a-8993-362abf5bc477": window light drew 2/2 beam(s)
2026-05-25 23:30:44.947 +02:00 [INF] Map "d5c08240-0436-454a-8993-362abf5bc477": window light drew 2/2 beam(s)
2026-05-25 23:30:44.977 +02:00 [INF] Map "d5c08240-0436-454a-8993-362abf5bc477": window light drew 2/2 beam(s)
2026-05-25 23:30:45.021 +02:00 [INF] Map "d5c08240-0436-454a-8993-362abf5bc477": window light drew 2/2 beam(s)
2026-05-25 23:30:45.051 +02:00 [INF] Map "d5c08240-0436-454a-8993-362abf5bc477": window light drew 2/2 beam(s)
2026-05-25 23:30:45.081 +02:00 [INF] Map "d5c08240-0436-454a-8993-362abf5bc477": window light drew 2/2 beam(s)
2026-05-25 23:30:45.113 +02:00 [INF] Map "d5c08240-0436-454a-8993-362abf5bc477": window light drew 2/2 beam(s)
2026-05-25 23:30:45.152 +02:00 [INF] Map "d5c08240-0436-454a-8993-362abf5bc477": window light drew 2/2 beam(s)
2026-05-25 23:30:45.185 +02:00 [INF] Map "d5c08240-0436-454a-8993-362abf5bc477": window light drew 2/2 beam(s)
2026-05-25 23:30:45.219 +02:00 [INF] Map "d5c08240-0436-454a-8993-362abf5bc477": window light drew 2/2 beam(s)
2026-05-25 23:30:45.249 +02:00 [INF] Map "d5c08240-0436-454a-8993-362abf5bc477": window light drew 2/2 beam(s)
2026-05-25 23:30:45.279 +02:00 [INF] Map "d5c08240-0436-454a-8993-362abf5bc477": window light drew 2/2 beam(s)
2026-05-25 23:30:45.309 +02:00 [INF] Map "d5c08240-0436-454a-8993-362abf5bc477": window light drew 2/2 beam(s)
2026-05-25 23:30:45.354 +02:00 [INF] Map "d5c08240-0436-454a-8993-362abf5bc477": window light drew 2/2 beam(s)
2026-05-25 23:30:45.384 +02:00 [INF] Map "d5c08240-0436-454a-8993-362abf5bc477": window light drew 2/2 beam(s)
2026-05-25 23:30:45.413 +02:00 [INF] Map "d5c08240-0436-454a-8993-362abf5bc477": window light drew 2/2 beam(s)
2026-05-25 23:30:45.443 +02:00 [INF] Map "d5c08240-0436-454a-8993-362abf5bc477": window light drew 2/2 beam(s)
2026-05-25 23:30:45.472 +02:00 [INF] Map "d5c08240-0436-454a-8993-362abf5bc477": window light drew 2/2 beam(s)
2026-05-25 23:30:45.502 +02:00 [INF] Map "d5c08240-0436-454a-8993-362abf5bc477": window light drew 2/2 beam(s)
2026-05-25 23:30:45.531 +02:00 [INF] Map "d5c08240-0436-454a-8993-362abf5bc477": window light drew 2/2 beam(s)
2026-05-25 23:30:45.562 +02:00 [INF] Map "d5c08240-0436-454a-8993-362abf5bc477": window light drew 2/2 beam(s)
2026-05-25 23:30:45.591 +02:00 [INF] Map "d5c08240-0436-454a-8993-362abf5bc477": window light drew 2/2 beam(s)
2026-05-25 23:30:45.621 +02:00 [INF] Map "d5c08240-0436-454a-8993-362abf5bc477": window light drew 2/2 beam(s)
2026-05-25 23:30:45.665 +02:00 [INF] Map "d5c08240-0436-454a-8993-362abf5bc477": window light drew 2/2 beam(s)
2026-05-25 23:30:45.695 +02:00 [INF] Map "d5c08240-0436-454a-8993-362abf5bc477": window light drew 2/2 beam(s)
2026-05-25 23:30:45.724 +02:00 [INF] Map "d5c08240-0436-454a-8993-362abf5bc477": window light drew 2/2 beam(s)
2026-05-25 23:30:45.754 +02:00 [INF] Map "d5c08240-0436-454a-8993-362abf5bc477": window light drew 2/2 beam(s)
2026-05-25 23:30:45.783 +02:00 [INF] Map "d5c08240-0436-454a-8993-362abf5bc477": window light drew 2/2 beam(s)
2026-05-25 23:30:45.814 +02:00 [INF] Map "d5c08240-0436-454a-8993-362abf5bc477": window light drew 2/2 beam(s)
2026-05-25 23:30:45.844 +02:00 [INF] Map "d5c08240-0436-454a-8993-362abf5bc477": window light drew 2/2 beam(s)
2026-05-25 23:30:45.873 +02:00 [INF] Map "d5c08240-0436-454a-8993-362abf5bc477": window light drew 2/2 beam(s)
2026-05-25 23:30:45.903 +02:00 [INF] Map "d5c08240-0436-454a-8993-362abf5bc477": window light drew 2/2 beam(s)
2026-05-25 23:30:45.932 +02:00 [INF] Map "d5c08240-0436-454a-8993-362abf5bc477": window light drew 2/2 beam(s)
2026-05-25 23:30:45.975 +02:00 [INF] Map "d5c08240-0436-454a-8993-362abf5bc477": window light drew 2/2 beam(s)
2026-05-25 23:30:46.003 +02:00 [INF] Map "d5c08240-0436-454a-8993-362abf5bc477": window light drew 2/2 beam(s)
2026-05-25 23:30:46.032 +02:00 [INF] Map "d5c08240-0436-454a-8993-362abf5bc477": window light drew 2/2 beam(s)
2026-05-25 23:30:46.061 +02:00 [INF] Map "d5c08240-0436-454a-8993-362abf5bc477": window light drew 2/2 beam(s)
2026-05-25 23:30:46.090 +02:00 [INF] Map "d5c08240-0436-454a-8993-362abf5bc477": window light drew 2/2 beam(s)
2026-05-25 23:30:46.121 +02:00 [INF] Map "d5c08240-0436-454a-8993-362abf5bc477": window light drew 2/2 beam(s)
2026-05-25 23:30:46.150 +02:00 [INF] Map "d5c08240-0436-454a-8993-362abf5bc477": window light drew 2/2 beam(s)
2026-05-25 23:30:46.178 +02:00 [INF] Map "d5c08240-0436-454a-8993-362abf5bc477": window light drew 2/2 beam(s)
2026-05-25 23:30:46.207 +02:00 [INF] Map "d5c08240-0436-454a-8993-362abf5bc477": window light drew 2/2 beam(s)
2026-05-25 23:30:46.235 +02:00 [INF] Map "d5c08240-0436-454a-8993-362abf5bc477": window light drew 2/2 beam(s)
2026-05-25 23:30:46.278 +02:00 [INF] Map "d5c08240-0436-454a-8993-362abf5bc477": window light drew 2/2 beam(s)
2026-05-25 23:30:46.306 +02:00 [INF] Map "d5c08240-0436-454a-8993-362abf5bc477": window light drew 2/2 beam(s)
2026-05-25 23:30:46.334 +02:00 [INF] Map "d5c08240-0436-454a-8993-362abf5bc477": window light drew 2/2 beam(s)
2026-05-25 23:30:46.362 +02:00 [INF] Map "d5c08240-0436-454a-8993-362abf5bc477": window light drew 2/2 beam(s)
2026-05-25 23:30:46.390 +02:00 [INF] Map "d5c08240-0436-454a-8993-362abf5bc477": window light drew 2/2 beam(s)
2026-05-25 23:30:46.418 +02:00 [INF] Map "d5c08240-0436-454a-8993-362abf5bc477": window light drew 2/2 beam(s)
2026-05-25 23:30:46.446 +02:00 [INF] Map "d5c08240-0436-454a-8993-362abf5bc477": window light drew 2/2 beam(s)
2026-05-25 23:30:46.475 +02:00 [INF] Map "d5c08240-0436-454a-8993-362abf5bc477": window light drew 2/2 beam(s)
2026-05-25 23:30:46.503 +02:00 [INF] Map "d5c08240-0436-454a-8993-362abf5bc477": window light drew 2/2 beam(s)
2026-05-25 23:30:46.531 +02:00 [INF] Map "d5c08240-0436-454a-8993-362abf5bc477": window light drew 2/2 beam(s)
2026-05-25 23:30:46.574 +02:00 [INF] Map "d5c08240-0436-454a-8993-362abf5bc477": window light drew 2/2 beam(s)
2026-05-25 23:30:46.602 +02:00 [INF] Map "d5c08240-0436-454a-8993-362abf5bc477": window light drew 2/2 beam(s)
2026-05-25 23:30:46.630 +02:00 [INF] Map "d5c08240-0436-454a-8993-362abf5bc477": window light drew 2/2 beam(s)
2026-05-25 23:30:46.658 +02:00 [INF] Map "d5c08240-0436-454a-8993-362abf5bc477": window light drew 2/2 beam(s)
2026-05-25 23:30:46.686 +02:00 [INF] Map "d5c08240-0436-454a-8993-362abf5bc477": window light drew 2/2 beam(s)
2026-05-25 23:30:46.714 +02:00 [INF] Map "d5c08240-0436-454a-8993-362abf5bc477": window light drew 2/2 beam(s)
2026-05-25 23:30:46.742 +02:00 [INF] Map "d5c08240-0436-454a-8993-362abf5bc477": window light drew 2/2 beam(s)
2026-05-25 23:30:46.771 +02:00 [INF] Map "d5c08240-0436-454a-8993-362abf5bc477": window light drew 2/2 beam(s)
2026-05-25 23:30:46.800 +02:00 [INF] Map "d5c08240-0436-454a-8993-362abf5bc477": window light drew 2/2 beam(s)
2026-05-25 23:30:46.828 +02:00 [INF] Map "d5c08240-0436-454a-8993-362abf5bc477": window light drew 2/2 beam(s)
2026-05-25 23:30:46.873 +02:00 [INF] Map "d5c08240-0436-454a-8993-362abf5bc477": window light drew 2/2 beam(s)
2026-05-25 23:30:46.902 +02:00 [INF] Map "d5c08240-0436-454a-8993-362abf5bc477": window light drew 2/2 beam(s)
2026-05-25 23:30:46.931 +02:00 [INF] Map "d5c08240-0436-454a-8993-362abf5bc477": window light drew 2/2 beam(s)
2026-05-25 23:30:46.960 +02:00 [INF] Map "d5c08240-0436-454a-8993-362abf5bc477": window light drew 2/2 beam(s)
2026-05-25 23:30:46.991 +02:00 [INF] Map "d5c08240-0436-454a-8993-362abf5bc477": window light drew 2/2 beam(s)
2026-05-25 23:30:47.021 +02:00 [INF] Map "d5c08240-0436-454a-8993-362abf5bc477": window light drew 2/2 beam(s)
2026-05-25 23:30:47.050 +02:00 [INF] Map "d5c08240-0436-454a-8993-362abf5bc477": window light drew 2/2 beam(s)
2026-05-25 23:30:47.079 +02:00 [INF] Map "d5c08240-0436-454a-8993-362abf5bc477": window light drew 2/2 beam(s)
2026-05-25 23:30:47.109 +02:00 [INF] Map "d5c08240-0436-454a-8993-362abf5bc477": window light drew 2/2 beam(s)
2026-05-25 23:30:47.157 +02:00 [INF] Map "d5c08240-0436-454a-8993-362abf5bc477": window light drew 2/2 beam(s)
2026-05-25 23:30:47.190 +02:00 [INF] Map "d5c08240-0436-454a-8993-362abf5bc477": window light drew 2/2 beam(s)
2026-05-25 23:30:47.219 +02:00 [INF] Map "d5c08240-0436-454a-8993-362abf5bc477": window light drew 2/2 beam(s)
2026-05-25 23:30:47.248 +02:00 [INF] Map "d5c08240-0436-454a-8993-362abf5bc477": window light drew 2/2 beam(s)
2026-05-25 23:30:47.276 +02:00 [INF] Map "d5c08240-0436-454a-8993-362abf5bc477": window light drew 2/2 beam(s)
2026-05-25 23:30:47.304 +02:00 [INF] Map "d5c08240-0436-454a-8993-362abf5bc477": window light drew 2/2 beam(s)
2026-05-25 23:30:47.333 +02:00 [INF] Map "d5c08240-0436-454a-8993-362abf5bc477": window light drew 2/2 beam(s)
2026-05-25 23:30:47.363 +02:00 [INF] Map "d5c08240-0436-454a-8993-362abf5bc477": window light drew 2/2 beam(s)
2026-05-25 23:30:47.392 +02:00 [INF] Map "d5c08240-0436-454a-8993-362abf5bc477": window light drew 2/2 beam(s)
2026-05-25 23:30:47.421 +02:00 [INF] Map "d5c08240-0436-454a-8993-362abf5bc477": window light drew 2/2 beam(s)
2026-05-25 23:30:47.465 +02:00 [INF] Map "d5c08240-0436-454a-8993-362abf5bc477": window light drew 2/2 beam(s)
2026-05-25 23:30:47.493 +02:00 [INF] Map "d5c08240-0436-454a-8993-362abf5bc477": window light drew 2/2 beam(s)
2026-05-25 23:30:47.521 +02:00 [INF] Map "d5c08240-0436-454a-8993-362abf5bc477": window light drew 2/2 beam(s)
2026-05-25 23:30:47.549 +02:00 [INF] Map "d5c08240-0436-454a-8993-362abf5bc477": window light drew 2/2 beam(s)
2026-05-25 23:30:47.577 +02:00 [INF] Map "d5c08240-0436-454a-8993-362abf5bc477": window light drew 2/2 beam(s)
2026-05-25 23:30:47.605 +02:00 [INF] Map "d5c08240-0436-454a-8993-362abf5bc477": window light drew 2/2 beam(s)
2026-05-25 23:30:47.633 +02:00 [INF] Map "d5c08240-0436-454a-8993-362abf5bc477": window light drew 2/2 beam(s)
2026-05-25 23:30:47.661 +02:00 [INF] Map "d5c08240-0436-454a-8993-362abf5bc477": window light drew 2/2 beam(s)
2026-05-25 23:30:47.690 +02:00 [INF] Map "d5c08240-0436-454a-8993-362abf5bc477": window light drew 2/2 beam(s)
2026-05-25 23:30:47.719 +02:00 [INF] Map "d5c08240-0436-454a-8993-362abf5bc477": window light drew 2/2 beam(s)
2026-05-25 23:30:47.764 +02:00 [INF] Map "d5c08240-0436-454a-8993-362abf5bc477": window light drew 2/2 beam(s)
2026-05-25 23:30:47.793 +02:00 [INF] Map "d5c08240-0436-454a-8993-362abf5bc477": window light drew 2/2 beam(s)
2026-05-25 23:30:47.822 +02:00 [INF] Map "d5c08240-0436-454a-8993-362abf5bc477": window light drew 2/2 beam(s)
2026-05-25 23:30:47.851 +02:00 [INF] Map "d5c08240-0436-454a-8993-362abf5bc477": window light drew 2/2 beam(s)
2026-05-25 23:30:47.880 +02:00 [INF] Map "d5c08240-0436-454a-8993-362abf5bc477": window light drew 2/2 beam(s)
2026-05-25 23:30:47.910 +02:00 [INF] Map "d5c08240-0436-454a-8993-362abf5bc477": window light drew 2/2 beam(s)
2026-05-25 23:30:47.940 +02:00 [INF] Map "d5c08240-0436-454a-8993-362abf5bc477": window light drew 2/2 beam(s)
2026-05-25 23:30:47.970 +02:00 [INF] Map "d5c08240-0436-454a-8993-362abf5bc477": window light drew 2/2 beam(s)
2026-05-25 23:30:47.998 +02:00 [INF] Map "d5c08240-0436-454a-8993-362abf5bc477": window light drew 2/2 beam(s)
2026-05-25 23:30:48.028 +02:00 [INF] Map "d5c08240-0436-454a-8993-362abf5bc477": window light drew 2/2 beam(s)
2026-05-25 23:30:48.075 +02:00 [INF] Map "d5c08240-0436-454a-8993-362abf5bc477": window light drew 2/2 beam(s)
2026-05-25 23:30:48.103 +02:00 [INF] Map "d5c08240-0436-454a-8993-362abf5bc477": window light drew 2/2 beam(s)
2026-05-25 23:30:48.132 +02:00 [INF] Map "d5c08240-0436-454a-8993-362abf5bc477": window light drew 2/2 beam(s)
2026-05-25 23:30:48.161 +02:00 [INF] Map "d5c08240-0436-454a-8993-362abf5bc477": window light drew 2/2 beam(s)
2026-05-25 23:30:48.190 +02:00 [INF] Map "d5c08240-0436-454a-8993-362abf5bc477": window light drew 2/2 beam(s)
2026-05-25 23:30:48.220 +02:00 [INF] Map "d5c08240-0436-454a-8993-362abf5bc477": window light drew 2/2 beam(s)
2026-05-25 23:30:48.248 +02:00 [INF] Map "d5c08240-0436-454a-8993-362abf5bc477": window light drew 2/2 beam(s)
2026-05-25 23:30:48.279 +02:00 [INF] Map "d5c08240-0436-454a-8993-362abf5bc477": window light drew 2/2 beam(s)
2026-05-25 23:30:48.307 +02:00 [INF] Map "d5c08240-0436-454a-8993-362abf5bc477": window light drew 2/2 beam(s)
2026-05-25 23:30:48.336 +02:00 [INF] Map "d5c08240-0436-454a-8993-362abf5bc477": window light drew 2/2 beam(s)
2026-05-25 23:30:48.379 +02:00 [INF] Map "d5c08240-0436-454a-8993-362abf5bc477": window light drew 2/2 beam(s)
2026-05-25 23:30:48.408 +02:00 [INF] Map "d5c08240-0436-454a-8993-362abf5bc477": window light drew 2/2 beam(s)
2026-05-25 23:30:48.438 +02:00 [INF] Map "d5c08240-0436-454a-8993-362abf5bc477": window light drew 2/2 beam(s)
2026-05-25 23:30:48.467 +02:00 [INF] Map "d5c08240-0436-454a-8993-362abf5bc477": window light drew 2/2 beam(s)
2026-05-25 23:30:48.495 +02:00 [INF] Map "d5c08240-0436-454a-8993-362abf5bc477": window light drew 2/2 beam(s)
2026-05-25 23:30:48.524 +02:00 [INF] Map "d5c08240-0436-454a-8993-362abf5bc477": window light drew 2/2 beam(s)
2026-05-25 23:30:48.553 +02:00 [INF] Map "d5c08240-0436-454a-8993-362abf5bc477": window light drew 2/2 beam(s)
2026-05-25 23:30:48.582 +02:00 [INF] Map "d5c08240-0436-454a-8993-362abf5bc477": window light drew 2/2 beam(s)
2026-05-25 23:30:48.613 +02:00 [INF] Map "d5c08240-0436-454a-8993-362abf5bc477": window light drew 2/2 beam(s)
2026-05-25 23:30:48.643 +02:00 [INF] Map "d5c08240-0436-454a-8993-362abf5bc477": window light drew 2/2 beam(s)
2026-05-25 23:30:48.687 +02:00 [INF] Map "d5c08240-0436-454a-8993-362abf5bc477": window light drew 2/2 beam(s)
2026-05-25 23:30:48.715 +02:00 [INF] Map "d5c08240-0436-454a-8993-362abf5bc477": window light drew 2/2 beam(s)
2026-05-25 23:30:48.745 +02:00 [INF] Map "d5c08240-0436-454a-8993-362abf5bc477": window light drew 2/2 beam(s)
2026-05-25 23:30:48.774 +02:00 [INF] Map "d5c08240-0436-454a-8993-362abf5bc477": window light drew 2/2 beam(s)
2026-05-25 23:30:48.803 +02:00 [INF] Map "d5c08240-0436-454a-8993-362abf5bc477": window light drew 2/2 beam(s)
2026-05-25 23:30:48.830 +02:00 [INF] Map "d5c08240-0436-454a-8993-362abf5bc477": window light drew 2/2 beam(s)
2026-05-25 23:30:48.860 +02:00 [INF] Map "d5c08240-0436-454a-8993-362abf5bc477": window light drew 2/2 beam(s)
2026-05-25 23:30:48.888 +02:00 [INF] Map "d5c08240-0436-454a-8993-362abf5bc477": window light drew 2/2 beam(s)
2026-05-25 23:30:48.917 +02:00 [INF] Map "d5c08240-0436-454a-8993-362abf5bc477": window light drew 2/2 beam(s)
2026-05-25 23:30:48.946 +02:00 [INF] Map "d5c08240-0436-454a-8993-362abf5bc477": window light drew 2/2 beam(s)
2026-05-25 23:30:48.989 +02:00 [INF] Map "d5c08240-0436-454a-8993-362abf5bc477": window light drew 2/2 beam(s)
2026-05-25 23:30:49.018 +02:00 [INF] Map "d5c08240-0436-454a-8993-362abf5bc477": window light drew 2/2 beam(s)
2026-05-25 23:30:49.047 +02:00 [INF] Map "d5c08240-0436-454a-8993-362abf5bc477": window light drew 2/2 beam(s)
2026-05-25 23:30:49.077 +02:00 [INF] Map "d5c08240-0436-454a-8993-362abf5bc477": window light drew 2/2 beam(s)
2026-05-25 23:30:49.107 +02:00 [INF] Map "d5c08240-0436-454a-8993-362abf5bc477": window light drew 2/2 beam(s)
2026-05-25 23:30:49.136 +02:00 [INF] Map "d5c08240-0436-454a-8993-362abf5bc477": window light drew 2/2 beam(s)
2026-05-25 23:30:49.165 +02:00 [INF] Map "d5c08240-0436-454a-8993-362abf5bc477": window light drew 2/2 beam(s)
2026-05-25 23:30:49.195 +02:00 [INF] Map "d5c08240-0436-454a-8993-362abf5bc477": window light drew 2/2 beam(s)
2026-05-25 23:30:49.221 +02:00 [INF] Map "d5c08240-0436-454a-8993-362abf5bc477": window light drew 2/2 beam(s)
2026-05-25 23:30:49.249 +02:00 [INF] Map "d5c08240-0436-454a-8993-362abf5bc477": window light drew 2/2 beam(s)
2026-05-25 23:30:49.290 +02:00 [INF] Map "d5c08240-0436-454a-8993-362abf5bc477": window light drew 2/2 beam(s)
2026-05-25 23:30:49.316 +02:00 [INF] Map "d5c08240-0436-454a-8993-362abf5bc477": window light drew 2/2 beam(s)
2026-05-25 23:30:49.343 +02:00 [INF] Map "d5c08240-0436-454a-8993-362abf5bc477": window light drew 2/2 beam(s)
2026-05-25 23:30:49.370 +02:00 [INF] Map "d5c08240-0436-454a-8993-362abf5bc477": window light drew 2/2 beam(s)
2026-05-25 23:30:49.398 +02:00 [INF] Map "d5c08240-0436-454a-8993-362abf5bc477": window light drew 2/2 beam(s)
2026-05-25 23:30:49.426 +02:00 [INF] Map "d5c08240-0436-454a-8993-362abf5bc477": window light drew 2/2 beam(s)
2026-05-25 23:30:49.452 +02:00 [INF] Map "d5c08240-0436-454a-8993-362abf5bc477": window light drew 2/2 beam(s)
2026-05-25 23:30:49.479 +02:00 [INF] Map "d5c08240-0436-454a-8993-362abf5bc477": window light drew 2/2 beam(s)
2026-05-25 23:30:49.505 +02:00 [INF] Map "d5c08240-0436-454a-8993-362abf5bc477": window light drew 2/2 beam(s)
2026-05-25 23:30:49.532 +02:00 [INF] Map "d5c08240-0436-454a-8993-362abf5bc477": window light drew 2/2 beam(s)
2026-05-25 23:30:49.559 +02:00 [INF] Map "d5c08240-0436-454a-8993-362abf5bc477": window light drew 2/2 beam(s)
2026-05-25 23:30:49.600 +02:00 [INF] Map "d5c08240-0436-454a-8993-362abf5bc477": window light drew 2/2 beam(s)
2026-05-25 23:30:49.627 +02:00 [INF] Map "d5c08240-0436-454a-8993-362abf5bc477": window light drew 2/2 beam(s)
2026-05-25 23:30:49.653 +02:00 [INF] Map "d5c08240-0436-454a-8993-362abf5bc477": window light drew 2/2 beam(s)
2026-05-25 23:30:49.680 +02:00 [INF] Map "d5c08240-0436-454a-8993-362abf5bc477": window light drew 2/2 beam(s)
2026-05-25 23:30:49.707 +02:00 [INF] Map "d5c08240-0436-454a-8993-362abf5bc477": window light drew 2/2 beam(s)
2026-05-25 23:30:49.735 +02:00 [INF] Map "d5c08240-0436-454a-8993-362abf5bc477": window light drew 2/2 beam(s)
2026-05-25 23:30:49.763 +02:00 [INF] Map "d5c08240-0436-454a-8993-362abf5bc477": window light drew 2/2 beam(s)
2026-05-25 23:30:49.791 +02:00 [INF] Map "d5c08240-0436-454a-8993-362abf5bc477": window light drew 2/2 beam(s)
2026-05-25 23:30:49.818 +02:00 [INF] Map "d5c08240-0436-454a-8993-362abf5bc477": window light drew 2/2 beam(s)
2026-05-25 23:30:49.847 +02:00 [INF] Map "d5c08240-0436-454a-8993-362abf5bc477": window light drew 2/2 beam(s)
2026-05-25 23:30:49.890 +02:00 [INF] Map "d5c08240-0436-454a-8993-362abf5bc477": window light drew 2/2 beam(s)
2026-05-25 23:30:49.917 +02:00 [INF] Map "d5c08240-0436-454a-8993-362abf5bc477": window light drew 2/2 beam(s)
2026-05-25 23:30:49.945 +02:00 [INF] Map "d5c08240-0436-454a-8993-362abf5bc477": window light drew 2/2 beam(s)
2026-05-25 23:30:49.973 +02:00 [INF] Map "d5c08240-0436-454a-8993-362abf5bc477": window light drew 2/2 beam(s)
2026-05-25 23:30:50.001 +02:00 [INF] Map "d5c08240-0436-454a-8993-362abf5bc477": window light drew 2/2 beam(s)
2026-05-25 23:30:50.038 +02:00 [INF] Map "d5c08240-0436-454a-8993-362abf5bc477": window light drew 2/2 beam(s)
2026-05-25 23:30:50.065 +02:00 [INF] Map "d5c08240-0436-454a-8993-362abf5bc477": window light drew 2/2 beam(s)
2026-05-25 23:30:50.092 +02:00 [INF] Map "d5c08240-0436-454a-8993-362abf5bc477": window light drew 2/2 beam(s)
2026-05-25 23:30:50.119 +02:00 [INF] Map "d5c08240-0436-454a-8993-362abf5bc477": window light drew 2/2 beam(s)
2026-05-25 23:30:50.146 +02:00 [INF] Map "d5c08240-0436-454a-8993-362abf5bc477": window light drew 2/2 beam(s)
2026-05-25 23:30:50.189 +02:00 [INF] Map "d5c08240-0436-454a-8993-362abf5bc477": window light drew 2/2 beam(s)
2026-05-25 23:30:50.217 +02:00 [INF] Map "d5c08240-0436-454a-8993-362abf5bc477": window light drew 2/2 beam(s)
2026-05-25 23:30:50.244 +02:00 [INF] Map "d5c08240-0436-454a-8993-362abf5bc477": window light drew 2/2 beam(s)
2026-05-25 23:30:50.271 +02:00 [INF] Map "d5c08240-0436-454a-8993-362abf5bc477": window light drew 2/2 beam(s)
2026-05-25 23:30:50.297 +02:00 [INF] Map "d5c08240-0436-454a-8993-362abf5bc477": window light drew 2/2 beam(s)
2026-05-25 23:30:50.325 +02:00 [INF] Map "d5c08240-0436-454a-8993-362abf5bc477": window light drew 2/2 beam(s)
2026-05-25 23:30:50.351 +02:00 [INF] Map "d5c08240-0436-454a-8993-362abf5bc477": window light drew 2/2 beam(s)
2026-05-25 23:30:50.378 +02:00 [INF] Map "d5c08240-0436-454a-8993-362abf5bc477": window light drew 2/2 beam(s)
2026-05-25 23:30:50.405 +02:00 [INF] Map "d5c08240-0436-454a-8993-362abf5bc477": window light drew 2/2 beam(s)
2026-05-25 23:30:50.434 +02:00 [INF] Map "d5c08240-0436-454a-8993-362abf5bc477": window light drew 2/2 beam(s)
2026-05-25 23:30:50.461 +02:00 [INF] Map "d5c08240-0436-454a-8993-362abf5bc477": window light drew 2/2 beam(s)
2026-05-25 23:30:50.487 +02:00 [INF] Map "d5c08240-0436-454a-8993-362abf5bc477": window light drew 2/2 beam(s)
2026-05-25 23:30:50.529 +02:00 [INF] Map "d5c08240-0436-454a-8993-362abf5bc477": window light drew 2/2 beam(s)
2026-05-25 23:30:50.558 +02:00 [INF] Map "d5c08240-0436-454a-8993-362abf5bc477": window light drew 2/2 beam(s)
2026-05-25 23:30:50.587 +02:00 [INF] Map "d5c08240-0436-454a-8993-362abf5bc477": window light drew 2/2 beam(s)
2026-05-25 23:30:50.616 +02:00 [INF] Map "d5c08240-0436-454a-8993-362abf5bc477": window light drew 2/2 beam(s)
2026-05-25 23:30:50.644 +02:00 [INF] Map "d5c08240-0436-454a-8993-362abf5bc477": window light drew 2/2 beam(s)
2026-05-25 23:30:50.673 +02:00 [INF] Map "d5c08240-0436-454a-8993-362abf5bc477": window light drew 2/2 beam(s)
2026-05-25 23:30:50.702 +02:00 [INF] Map "d5c08240-0436-454a-8993-362abf5bc477": window light drew 2/2 beam(s)
2026-05-25 23:30:50.731 +02:00 [INF] Map "d5c08240-0436-454a-8993-362abf5bc477": window light drew 2/2 beam(s)
2026-05-25 23:30:50.761 +02:00 [INF] Map "d5c08240-0436-454a-8993-362abf5bc477": window light drew 2/2 beam(s)
2026-05-25 23:30:50.804 +02:00 [INF] Map "d5c08240-0436-454a-8993-362abf5bc477": window light drew 2/2 beam(s)
2026-05-25 23:30:50.833 +02:00 [INF] Map "d5c08240-0436-454a-8993-362abf5bc477": window light drew 2/2 beam(s)
2026-05-25 23:30:50.862 +02:00 [INF] Map "d5c08240-0436-454a-8993-362abf5bc477": window light drew 2/2 beam(s)
2026-05-25 23:30:50.895 +02:00 [INF] Map "d5c08240-0436-454a-8993-362abf5bc477": window light drew 2/2 beam(s)
2026-05-25 23:30:50.925 +02:00 [INF] Map "d5c08240-0436-454a-8993-362abf5bc477": window light drew 2/2 beam(s)
2026-05-25 23:30:50.954 +02:00 [INF] Map "d5c08240-0436-454a-8993-362abf5bc477": window light drew 2/2 beam(s)
2026-05-25 23:30:50.982 +02:00 [INF] Map "d5c08240-0436-454a-8993-362abf5bc477": window light drew 2/2 beam(s)
2026-05-25 23:30:51.011 +02:00 [INF] Map "d5c08240-0436-454a-8993-362abf5bc477": window light drew 2/2 beam(s)
2026-05-25 23:30:51.042 +02:00 [INF] Map "d5c08240-0436-454a-8993-362abf5bc477": window light drew 2/2 beam(s)
2026-05-25 23:30:51.071 +02:00 [INF] Map "d5c08240-0436-454a-8993-362abf5bc477": window light drew 2/2 beam(s)
2026-05-25 23:30:51.114 +02:00 [INF] Map "d5c08240-0436-454a-8993-362abf5bc477": window light drew 2/2 beam(s)
2026-05-25 23:30:51.142 +02:00 [INF] Map "d5c08240-0436-454a-8993-362abf5bc477": window light drew 2/2 beam(s)
2026-05-25 23:30:51.171 +02:00 [INF] Map "d5c08240-0436-454a-8993-362abf5bc477": window light drew 2/2 beam(s)
2026-05-25 23:30:51.200 +02:00 [INF] Map "d5c08240-0436-454a-8993-362abf5bc477": window light drew 2/2 beam(s)
2026-05-25 23:30:51.231 +02:00 [INF] Map "d5c08240-0436-454a-8993-362abf5bc477": window light drew 2/2 beam(s)
2026-05-25 23:30:51.259 +02:00 [INF] Map "d5c08240-0436-454a-8993-362abf5bc477": window light drew 2/2 beam(s)
2026-05-25 23:30:51.287 +02:00 [INF] Map "d5c08240-0436-454a-8993-362abf5bc477": window light drew 2/2 beam(s)
2026-05-25 23:30:51.314 +02:00 [INF] Map "d5c08240-0436-454a-8993-362abf5bc477": window light drew 2/2 beam(s)
2026-05-25 23:30:51.342 +02:00 [INF] Map "d5c08240-0436-454a-8993-362abf5bc477": window light drew 2/2 beam(s)
2026-05-25 23:30:51.370 +02:00 [INF] Map "d5c08240-0436-454a-8993-362abf5bc477": window light drew 2/2 beam(s)
2026-05-25 23:30:51.414 +02:00 [INF] Map "d5c08240-0436-454a-8993-362abf5bc477": window light drew 2/2 beam(s)
2026-05-25 23:30:51.442 +02:00 [INF] Map "d5c08240-0436-454a-8993-362abf5bc477": window light drew 2/2 beam(s)
2026-05-25 23:30:51.470 +02:00 [INF] Map "d5c08240-0436-454a-8993-362abf5bc477": window light drew 2/2 beam(s)
2026-05-25 23:30:51.498 +02:00 [INF] Map "d5c08240-0436-454a-8993-362abf5bc477": window light drew 2/2 beam(s)
2026-05-25 23:30:51.526 +02:00 [INF] Map "d5c08240-0436-454a-8993-362abf5bc477": window light drew 2/2 beam(s)
2026-05-25 23:30:51.554 +02:00 [INF] Map "d5c08240-0436-454a-8993-362abf5bc477": window light drew 2/2 beam(s)
2026-05-25 23:30:51.582 +02:00 [INF] Map "d5c08240-0436-454a-8993-362abf5bc477": window light drew 2/2 beam(s)
2026-05-25 23:30:51.609 +02:00 [INF] Map "d5c08240-0436-454a-8993-362abf5bc477": window light drew 2/2 beam(s)
2026-05-25 23:30:51.637 +02:00 [INF] Map "d5c08240-0436-454a-8993-362abf5bc477": window light drew 2/2 beam(s)
2026-05-25 23:30:51.665 +02:00 [INF] Map "d5c08240-0436-454a-8993-362abf5bc477": window light drew 2/2 beam(s)
2026-05-25 23:30:51.708 +02:00 [INF] Map "d5c08240-0436-454a-8993-362abf5bc477": window light drew 2/2 beam(s)
2026-05-25 23:30:51.736 +02:00 [INF] Map "d5c08240-0436-454a-8993-362abf5bc477": window light drew 2/2 beam(s)
2026-05-25 23:30:51.764 +02:00 [INF] Map "d5c08240-0436-454a-8993-362abf5bc477": window light drew 2/2 beam(s)
2026-05-25 23:30:51.792 +02:00 [INF] Map "d5c08240-0436-454a-8993-362abf5bc477": window light drew 2/2 beam(s)
2026-05-25 23:30:51.820 +02:00 [INF] Map "d5c08240-0436-454a-8993-362abf5bc477": window light drew 2/2 beam(s)
2026-05-25 23:30:51.847 +02:00 [INF] Map "d5c08240-0436-454a-8993-362abf5bc477": window light drew 2/2 beam(s)
2026-05-25 23:30:51.875 +02:00 [INF] Map "d5c08240-0436-454a-8993-362abf5bc477": window light drew 2/2 beam(s)
2026-05-25 23:30:51.903 +02:00 [INF] Map "d5c08240-0436-454a-8993-362abf5bc477": window light drew 2/2 beam(s)
2026-05-25 23:30:51.931 +02:00 [INF] Map "d5c08240-0436-454a-8993-362abf5bc477": window light drew 2/2 beam(s)
2026-05-25 23:30:51.959 +02:00 [INF] Map "d5c08240-0436-454a-8993-362abf5bc477": window light drew 2/2 beam(s)
2026-05-25 23:30:52.001 +02:00 [INF] Map "d5c08240-0436-454a-8993-362abf5bc477": window light drew 2/2 beam(s)
2026-05-25 23:30:52.030 +02:00 [INF] Map "d5c08240-0436-454a-8993-362abf5bc477": window light drew 2/2 beam(s)
2026-05-25 23:30:52.058 +02:00 [INF] Map "d5c08240-0436-454a-8993-362abf5bc477": window light drew 2/2 beam(s)
2026-05-25 23:30:52.087 +02:00 [INF] Map "d5c08240-0436-454a-8993-362abf5bc477": window light drew 2/2 beam(s)
2026-05-25 23:30:52.115 +02:00 [INF] Map "d5c08240-0436-454a-8993-362abf5bc477": window light drew 2/2 beam(s)
2026-05-25 23:30:52.147 +02:00 [INF] Map "d5c08240-0436-454a-8993-362abf5bc477": window light drew 2/2 beam(s)
2026-05-25 23:30:52.180 +02:00 [INF] Map "d5c08240-0436-454a-8993-362abf5bc477": window light drew 2/2 beam(s)
2026-05-25 23:30:52.210 +02:00 [INF] Map "d5c08240-0436-454a-8993-362abf5bc477": window light drew 2/2 beam(s)
2026-05-25 23:30:52.240 +02:00 [INF] Map "d5c08240-0436-454a-8993-362abf5bc477": window light drew 2/2 beam(s)
2026-05-25 23:30:52.268 +02:00 [INF] Map "d5c08240-0436-454a-8993-362abf5bc477": window light drew 2/2 beam(s)
2026-05-25 23:30:52.311 +02:00 [INF] Map "d5c08240-0436-454a-8993-362abf5bc477": window light drew 2/2 beam(s)
2026-05-25 23:30:52.340 +02:00 [INF] Map "d5c08240-0436-454a-8993-362abf5bc477": window light drew 2/2 beam(s)
2026-05-25 23:30:52.368 +02:00 [INF] Map "d5c08240-0436-454a-8993-362abf5bc477": window light drew 2/2 beam(s)
2026-05-25 23:30:52.395 +02:00 [INF] Map "d5c08240-0436-454a-8993-362abf5bc477": window light drew 2/2 beam(s)
2026-05-25 23:30:52.423 +02:00 [INF] Map "d5c08240-0436-454a-8993-362abf5bc477": window light drew 2/2 beam(s)
2026-05-25 23:30:52.452 +02:00 [INF] Map "d5c08240-0436-454a-8993-362abf5bc477": window light drew 2/2 beam(s)
2026-05-25 23:30:52.479 +02:00 [INF] Map "d5c08240-0436-454a-8993-362abf5bc477": window light drew 2/2 beam(s)
2026-05-25 23:30:52.507 +02:00 [INF] Map "d5c08240-0436-454a-8993-362abf5bc477": window light drew 2/2 beam(s)
2026-05-25 23:30:52.535 +02:00 [INF] Map "d5c08240-0436-454a-8993-362abf5bc477": window light drew 2/2 beam(s)
2026-05-25 23:30:52.584 +02:00 [INF] Map "d5c08240-0436-454a-8993-362abf5bc477": window light drew 2/2 beam(s)
2026-05-25 23:30:52.648 +02:00 [INF] Map "d5c08240-0436-454a-8993-362abf5bc477": window light drew 2/2 beam(s)
2026-05-25 23:30:52.702 +02:00 [INF] Map "d5c08240-0436-454a-8993-362abf5bc477": window light drew 2/2 beam(s)
2026-05-25 23:30:52.732 +02:00 [INF] Map "d5c08240-0436-454a-8993-362abf5bc477": window light drew 2/2 beam(s)
2026-05-25 23:30:52.772 +02:00 [INF] Map "d5c08240-0436-454a-8993-362abf5bc477": window light drew 2/2 beam(s)
2026-05-25 23:30:52.800 +02:00 [INF] Map "d5c08240-0436-454a-8993-362abf5bc477": window light drew 2/2 beam(s)
2026-05-25 23:30:52.829 +02:00 [INF] Map "d5c08240-0436-454a-8993-362abf5bc477": window light drew 2/2 beam(s)
2026-05-25 23:30:52.857 +02:00 [INF] Map "d5c08240-0436-454a-8993-362abf5bc477": window light drew 2/2 beam(s)
2026-05-25 23:30:52.887 +02:00 [INF] Map "d5c08240-0436-454a-8993-362abf5bc477": window light drew 2/2 beam(s)
2026-05-25 23:30:52.916 +02:00 [INF] Map "d5c08240-0436-454a-8993-362abf5bc477": window light drew 2/2 beam(s)
2026-05-25 23:30:52.945 +02:00 [INF] Map "d5c08240-0436-454a-8993-362abf5bc477": window light drew 2/2 beam(s)
2026-05-25 23:30:52.988 +02:00 [INF] Map "d5c08240-0436-454a-8993-362abf5bc477": window light drew 2/2 beam(s)
2026-05-25 23:30:53.017 +02:00 [INF] Map "d5c08240-0436-454a-8993-362abf5bc477": window light drew 2/2 beam(s)
2026-05-25 23:30:53.046 +02:00 [INF] Map "d5c08240-0436-454a-8993-362abf5bc477": window light drew 2/2 beam(s)
2026-05-25 23:30:53.075 +02:00 [INF] Map "d5c08240-0436-454a-8993-362abf5bc477": window light drew 2/2 beam(s)
2026-05-25 23:30:53.103 +02:00 [INF] Map "d5c08240-0436-454a-8993-362abf5bc477": window light drew 2/2 beam(s)
2026-05-25 23:30:53.131 +02:00 [INF] Map "d5c08240-0436-454a-8993-362abf5bc477": window light drew 2/2 beam(s)
2026-05-25 23:30:53.159 +02:00 [INF] Map "d5c08240-0436-454a-8993-362abf5bc477": window light drew 2/2 beam(s)
2026-05-25 23:30:53.187 +02:00 [INF] Map "d5c08240-0436-454a-8993-362abf5bc477": window light drew 2/2 beam(s)
2026-05-25 23:30:53.215 +02:00 [INF] Map "d5c08240-0436-454a-8993-362abf5bc477": window light drew 2/2 beam(s)
2026-05-25 23:30:53.244 +02:00 [INF] Map "d5c08240-0436-454a-8993-362abf5bc477": window light drew 2/2 beam(s)
2026-05-25 23:30:53.286 +02:00 [INF] Map "d5c08240-0436-454a-8993-362abf5bc477": window light drew 2/2 beam(s)
2026-05-25 23:30:53.315 +02:00 [INF] Map "d5c08240-0436-454a-8993-362abf5bc477": window light drew 2/2 beam(s)
2026-05-25 23:30:53.343 +02:00 [INF] Map "d5c08240-0436-454a-8993-362abf5bc477": window light drew 2/2 beam(s)
2026-05-25 23:30:53.372 +02:00 [INF] Map "d5c08240-0436-454a-8993-362abf5bc477": window light drew 2/2 beam(s)
2026-05-25 23:30:53.400 +02:00 [INF] Map "d5c08240-0436-454a-8993-362abf5bc477": window light drew 2/2 beam(s)
2026-05-25 23:30:53.429 +02:00 [INF] Map "d5c08240-0436-454a-8993-362abf5bc477": window light drew 2/2 beam(s)
2026-05-25 23:30:53.458 +02:00 [INF] Map "d5c08240-0436-454a-8993-362abf5bc477": window light drew 2/2 beam(s)
2026-05-25 23:30:53.486 +02:00 [INF] Map "d5c08240-0436-454a-8993-362abf5bc477": window light drew 2/2 beam(s)
2026-05-25 23:30:53.514 +02:00 [INF] Map "d5c08240-0436-454a-8993-362abf5bc477": window light drew 2/2 beam(s)
2026-05-25 23:30:53.543 +02:00 [INF] Map "d5c08240-0436-454a-8993-362abf5bc477": window light drew 2/2 beam(s)
2026-05-25 23:30:53.586 +02:00 [INF] Map "d5c08240-0436-454a-8993-362abf5bc477": window light drew 2/2 beam(s)
2026-05-25 23:30:53.614 +02:00 [INF] Map "d5c08240-0436-454a-8993-362abf5bc477": window light drew 2/2 beam(s)
2026-05-25 23:30:53.642 +02:00 [INF] Map "d5c08240-0436-454a-8993-362abf5bc477": window light drew 2/2 beam(s)
2026-05-25 23:30:53.672 +02:00 [INF] Map "d5c08240-0436-454a-8993-362abf5bc477": window light drew 2/2 beam(s)
2026-05-25 23:30:53.700 +02:00 [INF] Map "d5c08240-0436-454a-8993-362abf5bc477": window light drew 2/2 beam(s)
2026-05-25 23:30:53.728 +02:00 [INF] Map "d5c08240-0436-454a-8993-362abf5bc477": window light drew 2/2 beam(s)
2026-05-25 23:30:53.757 +02:00 [INF] Map "d5c08240-0436-454a-8993-362abf5bc477": window light drew 2/2 beam(s)
2026-05-25 23:30:53.785 +02:00 [INF] Map "d5c08240-0436-454a-8993-362abf5bc477": window light drew 2/2 beam(s)
2026-05-25 23:30:53.813 +02:00 [INF] Map "d5c08240-0436-454a-8993-362abf5bc477": window light drew 2/2 beam(s)
2026-05-25 23:30:53.841 +02:00 [INF] Map "d5c08240-0436-454a-8993-362abf5bc477": window light drew 2/2 beam(s)
2026-05-25 23:30:53.883 +02:00 [INF] Map "d5c08240-0436-454a-8993-362abf5bc477": window light drew 2/2 beam(s)
2026-05-25 23:30:53.911 +02:00 [INF] Map "d5c08240-0436-454a-8993-362abf5bc477": window light drew 2/2 beam(s)
2026-05-25 23:30:53.939 +02:00 [INF] Map "d5c08240-0436-454a-8993-362abf5bc477": window light drew 2/2 beam(s)
2026-05-25 23:30:53.967 +02:00 [INF] Map "d5c08240-0436-454a-8993-362abf5bc477": window light drew 2/2 beam(s)
2026-05-25 23:30:53.996 +02:00 [INF] Map "d5c08240-0436-454a-8993-362abf5bc477": window light drew 2/2 beam(s)
2026-05-25 23:30:54.024 +02:00 [INF] Map "d5c08240-0436-454a-8993-362abf5bc477": window light drew 2/2 beam(s)
2026-05-25 23:30:54.052 +02:00 [INF] Map "d5c08240-0436-454a-8993-362abf5bc477": window light drew 2/2 beam(s)
2026-05-25 23:30:54.081 +02:00 [INF] Map "d5c08240-0436-454a-8993-362abf5bc477": window light drew 2/2 beam(s)
2026-05-25 23:30:54.132 +02:00 [INF] Map "d5c08240-0436-454a-8993-362abf5bc477": window light drew 2/2 beam(s)
2026-05-25 23:30:54.181 +02:00 [INF] Map "d5c08240-0436-454a-8993-362abf5bc477": window light drew 2/2 beam(s)
2026-05-25 23:30:54.259 +02:00 [INF] Map "d5c08240-0436-454a-8993-362abf5bc477": window light drew 2/2 beam(s)
2026-05-25 23:30:54.300 +02:00 [INF] Map "d5c08240-0436-454a-8993-362abf5bc477": window light drew 2/2 beam(s)
2026-05-25 23:30:54.336 +02:00 [INF] Map "d5c08240-0436-454a-8993-362abf5bc477": window light drew 2/2 beam(s)
2026-05-25 23:30:54.366 +02:00 [INF] Map "d5c08240-0436-454a-8993-362abf5bc477": window light drew 2/2 beam(s)
2026-05-25 23:30:54.396 +02:00 [INF] Map "d5c08240-0436-454a-8993-362abf5bc477": window light drew 2/2 beam(s)
2026-05-25 23:30:54.426 +02:00 [INF] Map "d5c08240-0436-454a-8993-362abf5bc477": window light drew 2/2 beam(s)
2026-05-25 23:30:54.455 +02:00 [INF] Map "d5c08240-0436-454a-8993-362abf5bc477": window light drew 2/2 beam(s)
2026-05-25 23:30:54.484 +02:00 [INF] Map "d5c08240-0436-454a-8993-362abf5bc477": window light drew 2/2 beam(s)
2026-05-25 23:30:54.513 +02:00 [INF] Map "d5c08240-0436-454a-8993-362abf5bc477": window light drew 2/2 beam(s)
2026-05-25 23:30:54.541 +02:00 [INF] Map "d5c08240-0436-454a-8993-362abf5bc477": window light drew 2/2 beam(s)
2026-05-25 23:30:54.585 +02:00 [INF] Map "d5c08240-0436-454a-8993-362abf5bc477": window light drew 2/2 beam(s)
2026-05-25 23:30:54.613 +02:00 [INF] Map "d5c08240-0436-454a-8993-362abf5bc477": window light drew 2/2 beam(s)
2026-05-25 23:30:54.642 +02:00 [INF] Map "d5c08240-0436-454a-8993-362abf5bc477": window light drew 2/2 beam(s)
2026-05-25 23:30:54.670 +02:00 [INF] Map "d5c08240-0436-454a-8993-362abf5bc477": window light drew 2/2 beam(s)
2026-05-25 23:30:54.698 +02:00 [INF] Map "d5c08240-0436-454a-8993-362abf5bc477": window light drew 2/2 beam(s)
2026-05-25 23:30:54.727 +02:00 [INF] Map "d5c08240-0436-454a-8993-362abf5bc477": window light drew 2/2 beam(s)
2026-05-25 23:30:54.756 +02:00 [INF] Map "d5c08240-0436-454a-8993-362abf5bc477": window light drew 2/2 beam(s)
2026-05-25 23:30:54.785 +02:00 [INF] Map "d5c08240-0436-454a-8993-362abf5bc477": window light drew 2/2 beam(s)
2026-05-25 23:30:54.813 +02:00 [INF] Map "d5c08240-0436-454a-8993-362abf5bc477": window light drew 2/2 beam(s)
2026-05-25 23:30:54.842 +02:00 [INF] Map "d5c08240-0436-454a-8993-362abf5bc477": window light drew 2/2 beam(s)
2026-05-25 23:30:54.885 +02:00 [INF] Map "d5c08240-0436-454a-8993-362abf5bc477": window light drew 2/2 beam(s)
2026-05-25 23:30:54.914 +02:00 [INF] Map "d5c08240-0436-454a-8993-362abf5bc477": window light drew 2/2 beam(s)
2026-05-25 23:30:54.943 +02:00 [INF] Map "d5c08240-0436-454a-8993-362abf5bc477": window light drew 2/2 beam(s)
2026-05-25 23:30:54.973 +02:00 [INF] Map "d5c08240-0436-454a-8993-362abf5bc477": window light drew 2/2 beam(s)
2026-05-25 23:30:55.001 +02:00 [INF] Map "d5c08240-0436-454a-8993-362abf5bc477": window light drew 2/2 beam(s)
2026-05-25 23:30:55.030 +02:00 [INF] Map "d5c08240-0436-454a-8993-362abf5bc477": window light drew 2/2 beam(s)
2026-05-25 23:30:55.058 +02:00 [INF] Map "d5c08240-0436-454a-8993-362abf5bc477": window light drew 2/2 beam(s)
2026-05-25 23:30:55.087 +02:00 [INF] Map "d5c08240-0436-454a-8993-362abf5bc477": window light drew 2/2 beam(s)
2026-05-25 23:30:55.115 +02:00 [INF] Map "d5c08240-0436-454a-8993-362abf5bc477": window light drew 2/2 beam(s)
2026-05-25 23:30:55.144 +02:00 [INF] Map "d5c08240-0436-454a-8993-362abf5bc477": window light drew 2/2 beam(s)
2026-05-25 23:30:55.188 +02:00 [INF] Map "d5c08240-0436-454a-8993-362abf5bc477": window light drew 2/2 beam(s)
2026-05-25 23:30:55.217 +02:00 [INF] Map "d5c08240-0436-454a-8993-362abf5bc477": window light drew 2/2 beam(s)
2026-05-25 23:30:55.245 +02:00 [INF] Map "d5c08240-0436-454a-8993-362abf5bc477": window light drew 2/2 beam(s)
2026-05-25 23:30:55.273 +02:00 [INF] Map "d5c08240-0436-454a-8993-362abf5bc477": window light drew 2/2 beam(s)
2026-05-25 23:30:55.303 +02:00 [INF] Map "d5c08240-0436-454a-8993-362abf5bc477": window light drew 2/2 beam(s)
2026-05-25 23:30:55.332 +02:00 [INF] Map "d5c08240-0436-454a-8993-362abf5bc477": window light drew 2/2 beam(s)
2026-05-25 23:30:55.360 +02:00 [INF] Map "d5c08240-0436-454a-8993-362abf5bc477": window light drew 2/2 beam(s)
2026-05-25 23:30:55.389 +02:00 [INF] Map "d5c08240-0436-454a-8993-362abf5bc477": window light drew 2/2 beam(s)
2026-05-25 23:30:55.418 +02:00 [INF] Map "d5c08240-0436-454a-8993-362abf5bc477": window light drew 2/2 beam(s)
2026-05-25 23:30:55.447 +02:00 [INF] Map "d5c08240-0436-454a-8993-362abf5bc477": window light drew 2/2 beam(s)
2026-05-25 23:30:55.500 +02:00 [INF] Map "d5c08240-0436-454a-8993-362abf5bc477": window light drew 2/2 beam(s)
2026-05-25 23:30:55.528 +02:00 [INF] Map "d5c08240-0436-454a-8993-362abf5bc477": window light drew 2/2 beam(s)
2026-05-25 23:30:55.556 +02:00 [INF] Map "d5c08240-0436-454a-8993-362abf5bc477": window light drew 2/2 beam(s)
2026-05-25 23:30:55.584 +02:00 [INF] Map "d5c08240-0436-454a-8993-362abf5bc477": window light drew 2/2 beam(s)
2026-05-25 23:30:55.613 +02:00 [INF] Map "d5c08240-0436-454a-8993-362abf5bc477": window light drew 2/2 beam(s)
2026-05-25 23:30:55.641 +02:00 [INF] Map "d5c08240-0436-454a-8993-362abf5bc477": window light drew 2/2 beam(s)
2026-05-25 23:30:55.669 +02:00 [INF] Map "d5c08240-0436-454a-8993-362abf5bc477": window light drew 2/2 beam(s)
2026-05-25 23:30:55.697 +02:00 [INF] Map "d5c08240-0436-454a-8993-362abf5bc477": window light drew 2/2 beam(s)
2026-05-25 23:30:55.726 +02:00 [INF] Map "d5c08240-0436-454a-8993-362abf5bc477": window light drew 2/2 beam(s)
2026-05-25 23:30:55.754 +02:00 [INF] Map "d5c08240-0436-454a-8993-362abf5bc477": window light drew 2/2 beam(s)
2026-05-25 23:30:55.797 +02:00 [INF] Map "d5c08240-0436-454a-8993-362abf5bc477": window light drew 2/2 beam(s)
2026-05-25 23:30:55.825 +02:00 [INF] Map "d5c08240-0436-454a-8993-362abf5bc477": window light drew 2/2 beam(s)
2026-05-25 23:30:55.854 +02:00 [INF] Map "d5c08240-0436-454a-8993-362abf5bc477": window light drew 2/2 beam(s)
2026-05-25 23:30:55.883 +02:00 [INF] Map "d5c08240-0436-454a-8993-362abf5bc477": window light drew 2/2 beam(s)
2026-05-25 23:30:55.911 +02:00 [INF] Map "d5c08240-0436-454a-8993-362abf5bc477": window light drew 2/2 beam(s)
2026-05-25 23:30:55.940 +02:00 [INF] Map "d5c08240-0436-454a-8993-362abf5bc477": window light drew 2/2 beam(s)
2026-05-25 23:30:55.968 +02:00 [INF] Map "d5c08240-0436-454a-8993-362abf5bc477": window light drew 2/2 beam(s)
2026-05-25 23:30:55.998 +02:00 [INF] Map "d5c08240-0436-454a-8993-362abf5bc477": window light drew 2/2 beam(s)
2026-05-25 23:30:56.027 +02:00 [INF] Map "d5c08240-0436-454a-8993-362abf5bc477": window light drew 2/2 beam(s)
2026-05-25 23:30:56.056 +02:00 [INF] Map "d5c08240-0436-454a-8993-362abf5bc477": window light drew 2/2 beam(s)
2026-05-25 23:30:56.098 +02:00 [INF] Map "d5c08240-0436-454a-8993-362abf5bc477": window light drew 2/2 beam(s)
2026-05-25 23:30:56.127 +02:00 [INF] Map "d5c08240-0436-454a-8993-362abf5bc477": window light drew 2/2 beam(s)
2026-05-25 23:30:56.155 +02:00 [INF] Map "d5c08240-0436-454a-8993-362abf5bc477": window light drew 2/2 beam(s)
2026-05-25 23:30:56.183 +02:00 [INF] Map "d5c08240-0436-454a-8993-362abf5bc477": window light drew 2/2 beam(s)
2026-05-25 23:30:56.211 +02:00 [INF] Map "d5c08240-0436-454a-8993-362abf5bc477": window light drew 2/2 beam(s)
2026-05-25 23:30:56.239 +02:00 [INF] Map "d5c08240-0436-454a-8993-362abf5bc477": window light drew 2/2 beam(s)
2026-05-25 23:30:56.267 +02:00 [INF] Map "d5c08240-0436-454a-8993-362abf5bc477": window light drew 2/2 beam(s)
2026-05-25 23:30:56.295 +02:00 [INF] Map "d5c08240-0436-454a-8993-362abf5bc477": window light drew 2/2 beam(s)
2026-05-25 23:30:56.324 +02:00 [INF] Map "d5c08240-0436-454a-8993-362abf5bc477": window light drew 2/2 beam(s)
2026-05-25 23:30:56.353 +02:00 [INF] Map "d5c08240-0436-454a-8993-362abf5bc477": window light drew 2/2 beam(s)
2026-05-25 23:30:56.396 +02:00 [INF] Map "d5c08240-0436-454a-8993-362abf5bc477": window light drew 2/2 beam(s)
2026-05-25 23:30:56.429 +02:00 [INF] Map "d5c08240-0436-454a-8993-362abf5bc477": window light drew 2/2 beam(s)
2026-05-25 23:30:56.457 +02:00 [INF] Map "d5c08240-0436-454a-8993-362abf5bc477": window light drew 2/2 beam(s)
2026-05-25 23:30:56.485 +02:00 [INF] Map "d5c08240-0436-454a-8993-362abf5bc477": window light drew 2/2 beam(s)
2026-05-25 23:30:56.514 +02:00 [INF] Map "d5c08240-0436-454a-8993-362abf5bc477": window light drew 2/2 beam(s)
2026-05-25 23:30:56.542 +02:00 [INF] Map "d5c08240-0436-454a-8993-362abf5bc477": window light drew 2/2 beam(s)
2026-05-25 23:30:56.570 +02:00 [INF] Map "d5c08240-0436-454a-8993-362abf5bc477": window light drew 2/2 beam(s)
2026-05-25 23:30:56.599 +02:00 [INF] Map "d5c08240-0436-454a-8993-362abf5bc477": window light drew 2/2 beam(s)
2026-05-25 23:30:56.628 +02:00 [INF] Map "d5c08240-0436-454a-8993-362abf5bc477": window light drew 2/2 beam(s)
2026-05-25 23:30:56.657 +02:00 [INF] Map "d5c08240-0436-454a-8993-362abf5bc477": window light drew 2/2 beam(s)
2026-05-25 23:30:56.701 +02:00 [INF] Map "d5c08240-0436-454a-8993-362abf5bc477": window light drew 2/2 beam(s)
2026-05-25 23:30:56.730 +02:00 [INF] Map "d5c08240-0436-454a-8993-362abf5bc477": window light drew 2/2 beam(s)
2026-05-25 23:30:56.760 +02:00 [INF] Map "d5c08240-0436-454a-8993-362abf5bc477": window light drew 2/2 beam(s)
2026-05-25 23:30:56.789 +02:00 [INF] Map "d5c08240-0436-454a-8993-362abf5bc477": window light drew 2/2 beam(s)
2026-05-25 23:30:56.820 +02:00 [INF] Map "d5c08240-0436-454a-8993-362abf5bc477": window light drew 2/2 beam(s)
2026-05-25 23:30:56.852 +02:00 [INF] Map "d5c08240-0436-454a-8993-362abf5bc477": window light drew 2/2 beam(s)
2026-05-25 23:30:56.882 +02:00 [INF] Map "d5c08240-0436-454a-8993-362abf5bc477": window light drew 2/2 beam(s)
2026-05-25 23:30:56.913 +02:00 [INF] Map "d5c08240-0436-454a-8993-362abf5bc477": window light drew 2/2 beam(s)
2026-05-25 23:30:56.944 +02:00 [INF] Map "d5c08240-0436-454a-8993-362abf5bc477": window light drew 2/2 beam(s)
2026-05-25 23:30:56.974 +02:00 [INF] Map "d5c08240-0436-454a-8993-362abf5bc477": window light drew 2/2 beam(s)
2026-05-25 23:30:57.024 +02:00 [INF] Map "d5c08240-0436-454a-8993-362abf5bc477": window light drew 2/2 beam(s)
2026-05-25 23:30:57.056 +02:00 [INF] Map "d5c08240-0436-454a-8993-362abf5bc477": window light drew 2/2 beam(s)
2026-05-25 23:30:57.087 +02:00 [INF] Map "d5c08240-0436-454a-8993-362abf5bc477": window light drew 2/2 beam(s)
2026-05-25 23:30:57.121 +02:00 [INF] Map "d5c08240-0436-454a-8993-362abf5bc477": window light drew 2/2 beam(s)
2026-05-25 23:30:57.153 +02:00 [INF] Map "d5c08240-0436-454a-8993-362abf5bc477": window light drew 2/2 beam(s)
2026-05-25 23:30:57.213 +02:00 [INF] Map "d5c08240-0436-454a-8993-362abf5bc477": window light drew 2/2 beam(s)
2026-05-25 23:30:57.266 +02:00 [INF] Map "d5c08240-0436-454a-8993-362abf5bc477": window light drew 2/2 beam(s)
2026-05-25 23:30:57.316 +02:00 [INF] Map "d5c08240-0436-454a-8993-362abf5bc477": window light drew 2/2 beam(s)
2026-05-25 23:30:57.366 +02:00 [INF] Map "d5c08240-0436-454a-8993-362abf5bc477": window light drew 2/2 beam(s)
2026-05-25 23:30:57.418 +02:00 [INF] Map "d5c08240-0436-454a-8993-362abf5bc477": window light drew 2/2 beam(s)
2026-05-25 23:30:57.487 +02:00 [INF] Map "d5c08240-0436-454a-8993-362abf5bc477": window light drew 2/2 beam(s)
2026-05-25 23:30:57.538 +02:00 [INF] Map "d5c08240-0436-454a-8993-362abf5bc477": window light drew 2/2 beam(s)
2026-05-25 23:30:57.589 +02:00 [INF] Map "d5c08240-0436-454a-8993-362abf5bc477": window light drew 2/2 beam(s)
2026-05-25 23:30:57.639 +02:00 [INF] Map "d5c08240-0436-454a-8993-362abf5bc477": window light drew 2/2 beam(s)
2026-05-25 23:30:57.689 +02:00 [INF] Map "d5c08240-0436-454a-8993-362abf5bc477": window light drew 2/2 beam(s)
2026-05-25 23:30:57.740 +02:00 [INF] Map "d5c08240-0436-454a-8993-362abf5bc477": window light drew 2/2 beam(s)
2026-05-25 23:30:57.791 +02:00 [INF] Map "d5c08240-0436-454a-8993-362abf5bc477": window light drew 2/2 beam(s)
2026-05-25 23:30:57.841 +02:00 [INF] Map "d5c08240-0436-454a-8993-362abf5bc477": window light drew 2/2 beam(s)
2026-05-25 23:30:57.891 +02:00 [INF] Map "d5c08240-0436-454a-8993-362abf5bc477": window light drew 2/2 beam(s)
2026-05-25 23:30:57.941 +02:00 [INF] Map "d5c08240-0436-454a-8993-362abf5bc477": window light drew 2/2 beam(s)
2026-05-25 23:30:58.006 +02:00 [INF] Map "d5c08240-0436-454a-8993-362abf5bc477": window light drew 2/2 beam(s)
2026-05-25 23:30:58.057 +02:00 [INF] Map "d5c08240-0436-454a-8993-362abf5bc477": window light drew 2/2 beam(s)
2026-05-25 23:30:58.108 +02:00 [INF] Map "d5c08240-0436-454a-8993-362abf5bc477": window light drew 2/2 beam(s)
2026-05-25 23:30:58.158 +02:00 [INF] Map "d5c08240-0436-454a-8993-362abf5bc477": window light drew 2/2 beam(s)
2026-05-25 23:30:58.207 +02:00 [INF] Map "d5c08240-0436-454a-8993-362abf5bc477": window light drew 2/2 beam(s)
2026-05-25 23:30:58.257 +02:00 [INF] Map "d5c08240-0436-454a-8993-362abf5bc477": window light drew 2/2 beam(s)
2026-05-25 23:30:58.308 +02:00 [INF] Map "d5c08240-0436-454a-8993-362abf5bc477": window light drew 2/2 beam(s)
2026-05-25 23:30:58.357 +02:00 [INF] Map "d5c08240-0436-454a-8993-362abf5bc477": window light drew 2/2 beam(s)
2026-05-25 23:30:58.407 +02:00 [INF] Map "d5c08240-0436-454a-8993-362abf5bc477": window light drew 2/2 beam(s)
2026-05-25 23:30:58.463 +02:00 [INF] Map "d5c08240-0436-454a-8993-362abf5bc477": window light drew 2/2 beam(s)
2026-05-25 23:30:58.551 +02:00 [INF] Map "d5c08240-0436-454a-8993-362abf5bc477": window light drew 2/2 beam(s)
2026-05-25 23:30:58.593 +02:00 [INF] Map "d5c08240-0436-454a-8993-362abf5bc477": window light drew 2/2 beam(s)
2026-05-25 23:30:58.629 +02:00 [INF] Map "d5c08240-0436-454a-8993-362abf5bc477": window light drew 2/2 beam(s)
2026-05-25 23:30:58.661 +02:00 [INF] Map "d5c08240-0436-454a-8993-362abf5bc477": window light drew 2/2 beam(s)
2026-05-25 23:30:58.690 +02:00 [INF] Map "d5c08240-0436-454a-8993-362abf5bc477": window light drew 2/2 beam(s)
2026-05-25 23:30:58.722 +02:00 [INF] Map "d5c08240-0436-454a-8993-362abf5bc477": window light drew 2/2 beam(s)
2026-05-25 23:30:58.754 +02:00 [INF] Map "d5c08240-0436-454a-8993-362abf5bc477": window light drew 2/2 beam(s)
2026-05-25 23:30:58.785 +02:00 [INF] Map "d5c08240-0436-454a-8993-362abf5bc477": window light drew 2/2 beam(s)
2026-05-25 23:30:58.816 +02:00 [INF] Map "d5c08240-0436-454a-8993-362abf5bc477": window light drew 2/2 beam(s)
2026-05-25 23:30:58.848 +02:00 [INF] Map "d5c08240-0436-454a-8993-362abf5bc477": window light drew 2/2 beam(s)
2026-05-25 23:30:58.895 +02:00 [INF] Map "d5c08240-0436-454a-8993-362abf5bc477": window light drew 2/2 beam(s)
2026-05-25 23:30:58.927 +02:00 [INF] Map "d5c08240-0436-454a-8993-362abf5bc477": window light drew 2/2 beam(s)
2026-05-25 23:30:58.965 +02:00 [INF] Map "d5c08240-0436-454a-8993-362abf5bc477": window light drew 2/2 beam(s)
2026-05-25 23:30:58.997 +02:00 [INF] Map "d5c08240-0436-454a-8993-362abf5bc477": window light drew 2/2 beam(s)
2026-05-25 23:30:59.029 +02:00 [INF] Map "d5c08240-0436-454a-8993-362abf5bc477": window light drew 2/2 beam(s)
2026-05-25 23:30:59.092 +02:00 [INF] Map "d5c08240-0436-454a-8993-362abf5bc477": window light drew 2/2 beam(s)
2026-05-25 23:30:59.147 +02:00 [INF] Map "d5c08240-0436-454a-8993-362abf5bc477": window light drew 2/2 beam(s)
2026-05-25 23:30:59.200 +02:00 [INF] Map "d5c08240-0436-454a-8993-362abf5bc477": window light drew 2/2 beam(s)
2026-05-25 23:30:59.253 +02:00 [INF] Map "d5c08240-0436-454a-8993-362abf5bc477": window light drew 2/2 beam(s)
2026-05-25 23:30:59.309 +02:00 [INF] Map "d5c08240-0436-454a-8993-362abf5bc477": window light drew 2/2 beam(s)
2026-05-25 23:30:59.377 +02:00 [INF] Map "d5c08240-0436-454a-8993-362abf5bc477": window light drew 2/2 beam(s)
2026-05-25 23:30:59.431 +02:00 [INF] Map "d5c08240-0436-454a-8993-362abf5bc477": window light drew 2/2 beam(s)
2026-05-25 23:30:59.485 +02:00 [INF] Map "d5c08240-0436-454a-8993-362abf5bc477": window light drew 2/2 beam(s)
2026-05-25 23:30:59.537 +02:00 [INF] Map "d5c08240-0436-454a-8993-362abf5bc477": window light drew 2/2 beam(s)
2026-05-25 23:30:59.590 +02:00 [INF] Map "d5c08240-0436-454a-8993-362abf5bc477": window light drew 2/2 beam(s)
2026-05-25 23:30:59.641 +02:00 [INF] Map "d5c08240-0436-454a-8993-362abf5bc477": window light drew 2/2 beam(s)
2026-05-25 23:30:59.695 +02:00 [INF] Map "d5c08240-0436-454a-8993-362abf5bc477": window light drew 2/2 beam(s)
2026-05-25 23:30:59.746 +02:00 [INF] Map "d5c08240-0436-454a-8993-362abf5bc477": window light drew 2/2 beam(s)
2026-05-25 23:30:59.798 +02:00 [INF] Map "d5c08240-0436-454a-8993-362abf5bc477": window light drew 2/2 beam(s)
2026-05-25 23:30:59.849 +02:00 [INF] Map "d5c08240-0436-454a-8993-362abf5bc477": window light drew 2/2 beam(s)
2026-05-25 23:30:59.916 +02:00 [INF] Map "d5c08240-0436-454a-8993-362abf5bc477": window light drew 2/2 beam(s)
2026-05-25 23:30:59.967 +02:00 [INF] Map "d5c08240-0436-454a-8993-362abf5bc477": window light drew 2/2 beam(s)
2026-05-25 23:31:00.023 +02:00 [INF] Map "d5c08240-0436-454a-8993-362abf5bc477": window light drew 2/2 beam(s)
2026-05-25 23:31:00.075 +02:00 [INF] Map "d5c08240-0436-454a-8993-362abf5bc477": window light drew 2/2 beam(s)
2026-05-25 23:31:00.132 +02:00 [INF] Map "d5c08240-0436-454a-8993-362abf5bc477": window light drew 2/2 beam(s)
2026-05-25 23:31:00.195 +02:00 [INF] Map "d5c08240-0436-454a-8993-362abf5bc477": window light drew 2/2 beam(s)
2026-05-25 23:31:00.253 +02:00 [INF] Map "d5c08240-0436-454a-8993-362abf5bc477": window light drew 2/2 beam(s)
2026-05-25 23:31:00.303 +02:00 [INF] Map "d5c08240-0436-454a-8993-362abf5bc477": window light drew 2/2 beam(s)
2026-05-25 23:31:00.354 +02:00 [INF] Map "d5c08240-0436-454a-8993-362abf5bc477": window light drew 2/2 beam(s)
2026-05-25 23:31:00.403 +02:00 [INF] Map "d5c08240-0436-454a-8993-362abf5bc477": window light drew 2/2 beam(s)
2026-05-25 23:31:00.468 +02:00 [INF] Map "d5c08240-0436-454a-8993-362abf5bc477": window light drew 2/2 beam(s)
2026-05-25 23:31:00.518 +02:00 [INF] Map "d5c08240-0436-454a-8993-362abf5bc477": window light drew 2/2 beam(s)
2026-05-25 23:31:00.569 +02:00 [INF] Map "d5c08240-0436-454a-8993-362abf5bc477": window light drew 2/2 beam(s)
2026-05-25 23:31:00.620 +02:00 [INF] Map "d5c08240-0436-454a-8993-362abf5bc477": window light drew 2/2 beam(s)
2026-05-25 23:31:00.669 +02:00 [INF] Map "d5c08240-0436-454a-8993-362abf5bc477": window light drew 2/2 beam(s)
2026-05-25 23:31:00.720 +02:00 [INF] Map "d5c08240-0436-454a-8993-362abf5bc477": window light drew 2/2 beam(s)
2026-05-25 23:31:00.772 +02:00 [INF] Map "d5c08240-0436-454a-8993-362abf5bc477": window light drew 2/2 beam(s)
2026-05-25 23:31:00.821 +02:00 [INF] Map "d5c08240-0436-454a-8993-362abf5bc477": window light drew 2/2 beam(s)
2026-05-25 23:31:00.871 +02:00 [INF] Map "d5c08240-0436-454a-8993-362abf5bc477": window light drew 2/2 beam(s)
2026-05-25 23:31:00.920 +02:00 [INF] Map "d5c08240-0436-454a-8993-362abf5bc477": window light drew 2/2 beam(s)
2026-05-25 23:31:00.987 +02:00 [INF] Map "d5c08240-0436-454a-8993-362abf5bc477": window light drew 2/2 beam(s)
2026-05-25 23:31:01.038 +02:00 [INF] Map "d5c08240-0436-454a-8993-362abf5bc477": window light drew 2/2 beam(s)
2026-05-25 23:31:01.088 +02:00 [INF] Map "d5c08240-0436-454a-8993-362abf5bc477": window light drew 2/2 beam(s)
2026-05-25 23:31:01.138 +02:00 [INF] Map "d5c08240-0436-454a-8993-362abf5bc477": window light drew 2/2 beam(s)
2026-05-25 23:31:01.189 +02:00 [INF] Map "d5c08240-0436-454a-8993-362abf5bc477": window light drew 2/2 beam(s)
2026-05-25 23:31:01.240 +02:00 [INF] Map "d5c08240-0436-454a-8993-362abf5bc477": window light drew 2/2 beam(s)
2026-05-25 23:31:01.290 +02:00 [INF] Map "d5c08240-0436-454a-8993-362abf5bc477": window light drew 2/2 beam(s)
2026-05-25 23:31:01.340 +02:00 [INF] Map "d5c08240-0436-454a-8993-362abf5bc477": window light drew 2/2 beam(s)
2026-05-25 23:31:01.390 +02:00 [INF] Map "d5c08240-0436-454a-8993-362abf5bc477": window light drew 2/2 beam(s)
2026-05-25 23:31:01.440 +02:00 [INF] Map "d5c08240-0436-454a-8993-362abf5bc477": window light drew 2/2 beam(s)
2026-05-25 23:31:01.505 +02:00 [INF] Map "d5c08240-0436-454a-8993-362abf5bc477": window light drew 2/2 beam(s)
2026-05-25 23:31:01.555 +02:00 [INF] Map "d5c08240-0436-454a-8993-362abf5bc477": window light drew 2/2 beam(s)
2026-05-25 23:31:01.605 +02:00 [INF] Map "d5c08240-0436-454a-8993-362abf5bc477": window light drew 2/2 beam(s)
2026-05-25 23:31:01.655 +02:00 [INF] Map "d5c08240-0436-454a-8993-362abf5bc477": window light drew 2/2 beam(s)
2026-05-25 23:31:01.705 +02:00 [INF] Map "d5c08240-0436-454a-8993-362abf5bc477": window light drew 2/2 beam(s)
2026-05-25 23:31:01.756 +02:00 [INF] Map "d5c08240-0436-454a-8993-362abf5bc477": window light drew 2/2 beam(s)
2026-05-25 23:31:01.806 +02:00 [INF] Map "d5c08240-0436-454a-8993-362abf5bc477": window light drew 2/2 beam(s)
2026-05-25 23:31:01.856 +02:00 [INF] Map "d5c08240-0436-454a-8993-362abf5bc477": window light drew 2/2 beam(s)
2026-05-25 23:31:01.906 +02:00 [INF] Map "d5c08240-0436-454a-8993-362abf5bc477": window light drew 2/2 beam(s)
2026-05-25 23:31:01.957 +02:00 [INF] Map "d5c08240-0436-454a-8993-362abf5bc477": window light drew 2/2 beam(s)
2026-05-25 23:31:02.022 +02:00 [INF] Map "d5c08240-0436-454a-8993-362abf5bc477": window light drew 2/2 beam(s)
2026-05-25 23:31:02.073 +02:00 [INF] Map "d5c08240-0436-454a-8993-362abf5bc477": window light drew 2/2 beam(s)
2026-05-25 23:31:02.134 +02:00 [INF] Map "d5c08240-0436-454a-8993-362abf5bc477": window light drew 2/2 beam(s)
2026-05-25 23:31:02.187 +02:00 [INF] Map "d5c08240-0436-454a-8993-362abf5bc477": window light drew 2/2 beam(s)
2026-05-25 23:31:02.238 +02:00 [INF] Map "d5c08240-0436-454a-8993-362abf5bc477": window light drew 2/2 beam(s)
2026-05-25 23:31:02.288 +02:00 [INF] Map "d5c08240-0436-454a-8993-362abf5bc477": window light drew 2/2 beam(s)
2026-05-25 23:31:02.338 +02:00 [INF] Map "d5c08240-0436-454a-8993-362abf5bc477": window light drew 2/2 beam(s)
2026-05-25 23:31:02.389 +02:00 [INF] Map "d5c08240-0436-454a-8993-362abf5bc477": window light drew 2/2 beam(s)
2026-05-25 23:31:02.440 +02:00 [INF] Map "d5c08240-0436-454a-8993-362abf5bc477": window light drew 2/2 beam(s)
2026-05-25 23:31:02.490 +02:00 [INF] Map "d5c08240-0436-454a-8993-362abf5bc477": window light drew 2/2 beam(s)
2026-05-25 23:31:02.555 +02:00 [INF] Map "d5c08240-0436-454a-8993-362abf5bc477": window light drew 2/2 beam(s)
2026-05-25 23:31:02.604 +02:00 [INF] Map "d5c08240-0436-454a-8993-362abf5bc477": window light drew 2/2 beam(s)
2026-05-25 23:31:02.654 +02:00 [INF] Map "d5c08240-0436-454a-8993-362abf5bc477": window light drew 2/2 beam(s)
2026-05-25 23:31:02.704 +02:00 [INF] Map "d5c08240-0436-454a-8993-362abf5bc477": window light drew 2/2 beam(s)
2026-05-25 23:31:02.754 +02:00 [INF] Map "d5c08240-0436-454a-8993-362abf5bc477": window light drew 2/2 beam(s)
2026-05-25 23:31:02.804 +02:00 [INF] Map "d5c08240-0436-454a-8993-362abf5bc477": window light drew 2/2 beam(s)
2026-05-25 23:31:02.854 +02:00 [INF] Map "d5c08240-0436-454a-8993-362abf5bc477": window light drew 2/2 beam(s)
2026-05-25 23:31:02.905 +02:00 [INF] Map "d5c08240-0436-454a-8993-362abf5bc477": window light drew 2/2 beam(s)
2026-05-25 23:31:02.956 +02:00 [INF] Map "d5c08240-0436-454a-8993-362abf5bc477": window light drew 2/2 beam(s)
2026-05-25 23:31:03.005 +02:00 [INF] Map "d5c08240-0436-454a-8993-362abf5bc477": window light drew 2/2 beam(s)
2026-05-25 23:31:03.070 +02:00 [INF] Map "d5c08240-0436-454a-8993-362abf5bc477": window light drew 2/2 beam(s)
2026-05-25 23:31:03.120 +02:00 [INF] Map "d5c08240-0436-454a-8993-362abf5bc477": window light drew 2/2 beam(s)
2026-05-25 23:31:03.170 +02:00 [INF] Map "d5c08240-0436-454a-8993-362abf5bc477": window light drew 2/2 beam(s)
2026-05-25 23:31:03.219 +02:00 [INF] Map "d5c08240-0436-454a-8993-362abf5bc477": window light drew 2/2 beam(s)
2026-05-25 23:31:03.269 +02:00 [INF] Map "d5c08240-0436-454a-8993-362abf5bc477": window light drew 2/2 beam(s)
2026-05-25 23:31:03.318 +02:00 [INF] Map "d5c08240-0436-454a-8993-362abf5bc477": window light drew 2/2 beam(s)
2026-05-25 23:31:03.369 +02:00 [INF] Map "d5c08240-0436-454a-8993-362abf5bc477": window light drew 2/2 beam(s)
2026-05-25 23:31:03.418 +02:00 [INF] Map "d5c08240-0436-454a-8993-362abf5bc477": window light drew 2/2 beam(s)
2026-05-25 23:31:03.469 +02:00 [INF] Map "d5c08240-0436-454a-8993-362abf5bc477": window light drew 2/2 beam(s)
2026-05-25 23:31:03.519 +02:00 [INF] Map "d5c08240-0436-454a-8993-362abf5bc477": window light drew 2/2 beam(s)
2026-05-25 23:31:03.585 +02:00 [INF] Map "d5c08240-0436-454a-8993-362abf5bc477": window light drew 2/2 beam(s)
2026-05-25 23:31:03.635 +02:00 [INF] Map "d5c08240-0436-454a-8993-362abf5bc477": window light drew 2/2 beam(s)
2026-05-25 23:31:03.686 +02:00 [INF] Map "d5c08240-0436-454a-8993-362abf5bc477": window light drew 2/2 beam(s)
2026-05-25 23:31:03.736 +02:00 [INF] Map "d5c08240-0436-454a-8993-362abf5bc477": window light drew 2/2 beam(s)
2026-05-25 23:31:03.787 +02:00 [INF] Map "d5c08240-0436-454a-8993-362abf5bc477": window light drew 2/2 beam(s)
2026-05-25 23:31:03.837 +02:00 [INF] Map "d5c08240-0436-454a-8993-362abf5bc477": window light drew 2/2 beam(s)
2026-05-25 23:31:03.888 +02:00 [INF] Map "d5c08240-0436-454a-8993-362abf5bc477": window light drew 2/2 beam(s)
2026-05-25 23:31:03.938 +02:00 [INF] Map "d5c08240-0436-454a-8993-362abf5bc477": window light drew 2/2 beam(s)
2026-05-25 23:31:03.989 +02:00 [INF] Map "d5c08240-0436-454a-8993-362abf5bc477": window light drew 2/2 beam(s)
2026-05-25 23:31:04.041 +02:00 [INF] Map "d5c08240-0436-454a-8993-362abf5bc477": window light drew 2/2 beam(s)
2026-05-25 23:31:04.107 +02:00 [INF] Map "d5c08240-0436-454a-8993-362abf5bc477": window light drew 2/2 beam(s)
2026-05-25 23:31:04.157 +02:00 [INF] Map "d5c08240-0436-454a-8993-362abf5bc477": window light drew 2/2 beam(s)
2026-05-25 23:31:04.209 +02:00 [INF] Map "d5c08240-0436-454a-8993-362abf5bc477": window light drew 2/2 beam(s)
2026-05-25 23:31:04.259 +02:00 [INF] Map "d5c08240-0436-454a-8993-362abf5bc477": window light drew 2/2 beam(s)
2026-05-25 23:31:04.308 +02:00 [INF] Map "d5c08240-0436-454a-8993-362abf5bc477": window light drew 2/2 beam(s)
2026-05-25 23:31:04.358 +02:00 [INF] Map "d5c08240-0436-454a-8993-362abf5bc477": window light drew 2/2 beam(s)
2026-05-25 23:31:04.408 +02:00 [INF] Map "d5c08240-0436-454a-8993-362abf5bc477": window light drew 2/2 beam(s)
2026-05-25 23:31:04.459 +02:00 [INF] Map "d5c08240-0436-454a-8993-362abf5bc477": window light drew 2/2 beam(s)
2026-05-25 23:31:04.509 +02:00 [INF] Map "d5c08240-0436-454a-8993-362abf5bc477": window light drew 2/2 beam(s)
2026-05-25 23:31:04.561 +02:00 [INF] Map "d5c08240-0436-454a-8993-362abf5bc477": window light drew 2/2 beam(s)
2026-05-25 23:31:04.627 +02:00 [INF] Map "d5c08240-0436-454a-8993-362abf5bc477": window light drew 2/2 beam(s)
2026-05-25 23:31:04.677 +02:00 [INF] Map "d5c08240-0436-454a-8993-362abf5bc477": window light drew 2/2 beam(s)
2026-05-25 23:31:04.728 +02:00 [INF] Map "d5c08240-0436-454a-8993-362abf5bc477": window light drew 2/2 beam(s)
2026-05-25 23:31:04.778 +02:00 [INF] Map "d5c08240-0436-454a-8993-362abf5bc477": window light drew 2/2 beam(s)
2026-05-25 23:31:04.829 +02:00 [INF] Map "d5c08240-0436-454a-8993-362abf5bc477": window light drew 2/2 beam(s)
2026-05-25 23:31:04.880 +02:00 [INF] Map "d5c08240-0436-454a-8993-362abf5bc477": window light drew 2/2 beam(s)
2026-05-25 23:31:04.929 +02:00 [INF] Map "d5c08240-0436-454a-8993-362abf5bc477": window light drew 2/2 beam(s)
2026-05-25 23:31:04.981 +02:00 [INF] Map "d5c08240-0436-454a-8993-362abf5bc477": window light drew 2/2 beam(s)
2026-05-25 23:31:05.035 +02:00 [INF] Map "d5c08240-0436-454a-8993-362abf5bc477": window light drew 2/2 beam(s)
2026-05-25 23:31:05.086 +02:00 [INF] Map "d5c08240-0436-454a-8993-362abf5bc477": window light drew 2/2 beam(s)
2026-05-25 23:31:05.153 +02:00 [INF] Map "d5c08240-0436-454a-8993-362abf5bc477": window light drew 2/2 beam(s)
2026-05-25 23:31:05.203 +02:00 [INF] Map "d5c08240-0436-454a-8993-362abf5bc477": window light drew 2/2 beam(s)
2026-05-25 23:31:05.253 +02:00 [INF] Map "d5c08240-0436-454a-8993-362abf5bc477": window light drew 2/2 beam(s)
2026-05-25 23:31:05.303 +02:00 [INF] Map "d5c08240-0436-454a-8993-362abf5bc477": window light drew 2/2 beam(s)
2026-05-25 23:31:05.355 +02:00 [INF] Map "d5c08240-0436-454a-8993-362abf5bc477": window light drew 2/2 beam(s)
2026-05-25 23:31:05.404 +02:00 [INF] Map "d5c08240-0436-454a-8993-362abf5bc477": window light drew 2/2 beam(s)
2026-05-25 23:31:05.462 +02:00 [INF] Map "d5c08240-0436-454a-8993-362abf5bc477": window light drew 2/2 beam(s)
2026-05-25 23:31:05.527 +02:00 [INF] Map "d5c08240-0436-454a-8993-362abf5bc477": window light drew 2/2 beam(s)
2026-05-25 23:31:05.581 +02:00 [INF] Map "d5c08240-0436-454a-8993-362abf5bc477": window light drew 2/2 beam(s)
2026-05-25 23:31:05.634 +02:00 [INF] Map "d5c08240-0436-454a-8993-362abf5bc477": window light drew 2/2 beam(s)
2026-05-25 23:31:05.701 +02:00 [INF] Map "d5c08240-0436-454a-8993-362abf5bc477": window light drew 2/2 beam(s)
2026-05-25 23:31:05.752 +02:00 [INF] Map "d5c08240-0436-454a-8993-362abf5bc477": window light drew 2/2 beam(s)
2026-05-25 23:31:05.801 +02:00 [INF] Map "d5c08240-0436-454a-8993-362abf5bc477": window light drew 2/2 beam(s)
2026-05-25 23:31:05.851 +02:00 [INF] Map "d5c08240-0436-454a-8993-362abf5bc477": window light drew 2/2 beam(s)
2026-05-25 23:31:05.901 +02:00 [INF] Map "d5c08240-0436-454a-8993-362abf5bc477": window light drew 2/2 beam(s)
2026-05-25 23:31:05.951 +02:00 [INF] Map "d5c08240-0436-454a-8993-362abf5bc477": window light drew 2/2 beam(s)
2026-05-25 23:31:06.002 +02:00 [INF] Map "d5c08240-0436-454a-8993-362abf5bc477": window light drew 2/2 beam(s)
2026-05-25 23:31:06.052 +02:00 [INF] Map "d5c08240-0436-454a-8993-362abf5bc477": window light drew 2/2 beam(s)
2026-05-25 23:31:06.103 +02:00 [INF] Map "d5c08240-0436-454a-8993-362abf5bc477": window light drew 2/2 beam(s)
2026-05-25 23:31:06.153 +02:00 [INF] Map "d5c08240-0436-454a-8993-362abf5bc477": window light drew 2/2 beam(s)
2026-05-25 23:31:06.218 +02:00 [INF] Map "d5c08240-0436-454a-8993-362abf5bc477": window light drew 2/2 beam(s)
2026-05-25 23:31:06.269 +02:00 [INF] Map "d5c08240-0436-454a-8993-362abf5bc477": window light drew 2/2 beam(s)
2026-05-25 23:31:06.322 +02:00 [INF] Map "d5c08240-0436-454a-8993-362abf5bc477": window light drew 2/2 beam(s)
2026-05-25 23:31:06.373 +02:00 [INF] Map "d5c08240-0436-454a-8993-362abf5bc477": window light drew 2/2 beam(s)
2026-05-25 23:31:06.426 +02:00 [INF] Map "d5c08240-0436-454a-8993-362abf5bc477": window light drew 2/2 beam(s)
2026-05-25 23:31:06.477 +02:00 [INF] Map "d5c08240-0436-454a-8993-362abf5bc477": window light drew 2/2 beam(s)
2026-05-25 23:31:06.530 +02:00 [INF] Map "d5c08240-0436-454a-8993-362abf5bc477": window light drew 2/2 beam(s)
2026-05-25 23:31:06.581 +02:00 [INF] Map "d5c08240-0436-454a-8993-362abf5bc477": window light drew 2/2 beam(s)
2026-05-25 23:31:06.632 +02:00 [INF] Map "d5c08240-0436-454a-8993-362abf5bc477": window light drew 2/2 beam(s)
2026-05-25 23:31:06.684 +02:00 [INF] Map "d5c08240-0436-454a-8993-362abf5bc477": window light drew 2/2 beam(s)
2026-05-25 23:31:06.753 +02:00 [INF] Map "d5c08240-0436-454a-8993-362abf5bc477": window light drew 2/2 beam(s)
2026-05-25 23:31:06.804 +02:00 [INF] Map "d5c08240-0436-454a-8993-362abf5bc477": window light drew 2/2 beam(s)
2026-05-25 23:31:06.855 +02:00 [INF] Map "d5c08240-0436-454a-8993-362abf5bc477": window light drew 2/2 beam(s)
2026-05-25 23:31:06.905 +02:00 [INF] Map "d5c08240-0436-454a-8993-362abf5bc477": window light drew 2/2 beam(s)
2026-05-25 23:31:06.954 +02:00 [INF] Map "d5c08240-0436-454a-8993-362abf5bc477": window light drew 2/2 beam(s)
2026-05-25 23:31:07.004 +02:00 [INF] Map "d5c08240-0436-454a-8993-362abf5bc477": window light drew 2/2 beam(s)
2026-05-25 23:31:07.054 +02:00 [INF] Map "d5c08240-0436-454a-8993-362abf5bc477": window light drew 2/2 beam(s)
2026-05-25 23:31:07.105 +02:00 [INF] Map "d5c08240-0436-454a-8993-362abf5bc477": window light drew 2/2 beam(s)
2026-05-25 23:31:07.156 +02:00 [INF] Map "d5c08240-0436-454a-8993-362abf5bc477": window light drew 2/2 beam(s)
2026-05-25 23:31:07.206 +02:00 [INF] Map "d5c08240-0436-454a-8993-362abf5bc477": window light drew 2/2 beam(s)
2026-05-25 23:31:07.273 +02:00 [INF] Map "d5c08240-0436-454a-8993-362abf5bc477": window light drew 2/2 beam(s)
2026-05-25 23:31:07.326 +02:00 [INF] Map "d5c08240-0436-454a-8993-362abf5bc477": window light drew 2/2 beam(s)
2026-05-25 23:31:07.377 +02:00 [INF] Map "d5c08240-0436-454a-8993-362abf5bc477": window light drew 2/2 beam(s)
2026-05-25 23:31:07.427 +02:00 [INF] Map "d5c08240-0436-454a-8993-362abf5bc477": window light drew 2/2 beam(s)
2026-05-25 23:31:07.477 +02:00 [INF] Map "d5c08240-0436-454a-8993-362abf5bc477": window light drew 2/2 beam(s)
2026-05-25 23:31:07.527 +02:00 [INF] Map "d5c08240-0436-454a-8993-362abf5bc477": window light drew 2/2 beam(s)
2026-05-25 23:31:07.578 +02:00 [INF] Map "d5c08240-0436-454a-8993-362abf5bc477": window light drew 2/2 beam(s)
2026-05-25 23:31:07.628 +02:00 [INF] Map "d5c08240-0436-454a-8993-362abf5bc477": window light drew 2/2 beam(s)
2026-05-25 23:31:07.678 +02:00 [INF] Map "d5c08240-0436-454a-8993-362abf5bc477": window light drew 2/2 beam(s)
2026-05-25 23:31:07.728 +02:00 [INF] Map "d5c08240-0436-454a-8993-362abf5bc477": window light drew 2/2 beam(s)
2026-05-25 23:31:07.794 +02:00 [INF] Map "d5c08240-0436-454a-8993-362abf5bc477": window light drew 2/2 beam(s)
2026-05-25 23:31:07.844 +02:00 [INF] Map "d5c08240-0436-454a-8993-362abf5bc477": window light drew 2/2 beam(s)
2026-05-25 23:31:07.894 +02:00 [INF] Map "d5c08240-0436-454a-8993-362abf5bc477": window light drew 2/2 beam(s)
2026-05-25 23:31:07.943 +02:00 [INF] Map "d5c08240-0436-454a-8993-362abf5bc477": window light drew 2/2 beam(s)
2026-05-25 23:31:07.994 +02:00 [INF] Map "d5c08240-0436-454a-8993-362abf5bc477": window light drew 2/2 beam(s)
2026-05-25 23:31:08.045 +02:00 [INF] Map "d5c08240-0436-454a-8993-362abf5bc477": window light drew 2/2 beam(s)
2026-05-25 23:31:08.094 +02:00 [INF] Map "d5c08240-0436-454a-8993-362abf5bc477": window light drew 2/2 beam(s)
2026-05-25 23:31:08.144 +02:00 [INF] Map "d5c08240-0436-454a-8993-362abf5bc477": window light drew 2/2 beam(s)
2026-05-25 23:31:08.195 +02:00 [INF] Map "d5c08240-0436-454a-8993-362abf5bc477": window light drew 2/2 beam(s)
2026-05-25 23:31:08.244 +02:00 [INF] Map "d5c08240-0436-454a-8993-362abf5bc477": window light drew 2/2 beam(s)
2026-05-25 23:31:08.308 +02:00 [INF] Map "d5c08240-0436-454a-8993-362abf5bc477": window light drew 2/2 beam(s)
2026-05-25 23:31:08.358 +02:00 [INF] Map "d5c08240-0436-454a-8993-362abf5bc477": window light drew 2/2 beam(s)
2026-05-25 23:31:08.409 +02:00 [INF] Map "d5c08240-0436-454a-8993-362abf5bc477": window light drew 2/2 beam(s)
2026-05-25 23:31:08.459 +02:00 [INF] Map "d5c08240-0436-454a-8993-362abf5bc477": window light drew 2/2 beam(s)
2026-05-25 23:31:08.508 +02:00 [INF] Map "d5c08240-0436-454a-8993-362abf5bc477": window light drew 2/2 beam(s)
2026-05-25 23:31:08.558 +02:00 [INF] Map "d5c08240-0436-454a-8993-362abf5bc477": window light drew 2/2 beam(s)
2026-05-25 23:31:08.608 +02:00 [INF] Map "d5c08240-0436-454a-8993-362abf5bc477": window light drew 2/2 beam(s)
2026-05-25 23:31:08.658 +02:00 [INF] Map "d5c08240-0436-454a-8993-362abf5bc477": window light drew 2/2 beam(s)
2026-05-25 23:31:08.708 +02:00 [INF] Map "d5c08240-0436-454a-8993-362abf5bc477": window light drew 2/2 beam(s)
2026-05-25 23:31:08.759 +02:00 [INF] Map "d5c08240-0436-454a-8993-362abf5bc477": window light drew 2/2 beam(s)
2026-05-25 23:31:08.824 +02:00 [INF] Map "d5c08240-0436-454a-8993-362abf5bc477": window light drew 2/2 beam(s)
2026-05-25 23:31:08.874 +02:00 [INF] Map "d5c08240-0436-454a-8993-362abf5bc477": window light drew 2/2 beam(s)
2026-05-25 23:31:08.923 +02:00 [INF] Map "d5c08240-0436-454a-8993-362abf5bc477": window light drew 2/2 beam(s)
2026-05-25 23:31:08.974 +02:00 [INF] Map "d5c08240-0436-454a-8993-362abf5bc477": window light drew 2/2 beam(s)
2026-05-25 23:31:09.024 +02:00 [INF] Map "d5c08240-0436-454a-8993-362abf5bc477": window light drew 2/2 beam(s)
2026-05-25 23:31:09.076 +02:00 [INF] Map "d5c08240-0436-454a-8993-362abf5bc477": window light drew 2/2 beam(s)
2026-05-25 23:31:09.126 +02:00 [INF] Map "d5c08240-0436-454a-8993-362abf5bc477": window light drew 2/2 beam(s)
2026-05-25 23:31:09.176 +02:00 [INF] Map "d5c08240-0436-454a-8993-362abf5bc477": window light drew 2/2 beam(s)
2026-05-25 23:31:09.226 +02:00 [INF] Map "d5c08240-0436-454a-8993-362abf5bc477": window light drew 2/2 beam(s)
2026-05-25 23:31:09.276 +02:00 [INF] Map "d5c08240-0436-454a-8993-362abf5bc477": window light drew 2/2 beam(s)
2026-05-25 23:31:09.342 +02:00 [INF] Map "d5c08240-0436-454a-8993-362abf5bc477": window light drew 2/2 beam(s)
2026-05-25 23:31:09.392 +02:00 [INF] Map "d5c08240-0436-454a-8993-362abf5bc477": window light drew 2/2 beam(s)
2026-05-25 23:31:09.442 +02:00 [INF] Map "d5c08240-0436-454a-8993-362abf5bc477": window light drew 2/2 beam(s)
2026-05-25 23:31:09.492 +02:00 [INF] Map "d5c08240-0436-454a-8993-362abf5bc477": window light drew 2/2 beam(s)
2026-05-25 23:31:09.542 +02:00 [INF] Map "d5c08240-0436-454a-8993-362abf5bc477": window light drew 2/2 beam(s)
2026-05-25 23:31:09.591 +02:00 [INF] Map "d5c08240-0436-454a-8993-362abf5bc477": window light drew 2/2 beam(s)
2026-05-25 23:31:09.641 +02:00 [INF] Map "d5c08240-0436-454a-8993-362abf5bc477": window light drew 2/2 beam(s)
2026-05-25 23:31:09.690 +02:00 [INF] Map "d5c08240-0436-454a-8993-362abf5bc477": window light drew 2/2 beam(s)
2026-05-25 23:31:09.741 +02:00 [INF] Map "d5c08240-0436-454a-8993-362abf5bc477": window light drew 2/2 beam(s)
2026-05-25 23:31:09.791 +02:00 [INF] Map "d5c08240-0436-454a-8993-362abf5bc477": window light drew 2/2 beam(s)
2026-05-25 23:31:09.852 +02:00 [INF] Map "d5c08240-0436-454a-8993-362abf5bc477": window light drew 2/2 beam(s)
2026-05-25 23:31:09.902 +02:00 [INF] Map "d5c08240-0436-454a-8993-362abf5bc477": window light drew 2/2 beam(s)
2026-05-25 23:31:09.952 +02:00 [INF] Map "d5c08240-0436-454a-8993-362abf5bc477": window light drew 2/2 beam(s)
2026-05-25 23:31:10.001 +02:00 [INF] Map "d5c08240-0436-454a-8993-362abf5bc477": window light drew 2/2 beam(s)
2026-05-25 23:31:10.052 +02:00 [INF] Map "d5c08240-0436-454a-8993-362abf5bc477": window light drew 2/2 beam(s)
2026-05-25 23:31:10.101 +02:00 [INF] Map "d5c08240-0436-454a-8993-362abf5bc477": window light drew 2/2 beam(s)
2026-05-25 23:31:10.151 +02:00 [INF] Map "d5c08240-0436-454a-8993-362abf5bc477": window light drew 2/2 beam(s)
2026-05-25 23:31:10.206 +02:00 [INF] Map "d5c08240-0436-454a-8993-362abf5bc477": window light drew 2/2 beam(s)
2026-05-25 23:31:10.257 +02:00 [INF] Map "d5c08240-0436-454a-8993-362abf5bc477": window light drew 2/2 beam(s)
2026-05-25 23:31:10.308 +02:00 [INF] Map "d5c08240-0436-454a-8993-362abf5bc477": window light drew 2/2 beam(s)
2026-05-25 23:31:10.374 +02:00 [INF] Map "d5c08240-0436-454a-8993-362abf5bc477": window light drew 2/2 beam(s)
2026-05-25 23:31:10.424 +02:00 [INF] Map "d5c08240-0436-454a-8993-362abf5bc477": window light drew 2/2 beam(s)
2026-05-25 23:31:10.474 +02:00 [INF] Map "d5c08240-0436-454a-8993-362abf5bc477": window light drew 2/2 beam(s)
2026-05-25 23:31:10.526 +02:00 [INF] Map "d5c08240-0436-454a-8993-362abf5bc477": window light drew 2/2 beam(s)
2026-05-25 23:31:10.577 +02:00 [INF] Map "d5c08240-0436-454a-8993-362abf5bc477": window light drew 2/2 beam(s)
2026-05-25 23:31:10.627 +02:00 [INF] Map "d5c08240-0436-454a-8993-362abf5bc477": window light drew 2/2 beam(s)
2026-05-25 23:31:10.681 +02:00 [INF] Map "d5c08240-0436-454a-8993-362abf5bc477": window light drew 2/2 beam(s)
2026-05-25 23:31:10.731 +02:00 [INF] Map "d5c08240-0436-454a-8993-362abf5bc477": window light drew 2/2 beam(s)
2026-05-25 23:31:10.782 +02:00 [INF] Map "d5c08240-0436-454a-8993-362abf5bc477": window light drew 2/2 beam(s)
2026-05-25 23:31:10.832 +02:00 [INF] Map "d5c08240-0436-454a-8993-362abf5bc477": window light drew 2/2 beam(s)
2026-05-25 23:31:10.897 +02:00 [INF] Map "d5c08240-0436-454a-8993-362abf5bc477": window light drew 2/2 beam(s)
2026-05-25 23:31:10.947 +02:00 [INF] Map "d5c08240-0436-454a-8993-362abf5bc477": window light drew 2/2 beam(s)
2026-05-25 23:31:10.998 +02:00 [INF] Map "d5c08240-0436-454a-8993-362abf5bc477": window light drew 2/2 beam(s)
2026-05-25 23:31:11.048 +02:00 [INF] Map "d5c08240-0436-454a-8993-362abf5bc477": window light drew 2/2 beam(s)
2026-05-25 23:31:11.099 +02:00 [INF] Map "d5c08240-0436-454a-8993-362abf5bc477": window light drew 2/2 beam(s)
2026-05-25 23:31:11.150 +02:00 [INF] Map "d5c08240-0436-454a-8993-362abf5bc477": window light drew 2/2 beam(s)
2026-05-25 23:31:11.201 +02:00 [INF] Map "d5c08240-0436-454a-8993-362abf5bc477": window light drew 2/2 beam(s)
2026-05-25 23:31:11.251 +02:00 [INF] Map "d5c08240-0436-454a-8993-362abf5bc477": window light drew 2/2 beam(s)
2026-05-25 23:31:11.300 +02:00 [INF] Map "d5c08240-0436-454a-8993-362abf5bc477": window light drew 2/2 beam(s)
2026-05-25 23:31:11.351 +02:00 [INF] Map "d5c08240-0436-454a-8993-362abf5bc477": window light drew 2/2 beam(s)
2026-05-25 23:31:11.416 +02:00 [INF] Map "d5c08240-0436-454a-8993-362abf5bc477": window light drew 2/2 beam(s)
2026-05-25 23:31:11.467 +02:00 [INF] Map "d5c08240-0436-454a-8993-362abf5bc477": window light drew 2/2 beam(s)
2026-05-25 23:31:11.517 +02:00 [INF] Map "d5c08240-0436-454a-8993-362abf5bc477": window light drew 2/2 beam(s)
2026-05-25 23:31:11.567 +02:00 [INF] Map "d5c08240-0436-454a-8993-362abf5bc477": window light drew 2/2 beam(s)
2026-05-25 23:31:11.618 +02:00 [INF] Map "d5c08240-0436-454a-8993-362abf5bc477": window light drew 2/2 beam(s)
2026-05-25 23:31:11.670 +02:00 [INF] Map "d5c08240-0436-454a-8993-362abf5bc477": window light drew 2/2 beam(s)
2026-05-25 23:31:11.722 +02:00 [INF] Map "d5c08240-0436-454a-8993-362abf5bc477": window light drew 2/2 beam(s)
2026-05-25 23:31:11.772 +02:00 [INF] Map "d5c08240-0436-454a-8993-362abf5bc477": window light drew 2/2 beam(s)
2026-05-25 23:31:11.822 +02:00 [INF] Map "d5c08240-0436-454a-8993-362abf5bc477": window light drew 2/2 beam(s)
2026-05-25 23:31:11.873 +02:00 [INF] Map "d5c08240-0436-454a-8993-362abf5bc477": window light drew 2/2 beam(s)
2026-05-25 23:31:11.940 +02:00 [INF] Map "d5c08240-0436-454a-8993-362abf5bc477": window light drew 2/2 beam(s)
2026-05-25 23:31:12.012 +02:00 [INF] Map "d5c08240-0436-454a-8993-362abf5bc477": window light drew 2/2 beam(s)
2026-05-25 23:31:12.066 +02:00 [INF] Map "d5c08240-0436-454a-8993-362abf5bc477": window light drew 2/2 beam(s)
2026-05-25 23:31:12.116 +02:00 [INF] Map "d5c08240-0436-454a-8993-362abf5bc477": window light drew 2/2 beam(s)
2026-05-25 23:31:12.165 +02:00 [INF] Map "d5c08240-0436-454a-8993-362abf5bc477": window light drew 2/2 beam(s)
2026-05-25 23:31:12.217 +02:00 [INF] Map "d5c08240-0436-454a-8993-362abf5bc477": window light drew 2/2 beam(s)
2026-05-25 23:31:12.266 +02:00 [INF] Map "d5c08240-0436-454a-8993-362abf5bc477": window light drew 2/2 beam(s)
2026-05-25 23:31:12.316 +02:00 [INF] Map "d5c08240-0436-454a-8993-362abf5bc477": window light drew 2/2 beam(s)
2026-05-25 23:31:12.366 +02:00 [INF] Map "d5c08240-0436-454a-8993-362abf5bc477": window light drew 2/2 beam(s)
2026-05-25 23:31:12.418 +02:00 [INF] Map "d5c08240-0436-454a-8993-362abf5bc477": window light drew 2/2 beam(s)
2026-05-25 23:31:12.484 +02:00 [INF] Map "d5c08240-0436-454a-8993-362abf5bc477": window light drew 2/2 beam(s)
2026-05-25 23:31:12.534 +02:00 [INF] Map "d5c08240-0436-454a-8993-362abf5bc477": window light drew 2/2 beam(s)
2026-05-25 23:31:12.584 +02:00 [INF] Map "d5c08240-0436-454a-8993-362abf5bc477": window light drew 2/2 beam(s)
2026-05-25 23:31:12.635 +02:00 [INF] Map "d5c08240-0436-454a-8993-362abf5bc477": window light drew 2/2 beam(s)
2026-05-25 23:31:12.685 +02:00 [INF] Map "d5c08240-0436-454a-8993-362abf5bc477": window light drew 2/2 beam(s)
2026-05-25 23:31:12.736 +02:00 [INF] Map "d5c08240-0436-454a-8993-362abf5bc477": window light drew 2/2 beam(s)
2026-05-25 23:31:12.785 +02:00 [INF] Map "d5c08240-0436-454a-8993-362abf5bc477": window light drew 2/2 beam(s)
2026-05-25 23:31:12.835 +02:00 [INF] Map "d5c08240-0436-454a-8993-362abf5bc477": window light drew 2/2 beam(s)
2026-05-25 23:31:12.885 +02:00 [INF] Map "d5c08240-0436-454a-8993-362abf5bc477": window light drew 2/2 beam(s)
2026-05-25 23:31:12.937 +02:00 [INF] Map "d5c08240-0436-454a-8993-362abf5bc477": window light drew 2/2 beam(s)
2026-05-25 23:31:13.002 +02:00 [INF] Map "d5c08240-0436-454a-8993-362abf5bc477": window light drew 2/2 beam(s)
2026-05-25 23:31:13.053 +02:00 [INF] Map "d5c08240-0436-454a-8993-362abf5bc477": window light drew 2/2 beam(s)
2026-05-25 23:31:13.103 +02:00 [INF] Map "d5c08240-0436-454a-8993-362abf5bc477": window light drew 2/2 beam(s)
2026-05-25 23:31:13.153 +02:00 [INF] Map "d5c08240-0436-454a-8993-362abf5bc477": window light drew 2/2 beam(s)
2026-05-25 23:31:13.203 +02:00 [INF] Map "d5c08240-0436-454a-8993-362abf5bc477": window light drew 2/2 beam(s)
2026-05-25 23:31:13.253 +02:00 [INF] Map "d5c08240-0436-454a-8993-362abf5bc477": window light drew 2/2 beam(s)
2026-05-25 23:31:13.302 +02:00 [INF] Map "d5c08240-0436-454a-8993-362abf5bc477": window light drew 2/2 beam(s)
2026-05-25 23:31:13.353 +02:00 [INF] Map "d5c08240-0436-454a-8993-362abf5bc477": window light drew 2/2 beam(s)
2026-05-25 23:31:13.404 +02:00 [INF] Map "d5c08240-0436-454a-8993-362abf5bc477": window light drew 2/2 beam(s)
2026-05-25 23:31:13.454 +02:00 [INF] Map "d5c08240-0436-454a-8993-362abf5bc477": window light drew 2/2 beam(s)
2026-05-25 23:31:13.518 +02:00 [INF] Map "d5c08240-0436-454a-8993-362abf5bc477": window light drew 2/2 beam(s)
2026-05-25 23:31:13.568 +02:00 [INF] Map "d5c08240-0436-454a-8993-362abf5bc477": window light drew 2/2 beam(s)
2026-05-25 23:31:13.618 +02:00 [INF] Map "d5c08240-0436-454a-8993-362abf5bc477": window light drew 2/2 beam(s)
2026-05-25 23:31:13.668 +02:00 [INF] Map "d5c08240-0436-454a-8993-362abf5bc477": window light drew 2/2 beam(s)
2026-05-25 23:31:13.718 +02:00 [INF] Map "d5c08240-0436-454a-8993-362abf5bc477": window light drew 2/2 beam(s)
2026-05-25 23:31:13.769 +02:00 [INF] Map "d5c08240-0436-454a-8993-362abf5bc477": window light drew 2/2 beam(s)
2026-05-25 23:31:13.819 +02:00 [INF] Map "d5c08240-0436-454a-8993-362abf5bc477": window light drew 2/2 beam(s)
2026-05-25 23:31:13.869 +02:00 [INF] Map "d5c08240-0436-454a-8993-362abf5bc477": window light drew 2/2 beam(s)
2026-05-25 23:31:13.919 +02:00 [INF] Map "d5c08240-0436-454a-8993-362abf5bc477": window light drew 2/2 beam(s)
2026-05-25 23:31:13.969 +02:00 [INF] Map "d5c08240-0436-454a-8993-362abf5bc477": window light drew 2/2 beam(s)
2026-05-25 23:31:14.035 +02:00 [INF] Map "d5c08240-0436-454a-8993-362abf5bc477": window light drew 2/2 beam(s)
2026-05-25 23:31:14.086 +02:00 [INF] Map "d5c08240-0436-454a-8993-362abf5bc477": window light drew 2/2 beam(s)
2026-05-25 23:31:14.137 +02:00 [INF] Map "d5c08240-0436-454a-8993-362abf5bc477": window light drew 2/2 beam(s)
2026-05-25 23:31:14.186 +02:00 [INF] Map "d5c08240-0436-454a-8993-362abf5bc477": window light drew 2/2 beam(s)
2026-05-25 23:31:14.235 +02:00 [INF] Map "d5c08240-0436-454a-8993-362abf5bc477": window light drew 2/2 beam(s)
2026-05-25 23:31:14.285 +02:00 [INF] Map "d5c08240-0436-454a-8993-362abf5bc477": window light drew 2/2 beam(s)
2026-05-25 23:31:14.336 +02:00 [INF] Map "d5c08240-0436-454a-8993-362abf5bc477": window light drew 2/2 beam(s)
2026-05-25 23:31:14.386 +02:00 [INF] Map "d5c08240-0436-454a-8993-362abf5bc477": window light drew 2/2 beam(s)
2026-05-25 23:31:14.436 +02:00 [INF] Map "d5c08240-0436-454a-8993-362abf5bc477": window light drew 2/2 beam(s)
2026-05-25 23:31:14.486 +02:00 [INF] Map "d5c08240-0436-454a-8993-362abf5bc477": window light drew 2/2 beam(s)
2026-05-25 23:31:14.551 +02:00 [INF] Map "d5c08240-0436-454a-8993-362abf5bc477": window light drew 2/2 beam(s)
2026-05-25 23:31:14.601 +02:00 [INF] Map "d5c08240-0436-454a-8993-362abf5bc477": window light drew 2/2 beam(s)
2026-05-25 23:31:14.652 +02:00 [INF] Map "d5c08240-0436-454a-8993-362abf5bc477": window light drew 2/2 beam(s)
2026-05-25 23:31:14.702 +02:00 [INF] Map "d5c08240-0436-454a-8993-362abf5bc477": window light drew 2/2 beam(s)
2026-05-25 23:31:14.752 +02:00 [INF] Map "d5c08240-0436-454a-8993-362abf5bc477": window light drew 2/2 beam(s)
2026-05-25 23:31:14.802 +02:00 [INF] Map "d5c08240-0436-454a-8993-362abf5bc477": window light drew 2/2 beam(s)
2026-05-25 23:31:14.852 +02:00 [INF] Map "d5c08240-0436-454a-8993-362abf5bc477": window light drew 2/2 beam(s)
2026-05-25 23:31:14.906 +02:00 [INF] Map "d5c08240-0436-454a-8993-362abf5bc477": window light drew 2/2 beam(s)
2026-05-25 23:31:14.958 +02:00 [INF] Map "d5c08240-0436-454a-8993-362abf5bc477": window light drew 2/2 beam(s)
2026-05-25 23:31:15.015 +02:00 [INF] Map "d5c08240-0436-454a-8993-362abf5bc477": window light drew 2/2 beam(s)
2026-05-25 23:31:15.080 +02:00 [INF] Map "d5c08240-0436-454a-8993-362abf5bc477": window light drew 2/2 beam(s)
2026-05-25 23:31:15.131 +02:00 [INF] Map "d5c08240-0436-454a-8993-362abf5bc477": window light drew 2/2 beam(s)
2026-05-25 23:31:15.182 +02:00 [INF] Map "d5c08240-0436-454a-8993-362abf5bc477": window light drew 2/2 beam(s)
2026-05-25 23:31:15.232 +02:00 [INF] Map "d5c08240-0436-454a-8993-362abf5bc477": window light drew 2/2 beam(s)
2026-05-25 23:31:15.281 +02:00 [INF] Map "d5c08240-0436-454a-8993-362abf5bc477": window light drew 2/2 beam(s)
2026-05-25 23:31:15.332 +02:00 [INF] Map "d5c08240-0436-454a-8993-362abf5bc477": window light drew 2/2 beam(s)
2026-05-25 23:31:15.382 +02:00 [INF] Map "d5c08240-0436-454a-8993-362abf5bc477": window light drew 2/2 beam(s)
2026-05-25 23:31:15.432 +02:00 [INF] Map "d5c08240-0436-454a-8993-362abf5bc477": window light drew 2/2 beam(s)
2026-05-25 23:31:15.483 +02:00 [INF] Map "d5c08240-0436-454a-8993-362abf5bc477": window light drew 2/2 beam(s)
2026-05-25 23:31:15.533 +02:00 [INF] Map "d5c08240-0436-454a-8993-362abf5bc477": window light drew 2/2 beam(s)
2026-05-25 23:31:15.598 +02:00 [INF] Map "d5c08240-0436-454a-8993-362abf5bc477": window light drew 2/2 beam(s)
2026-05-25 23:31:15.648 +02:00 [INF] Map "d5c08240-0436-454a-8993-362abf5bc477": window light drew 2/2 beam(s)
2026-05-25 23:31:15.699 +02:00 [INF] Map "d5c08240-0436-454a-8993-362abf5bc477": window light drew 2/2 beam(s)
2026-05-25 23:31:15.751 +02:00 [INF] Map "d5c08240-0436-454a-8993-362abf5bc477": window light drew 2/2 beam(s)
2026-05-25 23:31:15.803 +02:00 [INF] Map "d5c08240-0436-454a-8993-362abf5bc477": window light drew 2/2 beam(s)
2026-05-25 23:31:15.853 +02:00 [INF] Map "d5c08240-0436-454a-8993-362abf5bc477": window light drew 2/2 beam(s)
2026-05-25 23:31:15.908 +02:00 [INF] Map "d5c08240-0436-454a-8993-362abf5bc477": window light drew 2/2 beam(s)
2026-05-25 23:31:15.961 +02:00 [INF] Map "d5c08240-0436-454a-8993-362abf5bc477": window light drew 2/2 beam(s)
2026-05-25 23:31:16.012 +02:00 [INF] Map "d5c08240-0436-454a-8993-362abf5bc477": window light drew 2/2 beam(s)
2026-05-25 23:31:16.062 +02:00 [INF] Map "d5c08240-0436-454a-8993-362abf5bc477": window light drew 2/2 beam(s)
2026-05-25 23:31:16.128 +02:00 [INF] Map "d5c08240-0436-454a-8993-362abf5bc477": window light drew 2/2 beam(s)
2026-05-25 23:31:16.177 +02:00 [INF] Map "d5c08240-0436-454a-8993-362abf5bc477": window light drew 2/2 beam(s)
2026-05-25 23:31:16.227 +02:00 [INF] Map "d5c08240-0436-454a-8993-362abf5bc477": window light drew 2/2 beam(s)
2026-05-25 23:31:16.276 +02:00 [INF] Map "d5c08240-0436-454a-8993-362abf5bc477": window light drew 2/2 beam(s)
2026-05-25 23:31:16.326 +02:00 [INF] Map "d5c08240-0436-454a-8993-362abf5bc477": window light drew 2/2 beam(s)
2026-05-25 23:31:16.376 +02:00 [INF] Map "d5c08240-0436-454a-8993-362abf5bc477": window light drew 2/2 beam(s)
2026-05-25 23:31:16.426 +02:00 [INF] Map "d5c08240-0436-454a-8993-362abf5bc477": window light drew 2/2 beam(s)
2026-05-25 23:31:16.475 +02:00 [INF] Map "d5c08240-0436-454a-8993-362abf5bc477": window light drew 2/2 beam(s)
2026-05-25 23:31:16.525 +02:00 [INF] Map "d5c08240-0436-454a-8993-362abf5bc477": window light drew 2/2 beam(s)
2026-05-25 23:31:16.575 +02:00 [INF] Map "d5c08240-0436-454a-8993-362abf5bc477": window light drew 2/2 beam(s)
2026-05-25 23:31:16.639 +02:00 [INF] Map "d5c08240-0436-454a-8993-362abf5bc477": window light drew 2/2 beam(s)
2026-05-25 23:31:16.690 +02:00 [INF] Map "d5c08240-0436-454a-8993-362abf5bc477": window light drew 2/2 beam(s)
2026-05-25 23:31:16.740 +02:00 [INF] Map "d5c08240-0436-454a-8993-362abf5bc477": window light drew 2/2 beam(s)
2026-05-25 23:31:16.790 +02:00 [INF] Map "d5c08240-0436-454a-8993-362abf5bc477": window light drew 2/2 beam(s)
2026-05-25 23:31:16.840 +02:00 [INF] Map "d5c08240-0436-454a-8993-362abf5bc477": window light drew 2/2 beam(s)
2026-05-25 23:31:16.889 +02:00 [INF] Map "d5c08240-0436-454a-8993-362abf5bc477": window light drew 2/2 beam(s)
2026-05-25 23:31:16.940 +02:00 [INF] Map "d5c08240-0436-454a-8993-362abf5bc477": window light drew 2/2 beam(s)
2026-05-25 23:31:16.991 +02:00 [INF] Map "d5c08240-0436-454a-8993-362abf5bc477": window light drew 2/2 beam(s)
2026-05-25 23:31:17.043 +02:00 [INF] Map "d5c08240-0436-454a-8993-362abf5bc477": window light drew 2/2 beam(s)
2026-05-25 23:31:17.096 +02:00 [INF] Map "d5c08240-0436-454a-8993-362abf5bc477": window light drew 2/2 beam(s)
2026-05-25 23:31:17.163 +02:00 [INF] Map "d5c08240-0436-454a-8993-362abf5bc477": window light drew 2/2 beam(s)
2026-05-25 23:31:17.214 +02:00 [INF] Map "d5c08240-0436-454a-8993-362abf5bc477": window light drew 2/2 beam(s)
2026-05-25 23:31:17.266 +02:00 [INF] Map "d5c08240-0436-454a-8993-362abf5bc477": window light drew 2/2 beam(s)
2026-05-25 23:31:17.317 +02:00 [INF] Map "d5c08240-0436-454a-8993-362abf5bc477": window light drew 2/2 beam(s)
2026-05-25 23:31:17.377 +02:00 [INF] Map "d5c08240-0436-454a-8993-362abf5bc477": window light drew 2/2 beam(s)
2026-05-25 23:31:17.429 +02:00 [INF] Map "d5c08240-0436-454a-8993-362abf5bc477": window light drew 2/2 beam(s)
2026-05-25 23:31:17.479 +02:00 [INF] Map "d5c08240-0436-454a-8993-362abf5bc477": window light drew 2/2 beam(s)
2026-05-25 23:31:17.528 +02:00 [INF] Map "d5c08240-0436-454a-8993-362abf5bc477": window light drew 2/2 beam(s)
2026-05-25 23:31:17.578 +02:00 [INF] Map "d5c08240-0436-454a-8993-362abf5bc477": window light drew 2/2 beam(s)
2026-05-25 23:31:17.629 +02:00 [INF] Map "d5c08240-0436-454a-8993-362abf5bc477": window light drew 2/2 beam(s)
2026-05-25 23:31:17.693 +02:00 [INF] Map "d5c08240-0436-454a-8993-362abf5bc477": window light drew 2/2 beam(s)
2026-05-25 23:31:17.742 +02:00 [INF] Map "d5c08240-0436-454a-8993-362abf5bc477": window light drew 2/2 beam(s)
2026-05-25 23:31:17.792 +02:00 [INF] Map "d5c08240-0436-454a-8993-362abf5bc477": window light drew 2/2 beam(s)
2026-05-25 23:31:17.842 +02:00 [INF] Map "d5c08240-0436-454a-8993-362abf5bc477": window light drew 2/2 beam(s)
2026-05-25 23:31:17.892 +02:00 [INF] Map "d5c08240-0436-454a-8993-362abf5bc477": window light drew 2/2 beam(s)
2026-05-25 23:31:17.941 +02:00 [INF] Map "d5c08240-0436-454a-8993-362abf5bc477": window light drew 2/2 beam(s)
2026-05-25 23:31:17.991 +02:00 [INF] Map "d5c08240-0436-454a-8993-362abf5bc477": window light drew 2/2 beam(s)
2026-05-25 23:31:18.042 +02:00 [INF] Map "d5c08240-0436-454a-8993-362abf5bc477": window light drew 2/2 beam(s)
2026-05-25 23:31:18.092 +02:00 [INF] Map "d5c08240-0436-454a-8993-362abf5bc477": window light drew 2/2 beam(s)
2026-05-25 23:31:18.141 +02:00 [INF] Map "d5c08240-0436-454a-8993-362abf5bc477": window light drew 2/2 beam(s)
2026-05-25 23:31:18.206 +02:00 [INF] Map "d5c08240-0436-454a-8993-362abf5bc477": window light drew 2/2 beam(s)
2026-05-25 23:31:18.256 +02:00 [INF] Map "d5c08240-0436-454a-8993-362abf5bc477": window light drew 2/2 beam(s)
2026-05-25 23:31:18.306 +02:00 [INF] Map "d5c08240-0436-454a-8993-362abf5bc477": window light drew 2/2 beam(s)
2026-05-25 23:31:18.356 +02:00 [INF] Map "d5c08240-0436-454a-8993-362abf5bc477": window light drew 2/2 beam(s)
2026-05-25 23:31:18.405 +02:00 [INF] Map "d5c08240-0436-454a-8993-362abf5bc477": window light drew 2/2 beam(s)
2026-05-25 23:31:18.455 +02:00 [INF] Map "d5c08240-0436-454a-8993-362abf5bc477": window light drew 2/2 beam(s)
2026-05-25 23:31:18.505 +02:00 [INF] Map "d5c08240-0436-454a-8993-362abf5bc477": window light drew 2/2 beam(s)
2026-05-25 23:31:18.555 +02:00 [INF] Map "d5c08240-0436-454a-8993-362abf5bc477": window light drew 2/2 beam(s)
2026-05-25 23:31:18.604 +02:00 [INF] Map "d5c08240-0436-454a-8993-362abf5bc477": window light drew 2/2 beam(s)
2026-05-25 23:31:18.654 +02:00 [INF] Map "d5c08240-0436-454a-8993-362abf5bc477": window light drew 2/2 beam(s)
2026-05-25 23:31:18.719 +02:00 [INF] Map "d5c08240-0436-454a-8993-362abf5bc477": window light drew 2/2 beam(s)
2026-05-25 23:31:18.768 +02:00 [INF] Map "d5c08240-0436-454a-8993-362abf5bc477": window light drew 2/2 beam(s)
2026-05-25 23:31:18.817 +02:00 [INF] Map "d5c08240-0436-454a-8993-362abf5bc477": window light drew 2/2 beam(s)
2026-05-25 23:31:18.866 +02:00 [INF] Map "d5c08240-0436-454a-8993-362abf5bc477": window light drew 2/2 beam(s)
2026-05-25 23:31:18.916 +02:00 [INF] Map "d5c08240-0436-454a-8993-362abf5bc477": window light drew 2/2 beam(s)
2026-05-25 23:31:18.965 +02:00 [INF] Map "d5c08240-0436-454a-8993-362abf5bc477": window light drew 2/2 beam(s)
2026-05-25 23:31:19.015 +02:00 [INF] Map "d5c08240-0436-454a-8993-362abf5bc477": window light drew 2/2 beam(s)
2026-05-25 23:31:19.066 +02:00 [INF] Map "d5c08240-0436-454a-8993-362abf5bc477": window light drew 2/2 beam(s)
2026-05-25 23:31:19.116 +02:00 [INF] Map "d5c08240-0436-454a-8993-362abf5bc477": window light drew 2/2 beam(s)
2026-05-25 23:31:19.165 +02:00 [INF] Map "d5c08240-0436-454a-8993-362abf5bc477": window light drew 2/2 beam(s)
2026-05-25 23:31:19.229 +02:00 [INF] Map "d5c08240-0436-454a-8993-362abf5bc477": window light drew 2/2 beam(s)
2026-05-25 23:31:19.280 +02:00 [INF] Map "d5c08240-0436-454a-8993-362abf5bc477": window light drew 2/2 beam(s)
2026-05-25 23:31:19.331 +02:00 [INF] Map "d5c08240-0436-454a-8993-362abf5bc477": window light drew 2/2 beam(s)
2026-05-25 23:31:19.381 +02:00 [INF] Map "d5c08240-0436-454a-8993-362abf5bc477": window light drew 2/2 beam(s)
2026-05-25 23:31:19.430 +02:00 [INF] Map "d5c08240-0436-454a-8993-362abf5bc477": window light drew 2/2 beam(s)
2026-05-25 23:31:19.480 +02:00 [INF] Map "d5c08240-0436-454a-8993-362abf5bc477": window light drew 2/2 beam(s)
2026-05-25 23:31:19.530 +02:00 [INF] Map "d5c08240-0436-454a-8993-362abf5bc477": window light drew 2/2 beam(s)
2026-05-25 23:31:19.581 +02:00 [INF] Map "d5c08240-0436-454a-8993-362abf5bc477": window light drew 2/2 beam(s)
2026-05-25 23:31:19.631 +02:00 [INF] Map "d5c08240-0436-454a-8993-362abf5bc477": window light drew 2/2 beam(s)
2026-05-25 23:31:19.680 +02:00 [INF] Map "d5c08240-0436-454a-8993-362abf5bc477": window light drew 2/2 beam(s)
2026-05-25 23:31:19.745 +02:00 [INF] Map "d5c08240-0436-454a-8993-362abf5bc477": window light drew 2/2 beam(s)
2026-05-25 23:31:19.795 +02:00 [INF] Map "d5c08240-0436-454a-8993-362abf5bc477": window light drew 2/2 beam(s)
2026-05-25 23:31:19.846 +02:00 [INF] Map "d5c08240-0436-454a-8993-362abf5bc477": window light drew 2/2 beam(s)
2026-05-25 23:31:19.895 +02:00 [INF] Map "d5c08240-0436-454a-8993-362abf5bc477": window light drew 2/2 beam(s)
2026-05-25 23:31:19.949 +02:00 [INF] Map "d5c08240-0436-454a-8993-362abf5bc477": window light drew 2/2 beam(s)
2026-05-25 23:31:20.000 +02:00 [INF] Map "d5c08240-0436-454a-8993-362abf5bc477": window light drew 2/2 beam(s)
2026-05-25 23:31:20.051 +02:00 [INF] Map "d5c08240-0436-454a-8993-362abf5bc477": window light drew 2/2 beam(s)
2026-05-25 23:31:20.100 +02:00 [INF] Map "d5c08240-0436-454a-8993-362abf5bc477": window light drew 2/2 beam(s)
2026-05-25 23:31:20.150 +02:00 [INF] Map "d5c08240-0436-454a-8993-362abf5bc477": window light drew 2/2 beam(s)
2026-05-25 23:31:20.201 +02:00 [INF] Map "d5c08240-0436-454a-8993-362abf5bc477": window light drew 2/2 beam(s)
2026-05-25 23:31:20.266 +02:00 [INF] Map "d5c08240-0436-454a-8993-362abf5bc477": window light drew 2/2 beam(s)
2026-05-25 23:31:20.316 +02:00 [INF] Map "d5c08240-0436-454a-8993-362abf5bc477": window light drew 2/2 beam(s)
2026-05-25 23:31:20.367 +02:00 [INF] Map "d5c08240-0436-454a-8993-362abf5bc477": window light drew 2/2 beam(s)
2026-05-25 23:31:20.417 +02:00 [INF] Map "d5c08240-0436-454a-8993-362abf5bc477": window light drew 2/2 beam(s)
2026-05-25 23:31:20.468 +02:00 [INF] Map "d5c08240-0436-454a-8993-362abf5bc477": window light drew 2/2 beam(s)
2026-05-25 23:31:20.518 +02:00 [INF] Map "d5c08240-0436-454a-8993-362abf5bc477": window light drew 2/2 beam(s)
2026-05-25 23:31:20.569 +02:00 [INF] Map "d5c08240-0436-454a-8993-362abf5bc477": window light drew 2/2 beam(s)
2026-05-25 23:31:20.618 +02:00 [INF] Map "d5c08240-0436-454a-8993-362abf5bc477": window light drew 2/2 beam(s)
2026-05-25 23:31:20.668 +02:00 [INF] Map "d5c08240-0436-454a-8993-362abf5bc477": window light drew 2/2 beam(s)
2026-05-25 23:31:20.718 +02:00 [INF] Map "d5c08240-0436-454a-8993-362abf5bc477": window light drew 2/2 beam(s)
2026-05-25 23:31:20.784 +02:00 [INF] Map "d5c08240-0436-454a-8993-362abf5bc477": window light drew 2/2 beam(s)
2026-05-25 23:31:20.833 +02:00 [INF] Map "d5c08240-0436-454a-8993-362abf5bc477": window light drew 2/2 beam(s)
2026-05-25 23:31:20.883 +02:00 [INF] Map "d5c08240-0436-454a-8993-362abf5bc477": window light drew 2/2 beam(s)
2026-05-25 23:31:20.933 +02:00 [INF] Map "d5c08240-0436-454a-8993-362abf5bc477": window light drew 2/2 beam(s)
2026-05-25 23:31:20.983 +02:00 [INF] Map "d5c08240-0436-454a-8993-362abf5bc477": window light drew 2/2 beam(s)
2026-05-25 23:31:21.034 +02:00 [INF] Map "d5c08240-0436-454a-8993-362abf5bc477": window light drew 2/2 beam(s)
2026-05-25 23:31:21.084 +02:00 [INF] Map "d5c08240-0436-454a-8993-362abf5bc477": window light drew 2/2 beam(s)
2026-05-25 23:31:21.134 +02:00 [INF] Map "d5c08240-0436-454a-8993-362abf5bc477": window light drew 2/2 beam(s)
2026-05-25 23:31:21.184 +02:00 [INF] Map "d5c08240-0436-454a-8993-362abf5bc477": window light drew 2/2 beam(s)
2026-05-25 23:31:21.234 +02:00 [INF] Map "d5c08240-0436-454a-8993-362abf5bc477": window light drew 2/2 beam(s)
2026-05-25 23:31:21.299 +02:00 [INF] Map "d5c08240-0436-454a-8993-362abf5bc477": window light drew 2/2 beam(s)
2026-05-25 23:31:21.349 +02:00 [INF] Map "d5c08240-0436-454a-8993-362abf5bc477": window light drew 2/2 beam(s)
2026-05-25 23:31:21.405 +02:00 [INF] Map "d5c08240-0436-454a-8993-362abf5bc477": window light drew 2/2 beam(s)
2026-05-25 23:31:21.455 +02:00 [INF] Map "d5c08240-0436-454a-8993-362abf5bc477": window light drew 2/2 beam(s)
2026-05-25 23:31:21.505 +02:00 [INF] Map "d5c08240-0436-454a-8993-362abf5bc477": window light drew 2/2 beam(s)
2026-05-25 23:31:21.557 +02:00 [INF] Map "d5c08240-0436-454a-8993-362abf5bc477": window light drew 2/2 beam(s)
2026-05-25 23:31:21.606 +02:00 [INF] Map "d5c08240-0436-454a-8993-362abf5bc477": window light drew 2/2 beam(s)
2026-05-25 23:31:21.656 +02:00 [INF] Map "d5c08240-0436-454a-8993-362abf5bc477": window light drew 2/2 beam(s)
2026-05-25 23:31:21.707 +02:00 [INF] Map "d5c08240-0436-454a-8993-362abf5bc477": window light drew 2/2 beam(s)
2026-05-25 23:31:21.756 +02:00 [INF] Map "d5c08240-0436-454a-8993-362abf5bc477": window light drew 2/2 beam(s)
2026-05-25 23:31:21.821 +02:00 [INF] Map "d5c08240-0436-454a-8993-362abf5bc477": window light drew 2/2 beam(s)
2026-05-25 23:31:21.871 +02:00 [INF] Map "d5c08240-0436-454a-8993-362abf5bc477": window light drew 2/2 beam(s)
2026-05-25 23:31:21.921 +02:00 [INF] Map "d5c08240-0436-454a-8993-362abf5bc477": window light drew 2/2 beam(s)
2026-05-25 23:31:21.970 +02:00 [INF] Map "d5c08240-0436-454a-8993-362abf5bc477": window light drew 2/2 beam(s)
2026-05-25 23:31:22.021 +02:00 [INF] Map "d5c08240-0436-454a-8993-362abf5bc477": window light drew 2/2 beam(s)
2026-05-25 23:31:22.071 +02:00 [INF] Map "d5c08240-0436-454a-8993-362abf5bc477": window light drew 2/2 beam(s)
2026-05-25 23:31:22.121 +02:00 [INF] Map "d5c08240-0436-454a-8993-362abf5bc477": window light drew 2/2 beam(s)
2026-05-25 23:31:22.171 +02:00 [INF] Map "d5c08240-0436-454a-8993-362abf5bc477": window light drew 2/2 beam(s)
2026-05-25 23:31:22.221 +02:00 [INF] Map "d5c08240-0436-454a-8993-362abf5bc477": window light drew 2/2 beam(s)
2026-05-25 23:31:22.271 +02:00 [INF] Map "d5c08240-0436-454a-8993-362abf5bc477": window light drew 2/2 beam(s)
2026-05-25 23:31:22.338 +02:00 [INF] Map "d5c08240-0436-454a-8993-362abf5bc477": window light drew 2/2 beam(s)
2026-05-25 23:31:22.389 +02:00 [INF] Map "d5c08240-0436-454a-8993-362abf5bc477": window light drew 2/2 beam(s)
2026-05-25 23:31:22.438 +02:00 [INF] Map "d5c08240-0436-454a-8993-362abf5bc477": window light drew 2/2 beam(s)
2026-05-25 23:31:22.488 +02:00 [INF] Map "d5c08240-0436-454a-8993-362abf5bc477": window light drew 2/2 beam(s)
2026-05-25 23:31:22.539 +02:00 [INF] Map "d5c08240-0436-454a-8993-362abf5bc477": window light drew 2/2 beam(s)
2026-05-25 23:31:22.589 +02:00 [INF] Map "d5c08240-0436-454a-8993-362abf5bc477": window light drew 2/2 beam(s)
2026-05-25 23:31:22.638 +02:00 [INF] Map "d5c08240-0436-454a-8993-362abf5bc477": window light drew 2/2 beam(s)
2026-05-25 23:31:22.689 +02:00 [INF] Map "d5c08240-0436-454a-8993-362abf5bc477": window light drew 2/2 beam(s)
2026-05-25 23:31:22.739 +02:00 [INF] Map "d5c08240-0436-454a-8993-362abf5bc477": window light drew 2/2 beam(s)
2026-05-25 23:31:22.789 +02:00 [INF] Map "d5c08240-0436-454a-8993-362abf5bc477": window light drew 2/2 beam(s)
2026-05-25 23:31:22.854 +02:00 [INF] Map "d5c08240-0436-454a-8993-362abf5bc477": window light drew 2/2 beam(s)
2026-05-25 23:31:22.903 +02:00 [INF] Map "d5c08240-0436-454a-8993-362abf5bc477": window light drew 2/2 beam(s)
2026-05-25 23:31:22.953 +02:00 [INF] Map "d5c08240-0436-454a-8993-362abf5bc477": window light drew 2/2 beam(s)
2026-05-25 23:31:23.003 +02:00 [INF] Map "d5c08240-0436-454a-8993-362abf5bc477": window light drew 2/2 beam(s)
2026-05-25 23:31:23.054 +02:00 [INF] Map "d5c08240-0436-454a-8993-362abf5bc477": window light drew 2/2 beam(s)
2026-05-25 23:31:23.106 +02:00 [INF] Map "d5c08240-0436-454a-8993-362abf5bc477": window light drew 2/2 beam(s)
2026-05-25 23:31:23.155 +02:00 [INF] Map "d5c08240-0436-454a-8993-362abf5bc477": window light drew 2/2 beam(s)
2026-05-25 23:31:23.205 +02:00 [INF] Map "d5c08240-0436-454a-8993-362abf5bc477": window light drew 2/2 beam(s)
2026-05-25 23:31:23.255 +02:00 [INF] Map "d5c08240-0436-454a-8993-362abf5bc477": window light drew 2/2 beam(s)
2026-05-25 23:31:23.306 +02:00 [INF] Map "d5c08240-0436-454a-8993-362abf5bc477": window light drew 2/2 beam(s)
2026-05-25 23:31:23.370 +02:00 [INF] Map "d5c08240-0436-454a-8993-362abf5bc477": window light drew 2/2 beam(s)
2026-05-25 23:31:23.420 +02:00 [INF] Map "d5c08240-0436-454a-8993-362abf5bc477": window light drew 2/2 beam(s)
2026-05-25 23:31:23.470 +02:00 [INF] Map "d5c08240-0436-454a-8993-362abf5bc477": window light drew 2/2 beam(s)
2026-05-25 23:31:23.519 +02:00 [INF] Map "d5c08240-0436-454a-8993-362abf5bc477": window light drew 2/2 beam(s)
2026-05-25 23:31:23.569 +02:00 [INF] Map "d5c08240-0436-454a-8993-362abf5bc477": window light drew 2/2 beam(s)
2026-05-25 23:31:23.619 +02:00 [INF] Map "d5c08240-0436-454a-8993-362abf5bc477": window light drew 2/2 beam(s)
2026-05-25 23:31:23.670 +02:00 [INF] Map "d5c08240-0436-454a-8993-362abf5bc477": window light drew 2/2 beam(s)
2026-05-25 23:31:23.720 +02:00 [INF] Map "d5c08240-0436-454a-8993-362abf5bc477": window light drew 2/2 beam(s)
2026-05-25 23:31:23.771 +02:00 [INF] Map "d5c08240-0436-454a-8993-362abf5bc477": window light drew 2/2 beam(s)
2026-05-25 23:31:23.821 +02:00 [INF] Map "d5c08240-0436-454a-8993-362abf5bc477": window light drew 2/2 beam(s)
2026-05-25 23:31:23.885 +02:00 [INF] Map "d5c08240-0436-454a-8993-362abf5bc477": window light drew 2/2 beam(s)
2026-05-25 23:31:23.935 +02:00 [INF] Map "d5c08240-0436-454a-8993-362abf5bc477": window light drew 2/2 beam(s)
2026-05-25 23:31:23.987 +02:00 [INF] Map "d5c08240-0436-454a-8993-362abf5bc477": window light drew 2/2 beam(s)
2026-05-25 23:31:24.036 +02:00 [INF] Map "d5c08240-0436-454a-8993-362abf5bc477": window light drew 2/2 beam(s)
2026-05-25 23:31:24.086 +02:00 [INF] Map "d5c08240-0436-454a-8993-362abf5bc477": window light drew 2/2 beam(s)
2026-05-25 23:31:24.135 +02:00 [INF] Map "d5c08240-0436-454a-8993-362abf5bc477": window light drew 2/2 beam(s)
2026-05-25 23:31:24.185 +02:00 [INF] Map "d5c08240-0436-454a-8993-362abf5bc477": window light drew 2/2 beam(s)
2026-05-25 23:31:24.235 +02:00 [INF] Map "d5c08240-0436-454a-8993-362abf5bc477": window light drew 2/2 beam(s)
2026-05-25 23:31:24.285 +02:00 [INF] Map "d5c08240-0436-454a-8993-362abf5bc477": window light drew 2/2 beam(s)
2026-05-25 23:31:24.335 +02:00 [INF] Map "d5c08240-0436-454a-8993-362abf5bc477": window light drew 2/2 beam(s)
2026-05-25 23:31:24.399 +02:00 [INF] Map "d5c08240-0436-454a-8993-362abf5bc477": window light drew 2/2 beam(s)
2026-05-25 23:31:24.449 +02:00 [INF] Map "d5c08240-0436-454a-8993-362abf5bc477": window light drew 2/2 beam(s)
2026-05-25 23:31:24.499 +02:00 [INF] Map "d5c08240-0436-454a-8993-362abf5bc477": window light drew 2/2 beam(s)
2026-05-25 23:31:24.549 +02:00 [INF] Map "d5c08240-0436-454a-8993-362abf5bc477": window light drew 2/2 beam(s)
2026-05-25 23:31:24.601 +02:00 [INF] Map "d5c08240-0436-454a-8993-362abf5bc477": window light drew 2/2 beam(s)
2026-05-25 23:31:24.650 +02:00 [INF] Map "d5c08240-0436-454a-8993-362abf5bc477": window light drew 2/2 beam(s)
2026-05-25 23:31:24.700 +02:00 [INF] Map "d5c08240-0436-454a-8993-362abf5bc477": window light drew 2/2 beam(s)
2026-05-25 23:31:24.751 +02:00 [INF] Map "d5c08240-0436-454a-8993-362abf5bc477": window light drew 2/2 beam(s)
2026-05-25 23:31:24.801 +02:00 [INF] Map "d5c08240-0436-454a-8993-362abf5bc477": window light drew 2/2 beam(s)
2026-05-25 23:31:24.850 +02:00 [INF] Map "d5c08240-0436-454a-8993-362abf5bc477": window light drew 2/2 beam(s)
2026-05-25 23:31:24.916 +02:00 [INF] Map "d5c08240-0436-454a-8993-362abf5bc477": window light drew 2/2 beam(s)
2026-05-25 23:31:24.966 +02:00 [INF] Map "d5c08240-0436-454a-8993-362abf5bc477": window light drew 2/2 beam(s)
2026-05-25 23:31:25.020 +02:00 [INF] Map "d5c08240-0436-454a-8993-362abf5bc477": window light drew 2/2 beam(s)
2026-05-25 23:31:25.076 +02:00 [INF] Map "d5c08240-0436-454a-8993-362abf5bc477": window light drew 2/2 beam(s)
2026-05-25 23:31:25.128 +02:00 [INF] Map "d5c08240-0436-454a-8993-362abf5bc477": window light drew 2/2 beam(s)
2026-05-25 23:31:25.179 +02:00 [INF] Map "d5c08240-0436-454a-8993-362abf5bc477": window light drew 2/2 beam(s)
2026-05-25 23:31:25.229 +02:00 [INF] Map "d5c08240-0436-454a-8993-362abf5bc477": window light drew 2/2 beam(s)
2026-05-25 23:31:25.279 +02:00 [INF] Map "d5c08240-0436-454a-8993-362abf5bc477": window light drew 2/2 beam(s)
2026-05-25 23:31:25.329 +02:00 [INF] Map "d5c08240-0436-454a-8993-362abf5bc477": window light drew 2/2 beam(s)
2026-05-25 23:31:25.383 +02:00 [INF] Map "d5c08240-0436-454a-8993-362abf5bc477": window light drew 2/2 beam(s)
2026-05-25 23:31:25.449 +02:00 [INF] Map "d5c08240-0436-454a-8993-362abf5bc477": window light drew 2/2 beam(s)
2026-05-25 23:31:25.499 +02:00 [INF] Map "d5c08240-0436-454a-8993-362abf5bc477": window light drew 2/2 beam(s)
2026-05-25 23:31:25.549 +02:00 [INF] Map "d5c08240-0436-454a-8993-362abf5bc477": window light drew 2/2 beam(s)
2026-05-25 23:31:25.599 +02:00 [INF] Map "d5c08240-0436-454a-8993-362abf5bc477": window light drew 2/2 beam(s)
2026-05-25 23:31:25.650 +02:00 [INF] Map "d5c08240-0436-454a-8993-362abf5bc477": window light drew 2/2 beam(s)
2026-05-25 23:31:25.699 +02:00 [INF] Map "d5c08240-0436-454a-8993-362abf5bc477": window light drew 2/2 beam(s)
2026-05-25 23:31:25.750 +02:00 [INF] Map "d5c08240-0436-454a-8993-362abf5bc477": window light drew 2/2 beam(s)
2026-05-25 23:31:25.799 +02:00 [INF] Map "d5c08240-0436-454a-8993-362abf5bc477": window light drew 2/2 beam(s)
2026-05-25 23:31:25.848 +02:00 [INF] Map "d5c08240-0436-454a-8993-362abf5bc477": window light drew 2/2 beam(s)
2026-05-25 23:31:25.898 +02:00 [INF] Map "d5c08240-0436-454a-8993-362abf5bc477": window light drew 2/2 beam(s)
2026-05-25 23:31:25.964 +02:00 [INF] Map "d5c08240-0436-454a-8993-362abf5bc477": window light drew 2/2 beam(s)
2026-05-25 23:31:26.015 +02:00 [INF] Map "d5c08240-0436-454a-8993-362abf5bc477": window light drew 2/2 beam(s)
2026-05-25 23:31:26.066 +02:00 [INF] Map "d5c08240-0436-454a-8993-362abf5bc477": window light drew 2/2 beam(s)
2026-05-25 23:31:26.115 +02:00 [INF] Map "d5c08240-0436-454a-8993-362abf5bc477": window light drew 2/2 beam(s)
2026-05-25 23:31:26.165 +02:00 [INF] Map "d5c08240-0436-454a-8993-362abf5bc477": window light drew 2/2 beam(s)
2026-05-25 23:31:26.216 +02:00 [INF] Map "d5c08240-0436-454a-8993-362abf5bc477": window light drew 2/2 beam(s)
2026-05-25 23:31:26.266 +02:00 [INF] Map "d5c08240-0436-454a-8993-362abf5bc477": window light drew 2/2 beam(s)
2026-05-25 23:31:26.316 +02:00 [INF] Map "d5c08240-0436-454a-8993-362abf5bc477": window light drew 2/2 beam(s)
2026-05-25 23:31:26.366 +02:00 [INF] Map "d5c08240-0436-454a-8993-362abf5bc477": window light drew 2/2 beam(s)
2026-05-25 23:31:26.416 +02:00 [INF] Map "d5c08240-0436-454a-8993-362abf5bc477": window light drew 2/2 beam(s)
2026-05-25 23:31:26.480 +02:00 [INF] Map "d5c08240-0436-454a-8993-362abf5bc477": window light drew 2/2 beam(s)
2026-05-25 23:31:26.530 +02:00 [INF] Map "d5c08240-0436-454a-8993-362abf5bc477": window light drew 2/2 beam(s)
2026-05-25 23:31:26.580 +02:00 [INF] Map "d5c08240-0436-454a-8993-362abf5bc477": window light drew 2/2 beam(s)
2026-05-25 23:31:26.630 +02:00 [INF] Map "d5c08240-0436-454a-8993-362abf5bc477": window light drew 2/2 beam(s)
2026-05-25 23:31:26.681 +02:00 [INF] Map "d5c08240-0436-454a-8993-362abf5bc477": window light drew 2/2 beam(s)
2026-05-25 23:31:26.731 +02:00 [INF] Map "d5c08240-0436-454a-8993-362abf5bc477": window light drew 2/2 beam(s)
2026-05-25 23:31:26.781 +02:00 [INF] Map "d5c08240-0436-454a-8993-362abf5bc477": window light drew 2/2 beam(s)
2026-05-25 23:31:26.836 +02:00 [INF] Map "d5c08240-0436-454a-8993-362abf5bc477": window light drew 2/2 beam(s)
2026-05-25 23:31:26.886 +02:00 [INF] Map "d5c08240-0436-454a-8993-362abf5bc477": window light drew 2/2 beam(s)
2026-05-25 23:31:26.935 +02:00 [INF] Map "d5c08240-0436-454a-8993-362abf5bc477": window light drew 2/2 beam(s)
2026-05-25 23:31:27.000 +02:00 [INF] Map "d5c08240-0436-454a-8993-362abf5bc477": window light drew 2/2 beam(s)
2026-05-25 23:31:27.050 +02:00 [INF] Map "d5c08240-0436-454a-8993-362abf5bc477": window light drew 2/2 beam(s)
2026-05-25 23:31:27.102 +02:00 [INF] Map "d5c08240-0436-454a-8993-362abf5bc477": window light drew 2/2 beam(s)
2026-05-25 23:31:27.153 +02:00 [INF] Map "d5c08240-0436-454a-8993-362abf5bc477": window light drew 2/2 beam(s)
2026-05-25 23:31:27.206 +02:00 [INF] Map "d5c08240-0436-454a-8993-362abf5bc477": window light drew 2/2 beam(s)
2026-05-25 23:31:27.256 +02:00 [INF] Map "d5c08240-0436-454a-8993-362abf5bc477": window light drew 2/2 beam(s)
2026-05-25 23:31:27.306 +02:00 [INF] Map "d5c08240-0436-454a-8993-362abf5bc477": window light drew 2/2 beam(s)
2026-05-25 23:31:27.357 +02:00 [INF] Map "d5c08240-0436-454a-8993-362abf5bc477": window light drew 2/2 beam(s)
2026-05-25 23:31:27.407 +02:00 [INF] Map "d5c08240-0436-454a-8993-362abf5bc477": window light drew 2/2 beam(s)
2026-05-25 23:31:27.458 +02:00 [INF] Map "d5c08240-0436-454a-8993-362abf5bc477": window light drew 2/2 beam(s)
2026-05-25 23:31:27.522 +02:00 [INF] Map "d5c08240-0436-454a-8993-362abf5bc477": window light drew 2/2 beam(s)
2026-05-25 23:31:27.571 +02:00 [INF] Map "d5c08240-0436-454a-8993-362abf5bc477": window light drew 2/2 beam(s)
2026-05-25 23:31:27.621 +02:00 [INF] Map "d5c08240-0436-454a-8993-362abf5bc477": window light drew 2/2 beam(s)
2026-05-25 23:31:27.671 +02:00 [INF] Map "d5c08240-0436-454a-8993-362abf5bc477": window light drew 2/2 beam(s)
2026-05-25 23:31:27.721 +02:00 [INF] Map "d5c08240-0436-454a-8993-362abf5bc477": window light drew 2/2 beam(s)
2026-05-25 23:31:27.771 +02:00 [INF] Map "d5c08240-0436-454a-8993-362abf5bc477": window light drew 2/2 beam(s)
2026-05-25 23:31:27.821 +02:00 [INF] Map "d5c08240-0436-454a-8993-362abf5bc477": window light drew 2/2 beam(s)
2026-05-25 23:31:27.872 +02:00 [INF] Map "d5c08240-0436-454a-8993-362abf5bc477": window light drew 2/2 beam(s)
2026-05-25 23:31:27.923 +02:00 [INF] Map "d5c08240-0436-454a-8993-362abf5bc477": window light drew 2/2 beam(s)
2026-05-25 23:31:27.973 +02:00 [INF] Map "d5c08240-0436-454a-8993-362abf5bc477": window light drew 2/2 beam(s)
2026-05-25 23:31:28.038 +02:00 [INF] Map "d5c08240-0436-454a-8993-362abf5bc477": window light drew 2/2 beam(s)
2026-05-25 23:31:28.089 +02:00 [INF] Map "d5c08240-0436-454a-8993-362abf5bc477": window light drew 2/2 beam(s)
2026-05-25 23:31:28.140 +02:00 [INF] Map "d5c08240-0436-454a-8993-362abf5bc477": window light drew 2/2 beam(s)
2026-05-25 23:31:28.189 +02:00 [INF] Map "d5c08240-0436-454a-8993-362abf5bc477": window light drew 2/2 beam(s)
2026-05-25 23:31:28.239 +02:00 [INF] Map "d5c08240-0436-454a-8993-362abf5bc477": window light drew 2/2 beam(s)
2026-05-25 23:31:28.289 +02:00 [INF] Map "d5c08240-0436-454a-8993-362abf5bc477": window light drew 2/2 beam(s)
2026-05-25 23:31:28.338 +02:00 [INF] Map "d5c08240-0436-454a-8993-362abf5bc477": window light drew 2/2 beam(s)
2026-05-25 23:31:28.389 +02:00 [INF] Map "d5c08240-0436-454a-8993-362abf5bc477": window light drew 2/2 beam(s)
2026-05-25 23:31:28.438 +02:00 [INF] Map "d5c08240-0436-454a-8993-362abf5bc477": window light drew 2/2 beam(s)
2026-05-25 23:31:28.489 +02:00 [INF] Map "d5c08240-0436-454a-8993-362abf5bc477": window light drew 2/2 beam(s)
2026-05-25 23:31:28.554 +02:00 [INF] Map "d5c08240-0436-454a-8993-362abf5bc477": window light drew 2/2 beam(s)
2026-05-25 23:31:28.604 +02:00 [INF] Map "d5c08240-0436-454a-8993-362abf5bc477": window light drew 2/2 beam(s)
2026-05-25 23:31:28.654 +02:00 [INF] Map "d5c08240-0436-454a-8993-362abf5bc477": window light drew 2/2 beam(s)
2026-05-25 23:31:28.704 +02:00 [INF] Map "d5c08240-0436-454a-8993-362abf5bc477": window light drew 2/2 beam(s)
2026-05-25 23:31:28.754 +02:00 [INF] Map "d5c08240-0436-454a-8993-362abf5bc477": window light drew 2/2 beam(s)
2026-05-25 23:31:28.804 +02:00 [INF] Map "d5c08240-0436-454a-8993-362abf5bc477": window light drew 2/2 beam(s)
2026-05-25 23:31:28.854 +02:00 [INF] Map "d5c08240-0436-454a-8993-362abf5bc477": window light drew 2/2 beam(s)
2026-05-25 23:31:28.904 +02:00 [INF] Map "d5c08240-0436-454a-8993-362abf5bc477": window light drew 2/2 beam(s)
2026-05-25 23:31:28.954 +02:00 [INF] Map "d5c08240-0436-454a-8993-362abf5bc477": window light drew 2/2 beam(s)
2026-05-25 23:31:29.005 +02:00 [INF] Map "d5c08240-0436-454a-8993-362abf5bc477": window light drew 2/2 beam(s)
2026-05-25 23:31:29.074 +02:00 [INF] Map "d5c08240-0436-454a-8993-362abf5bc477": window light drew 2/2 beam(s)
2026-05-25 23:31:29.124 +02:00 [INF] Map "d5c08240-0436-454a-8993-362abf5bc477": window light drew 2/2 beam(s)
2026-05-25 23:31:29.174 +02:00 [INF] Map "d5c08240-0436-454a-8993-362abf5bc477": window light drew 2/2 beam(s)
2026-05-25 23:31:29.224 +02:00 [INF] Map "d5c08240-0436-454a-8993-362abf5bc477": window light drew 2/2 beam(s)
2026-05-25 23:31:29.274 +02:00 [INF] Map "d5c08240-0436-454a-8993-362abf5bc477": window light drew 2/2 beam(s)
2026-05-25 23:31:29.323 +02:00 [INF] Map "d5c08240-0436-454a-8993-362abf5bc477": window light drew 2/2 beam(s)
2026-05-25 23:31:29.373 +02:00 [INF] Map "d5c08240-0436-454a-8993-362abf5bc477": window light drew 2/2 beam(s)
2026-05-25 23:31:29.423 +02:00 [INF] Map "d5c08240-0436-454a-8993-362abf5bc477": window light drew 2/2 beam(s)
2026-05-25 23:31:29.473 +02:00 [INF] Map "d5c08240-0436-454a-8993-362abf5bc477": window light drew 2/2 beam(s)
2026-05-25 23:31:29.523 +02:00 [INF] Map "d5c08240-0436-454a-8993-362abf5bc477": window light drew 2/2 beam(s)
2026-05-25 23:31:29.588 +02:00 [INF] Map "d5c08240-0436-454a-8993-362abf5bc477": window light drew 2/2 beam(s)
2026-05-25 23:31:29.638 +02:00 [INF] Map "d5c08240-0436-454a-8993-362abf5bc477": window light drew 2/2 beam(s)
2026-05-25 23:31:29.689 +02:00 [INF] Map "d5c08240-0436-454a-8993-362abf5bc477": window light drew 2/2 beam(s)
2026-05-25 23:31:29.739 +02:00 [INF] Map "d5c08240-0436-454a-8993-362abf5bc477": window light drew 2/2 beam(s)
2026-05-25 23:31:29.789 +02:00 [INF] Map "d5c08240-0436-454a-8993-362abf5bc477": window light drew 2/2 beam(s)
2026-05-25 23:31:29.839 +02:00 [INF] Map "d5c08240-0436-454a-8993-362abf5bc477": window light drew 2/2 beam(s)
2026-05-25 23:31:29.888 +02:00 [INF] Map "d5c08240-0436-454a-8993-362abf5bc477": window light drew 2/2 beam(s)
2026-05-25 23:31:29.939 +02:00 [INF] Map "d5c08240-0436-454a-8993-362abf5bc477": window light drew 2/2 beam(s)
2026-05-25 23:31:29.990 +02:00 [INF] Map "d5c08240-0436-454a-8993-362abf5bc477": window light drew 2/2 beam(s)
2026-05-25 23:31:30.041 +02:00 [INF] Map "d5c08240-0436-454a-8993-362abf5bc477": window light drew 2/2 beam(s)
2026-05-25 23:31:30.106 +02:00 [INF] Map "d5c08240-0436-454a-8993-362abf5bc477": window light drew 2/2 beam(s)
2026-05-25 23:31:30.156 +02:00 [INF] Map "d5c08240-0436-454a-8993-362abf5bc477": window light drew 2/2 beam(s)
2026-05-25 23:31:30.206 +02:00 [INF] Map "d5c08240-0436-454a-8993-362abf5bc477": window light drew 2/2 beam(s)
2026-05-25 23:31:30.256 +02:00 [INF] Map "d5c08240-0436-454a-8993-362abf5bc477": window light drew 2/2 beam(s)
2026-05-25 23:31:30.305 +02:00 [INF] Map "d5c08240-0436-454a-8993-362abf5bc477": window light drew 2/2 beam(s)
2026-05-25 23:31:30.354 +02:00 [INF] Map "d5c08240-0436-454a-8993-362abf5bc477": window light drew 2/2 beam(s)
2026-05-25 23:31:30.404 +02:00 [INF] Map "d5c08240-0436-454a-8993-362abf5bc477": window light drew 2/2 beam(s)
2026-05-25 23:31:30.454 +02:00 [INF] Map "d5c08240-0436-454a-8993-362abf5bc477": window light drew 2/2 beam(s)
2026-05-25 23:31:30.504 +02:00 [INF] Map "d5c08240-0436-454a-8993-362abf5bc477": window light drew 2/2 beam(s)
2026-05-25 23:31:30.555 +02:00 [INF] Map "d5c08240-0436-454a-8993-362abf5bc477": window light drew 2/2 beam(s)
2026-05-25 23:31:30.619 +02:00 [INF] Map "d5c08240-0436-454a-8993-362abf5bc477": window light drew 2/2 beam(s)
2026-05-25 23:31:30.670 +02:00 [INF] Map "d5c08240-0436-454a-8993-362abf5bc477": window light drew 2/2 beam(s)
2026-05-25 23:31:30.721 +02:00 [INF] Map "d5c08240-0436-454a-8993-362abf5bc477": window light drew 2/2 beam(s)
2026-05-25 23:31:30.770 +02:00 [INF] Map "d5c08240-0436-454a-8993-362abf5bc477": window light drew 2/2 beam(s)
2026-05-25 23:31:30.821 +02:00 [INF] Map "d5c08240-0436-454a-8993-362abf5bc477": window light drew 2/2 beam(s)
2026-05-25 23:31:30.871 +02:00 [INF] Map "d5c08240-0436-454a-8993-362abf5bc477": window light drew 2/2 beam(s)
2026-05-25 23:31:30.921 +02:00 [INF] Map "d5c08240-0436-454a-8993-362abf5bc477": window light drew 2/2 beam(s)
2026-05-25 23:31:30.971 +02:00 [INF] Map "d5c08240-0436-454a-8993-362abf5bc477": window light drew 2/2 beam(s)
2026-05-25 23:31:31.023 +02:00 [INF] Map "d5c08240-0436-454a-8993-362abf5bc477": window light drew 2/2 beam(s)
2026-05-25 23:31:31.074 +02:00 [INF] Map "d5c08240-0436-454a-8993-362abf5bc477": window light drew 2/2 beam(s)
2026-05-25 23:31:31.146 +02:00 [INF] Map "d5c08240-0436-454a-8993-362abf5bc477": window light drew 2/2 beam(s)
2026-05-25 23:31:31.200 +02:00 [INF] Map "d5c08240-0436-454a-8993-362abf5bc477": window light drew 2/2 beam(s)
2026-05-25 23:31:31.251 +02:00 [INF] Map "d5c08240-0436-454a-8993-362abf5bc477": window light drew 2/2 beam(s)
2026-05-25 23:31:31.301 +02:00 [INF] Map "d5c08240-0436-454a-8993-362abf5bc477": window light drew 2/2 beam(s)
2026-05-25 23:31:31.351 +02:00 [INF] Map "d5c08240-0436-454a-8993-362abf5bc477": window light drew 2/2 beam(s)
2026-05-25 23:31:31.401 +02:00 [INF] Map "d5c08240-0436-454a-8993-362abf5bc477": window light drew 2/2 beam(s)
2026-05-25 23:31:31.452 +02:00 [INF] Map "d5c08240-0436-454a-8993-362abf5bc477": window light drew 2/2 beam(s)
2026-05-25 23:31:31.503 +02:00 [INF] Map "d5c08240-0436-454a-8993-362abf5bc477": window light drew 2/2 beam(s)
2026-05-25 23:31:31.553 +02:00 [INF] Map "d5c08240-0436-454a-8993-362abf5bc477": window light drew 2/2 beam(s)
2026-05-25 23:31:31.603 +02:00 [INF] Map "d5c08240-0436-454a-8993-362abf5bc477": window light drew 2/2 beam(s)
2026-05-25 23:31:31.670 +02:00 [INF] Map "d5c08240-0436-454a-8993-362abf5bc477": window light drew 2/2 beam(s)
2026-05-25 23:31:31.721 +02:00 [INF] Map "d5c08240-0436-454a-8993-362abf5bc477": window light drew 2/2 beam(s)
2026-05-25 23:31:31.770 +02:00 [INF] Map "d5c08240-0436-454a-8993-362abf5bc477": window light drew 2/2 beam(s)
2026-05-25 23:31:31.822 +02:00 [INF] Map "d5c08240-0436-454a-8993-362abf5bc477": window light drew 2/2 beam(s)
2026-05-25 23:31:31.872 +02:00 [INF] Map "d5c08240-0436-454a-8993-362abf5bc477": window light drew 2/2 beam(s)
2026-05-25 23:31:31.922 +02:00 [INF] Map "d5c08240-0436-454a-8993-362abf5bc477": window light drew 2/2 beam(s)
2026-05-25 23:31:31.973 +02:00 [INF] Map "d5c08240-0436-454a-8993-362abf5bc477": window light drew 2/2 beam(s)
2026-05-25 23:31:32.024 +02:00 [INF] Map "d5c08240-0436-454a-8993-362abf5bc477": window light drew 2/2 beam(s)
2026-05-25 23:31:32.074 +02:00 [INF] Map "d5c08240-0436-454a-8993-362abf5bc477": window light drew 2/2 beam(s)
2026-05-25 23:31:32.124 +02:00 [INF] Map "d5c08240-0436-454a-8993-362abf5bc477": window light drew 2/2 beam(s)
2026-05-25 23:31:32.190 +02:00 [INF] Map "d5c08240-0436-454a-8993-362abf5bc477": window light drew 2/2 beam(s)
2026-05-25 23:31:32.241 +02:00 [INF] Map "d5c08240-0436-454a-8993-362abf5bc477": window light drew 2/2 beam(s)
2026-05-25 23:31:32.294 +02:00 [INF] Map "d5c08240-0436-454a-8993-362abf5bc477": window light drew 2/2 beam(s)
2026-05-25 23:31:32.346 +02:00 [INF] Map "d5c08240-0436-454a-8993-362abf5bc477": window light drew 2/2 beam(s)
2026-05-25 23:31:32.397 +02:00 [INF] Map "d5c08240-0436-454a-8993-362abf5bc477": window light drew 2/2 beam(s)
2026-05-25 23:31:32.448 +02:00 [INF] Map "d5c08240-0436-454a-8993-362abf5bc477": window light drew 2/2 beam(s)
2026-05-25 23:31:32.499 +02:00 [INF] Map "d5c08240-0436-454a-8993-362abf5bc477": window light drew 2/2 beam(s)
2026-05-25 23:31:32.550 +02:00 [INF] Map "d5c08240-0436-454a-8993-362abf5bc477": window light drew 2/2 beam(s)
2026-05-25 23:31:32.601 +02:00 [INF] Map "d5c08240-0436-454a-8993-362abf5bc477": window light drew 2/2 beam(s)
2026-05-25 23:31:32.651 +02:00 [INF] Map "d5c08240-0436-454a-8993-362abf5bc477": window light drew 2/2 beam(s)
2026-05-25 23:31:32.716 +02:00 [INF] Map "d5c08240-0436-454a-8993-362abf5bc477": window light drew 2/2 beam(s)
2026-05-25 23:31:32.767 +02:00 [INF] Map "d5c08240-0436-454a-8993-362abf5bc477": window light drew 2/2 beam(s)
2026-05-25 23:31:32.817 +02:00 [INF] Map "d5c08240-0436-454a-8993-362abf5bc477": window light drew 2/2 beam(s)
2026-05-25 23:31:32.868 +02:00 [INF] Map "d5c08240-0436-454a-8993-362abf5bc477": window light drew 2/2 beam(s)
2026-05-25 23:31:32.920 +02:00 [INF] Map "d5c08240-0436-454a-8993-362abf5bc477": window light drew 2/2 beam(s)
2026-05-25 23:31:32.970 +02:00 [INF] Map "d5c08240-0436-454a-8993-362abf5bc477": window light drew 2/2 beam(s)
2026-05-25 23:31:33.022 +02:00 [INF] Map "d5c08240-0436-454a-8993-362abf5bc477": window light drew 2/2 beam(s)
2026-05-25 23:31:33.073 +02:00 [INF] Map "d5c08240-0436-454a-8993-362abf5bc477": window light drew 2/2 beam(s)
2026-05-25 23:31:33.123 +02:00 [INF] Map "d5c08240-0436-454a-8993-362abf5bc477": window light drew 2/2 beam(s)
2026-05-25 23:31:33.173 +02:00 [INF] Map "d5c08240-0436-454a-8993-362abf5bc477": window light drew 2/2 beam(s)
2026-05-25 23:31:33.239 +02:00 [INF] Map "d5c08240-0436-454a-8993-362abf5bc477": window light drew 2/2 beam(s)
2026-05-25 23:31:33.289 +02:00 [INF] Map "d5c08240-0436-454a-8993-362abf5bc477": window light drew 2/2 beam(s)
2026-05-25 23:31:33.339 +02:00 [INF] Map "d5c08240-0436-454a-8993-362abf5bc477": window light drew 2/2 beam(s)
2026-05-25 23:31:33.388 +02:00 [INF] Map "d5c08240-0436-454a-8993-362abf5bc477": window light drew 2/2 beam(s)
2026-05-25 23:31:33.438 +02:00 [INF] Map "d5c08240-0436-454a-8993-362abf5bc477": window light drew 2/2 beam(s)
2026-05-25 23:31:33.489 +02:00 [INF] Map "d5c08240-0436-454a-8993-362abf5bc477": window light drew 2/2 beam(s)
2026-05-25 23:31:33.539 +02:00 [INF] Map "d5c08240-0436-454a-8993-362abf5bc477": window light drew 2/2 beam(s)
2026-05-25 23:31:33.589 +02:00 [INF] Map "d5c08240-0436-454a-8993-362abf5bc477": window light drew 2/2 beam(s)
2026-05-25 23:31:33.639 +02:00 [INF] Map "d5c08240-0436-454a-8993-362abf5bc477": window light drew 2/2 beam(s)
2026-05-25 23:31:33.688 +02:00 [INF] Map "d5c08240-0436-454a-8993-362abf5bc477": window light drew 2/2 beam(s)
2026-05-25 23:31:33.755 +02:00 [INF] Map "d5c08240-0436-454a-8993-362abf5bc477": window light drew 2/2 beam(s)
2026-05-25 23:31:33.805 +02:00 [INF] Map "d5c08240-0436-454a-8993-362abf5bc477": window light drew 2/2 beam(s)
2026-05-25 23:31:33.856 +02:00 [INF] Map "d5c08240-0436-454a-8993-362abf5bc477": window light drew 2/2 beam(s)
2026-05-25 23:31:33.906 +02:00 [INF] Map "d5c08240-0436-454a-8993-362abf5bc477": window light drew 2/2 beam(s)
2026-05-25 23:31:33.957 +02:00 [INF] Map "d5c08240-0436-454a-8993-362abf5bc477": window light drew 2/2 beam(s)
2026-05-25 23:31:34.007 +02:00 [INF] Map "d5c08240-0436-454a-8993-362abf5bc477": window light drew 2/2 beam(s)
2026-05-25 23:31:34.057 +02:00 [INF] Map "d5c08240-0436-454a-8993-362abf5bc477": window light drew 2/2 beam(s)
2026-05-25 23:31:34.109 +02:00 [INF] Map "d5c08240-0436-454a-8993-362abf5bc477": window light drew 2/2 beam(s)
2026-05-25 23:31:34.159 +02:00 [INF] Map "d5c08240-0436-454a-8993-362abf5bc477": window light drew 2/2 beam(s)
2026-05-25 23:31:34.208 +02:00 [INF] Map "d5c08240-0436-454a-8993-362abf5bc477": window light drew 2/2 beam(s)
2026-05-25 23:31:34.274 +02:00 [INF] Map "d5c08240-0436-454a-8993-362abf5bc477": window light drew 2/2 beam(s)
2026-05-25 23:31:34.324 +02:00 [INF] Map "d5c08240-0436-454a-8993-362abf5bc477": window light drew 2/2 beam(s)
2026-05-25 23:31:34.375 +02:00 [INF] Map "d5c08240-0436-454a-8993-362abf5bc477": window light drew 2/2 beam(s)
2026-05-25 23:31:34.425 +02:00 [INF] Map "d5c08240-0436-454a-8993-362abf5bc477": window light drew 2/2 beam(s)
2026-05-25 23:31:34.475 +02:00 [INF] Map "d5c08240-0436-454a-8993-362abf5bc477": window light drew 2/2 beam(s)
2026-05-25 23:31:34.526 +02:00 [INF] Map "d5c08240-0436-454a-8993-362abf5bc477": window light drew 2/2 beam(s)
2026-05-25 23:31:34.575 +02:00 [INF] Map "d5c08240-0436-454a-8993-362abf5bc477": window light drew 2/2 beam(s)
2026-05-25 23:31:34.626 +02:00 [INF] Map "d5c08240-0436-454a-8993-362abf5bc477": window light drew 2/2 beam(s)
2026-05-25 23:31:34.676 +02:00 [INF] Map "d5c08240-0436-454a-8993-362abf5bc477": window light drew 2/2 beam(s)
2026-05-25 23:31:34.727 +02:00 [INF] Map "d5c08240-0436-454a-8993-362abf5bc477": window light drew 2/2 beam(s)
2026-05-25 23:31:34.791 +02:00 [INF] Map "d5c08240-0436-454a-8993-362abf5bc477": window light drew 2/2 beam(s)
2026-05-25 23:31:34.841 +02:00 [INF] Map "d5c08240-0436-454a-8993-362abf5bc477": window light drew 2/2 beam(s)
2026-05-25 23:31:34.891 +02:00 [INF] Map "d5c08240-0436-454a-8993-362abf5bc477": window light drew 2/2 beam(s)
2026-05-25 23:31:34.941 +02:00 [INF] Map "d5c08240-0436-454a-8993-362abf5bc477": window light drew 2/2 beam(s)
2026-05-25 23:31:34.991 +02:00 [INF] Map "d5c08240-0436-454a-8993-362abf5bc477": window light drew 2/2 beam(s)
2026-05-25 23:31:35.042 +02:00 [INF] Map "d5c08240-0436-454a-8993-362abf5bc477": window light drew 2/2 beam(s)
2026-05-25 23:31:35.092 +02:00 [INF] Map "d5c08240-0436-454a-8993-362abf5bc477": window light drew 2/2 beam(s)
2026-05-25 23:31:35.142 +02:00 [INF] Map "d5c08240-0436-454a-8993-362abf5bc477": window light drew 2/2 beam(s)
2026-05-25 23:31:35.191 +02:00 [INF] Map "d5c08240-0436-454a-8993-362abf5bc477": window light drew 2/2 beam(s)
2026-05-25 23:31:35.240 +02:00 [INF] Map "d5c08240-0436-454a-8993-362abf5bc477": window light drew 2/2 beam(s)
2026-05-25 23:31:35.305 +02:00 [INF] Map "d5c08240-0436-454a-8993-362abf5bc477": window light drew 2/2 beam(s)
2026-05-25 23:31:35.355 +02:00 [INF] Map "d5c08240-0436-454a-8993-362abf5bc477": window light drew 2/2 beam(s)
2026-05-25 23:31:35.404 +02:00 [INF] Map "d5c08240-0436-454a-8993-362abf5bc477": window light drew 2/2 beam(s)
2026-05-25 23:31:35.454 +02:00 [INF] Map "d5c08240-0436-454a-8993-362abf5bc477": window light drew 2/2 beam(s)
2026-05-25 23:31:35.504 +02:00 [INF] Map "d5c08240-0436-454a-8993-362abf5bc477": window light drew 2/2 beam(s)
2026-05-25 23:31:35.554 +02:00 [INF] Map "d5c08240-0436-454a-8993-362abf5bc477": window light drew 2/2 beam(s)
2026-05-25 23:31:35.603 +02:00 [INF] Map "d5c08240-0436-454a-8993-362abf5bc477": window light drew 2/2 beam(s)
2026-05-25 23:31:35.653 +02:00 [INF] Map "d5c08240-0436-454a-8993-362abf5bc477": window light drew 2/2 beam(s)
2026-05-25 23:31:35.702 +02:00 [INF] Map "d5c08240-0436-454a-8993-362abf5bc477": window light drew 2/2 beam(s)
2026-05-25 23:31:35.752 +02:00 [INF] Map "d5c08240-0436-454a-8993-362abf5bc477": window light drew 2/2 beam(s)
2026-05-25 23:31:35.817 +02:00 [INF] Map "d5c08240-0436-454a-8993-362abf5bc477": window light drew 2/2 beam(s)
2026-05-25 23:31:35.867 +02:00 [INF] Map "d5c08240-0436-454a-8993-362abf5bc477": window light drew 2/2 beam(s)
2026-05-25 23:31:35.916 +02:00 [INF] Map "d5c08240-0436-454a-8993-362abf5bc477": window light drew 2/2 beam(s)
2026-05-25 23:31:35.966 +02:00 [INF] Map "d5c08240-0436-454a-8993-362abf5bc477": window light drew 2/2 beam(s)
2026-05-25 23:31:36.016 +02:00 [INF] Map "d5c08240-0436-454a-8993-362abf5bc477": window light drew 2/2 beam(s)
2026-05-25 23:31:36.066 +02:00 [INF] Map "d5c08240-0436-454a-8993-362abf5bc477": window light drew 2/2 beam(s)
2026-05-25 23:31:36.117 +02:00 [INF] Map "d5c08240-0436-454a-8993-362abf5bc477": window light drew 2/2 beam(s)
2026-05-25 23:31:36.169 +02:00 [INF] Map "d5c08240-0436-454a-8993-362abf5bc477": window light drew 2/2 beam(s)
2026-05-25 23:31:36.223 +02:00 [INF] Map "d5c08240-0436-454a-8993-362abf5bc477": window light drew 2/2 beam(s)
2026-05-25 23:31:36.274 +02:00 [INF] Map "d5c08240-0436-454a-8993-362abf5bc477": window light drew 2/2 beam(s)
2026-05-25 23:31:36.338 +02:00 [INF] Map "d5c08240-0436-454a-8993-362abf5bc477": window light drew 2/2 beam(s)
2026-05-25 23:31:36.389 +02:00 [INF] Map "d5c08240-0436-454a-8993-362abf5bc477": window light drew 2/2 beam(s)
2026-05-25 23:31:36.442 +02:00 [INF] Map "d5c08240-0436-454a-8993-362abf5bc477": window light drew 2/2 beam(s)
2026-05-25 23:31:36.500 +02:00 [INF] Map "d5c08240-0436-454a-8993-362abf5bc477": window light drew 2/2 beam(s)
2026-05-25 23:31:36.551 +02:00 [INF] Map "d5c08240-0436-454a-8993-362abf5bc477": window light drew 2/2 beam(s)
2026-05-25 23:31:36.601 +02:00 [INF] Map "d5c08240-0436-454a-8993-362abf5bc477": window light drew 2/2 beam(s)
2026-05-25 23:31:36.651 +02:00 [INF] Map "d5c08240-0436-454a-8993-362abf5bc477": window light drew 2/2 beam(s)
2026-05-25 23:31:36.701 +02:00 [INF] Map "d5c08240-0436-454a-8993-362abf5bc477": window light drew 2/2 beam(s)
2026-05-25 23:31:36.753 +02:00 [INF] Map "d5c08240-0436-454a-8993-362abf5bc477": window light drew 2/2 beam(s)
2026-05-25 23:31:36.803 +02:00 [INF] Map "d5c08240-0436-454a-8993-362abf5bc477": window light drew 2/2 beam(s)
2026-05-25 23:31:36.867 +02:00 [INF] Map "d5c08240-0436-454a-8993-362abf5bc477": window light drew 2/2 beam(s)
2026-05-25 23:31:36.918 +02:00 [INF] Map "d5c08240-0436-454a-8993-362abf5bc477": window light drew 2/2 beam(s)
2026-05-25 23:31:36.970 +02:00 [INF] Map "d5c08240-0436-454a-8993-362abf5bc477": window light drew 2/2 beam(s)
2026-05-25 23:31:37.019 +02:00 [INF] Map "d5c08240-0436-454a-8993-362abf5bc477": window light drew 2/2 beam(s)
2026-05-25 23:31:37.070 +02:00 [INF] Map "d5c08240-0436-454a-8993-362abf5bc477": window light drew 2/2 beam(s)
2026-05-25 23:31:37.121 +02:00 [INF] Map "d5c08240-0436-454a-8993-362abf5bc477": window light drew 2/2 beam(s)
2026-05-25 23:31:37.171 +02:00 [INF] Map "d5c08240-0436-454a-8993-362abf5bc477": window light drew 2/2 beam(s)
2026-05-25 23:31:37.221 +02:00 [INF] Map "d5c08240-0436-454a-8993-362abf5bc477": window light drew 2/2 beam(s)
2026-05-25 23:31:37.271 +02:00 [INF] Map "d5c08240-0436-454a-8993-362abf5bc477": window light drew 2/2 beam(s)
2026-05-25 23:31:37.321 +02:00 [INF] Map "d5c08240-0436-454a-8993-362abf5bc477": window light drew 2/2 beam(s)
2026-05-25 23:31:37.385 +02:00 [INF] Map "d5c08240-0436-454a-8993-362abf5bc477": window light drew 2/2 beam(s)
2026-05-25 23:31:37.434 +02:00 [INF] Map "d5c08240-0436-454a-8993-362abf5bc477": window light drew 2/2 beam(s)
2026-05-25 23:31:37.483 +02:00 [INF] Map "d5c08240-0436-454a-8993-362abf5bc477": window light drew 2/2 beam(s)
2026-05-25 23:31:37.533 +02:00 [INF] Map "d5c08240-0436-454a-8993-362abf5bc477": window light drew 2/2 beam(s)
2026-05-25 23:31:37.582 +02:00 [INF] Map "d5c08240-0436-454a-8993-362abf5bc477": window light drew 2/2 beam(s)
2026-05-25 23:31:37.631 +02:00 [INF] Map "d5c08240-0436-454a-8993-362abf5bc477": window light drew 2/2 beam(s)
2026-05-25 23:31:37.681 +02:00 [INF] Map "d5c08240-0436-454a-8993-362abf5bc477": window light drew 2/2 beam(s)
2026-05-25 23:31:37.731 +02:00 [INF] Map "d5c08240-0436-454a-8993-362abf5bc477": window light drew 2/2 beam(s)
2026-05-25 23:31:37.780 +02:00 [INF] Map "d5c08240-0436-454a-8993-362abf5bc477": window light drew 2/2 beam(s)
2026-05-25 23:31:37.831 +02:00 [INF] Map "d5c08240-0436-454a-8993-362abf5bc477": window light drew 2/2 beam(s)
2026-05-25 23:31:37.896 +02:00 [INF] Map "d5c08240-0436-454a-8993-362abf5bc477": window light drew 2/2 beam(s)
2026-05-25 23:31:37.946 +02:00 [INF] Map "d5c08240-0436-454a-8993-362abf5bc477": window light drew 2/2 beam(s)
2026-05-25 23:31:37.997 +02:00 [INF] Map "d5c08240-0436-454a-8993-362abf5bc477": window light drew 2/2 beam(s)
2026-05-25 23:31:38.049 +02:00 [INF] Map "d5c08240-0436-454a-8993-362abf5bc477": window light drew 2/2 beam(s)
2026-05-25 23:31:38.098 +02:00 [INF] Map "d5c08240-0436-454a-8993-362abf5bc477": window light drew 2/2 beam(s)
2026-05-25 23:31:38.148 +02:00 [INF] Map "d5c08240-0436-454a-8993-362abf5bc477": window light drew 2/2 beam(s)
2026-05-25 23:31:38.199 +02:00 [INF] Map "d5c08240-0436-454a-8993-362abf5bc477": window light drew 2/2 beam(s)
2026-05-25 23:31:38.248 +02:00 [INF] Map "d5c08240-0436-454a-8993-362abf5bc477": window light drew 2/2 beam(s)
2026-05-25 23:31:38.298 +02:00 [INF] Map "d5c08240-0436-454a-8993-362abf5bc477": window light drew 2/2 beam(s)
2026-05-25 23:31:38.348 +02:00 [INF] Map "d5c08240-0436-454a-8993-362abf5bc477": window light drew 2/2 beam(s)
2026-05-25 23:31:38.412 +02:00 [INF] Map "d5c08240-0436-454a-8993-362abf5bc477": window light drew 2/2 beam(s)
2026-05-25 23:31:38.462 +02:00 [INF] Map "d5c08240-0436-454a-8993-362abf5bc477": window light drew 2/2 beam(s)
2026-05-25 23:31:38.512 +02:00 [INF] Map "d5c08240-0436-454a-8993-362abf5bc477": window light drew 2/2 beam(s)
2026-05-25 23:31:38.561 +02:00 [INF] Map "d5c08240-0436-454a-8993-362abf5bc477": window light drew 2/2 beam(s)
2026-05-25 23:31:38.610 +02:00 [INF] Map "d5c08240-0436-454a-8993-362abf5bc477": window light drew 2/2 beam(s)
2026-05-25 23:31:38.660 +02:00 [INF] Map "d5c08240-0436-454a-8993-362abf5bc477": window light drew 2/2 beam(s)
2026-05-25 23:31:38.710 +02:00 [INF] Map "d5c08240-0436-454a-8993-362abf5bc477": window light drew 2/2 beam(s)
2026-05-25 23:31:38.765 +02:00 [INF] Map "d5c08240-0436-454a-8993-362abf5bc477": window light drew 2/2 beam(s)
2026-05-25 23:31:38.814 +02:00 [INF] Map "d5c08240-0436-454a-8993-362abf5bc477": window light drew 2/2 beam(s)
2026-05-25 23:31:38.866 +02:00 [INF] Map "d5c08240-0436-454a-8993-362abf5bc477": window light drew 2/2 beam(s)
2026-05-25 23:31:38.931 +02:00 [INF] Map "d5c08240-0436-454a-8993-362abf5bc477": window light drew 2/2 beam(s)
2026-05-25 23:31:38.981 +02:00 [INF] Map "d5c08240-0436-454a-8993-362abf5bc477": window light drew 2/2 beam(s)
2026-05-25 23:31:39.031 +02:00 [INF] Map "d5c08240-0436-454a-8993-362abf5bc477": window light drew 2/2 beam(s)
2026-05-25 23:31:39.082 +02:00 [INF] Map "d5c08240-0436-454a-8993-362abf5bc477": window light drew 2/2 beam(s)
2026-05-25 23:31:39.132 +02:00 [INF] Map "d5c08240-0436-454a-8993-362abf5bc477": window light drew 2/2 beam(s)
2026-05-25 23:31:39.182 +02:00 [INF] Map "d5c08240-0436-454a-8993-362abf5bc477": window light drew 2/2 beam(s)
2026-05-25 23:31:39.232 +02:00 [INF] Map "d5c08240-0436-454a-8993-362abf5bc477": window light drew 2/2 beam(s)
2026-05-25 23:31:39.282 +02:00 [INF] Map "d5c08240-0436-454a-8993-362abf5bc477": window light drew 2/2 beam(s)
2026-05-25 23:31:39.331 +02:00 [INF] Map "d5c08240-0436-454a-8993-362abf5bc477": window light drew 2/2 beam(s)
2026-05-25 23:31:39.381 +02:00 [INF] Map "d5c08240-0436-454a-8993-362abf5bc477": window light drew 2/2 beam(s)
2026-05-25 23:31:39.446 +02:00 [INF] Map "d5c08240-0436-454a-8993-362abf5bc477": window light drew 2/2 beam(s)
2026-05-25 23:31:39.497 +02:00 [INF] Map "d5c08240-0436-454a-8993-362abf5bc477": window light drew 2/2 beam(s)
2026-05-25 23:31:39.547 +02:00 [INF] Map "d5c08240-0436-454a-8993-362abf5bc477": window light drew 2/2 beam(s)
2026-05-25 23:31:39.597 +02:00 [INF] Map "d5c08240-0436-454a-8993-362abf5bc477": window light drew 2/2 beam(s)
2026-05-25 23:31:39.647 +02:00 [INF] Map "d5c08240-0436-454a-8993-362abf5bc477": window light drew 2/2 beam(s)
2026-05-25 23:31:39.697 +02:00 [INF] Map "d5c08240-0436-454a-8993-362abf5bc477": window light drew 2/2 beam(s)
2026-05-25 23:31:39.747 +02:00 [INF] Map "d5c08240-0436-454a-8993-362abf5bc477": window light drew 2/2 beam(s)
2026-05-25 23:31:39.797 +02:00 [INF] Map "d5c08240-0436-454a-8993-362abf5bc477": window light drew 2/2 beam(s)
2026-05-25 23:31:39.848 +02:00 [INF] Map "d5c08240-0436-454a-8993-362abf5bc477": window light drew 2/2 beam(s)
2026-05-25 23:31:39.897 +02:00 [INF] Map "d5c08240-0436-454a-8993-362abf5bc477": window light drew 2/2 beam(s)
2026-05-25 23:31:39.961 +02:00 [INF] Map "d5c08240-0436-454a-8993-362abf5bc477": window light drew 2/2 beam(s)
2026-05-25 23:31:40.011 +02:00 [INF] Map "d5c08240-0436-454a-8993-362abf5bc477": window light drew 2/2 beam(s)
2026-05-25 23:31:40.061 +02:00 [INF] Map "d5c08240-0436-454a-8993-362abf5bc477": window light drew 2/2 beam(s)
2026-05-25 23:31:40.111 +02:00 [INF] Map "d5c08240-0436-454a-8993-362abf5bc477": window light drew 2/2 beam(s)
2026-05-25 23:31:40.162 +02:00 [INF] Map "d5c08240-0436-454a-8993-362abf5bc477": window light drew 2/2 beam(s)
2026-05-25 23:31:40.213 +02:00 [INF] Map "d5c08240-0436-454a-8993-362abf5bc477": window light drew 2/2 beam(s)
2026-05-25 23:31:40.262 +02:00 [INF] Map "d5c08240-0436-454a-8993-362abf5bc477": window light drew 2/2 beam(s)
2026-05-25 23:31:40.312 +02:00 [INF] Map "d5c08240-0436-454a-8993-362abf5bc477": window light drew 2/2 beam(s)
2026-05-25 23:31:40.362 +02:00 [INF] Map "d5c08240-0436-454a-8993-362abf5bc477": window light drew 2/2 beam(s)
2026-05-25 23:31:40.412 +02:00 [INF] Map "d5c08240-0436-454a-8993-362abf5bc477": window light drew 2/2 beam(s)
2026-05-25 23:31:40.476 +02:00 [INF] Map "d5c08240-0436-454a-8993-362abf5bc477": window light drew 2/2 beam(s)
2026-05-25 23:31:40.525 +02:00 [INF] Map "d5c08240-0436-454a-8993-362abf5bc477": window light drew 2/2 beam(s)
2026-05-25 23:31:40.575 +02:00 [INF] Map "d5c08240-0436-454a-8993-362abf5bc477": window light drew 2/2 beam(s)
2026-05-25 23:31:40.625 +02:00 [INF] Map "d5c08240-0436-454a-8993-362abf5bc477": window light drew 2/2 beam(s)
2026-05-25 23:31:40.675 +02:00 [INF] Map "d5c08240-0436-454a-8993-362abf5bc477": window light drew 2/2 beam(s)
2026-05-25 23:31:40.725 +02:00 [INF] Map "d5c08240-0436-454a-8993-362abf5bc477": window light drew 2/2 beam(s)
2026-05-25 23:31:40.775 +02:00 [INF] Map "d5c08240-0436-454a-8993-362abf5bc477": window light drew 2/2 beam(s)
2026-05-25 23:31:40.824 +02:00 [INF] Map "d5c08240-0436-454a-8993-362abf5bc477": window light drew 2/2 beam(s)
2026-05-25 23:31:40.874 +02:00 [INF] Map "d5c08240-0436-454a-8993-362abf5bc477": window light drew 2/2 beam(s)
2026-05-25 23:31:40.925 +02:00 [INF] Map "d5c08240-0436-454a-8993-362abf5bc477": window light drew 2/2 beam(s)
2026-05-25 23:31:40.991 +02:00 [INF] Map "d5c08240-0436-454a-8993-362abf5bc477": window light drew 2/2 beam(s)
2026-05-25 23:31:41.040 +02:00 [INF] Map "d5c08240-0436-454a-8993-362abf5bc477": window light drew 2/2 beam(s)
2026-05-25 23:31:41.091 +02:00 [INF] Map "d5c08240-0436-454a-8993-362abf5bc477": window light drew 2/2 beam(s)
2026-05-25 23:31:41.140 +02:00 [INF] Map "d5c08240-0436-454a-8993-362abf5bc477": window light drew 2/2 beam(s)
2026-05-25 23:31:41.191 +02:00 [INF] Map "d5c08240-0436-454a-8993-362abf5bc477": window light drew 2/2 beam(s)
2026-05-25 23:31:41.240 +02:00 [INF] Map "d5c08240-0436-454a-8993-362abf5bc477": window light drew 2/2 beam(s)
2026-05-25 23:31:41.291 +02:00 [INF] Map "d5c08240-0436-454a-8993-362abf5bc477": window light drew 2/2 beam(s)
2026-05-25 23:31:41.340 +02:00 [INF] Map "d5c08240-0436-454a-8993-362abf5bc477": window light drew 2/2 beam(s)
2026-05-25 23:31:41.390 +02:00 [INF] Map "d5c08240-0436-454a-8993-362abf5bc477": window light drew 2/2 beam(s)
2026-05-25 23:31:41.439 +02:00 [INF] Map "d5c08240-0436-454a-8993-362abf5bc477": window light drew 2/2 beam(s)
2026-05-25 23:31:41.505 +02:00 [INF] Map "d5c08240-0436-454a-8993-362abf5bc477": window light drew 2/2 beam(s)
2026-05-25 23:31:41.557 +02:00 [INF] Map "d5c08240-0436-454a-8993-362abf5bc477": window light drew 2/2 beam(s)
2026-05-25 23:31:41.607 +02:00 [INF] Map "d5c08240-0436-454a-8993-362abf5bc477": window light drew 2/2 beam(s)
2026-05-25 23:31:41.657 +02:00 [INF] Map "d5c08240-0436-454a-8993-362abf5bc477": window light drew 2/2 beam(s)
2026-05-25 23:31:41.708 +02:00 [INF] Map "d5c08240-0436-454a-8993-362abf5bc477": window light drew 2/2 beam(s)
2026-05-25 23:31:41.758 +02:00 [INF] Map "d5c08240-0436-454a-8993-362abf5bc477": window light drew 2/2 beam(s)
2026-05-25 23:31:41.807 +02:00 [INF] Map "d5c08240-0436-454a-8993-362abf5bc477": window light drew 2/2 beam(s)
2026-05-25 23:31:41.857 +02:00 [INF] Map "d5c08240-0436-454a-8993-362abf5bc477": window light drew 2/2 beam(s)
2026-05-25 23:31:41.906 +02:00 [INF] Map "d5c08240-0436-454a-8993-362abf5bc477": window light drew 2/2 beam(s)
2026-05-25 23:31:41.956 +02:00 [INF] Map "d5c08240-0436-454a-8993-362abf5bc477": window light drew 2/2 beam(s)
2026-05-25 23:31:42.021 +02:00 [INF] Map "d5c08240-0436-454a-8993-362abf5bc477": window light drew 2/2 beam(s)
2026-05-25 23:31:42.071 +02:00 [INF] Map "d5c08240-0436-454a-8993-362abf5bc477": window light drew 2/2 beam(s)
2026-05-25 23:31:42.120 +02:00 [INF] Map "d5c08240-0436-454a-8993-362abf5bc477": window light drew 2/2 beam(s)
2026-05-25 23:31:42.169 +02:00 [INF] Map "d5c08240-0436-454a-8993-362abf5bc477": window light drew 2/2 beam(s)
2026-05-25 23:31:42.219 +02:00 [INF] Map "d5c08240-0436-454a-8993-362abf5bc477": window light drew 2/2 beam(s)
2026-05-25 23:31:42.268 +02:00 [INF] Map "d5c08240-0436-454a-8993-362abf5bc477": window light drew 2/2 beam(s)
2026-05-25 23:31:42.318 +02:00 [INF] Map "d5c08240-0436-454a-8993-362abf5bc477": window light drew 2/2 beam(s)
2026-05-25 23:31:42.369 +02:00 [INF] Map "d5c08240-0436-454a-8993-362abf5bc477": window light drew 2/2 beam(s)
2026-05-25 23:31:42.419 +02:00 [INF] Map "d5c08240-0436-454a-8993-362abf5bc477": window light drew 2/2 beam(s)
2026-05-25 23:31:42.472 +02:00 [INF] Map "d5c08240-0436-454a-8993-362abf5bc477": window light drew 2/2 beam(s)
2026-05-25 23:31:42.541 +02:00 [INF] Map "d5c08240-0436-454a-8993-362abf5bc477": window light drew 2/2 beam(s)
2026-05-25 23:31:42.591 +02:00 [INF] Map "d5c08240-0436-454a-8993-362abf5bc477": window light drew 2/2 beam(s)
2026-05-25 23:31:42.641 +02:00 [INF] Map "d5c08240-0436-454a-8993-362abf5bc477": window light drew 2/2 beam(s)
2026-05-25 23:31:42.690 +02:00 [INF] Map "d5c08240-0436-454a-8993-362abf5bc477": window light drew 2/2 beam(s)
2026-05-25 23:31:42.740 +02:00 [INF] Map "d5c08240-0436-454a-8993-362abf5bc477": window light drew 2/2 beam(s)
2026-05-25 23:31:42.789 +02:00 [INF] Map "d5c08240-0436-454a-8993-362abf5bc477": window light drew 2/2 beam(s)
2026-05-25 23:31:42.839 +02:00 [INF] Map "d5c08240-0436-454a-8993-362abf5bc477": window light drew 2/2 beam(s)
2026-05-25 23:31:42.889 +02:00 [INF] Map "d5c08240-0436-454a-8993-362abf5bc477": window light drew 2/2 beam(s)
2026-05-25 23:31:42.939 +02:00 [INF] Map "d5c08240-0436-454a-8993-362abf5bc477": window light drew 2/2 beam(s)
2026-05-25 23:31:42.989 +02:00 [INF] Map "d5c08240-0436-454a-8993-362abf5bc477": window light drew 2/2 beam(s)
2026-05-25 23:31:43.055 +02:00 [INF] Map "d5c08240-0436-454a-8993-362abf5bc477": window light drew 2/2 beam(s)
2026-05-25 23:31:43.106 +02:00 [INF] Map "d5c08240-0436-454a-8993-362abf5bc477": window light drew 2/2 beam(s)
2026-05-25 23:31:43.157 +02:00 [INF] Map "d5c08240-0436-454a-8993-362abf5bc477": window light drew 2/2 beam(s)
2026-05-25 23:31:43.207 +02:00 [INF] Map "d5c08240-0436-454a-8993-362abf5bc477": window light drew 2/2 beam(s)
2026-05-25 23:31:43.259 +02:00 [INF] Map "d5c08240-0436-454a-8993-362abf5bc477": window light drew 2/2 beam(s)
2026-05-25 23:31:43.310 +02:00 [INF] Map "d5c08240-0436-454a-8993-362abf5bc477": window light drew 2/2 beam(s)
2026-05-25 23:31:43.360 +02:00 [INF] Map "d5c08240-0436-454a-8993-362abf5bc477": window light drew 2/2 beam(s)
2026-05-25 23:31:43.409 +02:00 [INF] Map "d5c08240-0436-454a-8993-362abf5bc477": window light drew 2/2 beam(s)
2026-05-25 23:31:43.459 +02:00 [INF] Map "d5c08240-0436-454a-8993-362abf5bc477": window light drew 2/2 beam(s)
2026-05-25 23:31:43.508 +02:00 [INF] Map "d5c08240-0436-454a-8993-362abf5bc477": window light drew 2/2 beam(s)
2026-05-25 23:31:43.573 +02:00 [INF] Map "d5c08240-0436-454a-8993-362abf5bc477": window light drew 2/2 beam(s)
2026-05-25 23:31:43.623 +02:00 [INF] Map "d5c08240-0436-454a-8993-362abf5bc477": window light drew 2/2 beam(s)
2026-05-25 23:31:43.673 +02:00 [INF] Map "d5c08240-0436-454a-8993-362abf5bc477": window light drew 2/2 beam(s)
2026-05-25 23:31:43.723 +02:00 [INF] Map "d5c08240-0436-454a-8993-362abf5bc477": window light drew 2/2 beam(s)
2026-05-25 23:31:43.774 +02:00 [INF] Map "d5c08240-0436-454a-8993-362abf5bc477": window light drew 2/2 beam(s)
2026-05-25 23:31:43.823 +02:00 [INF] Map "d5c08240-0436-454a-8993-362abf5bc477": window light drew 2/2 beam(s)
2026-05-25 23:31:43.873 +02:00 [INF] Map "d5c08240-0436-454a-8993-362abf5bc477": window light drew 2/2 beam(s)
2026-05-25 23:31:43.923 +02:00 [INF] Map "d5c08240-0436-454a-8993-362abf5bc477": window light drew 2/2 beam(s)
2026-05-25 23:31:43.973 +02:00 [INF] Map "d5c08240-0436-454a-8993-362abf5bc477": window light drew 2/2 beam(s)
2026-05-25 23:31:44.023 +02:00 [INF] Map "d5c08240-0436-454a-8993-362abf5bc477": window light drew 2/2 beam(s)
2026-05-25 23:31:44.091 +02:00 [INF] Map "d5c08240-0436-454a-8993-362abf5bc477": window light drew 2/2 beam(s)
2026-05-25 23:31:44.141 +02:00 [INF] Map "d5c08240-0436-454a-8993-362abf5bc477": window light drew 2/2 beam(s)
2026-05-25 23:31:44.192 +02:00 [INF] Map "d5c08240-0436-454a-8993-362abf5bc477": window light drew 2/2 beam(s)
2026-05-25 23:31:44.242 +02:00 [INF] Map "d5c08240-0436-454a-8993-362abf5bc477": window light drew 2/2 beam(s)
2026-05-25 23:31:44.292 +02:00 [INF] Map "d5c08240-0436-454a-8993-362abf5bc477": window light drew 2/2 beam(s)
2026-05-25 23:31:44.343 +02:00 [INF] Map "d5c08240-0436-454a-8993-362abf5bc477": window light drew 2/2 beam(s)
2026-05-25 23:31:44.393 +02:00 [INF] Map "d5c08240-0436-454a-8993-362abf5bc477": window light drew 2/2 beam(s)
2026-05-25 23:31:44.443 +02:00 [INF] Map "d5c08240-0436-454a-8993-362abf5bc477": window light drew 2/2 beam(s)
2026-05-25 23:31:44.493 +02:00 [INF] Map "d5c08240-0436-454a-8993-362abf5bc477": window light drew 2/2 beam(s)
2026-05-25 23:31:44.543 +02:00 [INF] Map "d5c08240-0436-454a-8993-362abf5bc477": window light drew 2/2 beam(s)
2026-05-25 23:31:44.607 +02:00 [INF] Map "d5c08240-0436-454a-8993-362abf5bc477": window light drew 2/2 beam(s)
2026-05-25 23:31:44.657 +02:00 [INF] Map "d5c08240-0436-454a-8993-362abf5bc477": window light drew 2/2 beam(s)
2026-05-25 23:31:44.707 +02:00 [INF] Map "d5c08240-0436-454a-8993-362abf5bc477": window light drew 2/2 beam(s)
2026-05-25 23:31:44.757 +02:00 [INF] Map "d5c08240-0436-454a-8993-362abf5bc477": window light drew 2/2 beam(s)
2026-05-25 23:31:44.807 +02:00 [INF] Map "d5c08240-0436-454a-8993-362abf5bc477": window light drew 2/2 beam(s)
2026-05-25 23:31:44.858 +02:00 [INF] Map "d5c08240-0436-454a-8993-362abf5bc477": window light drew 2/2 beam(s)
2026-05-25 23:31:44.908 +02:00 [INF] Map "d5c08240-0436-454a-8993-362abf5bc477": window light drew 2/2 beam(s)
2026-05-25 23:31:44.958 +02:00 [INF] Map "d5c08240-0436-454a-8993-362abf5bc477": window light drew 2/2 beam(s)
2026-05-25 23:31:45.008 +02:00 [INF] Map "d5c08240-0436-454a-8993-362abf5bc477": window light drew 2/2 beam(s)
2026-05-25 23:31:45.058 +02:00 [INF] Map "d5c08240-0436-454a-8993-362abf5bc477": window light drew 2/2 beam(s)
2026-05-25 23:31:45.123 +02:00 [INF] Map "d5c08240-0436-454a-8993-362abf5bc477": window light drew 2/2 beam(s)
2026-05-25 23:31:45.174 +02:00 [INF] Map "d5c08240-0436-454a-8993-362abf5bc477": window light drew 2/2 beam(s)
2026-05-25 23:31:45.224 +02:00 [INF] Map "d5c08240-0436-454a-8993-362abf5bc477": window light drew 2/2 beam(s)
2026-05-25 23:31:45.273 +02:00 [INF] Map "d5c08240-0436-454a-8993-362abf5bc477": window light drew 2/2 beam(s)
2026-05-25 23:31:45.323 +02:00 [INF] Map "d5c08240-0436-454a-8993-362abf5bc477": window light drew 2/2 beam(s)
2026-05-25 23:31:45.372 +02:00 [INF] Map "d5c08240-0436-454a-8993-362abf5bc477": window light drew 2/2 beam(s)
2026-05-25 23:31:45.422 +02:00 [INF] Map "d5c08240-0436-454a-8993-362abf5bc477": window light drew 2/2 beam(s)
2026-05-25 23:31:45.473 +02:00 [INF] Map "d5c08240-0436-454a-8993-362abf5bc477": window light drew 2/2 beam(s)
2026-05-25 23:31:45.522 +02:00 [INF] Map "d5c08240-0436-454a-8993-362abf5bc477": window light drew 2/2 beam(s)
2026-05-25 23:31:45.573 +02:00 [INF] Map "d5c08240-0436-454a-8993-362abf5bc477": window light drew 2/2 beam(s)
2026-05-25 23:31:45.638 +02:00 [INF] Map "d5c08240-0436-454a-8993-362abf5bc477": window light drew 2/2 beam(s)
2026-05-25 23:31:45.689 +02:00 [INF] Map "d5c08240-0436-454a-8993-362abf5bc477": window light drew 2/2 beam(s)
2026-05-25 23:31:45.740 +02:00 [INF] Map "d5c08240-0436-454a-8993-362abf5bc477": window light drew 2/2 beam(s)
2026-05-25 23:31:45.790 +02:00 [INF] Map "d5c08240-0436-454a-8993-362abf5bc477": window light drew 2/2 beam(s)
2026-05-25 23:31:45.840 +02:00 [INF] Map "d5c08240-0436-454a-8993-362abf5bc477": window light drew 2/2 beam(s)
2026-05-25 23:31:45.891 +02:00 [INF] Map "d5c08240-0436-454a-8993-362abf5bc477": window light drew 2/2 beam(s)
2026-05-25 23:31:45.941 +02:00 [INF] Map "d5c08240-0436-454a-8993-362abf5bc477": window light drew 2/2 beam(s)
2026-05-25 23:31:45.991 +02:00 [INF] Map "d5c08240-0436-454a-8993-362abf5bc477": window light drew 2/2 beam(s)
2026-05-25 23:31:46.042 +02:00 [INF] Map "d5c08240-0436-454a-8993-362abf5bc477": window light drew 2/2 beam(s)
2026-05-25 23:31:46.092 +02:00 [INF] Map "d5c08240-0436-454a-8993-362abf5bc477": window light drew 2/2 beam(s)
2026-05-25 23:31:46.156 +02:00 [INF] Map "d5c08240-0436-454a-8993-362abf5bc477": window light drew 2/2 beam(s)
2026-05-25 23:31:46.206 +02:00 [INF] Map "d5c08240-0436-454a-8993-362abf5bc477": window light drew 2/2 beam(s)
2026-05-25 23:31:46.256 +02:00 [INF] Map "d5c08240-0436-454a-8993-362abf5bc477": window light drew 2/2 beam(s)
2026-05-25 23:31:46.306 +02:00 [INF] Map "d5c08240-0436-454a-8993-362abf5bc477": window light drew 2/2 beam(s)
2026-05-25 23:31:46.356 +02:00 [INF] Map "d5c08240-0436-454a-8993-362abf5bc477": window light drew 2/2 beam(s)
2026-05-25 23:31:46.405 +02:00 [INF] Map "d5c08240-0436-454a-8993-362abf5bc477": window light drew 2/2 beam(s)
2026-05-25 23:31:46.456 +02:00 [INF] Map "d5c08240-0436-454a-8993-362abf5bc477": window light drew 2/2 beam(s)
2026-05-25 23:31:46.506 +02:00 [INF] Map "d5c08240-0436-454a-8993-362abf5bc477": window light drew 2/2 beam(s)
2026-05-25 23:31:46.556 +02:00 [INF] Map "d5c08240-0436-454a-8993-362abf5bc477": window light drew 2/2 beam(s)
2026-05-25 23:31:46.606 +02:00 [INF] Map "d5c08240-0436-454a-8993-362abf5bc477": window light drew 2/2 beam(s)
2026-05-25 23:31:46.670 +02:00 [INF] Map "d5c08240-0436-454a-8993-362abf5bc477": window light drew 2/2 beam(s)
2026-05-25 23:31:46.720 +02:00 [INF] Map "d5c08240-0436-454a-8993-362abf5bc477": window light drew 2/2 beam(s)
2026-05-25 23:31:46.770 +02:00 [INF] Map "d5c08240-0436-454a-8993-362abf5bc477": window light drew 2/2 beam(s)
2026-05-25 23:31:46.820 +02:00 [INF] Map "d5c08240-0436-454a-8993-362abf5bc477": window light drew 2/2 beam(s)
2026-05-25 23:31:46.869 +02:00 [INF] Map "d5c08240-0436-454a-8993-362abf5bc477": window light drew 2/2 beam(s)
2026-05-25 23:31:46.919 +02:00 [INF] Map "d5c08240-0436-454a-8993-362abf5bc477": window light drew 2/2 beam(s)
2026-05-25 23:31:46.969 +02:00 [INF] Map "d5c08240-0436-454a-8993-362abf5bc477": window light drew 2/2 beam(s)
2026-05-25 23:31:47.021 +02:00 [INF] Map "d5c08240-0436-454a-8993-362abf5bc477": window light drew 2/2 beam(s)
2026-05-25 23:31:47.076 +02:00 [INF] Map "d5c08240-0436-454a-8993-362abf5bc477": window light drew 2/2 beam(s)
2026-05-25 23:31:47.128 +02:00 [INF] Map "d5c08240-0436-454a-8993-362abf5bc477": window light drew 2/2 beam(s)
2026-05-25 23:31:47.193 +02:00 [INF] Map "d5c08240-0436-454a-8993-362abf5bc477": window light drew 2/2 beam(s)
2026-05-25 23:31:47.243 +02:00 [INF] Map "d5c08240-0436-454a-8993-362abf5bc477": window light drew 2/2 beam(s)
2026-05-25 23:31:47.293 +02:00 [INF] Map "d5c08240-0436-454a-8993-362abf5bc477": window light drew 2/2 beam(s)
2026-05-25 23:31:47.343 +02:00 [INF] Map "d5c08240-0436-454a-8993-362abf5bc477": window light drew 2/2 beam(s)
2026-05-25 23:31:47.395 +02:00 [INF] Map "d5c08240-0436-454a-8993-362abf5bc477": window light drew 2/2 beam(s)
2026-05-25 23:31:47.445 +02:00 [INF] Map "d5c08240-0436-454a-8993-362abf5bc477": window light drew 2/2 beam(s)
2026-05-25 23:31:47.495 +02:00 [INF] Map "d5c08240-0436-454a-8993-362abf5bc477": window light drew 2/2 beam(s)
2026-05-25 23:31:47.545 +02:00 [INF] Map "d5c08240-0436-454a-8993-362abf5bc477": window light drew 2/2 beam(s)
2026-05-25 23:31:47.595 +02:00 [INF] Map "d5c08240-0436-454a-8993-362abf5bc477": window light drew 2/2 beam(s)
2026-05-25 23:31:47.645 +02:00 [INF] Map "d5c08240-0436-454a-8993-362abf5bc477": window light drew 2/2 beam(s)
2026-05-25 23:31:47.709 +02:00 [INF] Map "d5c08240-0436-454a-8993-362abf5bc477": window light drew 2/2 beam(s)
2026-05-25 23:31:47.759 +02:00 [INF] Map "d5c08240-0436-454a-8993-362abf5bc477": window light drew 2/2 beam(s)
2026-05-25 23:31:47.810 +02:00 [INF] Map "d5c08240-0436-454a-8993-362abf5bc477": window light drew 2/2 beam(s)
2026-05-25 23:31:47.859 +02:00 [INF] Map "d5c08240-0436-454a-8993-362abf5bc477": window light drew 2/2 beam(s)
2026-05-25 23:31:47.909 +02:00 [INF] Map "d5c08240-0436-454a-8993-362abf5bc477": window light drew 2/2 beam(s)
2026-05-25 23:31:47.958 +02:00 [INF] Map "d5c08240-0436-454a-8993-362abf5bc477": window light drew 2/2 beam(s)
2026-05-25 23:31:48.008 +02:00 [INF] Map "d5c08240-0436-454a-8993-362abf5bc477": window light drew 2/2 beam(s)
2026-05-25 23:31:48.059 +02:00 [INF] Map "d5c08240-0436-454a-8993-362abf5bc477": window light drew 2/2 beam(s)
2026-05-25 23:31:48.109 +02:00 [INF] Map "d5c08240-0436-454a-8993-362abf5bc477": window light drew 2/2 beam(s)
2026-05-25 23:31:48.158 +02:00 [INF] Map "d5c08240-0436-454a-8993-362abf5bc477": window light drew 2/2 beam(s)
2026-05-25 23:31:48.223 +02:00 [INF] Map "d5c08240-0436-454a-8993-362abf5bc477": window light drew 2/2 beam(s)
2026-05-25 23:31:48.273 +02:00 [INF] Map "d5c08240-0436-454a-8993-362abf5bc477": window light drew 2/2 beam(s)
2026-05-25 23:31:48.323 +02:00 [INF] Map "d5c08240-0436-454a-8993-362abf5bc477": window light drew 2/2 beam(s)
2026-05-25 23:31:48.374 +02:00 [INF] Map "d5c08240-0436-454a-8993-362abf5bc477": window light drew 2/2 beam(s)
2026-05-25 23:31:48.424 +02:00 [INF] Map "d5c08240-0436-454a-8993-362abf5bc477": window light drew 2/2 beam(s)
2026-05-25 23:31:48.474 +02:00 [INF] Map "d5c08240-0436-454a-8993-362abf5bc477": window light drew 2/2 beam(s)
2026-05-25 23:31:48.525 +02:00 [INF] Map "d5c08240-0436-454a-8993-362abf5bc477": window light drew 2/2 beam(s)
2026-05-25 23:31:48.574 +02:00 [INF] Map "d5c08240-0436-454a-8993-362abf5bc477": window light drew 2/2 beam(s)
2026-05-25 23:31:48.623 +02:00 [INF] Map "d5c08240-0436-454a-8993-362abf5bc477": window light drew 2/2 beam(s)
2026-05-25 23:31:48.673 +02:00 [INF] Map "d5c08240-0436-454a-8993-362abf5bc477": window light drew 2/2 beam(s)
2026-05-25 23:31:48.738 +02:00 [INF] Map "d5c08240-0436-454a-8993-362abf5bc477": window light drew 2/2 beam(s)
2026-05-25 23:31:48.789 +02:00 [INF] Map "d5c08240-0436-454a-8993-362abf5bc477": window light drew 2/2 beam(s)
2026-05-25 23:31:48.839 +02:00 [INF] Map "d5c08240-0436-454a-8993-362abf5bc477": window light drew 2/2 beam(s)
2026-05-25 23:31:48.888 +02:00 [INF] Map "d5c08240-0436-454a-8993-362abf5bc477": window light drew 2/2 beam(s)
2026-05-25 23:31:48.939 +02:00 [INF] Map "d5c08240-0436-454a-8993-362abf5bc477": window light drew 2/2 beam(s)
2026-05-25 23:31:48.997 +02:00 [INF] Map "d5c08240-0436-454a-8993-362abf5bc477": window light drew 2/2 beam(s)
2026-05-25 23:31:49.048 +02:00 [INF] Map "d5c08240-0436-454a-8993-362abf5bc477": window light drew 2/2 beam(s)
2026-05-25 23:31:49.098 +02:00 [INF] Map "d5c08240-0436-454a-8993-362abf5bc477": window light drew 2/2 beam(s)
2026-05-25 23:31:49.148 +02:00 [INF] Map "d5c08240-0436-454a-8993-362abf5bc477": window light drew 2/2 beam(s)
2026-05-25 23:31:49.198 +02:00 [INF] Map "d5c08240-0436-454a-8993-362abf5bc477": window light drew 2/2 beam(s)
2026-05-25 23:31:49.263 +02:00 [INF] Map "d5c08240-0436-454a-8993-362abf5bc477": window light drew 2/2 beam(s)
2026-05-25 23:31:49.313 +02:00 [INF] Map "d5c08240-0436-454a-8993-362abf5bc477": window light drew 2/2 beam(s)
2026-05-25 23:31:49.364 +02:00 [INF] Map "d5c08240-0436-454a-8993-362abf5bc477": window light drew 2/2 beam(s)
2026-05-25 23:31:49.413 +02:00 [INF] Map "d5c08240-0436-454a-8993-362abf5bc477": window light drew 2/2 beam(s)
2026-05-25 23:31:49.463 +02:00 [INF] Map "d5c08240-0436-454a-8993-362abf5bc477": window light drew 2/2 beam(s)
2026-05-25 23:31:49.513 +02:00 [INF] Map "d5c08240-0436-454a-8993-362abf5bc477": window light drew 2/2 beam(s)
2026-05-25 23:31:49.562 +02:00 [INF] Map "d5c08240-0436-454a-8993-362abf5bc477": window light drew 2/2 beam(s)
2026-05-25 23:31:49.612 +02:00 [INF] Map "d5c08240-0436-454a-8993-362abf5bc477": window light drew 2/2 beam(s)
2026-05-25 23:31:49.661 +02:00 [INF] Map "d5c08240-0436-454a-8993-362abf5bc477": window light drew 2/2 beam(s)
2026-05-25 23:31:49.713 +02:00 [INF] Map "d5c08240-0436-454a-8993-362abf5bc477": window light drew 2/2 beam(s)
2026-05-25 23:31:49.782 +02:00 [INF] Map "d5c08240-0436-454a-8993-362abf5bc477": window light drew 2/2 beam(s)
2026-05-25 23:31:49.832 +02:00 [INF] Map "d5c08240-0436-454a-8993-362abf5bc477": window light drew 2/2 beam(s)
2026-05-25 23:31:49.881 +02:00 [INF] Map "d5c08240-0436-454a-8993-362abf5bc477": window light drew 2/2 beam(s)
2026-05-25 23:31:49.931 +02:00 [INF] Map "d5c08240-0436-454a-8993-362abf5bc477": window light drew 2/2 beam(s)
2026-05-25 23:31:49.981 +02:00 [INF] Map "d5c08240-0436-454a-8993-362abf5bc477": window light drew 2/2 beam(s)
2026-05-25 23:31:50.032 +02:00 [INF] Map "d5c08240-0436-454a-8993-362abf5bc477": window light drew 2/2 beam(s)
2026-05-25 23:31:50.081 +02:00 [INF] Map "d5c08240-0436-454a-8993-362abf5bc477": window light drew 2/2 beam(s)
2026-05-25 23:31:50.131 +02:00 [INF] Map "d5c08240-0436-454a-8993-362abf5bc477": window light drew 2/2 beam(s)
2026-05-25 23:31:50.180 +02:00 [INF] Map "d5c08240-0436-454a-8993-362abf5bc477": window light drew 2/2 beam(s)
2026-05-25 23:31:50.231 +02:00 [INF] Map "d5c08240-0436-454a-8993-362abf5bc477": window light drew 2/2 beam(s)
2026-05-25 23:31:50.297 +02:00 [INF] Map "d5c08240-0436-454a-8993-362abf5bc477": window light drew 2/2 beam(s)
2026-05-25 23:31:50.348 +02:00 [INF] Map "d5c08240-0436-454a-8993-362abf5bc477": window light drew 2/2 beam(s)
2026-05-25 23:31:50.405 +02:00 [INF] Map "d5c08240-0436-454a-8993-362abf5bc477": window light drew 2/2 beam(s)
2026-05-25 23:31:50.456 +02:00 [INF] Map "d5c08240-0436-454a-8993-362abf5bc477": window light drew 2/2 beam(s)
2026-05-25 23:31:50.505 +02:00 [INF] Map "d5c08240-0436-454a-8993-362abf5bc477": window light drew 2/2 beam(s)
2026-05-25 23:31:50.555 +02:00 [INF] Map "d5c08240-0436-454a-8993-362abf5bc477": window light drew 2/2 beam(s)
2026-05-25 23:31:50.604 +02:00 [INF] Map "d5c08240-0436-454a-8993-362abf5bc477": window light drew 2/2 beam(s)
2026-05-25 23:31:50.654 +02:00 [INF] Map "d5c08240-0436-454a-8993-362abf5bc477": window light drew 2/2 beam(s)
2026-05-25 23:31:50.704 +02:00 [INF] Map "d5c08240-0436-454a-8993-362abf5bc477": window light drew 2/2 beam(s)
2026-05-25 23:31:50.754 +02:00 [INF] Map "d5c08240-0436-454a-8993-362abf5bc477": window light drew 2/2 beam(s)
2026-05-25 23:31:50.818 +02:00 [INF] Map "d5c08240-0436-454a-8993-362abf5bc477": window light drew 2/2 beam(s)
2026-05-25 23:31:50.868 +02:00 [INF] Map "d5c08240-0436-454a-8993-362abf5bc477": window light drew 2/2 beam(s)
2026-05-25 23:31:50.919 +02:00 [INF] Map "d5c08240-0436-454a-8993-362abf5bc477": window light drew 2/2 beam(s)
2026-05-25 23:31:50.969 +02:00 [INF] Map "d5c08240-0436-454a-8993-362abf5bc477": window light drew 2/2 beam(s)
2026-05-25 23:31:51.020 +02:00 [INF] Map "d5c08240-0436-454a-8993-362abf5bc477": window light drew 2/2 beam(s)
2026-05-25 23:31:51.070 +02:00 [INF] Map "d5c08240-0436-454a-8993-362abf5bc477": window light drew 2/2 beam(s)
2026-05-25 23:31:51.119 +02:00 [INF] Map "d5c08240-0436-454a-8993-362abf5bc477": window light drew 2/2 beam(s)
2026-05-25 23:31:51.170 +02:00 [INF] Map "d5c08240-0436-454a-8993-362abf5bc477": window light drew 2/2 beam(s)
2026-05-25 23:31:51.219 +02:00 [INF] Map "d5c08240-0436-454a-8993-362abf5bc477": window light drew 2/2 beam(s)
2026-05-25 23:31:51.269 +02:00 [INF] Map "d5c08240-0436-454a-8993-362abf5bc477": window light drew 2/2 beam(s)
2026-05-25 23:31:51.336 +02:00 [INF] Map "d5c08240-0436-454a-8993-362abf5bc477": window light drew 2/2 beam(s)
2026-05-25 23:31:51.386 +02:00 [INF] Map "d5c08240-0436-454a-8993-362abf5bc477": window light drew 2/2 beam(s)
2026-05-25 23:31:51.437 +02:00 [INF] Map "d5c08240-0436-454a-8993-362abf5bc477": window light drew 2/2 beam(s)
2026-05-25 23:31:51.487 +02:00 [INF] Map "d5c08240-0436-454a-8993-362abf5bc477": window light drew 2/2 beam(s)
2026-05-25 23:31:51.537 +02:00 [INF] Map "d5c08240-0436-454a-8993-362abf5bc477": window light drew 2/2 beam(s)
2026-05-25 23:31:51.586 +02:00 [INF] Map "d5c08240-0436-454a-8993-362abf5bc477": window light drew 2/2 beam(s)
2026-05-25 23:31:51.635 +02:00 [INF] Map "d5c08240-0436-454a-8993-362abf5bc477": window light drew 2/2 beam(s)
2026-05-25 23:31:51.685 +02:00 [INF] Map "d5c08240-0436-454a-8993-362abf5bc477": window light drew 2/2 beam(s)
2026-05-25 23:31:51.733 +02:00 [INF] Map "d5c08240-0436-454a-8993-362abf5bc477": window light drew 2/2 beam(s)
2026-05-25 23:31:51.783 +02:00 [INF] Map "d5c08240-0436-454a-8993-362abf5bc477": window light drew 2/2 beam(s)
2026-05-25 23:31:51.849 +02:00 [INF] Map "d5c08240-0436-454a-8993-362abf5bc477": window light drew 2/2 beam(s)
2026-05-25 23:31:51.898 +02:00 [INF] Map "d5c08240-0436-454a-8993-362abf5bc477": window light drew 2/2 beam(s)
2026-05-25 23:31:51.948 +02:00 [INF] Map "d5c08240-0436-454a-8993-362abf5bc477": window light drew 2/2 beam(s)
2026-05-25 23:31:51.998 +02:00 [INF] Map "d5c08240-0436-454a-8993-362abf5bc477": window light drew 2/2 beam(s)
2026-05-25 23:31:52.049 +02:00 [INF] Map "d5c08240-0436-454a-8993-362abf5bc477": window light drew 2/2 beam(s)
2026-05-25 23:31:52.099 +02:00 [INF] Map "d5c08240-0436-454a-8993-362abf5bc477": window light drew 2/2 beam(s)
2026-05-25 23:31:52.148 +02:00 [INF] Map "d5c08240-0436-454a-8993-362abf5bc477": window light drew 2/2 beam(s)
2026-05-25 23:31:52.198 +02:00 [INF] Map "d5c08240-0436-454a-8993-362abf5bc477": window light drew 2/2 beam(s)
2026-05-25 23:31:52.248 +02:00 [INF] Map "d5c08240-0436-454a-8993-362abf5bc477": window light drew 2/2 beam(s)
2026-05-25 23:31:52.298 +02:00 [INF] Map "d5c08240-0436-454a-8993-362abf5bc477": window light drew 2/2 beam(s)
2026-05-25 23:31:52.364 +02:00 [INF] Map "d5c08240-0436-454a-8993-362abf5bc477": window light drew 2/2 beam(s)
2026-05-25 23:31:52.413 +02:00 [INF] Map "d5c08240-0436-454a-8993-362abf5bc477": window light drew 2/2 beam(s)
2026-05-25 23:31:52.463 +02:00 [INF] Map "d5c08240-0436-454a-8993-362abf5bc477": window light drew 2/2 beam(s)
2026-05-25 23:31:52.512 +02:00 [INF] Map "d5c08240-0436-454a-8993-362abf5bc477": window light drew 2/2 beam(s)
2026-05-25 23:31:52.563 +02:00 [INF] Map "d5c08240-0436-454a-8993-362abf5bc477": window light drew 2/2 beam(s)
2026-05-25 23:31:52.612 +02:00 [INF] Map "d5c08240-0436-454a-8993-362abf5bc477": window light drew 2/2 beam(s)
2026-05-25 23:31:52.663 +02:00 [INF] Map "d5c08240-0436-454a-8993-362abf5bc477": window light drew 2/2 beam(s)
2026-05-25 23:31:52.713 +02:00 [INF] Map "d5c08240-0436-454a-8993-362abf5bc477": window light drew 2/2 beam(s)
2026-05-25 23:31:52.763 +02:00 [INF] Map "d5c08240-0436-454a-8993-362abf5bc477": window light drew 2/2 beam(s)
2026-05-25 23:31:52.812 +02:00 [INF] Map "d5c08240-0436-454a-8993-362abf5bc477": window light drew 2/2 beam(s)
2026-05-25 23:31:52.876 +02:00 [INF] Map "d5c08240-0436-454a-8993-362abf5bc477": window light drew 2/2 beam(s)
2026-05-25 23:31:52.927 +02:00 [INF] Map "d5c08240-0436-454a-8993-362abf5bc477": window light drew 2/2 beam(s)
2026-05-25 23:31:52.978 +02:00 [INF] Map "d5c08240-0436-454a-8993-362abf5bc477": window light drew 2/2 beam(s)
2026-05-25 23:31:53.029 +02:00 [INF] Map "d5c08240-0436-454a-8993-362abf5bc477": window light drew 2/2 beam(s)
2026-05-25 23:31:53.079 +02:00 [INF] Map "d5c08240-0436-454a-8993-362abf5bc477": window light drew 2/2 beam(s)
2026-05-25 23:31:53.129 +02:00 [INF] Map "d5c08240-0436-454a-8993-362abf5bc477": window light drew 2/2 beam(s)
2026-05-25 23:31:53.179 +02:00 [INF] Map "d5c08240-0436-454a-8993-362abf5bc477": window light drew 2/2 beam(s)
2026-05-25 23:31:53.228 +02:00 [INF] Map "d5c08240-0436-454a-8993-362abf5bc477": window light drew 2/2 beam(s)
2026-05-25 23:31:53.278 +02:00 [INF] Map "d5c08240-0436-454a-8993-362abf5bc477": window light drew 2/2 beam(s)
2026-05-25 23:31:53.329 +02:00 [INF] Map "d5c08240-0436-454a-8993-362abf5bc477": window light drew 2/2 beam(s)
2026-05-25 23:31:53.392 +02:00 [INF] Map "d5c08240-0436-454a-8993-362abf5bc477": window light drew 2/2 beam(s)
2026-05-25 23:31:53.442 +02:00 [INF] Map "d5c08240-0436-454a-8993-362abf5bc477": window light drew 2/2 beam(s)
2026-05-25 23:31:53.493 +02:00 [INF] Map "d5c08240-0436-454a-8993-362abf5bc477": window light drew 2/2 beam(s)
2026-05-25 23:31:53.542 +02:00 [INF] Map "d5c08240-0436-454a-8993-362abf5bc477": window light drew 2/2 beam(s)
2026-05-25 23:31:53.593 +02:00 [INF] Map "d5c08240-0436-454a-8993-362abf5bc477": window light drew 2/2 beam(s)
2026-05-25 23:31:53.643 +02:00 [INF] Map "d5c08240-0436-454a-8993-362abf5bc477": window light drew 2/2 beam(s)
2026-05-25 23:31:53.692 +02:00 [INF] Map "d5c08240-0436-454a-8993-362abf5bc477": window light drew 2/2 beam(s)
2026-05-25 23:31:53.743 +02:00 [INF] Map "d5c08240-0436-454a-8993-362abf5bc477": window light drew 2/2 beam(s)
2026-05-25 23:31:53.793 +02:00 [INF] Map "d5c08240-0436-454a-8993-362abf5bc477": window light drew 2/2 beam(s)
2026-05-25 23:31:53.843 +02:00 [INF] Map "d5c08240-0436-454a-8993-362abf5bc477": window light drew 2/2 beam(s)
2026-05-25 23:31:53.908 +02:00 [INF] Map "d5c08240-0436-454a-8993-362abf5bc477": window light drew 2/2 beam(s)
2026-05-25 23:31:53.959 +02:00 [INF] Map "d5c08240-0436-454a-8993-362abf5bc477": window light drew 2/2 beam(s)
2026-05-25 23:31:54.008 +02:00 [INF] Map "d5c08240-0436-454a-8993-362abf5bc477": window light drew 2/2 beam(s)
2026-05-25 23:31:54.059 +02:00 [INF] Map "d5c08240-0436-454a-8993-362abf5bc477": window light drew 2/2 beam(s)
2026-05-25 23:31:54.115 +02:00 [INF] Map "d5c08240-0436-454a-8993-362abf5bc477": window light drew 2/2 beam(s)
2026-05-25 23:31:54.165 +02:00 [INF] Map "d5c08240-0436-454a-8993-362abf5bc477": window light drew 2/2 beam(s)
2026-05-25 23:31:54.214 +02:00 [INF] Map "d5c08240-0436-454a-8993-362abf5bc477": window light drew 2/2 beam(s)
2026-05-25 23:31:54.264 +02:00 [INF] Map "d5c08240-0436-454a-8993-362abf5bc477": window light drew 2/2 beam(s)
2026-05-25 23:31:54.315 +02:00 [INF] Map "d5c08240-0436-454a-8993-362abf5bc477": window light drew 2/2 beam(s)
2026-05-25 23:31:54.365 +02:00 [INF] Map "d5c08240-0436-454a-8993-362abf5bc477": window light drew 2/2 beam(s)
2026-05-25 23:31:54.429 +02:00 [INF] Map "d5c08240-0436-454a-8993-362abf5bc477": window light drew 2/2 beam(s)
2026-05-25 23:31:54.479 +02:00 [INF] Map "d5c08240-0436-454a-8993-362abf5bc477": window light drew 2/2 beam(s)
2026-05-25 23:31:54.530 +02:00 [INF] Map "d5c08240-0436-454a-8993-362abf5bc477": window light drew 2/2 beam(s)
2026-05-25 23:31:54.579 +02:00 [INF] Map "d5c08240-0436-454a-8993-362abf5bc477": window light drew 2/2 beam(s)
2026-05-25 23:31:54.630 +02:00 [INF] Map "d5c08240-0436-454a-8993-362abf5bc477": window light drew 2/2 beam(s)
2026-05-25 23:31:54.680 +02:00 [INF] Map "d5c08240-0436-454a-8993-362abf5bc477": window light drew 2/2 beam(s)
2026-05-25 23:31:54.730 +02:00 [INF] Map "d5c08240-0436-454a-8993-362abf5bc477": window light drew 2/2 beam(s)
2026-05-25 23:31:54.781 +02:00 [INF] Map "d5c08240-0436-454a-8993-362abf5bc477": window light drew 2/2 beam(s)
2026-05-25 23:31:54.831 +02:00 [INF] Map "d5c08240-0436-454a-8993-362abf5bc477": window light drew 2/2 beam(s)
2026-05-25 23:31:54.881 +02:00 [INF] Map "d5c08240-0436-454a-8993-362abf5bc477": window light drew 2/2 beam(s)
2026-05-25 23:31:54.947 +02:00 [INF] Map "d5c08240-0436-454a-8993-362abf5bc477": window light drew 2/2 beam(s)
2026-05-25 23:31:54.998 +02:00 [INF] Map "d5c08240-0436-454a-8993-362abf5bc477": window light drew 2/2 beam(s)
2026-05-25 23:31:55.049 +02:00 [INF] Map "d5c08240-0436-454a-8993-362abf5bc477": window light drew 2/2 beam(s)
2026-05-25 23:31:55.100 +02:00 [INF] Map "d5c08240-0436-454a-8993-362abf5bc477": window light drew 2/2 beam(s)
2026-05-25 23:31:55.150 +02:00 [INF] Map "d5c08240-0436-454a-8993-362abf5bc477": window light drew 2/2 beam(s)
2026-05-25 23:31:55.200 +02:00 [INF] Map "d5c08240-0436-454a-8993-362abf5bc477": window light drew 2/2 beam(s)
2026-05-25 23:31:55.250 +02:00 [INF] Map "d5c08240-0436-454a-8993-362abf5bc477": window light drew 2/2 beam(s)
2026-05-25 23:31:55.300 +02:00 [INF] Map "d5c08240-0436-454a-8993-362abf5bc477": window light drew 2/2 beam(s)
2026-05-25 23:31:55.350 +02:00 [INF] Map "d5c08240-0436-454a-8993-362abf5bc477": window light drew 2/2 beam(s)
2026-05-25 23:31:55.402 +02:00 [INF] Map "d5c08240-0436-454a-8993-362abf5bc477": window light drew 2/2 beam(s)
2026-05-25 23:31:55.467 +02:00 [INF] Map "d5c08240-0436-454a-8993-362abf5bc477": window light drew 2/2 beam(s)
2026-05-25 23:31:55.517 +02:00 [INF] Map "d5c08240-0436-454a-8993-362abf5bc477": window light drew 2/2 beam(s)
2026-05-25 23:31:55.567 +02:00 [INF] Map "d5c08240-0436-454a-8993-362abf5bc477": window light drew 2/2 beam(s)
2026-05-25 23:31:55.617 +02:00 [INF] Map "d5c08240-0436-454a-8993-362abf5bc477": window light drew 2/2 beam(s)
2026-05-25 23:31:55.667 +02:00 [INF] Map "d5c08240-0436-454a-8993-362abf5bc477": window light drew 2/2 beam(s)
2026-05-25 23:31:55.717 +02:00 [INF] Map "d5c08240-0436-454a-8993-362abf5bc477": window light drew 2/2 beam(s)
2026-05-25 23:31:55.767 +02:00 [INF] Map "d5c08240-0436-454a-8993-362abf5bc477": window light drew 2/2 beam(s)
2026-05-25 23:31:55.818 +02:00 [INF] Map "d5c08240-0436-454a-8993-362abf5bc477": window light drew 2/2 beam(s)
2026-05-25 23:31:55.869 +02:00 [INF] Map "d5c08240-0436-454a-8993-362abf5bc477": window light drew 2/2 beam(s)
2026-05-25 23:31:55.919 +02:00 [INF] Map "d5c08240-0436-454a-8993-362abf5bc477": window light drew 2/2 beam(s)
2026-05-25 23:31:55.984 +02:00 [INF] Map "d5c08240-0436-454a-8993-362abf5bc477": window light drew 2/2 beam(s)
2026-05-25 23:31:56.038 +02:00 [INF] Map "d5c08240-0436-454a-8993-362abf5bc477": window light drew 2/2 beam(s)
2026-05-25 23:31:56.090 +02:00 [INF] Map "d5c08240-0436-454a-8993-362abf5bc477": window light drew 2/2 beam(s)
2026-05-25 23:31:56.146 +02:00 [INF] Map "d5c08240-0436-454a-8993-362abf5bc477": window light drew 2/2 beam(s)
2026-05-25 23:31:56.198 +02:00 [INF] Map "d5c08240-0436-454a-8993-362abf5bc477": window light drew 2/2 beam(s)
2026-05-25 23:31:56.248 +02:00 [INF] Map "d5c08240-0436-454a-8993-362abf5bc477": window light drew 2/2 beam(s)
2026-05-25 23:31:56.299 +02:00 [INF] Map "d5c08240-0436-454a-8993-362abf5bc477": window light drew 2/2 beam(s)
2026-05-25 23:31:56.349 +02:00 [INF] Map "d5c08240-0436-454a-8993-362abf5bc477": window light drew 2/2 beam(s)
2026-05-25 23:31:56.399 +02:00 [INF] Map "d5c08240-0436-454a-8993-362abf5bc477": window light drew 2/2 beam(s)
2026-05-25 23:31:56.449 +02:00 [INF] Map "d5c08240-0436-454a-8993-362abf5bc477": window light drew 2/2 beam(s)
2026-05-25 23:31:56.514 +02:00 [INF] Map "d5c08240-0436-454a-8993-362abf5bc477": window light drew 2/2 beam(s)
2026-05-25 23:31:56.565 +02:00 [INF] Map "d5c08240-0436-454a-8993-362abf5bc477": window light drew 2/2 beam(s)
2026-05-25 23:31:56.614 +02:00 [INF] Map "d5c08240-0436-454a-8993-362abf5bc477": window light drew 2/2 beam(s)
2026-05-25 23:31:56.665 +02:00 [INF] Map "d5c08240-0436-454a-8993-362abf5bc477": window light drew 2/2 beam(s)
2026-05-25 23:31:56.714 +02:00 [INF] Map "d5c08240-0436-454a-8993-362abf5bc477": window light drew 2/2 beam(s)
2026-05-25 23:31:56.764 +02:00 [INF] Map "d5c08240-0436-454a-8993-362abf5bc477": window light drew 2/2 beam(s)
2026-05-25 23:31:56.814 +02:00 [INF] Map "d5c08240-0436-454a-8993-362abf5bc477": window light drew 2/2 beam(s)
2026-05-25 23:31:56.865 +02:00 [INF] Map "d5c08240-0436-454a-8993-362abf5bc477": window light drew 2/2 beam(s)
2026-05-25 23:31:56.914 +02:00 [INF] Map "d5c08240-0436-454a-8993-362abf5bc477": window light drew 2/2 beam(s)
2026-05-25 23:31:56.964 +02:00 [INF] Map "d5c08240-0436-454a-8993-362abf5bc477": window light drew 2/2 beam(s)
2026-05-25 23:31:57.030 +02:00 [INF] Map "d5c08240-0436-454a-8993-362abf5bc477": window light drew 2/2 beam(s)
2026-05-25 23:31:57.083 +02:00 [INF] Map "d5c08240-0436-454a-8993-362abf5bc477": window light drew 2/2 beam(s)
2026-05-25 23:31:57.136 +02:00 [INF] Map "d5c08240-0436-454a-8993-362abf5bc477": window light drew 2/2 beam(s)
2026-05-25 23:31:57.189 +02:00 [INF] Map "d5c08240-0436-454a-8993-362abf5bc477": window light drew 2/2 beam(s)
2026-05-25 23:31:57.240 +02:00 [INF] Map "d5c08240-0436-454a-8993-362abf5bc477": window light drew 2/2 beam(s)
2026-05-25 23:31:57.291 +02:00 [INF] Map "d5c08240-0436-454a-8993-362abf5bc477": window light drew 2/2 beam(s)
2026-05-25 23:31:57.342 +02:00 [INF] Map "d5c08240-0436-454a-8993-362abf5bc477": window light drew 2/2 beam(s)
2026-05-25 23:31:57.392 +02:00 [INF] Map "d5c08240-0436-454a-8993-362abf5bc477": window light drew 2/2 beam(s)
2026-05-25 23:31:57.443 +02:00 [INF] Map "d5c08240-0436-454a-8993-362abf5bc477": window light drew 2/2 beam(s)
2026-05-25 23:31:57.492 +02:00 [INF] Map "d5c08240-0436-454a-8993-362abf5bc477": window light drew 2/2 beam(s)
2026-05-25 23:31:57.558 +02:00 [INF] Map "d5c08240-0436-454a-8993-362abf5bc477": window light drew 2/2 beam(s)
2026-05-25 23:31:57.607 +02:00 [INF] Map "d5c08240-0436-454a-8993-362abf5bc477": window light drew 2/2 beam(s)
2026-05-25 23:31:57.658 +02:00 [INF] Map "d5c08240-0436-454a-8993-362abf5bc477": window light drew 2/2 beam(s)
2026-05-25 23:31:57.708 +02:00 [INF] Map "d5c08240-0436-454a-8993-362abf5bc477": window light drew 2/2 beam(s)
2026-05-25 23:31:57.759 +02:00 [INF] Map "d5c08240-0436-454a-8993-362abf5bc477": window light drew 2/2 beam(s)
2026-05-25 23:31:57.808 +02:00 [INF] Map "d5c08240-0436-454a-8993-362abf5bc477": window light drew 2/2 beam(s)
2026-05-25 23:31:57.858 +02:00 [INF] Map "d5c08240-0436-454a-8993-362abf5bc477": window light drew 2/2 beam(s)
2026-05-25 23:31:57.909 +02:00 [INF] Map "d5c08240-0436-454a-8993-362abf5bc477": window light drew 2/2 beam(s)
2026-05-25 23:31:57.958 +02:00 [INF] Map "d5c08240-0436-454a-8993-362abf5bc477": window light drew 2/2 beam(s)
2026-05-25 23:31:58.008 +02:00 [INF] Map "d5c08240-0436-454a-8993-362abf5bc477": window light drew 2/2 beam(s)
2026-05-25 23:31:58.073 +02:00 [INF] Map "d5c08240-0436-454a-8993-362abf5bc477": window light drew 2/2 beam(s)
2026-05-25 23:31:58.123 +02:00 [INF] Map "d5c08240-0436-454a-8993-362abf5bc477": window light drew 2/2 beam(s)
2026-05-25 23:31:58.173 +02:00 [INF] Map "d5c08240-0436-454a-8993-362abf5bc477": window light drew 2/2 beam(s)
2026-05-25 23:31:58.223 +02:00 [INF] Map "d5c08240-0436-454a-8993-362abf5bc477": window light drew 2/2 beam(s)
2026-05-25 23:31:58.273 +02:00 [INF] Map "d5c08240-0436-454a-8993-362abf5bc477": window light drew 2/2 beam(s)
2026-05-25 23:31:58.323 +02:00 [INF] Map "d5c08240-0436-454a-8993-362abf5bc477": window light drew 2/2 beam(s)
2026-05-25 23:31:58.373 +02:00 [INF] Map "d5c08240-0436-454a-8993-362abf5bc477": window light drew 2/2 beam(s)
2026-05-25 23:31:58.423 +02:00 [INF] Map "d5c08240-0436-454a-8993-362abf5bc477": window light drew 2/2 beam(s)
2026-05-25 23:31:58.472 +02:00 [INF] Map "d5c08240-0436-454a-8993-362abf5bc477": window light drew 2/2 beam(s)
2026-05-25 23:31:58.522 +02:00 [INF] Map "d5c08240-0436-454a-8993-362abf5bc477": window light drew 2/2 beam(s)
2026-05-25 23:31:58.587 +02:00 [INF] Map "d5c08240-0436-454a-8993-362abf5bc477": window light drew 2/2 beam(s)
2026-05-25 23:31:58.638 +02:00 [INF] Map "d5c08240-0436-454a-8993-362abf5bc477": window light drew 2/2 beam(s)
2026-05-25 23:31:58.688 +02:00 [INF] Map "d5c08240-0436-454a-8993-362abf5bc477": window light drew 2/2 beam(s)
2026-05-25 23:31:58.737 +02:00 [INF] Map "d5c08240-0436-454a-8993-362abf5bc477": window light drew 2/2 beam(s)
2026-05-25 23:31:58.787 +02:00 [INF] Map "d5c08240-0436-454a-8993-362abf5bc477": window light drew 2/2 beam(s)
2026-05-25 23:31:58.836 +02:00 [INF] Map "d5c08240-0436-454a-8993-362abf5bc477": window light drew 2/2 beam(s)
2026-05-25 23:31:58.886 +02:00 [INF] Map "d5c08240-0436-454a-8993-362abf5bc477": window light drew 2/2 beam(s)
2026-05-25 23:31:58.937 +02:00 [INF] Map "d5c08240-0436-454a-8993-362abf5bc477": window light drew 2/2 beam(s)
2026-05-25 23:31:58.988 +02:00 [INF] Map "d5c08240-0436-454a-8993-362abf5bc477": window light drew 2/2 beam(s)
2026-05-25 23:31:59.038 +02:00 [INF] Map "d5c08240-0436-454a-8993-362abf5bc477": window light drew 2/2 beam(s)
2026-05-25 23:31:59.102 +02:00 [INF] Map "d5c08240-0436-454a-8993-362abf5bc477": window light drew 2/2 beam(s)
2026-05-25 23:31:59.152 +02:00 [INF] Map "d5c08240-0436-454a-8993-362abf5bc477": window light drew 2/2 beam(s)
2026-05-25 23:31:59.202 +02:00 [INF] Map "d5c08240-0436-454a-8993-362abf5bc477": window light drew 2/2 beam(s)
2026-05-25 23:31:59.252 +02:00 [INF] Map "d5c08240-0436-454a-8993-362abf5bc477": window light drew 2/2 beam(s)
2026-05-25 23:31:59.302 +02:00 [INF] Map "d5c08240-0436-454a-8993-362abf5bc477": window light drew 2/2 beam(s)
2026-05-25 23:31:59.351 +02:00 [INF] Map "d5c08240-0436-454a-8993-362abf5bc477": window light drew 2/2 beam(s)
2026-05-25 23:31:59.401 +02:00 [INF] Map "d5c08240-0436-454a-8993-362abf5bc477": window light drew 2/2 beam(s)
2026-05-25 23:31:59.451 +02:00 [INF] Map "d5c08240-0436-454a-8993-362abf5bc477": window light drew 2/2 beam(s)
2026-05-25 23:31:59.500 +02:00 [INF] Map "d5c08240-0436-454a-8993-362abf5bc477": window light drew 2/2 beam(s)
2026-05-25 23:31:59.550 +02:00 [INF] Map "d5c08240-0436-454a-8993-362abf5bc477": window light drew 2/2 beam(s)
2026-05-25 23:31:59.615 +02:00 [INF] Map "d5c08240-0436-454a-8993-362abf5bc477": window light drew 2/2 beam(s)
2026-05-25 23:31:59.665 +02:00 [INF] Map "d5c08240-0436-454a-8993-362abf5bc477": window light drew 2/2 beam(s)
2026-05-25 23:31:59.714 +02:00 [INF] Map "d5c08240-0436-454a-8993-362abf5bc477": window light drew 2/2 beam(s)
2026-05-25 23:31:59.764 +02:00 [INF] Map "d5c08240-0436-454a-8993-362abf5bc477": window light drew 2/2 beam(s)
2026-05-25 23:31:59.813 +02:00 [INF] Map "d5c08240-0436-454a-8993-362abf5bc477": window light drew 2/2 beam(s)
2026-05-25 23:31:59.864 +02:00 [INF] Map "d5c08240-0436-454a-8993-362abf5bc477": window light drew 2/2 beam(s)
2026-05-25 23:31:59.914 +02:00 [INF] Map "d5c08240-0436-454a-8993-362abf5bc477": window light drew 2/2 beam(s)
2026-05-25 23:31:59.964 +02:00 [INF] Map "d5c08240-0436-454a-8993-362abf5bc477": window light drew 2/2 beam(s)
2026-05-25 23:32:00.016 +02:00 [INF] Map "d5c08240-0436-454a-8993-362abf5bc477": window light drew 2/2 beam(s)
2026-05-25 23:32:00.068 +02:00 [INF] Map "d5c08240-0436-454a-8993-362abf5bc477": window light drew 2/2 beam(s)
2026-05-25 23:32:00.133 +02:00 [INF] Map "d5c08240-0436-454a-8993-362abf5bc477": window light drew 2/2 beam(s)
2026-05-25 23:32:00.182 +02:00 [INF] Map "d5c08240-0436-454a-8993-362abf5bc477": window light drew 2/2 beam(s)
2026-05-25 23:32:00.231 +02:00 [INF] Map "d5c08240-0436-454a-8993-362abf5bc477": window light drew 2/2 beam(s)
2026-05-25 23:32:00.283 +02:00 [INF] Map "d5c08240-0436-454a-8993-362abf5bc477": window light drew 2/2 beam(s)
2026-05-25 23:32:00.332 +02:00 [INF] Map "d5c08240-0436-454a-8993-362abf5bc477": window light drew 2/2 beam(s)
2026-05-25 23:32:00.382 +02:00 [INF] Map "d5c08240-0436-454a-8993-362abf5bc477": window light drew 2/2 beam(s)
2026-05-25 23:32:00.432 +02:00 [INF] Map "d5c08240-0436-454a-8993-362abf5bc477": window light drew 2/2 beam(s)
2026-05-25 23:32:00.482 +02:00 [INF] Map "d5c08240-0436-454a-8993-362abf5bc477": window light drew 2/2 beam(s)
2026-05-25 23:32:00.531 +02:00 [INF] Map "d5c08240-0436-454a-8993-362abf5bc477": window light drew 2/2 beam(s)
2026-05-25 23:32:00.582 +02:00 [INF] Map "d5c08240-0436-454a-8993-362abf5bc477": window light drew 2/2 beam(s)
2026-05-25 23:32:00.646 +02:00 [INF] Map "d5c08240-0436-454a-8993-362abf5bc477": window light drew 2/2 beam(s)
2026-05-25 23:32:00.696 +02:00 [INF] Map "d5c08240-0436-454a-8993-362abf5bc477": window light drew 2/2 beam(s)
2026-05-25 23:32:00.746 +02:00 [INF] Map "d5c08240-0436-454a-8993-362abf5bc477": window light drew 2/2 beam(s)
2026-05-25 23:32:00.796 +02:00 [INF] Map "d5c08240-0436-454a-8993-362abf5bc477": window light drew 2/2 beam(s)
2026-05-25 23:32:00.846 +02:00 [INF] Map "d5c08240-0436-454a-8993-362abf5bc477": window light drew 2/2 beam(s)
2026-05-25 23:32:00.896 +02:00 [INF] Map "d5c08240-0436-454a-8993-362abf5bc477": window light drew 2/2 beam(s)
2026-05-25 23:32:00.946 +02:00 [INF] Map "d5c08240-0436-454a-8993-362abf5bc477": window light drew 2/2 beam(s)
2026-05-25 23:32:00.996 +02:00 [INF] Map "d5c08240-0436-454a-8993-362abf5bc477": window light drew 2/2 beam(s)
2026-05-25 23:32:01.048 +02:00 [INF] Map "d5c08240-0436-454a-8993-362abf5bc477": window light drew 2/2 beam(s)
2026-05-25 23:32:01.099 +02:00 [INF] Map "d5c08240-0436-454a-8993-362abf5bc477": window light drew 2/2 beam(s)
2026-05-25 23:32:01.166 +02:00 [INF] Map "d5c08240-0436-454a-8993-362abf5bc477": window light drew 2/2 beam(s)
2026-05-25 23:32:01.216 +02:00 [INF] Map "d5c08240-0436-454a-8993-362abf5bc477": window light drew 2/2 beam(s)
2026-05-25 23:32:01.265 +02:00 [INF] Map "d5c08240-0436-454a-8993-362abf5bc477": window light drew 2/2 beam(s)
2026-05-25 23:32:01.315 +02:00 [INF] Map "d5c08240-0436-454a-8993-362abf5bc477": window light drew 2/2 beam(s)
2026-05-25 23:32:01.365 +02:00 [INF] Map "d5c08240-0436-454a-8993-362abf5bc477": window light drew 2/2 beam(s)
2026-05-25 23:32:01.415 +02:00 [INF] Map "d5c08240-0436-454a-8993-362abf5bc477": window light drew 2/2 beam(s)
2026-05-25 23:32:01.466 +02:00 [INF] Map "d5c08240-0436-454a-8993-362abf5bc477": window light drew 2/2 beam(s)
2026-05-25 23:32:01.516 +02:00 [INF] Map "d5c08240-0436-454a-8993-362abf5bc477": window light drew 2/2 beam(s)
2026-05-25 23:32:01.565 +02:00 [INF] Map "d5c08240-0436-454a-8993-362abf5bc477": window light drew 2/2 beam(s)
2026-05-25 23:32:01.615 +02:00 [INF] Map "d5c08240-0436-454a-8993-362abf5bc477": window light drew 2/2 beam(s)
2026-05-25 23:32:01.681 +02:00 [INF] Map "d5c08240-0436-454a-8993-362abf5bc477": window light drew 2/2 beam(s)
2026-05-25 23:32:01.730 +02:00 [INF] Map "d5c08240-0436-454a-8993-362abf5bc477": window light drew 2/2 beam(s)
2026-05-25 23:32:01.780 +02:00 [INF] Map "d5c08240-0436-454a-8993-362abf5bc477": window light drew 2/2 beam(s)
2026-05-25 23:32:01.830 +02:00 [INF] Map "d5c08240-0436-454a-8993-362abf5bc477": window light drew 2/2 beam(s)
2026-05-25 23:32:01.880 +02:00 [INF] Map "d5c08240-0436-454a-8993-362abf5bc477": window light drew 2/2 beam(s)
2026-05-25 23:32:01.932 +02:00 [INF] Map "d5c08240-0436-454a-8993-362abf5bc477": window light drew 2/2 beam(s)
2026-05-25 23:32:01.982 +02:00 [INF] Map "d5c08240-0436-454a-8993-362abf5bc477": window light drew 2/2 beam(s)
2026-05-25 23:32:02.033 +02:00 [INF] Map "d5c08240-0436-454a-8993-362abf5bc477": window light drew 2/2 beam(s)
2026-05-25 23:32:02.083 +02:00 [INF] Map "d5c08240-0436-454a-8993-362abf5bc477": window light drew 2/2 beam(s)
2026-05-25 23:32:02.133 +02:00 [INF] Map "d5c08240-0436-454a-8993-362abf5bc477": window light drew 2/2 beam(s)
2026-05-25 23:32:02.199 +02:00 [INF] Map "d5c08240-0436-454a-8993-362abf5bc477": window light drew 2/2 beam(s)
2026-05-25 23:32:02.248 +02:00 [INF] Map "d5c08240-0436-454a-8993-362abf5bc477": window light drew 2/2 beam(s)
2026-05-25 23:32:02.298 +02:00 [INF] Map "d5c08240-0436-454a-8993-362abf5bc477": window light drew 2/2 beam(s)
2026-05-25 23:32:02.348 +02:00 [INF] Map "d5c08240-0436-454a-8993-362abf5bc477": window light drew 2/2 beam(s)
2026-05-25 23:32:02.397 +02:00 [INF] Map "d5c08240-0436-454a-8993-362abf5bc477": window light drew 2/2 beam(s)
2026-05-25 23:32:02.447 +02:00 [INF] Map "d5c08240-0436-454a-8993-362abf5bc477": window light drew 2/2 beam(s)
2026-05-25 23:32:02.496 +02:00 [INF] Map "d5c08240-0436-454a-8993-362abf5bc477": window light drew 2/2 beam(s)
2026-05-25 23:32:02.546 +02:00 [INF] Map "d5c08240-0436-454a-8993-362abf5bc477": window light drew 2/2 beam(s)
2026-05-25 23:32:02.596 +02:00 [INF] Map "d5c08240-0436-454a-8993-362abf5bc477": window light drew 2/2 beam(s)
2026-05-25 23:32:02.646 +02:00 [INF] Map "d5c08240-0436-454a-8993-362abf5bc477": window light drew 2/2 beam(s)
2026-05-25 23:32:02.710 +02:00 [INF] Map "d5c08240-0436-454a-8993-362abf5bc477": window light drew 2/2 beam(s)
2026-05-25 23:32:02.760 +02:00 [INF] Map "d5c08240-0436-454a-8993-362abf5bc477": window light drew 2/2 beam(s)
2026-05-25 23:32:02.810 +02:00 [INF] Map "d5c08240-0436-454a-8993-362abf5bc477": window light drew 2/2 beam(s)
2026-05-25 23:32:02.859 +02:00 [INF] Map "d5c08240-0436-454a-8993-362abf5bc477": window light drew 2/2 beam(s)
2026-05-25 23:32:02.910 +02:00 [INF] Map "d5c08240-0436-454a-8993-362abf5bc477": window light drew 2/2 beam(s)
2026-05-25 23:32:02.959 +02:00 [INF] Map "d5c08240-0436-454a-8993-362abf5bc477": window light drew 2/2 beam(s)
2026-05-25 23:32:03.009 +02:00 [INF] Map "d5c08240-0436-454a-8993-362abf5bc477": window light drew 2/2 beam(s)
2026-05-25 23:32:03.062 +02:00 [INF] Map "d5c08240-0436-454a-8993-362abf5bc477": window light drew 2/2 beam(s)
2026-05-25 23:32:03.116 +02:00 [INF] Map "d5c08240-0436-454a-8993-362abf5bc477": window light drew 2/2 beam(s)
2026-05-25 23:32:03.165 +02:00 [INF] Map "d5c08240-0436-454a-8993-362abf5bc477": window light drew 2/2 beam(s)
2026-05-25 23:32:03.230 +02:00 [INF] Map "d5c08240-0436-454a-8993-362abf5bc477": window light drew 2/2 beam(s)
2026-05-25 23:32:03.280 +02:00 [INF] Map "d5c08240-0436-454a-8993-362abf5bc477": window light drew 2/2 beam(s)
2026-05-25 23:32:03.330 +02:00 [INF] Map "d5c08240-0436-454a-8993-362abf5bc477": window light drew 2/2 beam(s)
2026-05-25 23:32:03.381 +02:00 [INF] Map "d5c08240-0436-454a-8993-362abf5bc477": window light drew 2/2 beam(s)
2026-05-25 23:32:03.431 +02:00 [INF] Map "d5c08240-0436-454a-8993-362abf5bc477": window light drew 2/2 beam(s)
2026-05-25 23:32:03.481 +02:00 [INF] Map "d5c08240-0436-454a-8993-362abf5bc477": window light drew 2/2 beam(s)
2026-05-25 23:32:03.531 +02:00 [INF] Map "d5c08240-0436-454a-8993-362abf5bc477": window light drew 2/2 beam(s)
2026-05-25 23:32:03.581 +02:00 [INF] Map "d5c08240-0436-454a-8993-362abf5bc477": window light drew 2/2 beam(s)
2026-05-25 23:32:03.631 +02:00 [INF] Map "d5c08240-0436-454a-8993-362abf5bc477": window light drew 2/2 beam(s)
2026-05-25 23:32:03.681 +02:00 [INF] Map "d5c08240-0436-454a-8993-362abf5bc477": window light drew 2/2 beam(s)
2026-05-25 23:32:03.746 +02:00 [INF] Map "d5c08240-0436-454a-8993-362abf5bc477": window light drew 2/2 beam(s)
2026-05-25 23:32:03.797 +02:00 [INF] Map "d5c08240-0436-454a-8993-362abf5bc477": window light drew 2/2 beam(s)
2026-05-25 23:32:03.849 +02:00 [INF] Map "d5c08240-0436-454a-8993-362abf5bc477": window light drew 2/2 beam(s)
2026-05-25 23:32:03.898 +02:00 [INF] Map "d5c08240-0436-454a-8993-362abf5bc477": window light drew 2/2 beam(s)
2026-05-25 23:32:03.949 +02:00 [INF] Map "d5c08240-0436-454a-8993-362abf5bc477": window light drew 2/2 beam(s)
2026-05-25 23:32:03.999 +02:00 [INF] Map "d5c08240-0436-454a-8993-362abf5bc477": window light drew 2/2 beam(s)
2026-05-25 23:32:04.050 +02:00 [INF] Map "d5c08240-0436-454a-8993-362abf5bc477": window light drew 2/2 beam(s)
2026-05-25 23:32:04.100 +02:00 [INF] Map "d5c08240-0436-454a-8993-362abf5bc477": window light drew 2/2 beam(s)
2026-05-25 23:32:04.150 +02:00 [INF] Map "d5c08240-0436-454a-8993-362abf5bc477": window light drew 2/2 beam(s)
2026-05-25 23:32:04.200 +02:00 [INF] Map "d5c08240-0436-454a-8993-362abf5bc477": window light drew 2/2 beam(s)
2026-05-25 23:32:04.265 +02:00 [INF] Map "d5c08240-0436-454a-8993-362abf5bc477": window light drew 2/2 beam(s)
2026-05-25 23:32:04.315 +02:00 [INF] Map "d5c08240-0436-454a-8993-362abf5bc477": window light drew 2/2 beam(s)
2026-05-25 23:32:04.366 +02:00 [INF] Map "d5c08240-0436-454a-8993-362abf5bc477": window light drew 2/2 beam(s)
2026-05-25 23:32:04.416 +02:00 [INF] Map "d5c08240-0436-454a-8993-362abf5bc477": window light drew 2/2 beam(s)
2026-05-25 23:32:04.465 +02:00 [INF] Map "d5c08240-0436-454a-8993-362abf5bc477": window light drew 2/2 beam(s)
2026-05-25 23:32:04.515 +02:00 [INF] Map "d5c08240-0436-454a-8993-362abf5bc477": window light drew 2/2 beam(s)
2026-05-25 23:32:04.565 +02:00 [INF] Map "d5c08240-0436-454a-8993-362abf5bc477": window light drew 2/2 beam(s)
2026-05-25 23:32:04.615 +02:00 [INF] Map "d5c08240-0436-454a-8993-362abf5bc477": window light drew 2/2 beam(s)
2026-05-25 23:32:04.664 +02:00 [INF] Map "d5c08240-0436-454a-8993-362abf5bc477": window light drew 2/2 beam(s)
2026-05-25 23:32:04.714 +02:00 [INF] Map "d5c08240-0436-454a-8993-362abf5bc477": window light drew 2/2 beam(s)
2026-05-25 23:32:04.778 +02:00 [INF] Map "d5c08240-0436-454a-8993-362abf5bc477": window light drew 2/2 beam(s)
2026-05-25 23:32:04.828 +02:00 [INF] Map "d5c08240-0436-454a-8993-362abf5bc477": window light drew 2/2 beam(s)
2026-05-25 23:32:04.879 +02:00 [INF] Map "d5c08240-0436-454a-8993-362abf5bc477": window light drew 2/2 beam(s)
2026-05-25 23:32:04.928 +02:00 [INF] Map "d5c08240-0436-454a-8993-362abf5bc477": window light drew 2/2 beam(s)
2026-05-25 23:32:04.978 +02:00 [INF] Map "d5c08240-0436-454a-8993-362abf5bc477": window light drew 2/2 beam(s)
2026-05-25 23:32:05.029 +02:00 [INF] Map "d5c08240-0436-454a-8993-362abf5bc477": window light drew 2/2 beam(s)
2026-05-25 23:32:05.079 +02:00 [INF] Map "d5c08240-0436-454a-8993-362abf5bc477": window light drew 2/2 beam(s)
2026-05-25 23:32:05.130 +02:00 [INF] Map "d5c08240-0436-454a-8993-362abf5bc477": window light drew 2/2 beam(s)
2026-05-25 23:32:05.180 +02:00 [INF] Map "d5c08240-0436-454a-8993-362abf5bc477": window light drew 2/2 beam(s)
2026-05-25 23:32:05.230 +02:00 [INF] Map "d5c08240-0436-454a-8993-362abf5bc477": window light drew 2/2 beam(s)
2026-05-25 23:32:05.294 +02:00 [INF] Map "d5c08240-0436-454a-8993-362abf5bc477": window light drew 2/2 beam(s)
2026-05-25 23:32:05.344 +02:00 [INF] Map "d5c08240-0436-454a-8993-362abf5bc477": window light drew 2/2 beam(s)
2026-05-25 23:32:05.395 +02:00 [INF] Map "d5c08240-0436-454a-8993-362abf5bc477": window light drew 2/2 beam(s)
2026-05-25 23:32:05.445 +02:00 [INF] Map "d5c08240-0436-454a-8993-362abf5bc477": window light drew 2/2 beam(s)
2026-05-25 23:32:05.496 +02:00 [INF] Map "d5c08240-0436-454a-8993-362abf5bc477": window light drew 2/2 beam(s)
2026-05-25 23:32:05.546 +02:00 [INF] Map "d5c08240-0436-454a-8993-362abf5bc477": window light drew 2/2 beam(s)
2026-05-25 23:32:05.596 +02:00 [INF] Map "d5c08240-0436-454a-8993-362abf5bc477": window light drew 2/2 beam(s)
2026-05-25 23:32:05.646 +02:00 [INF] Map "d5c08240-0436-454a-8993-362abf5bc477": window light drew 2/2 beam(s)
2026-05-25 23:32:05.697 +02:00 [INF] Map "d5c08240-0436-454a-8993-362abf5bc477": window light drew 2/2 beam(s)
2026-05-25 23:32:05.746 +02:00 [INF] Map "d5c08240-0436-454a-8993-362abf5bc477": window light drew 2/2 beam(s)
2026-05-25 23:32:05.810 +02:00 [INF] Map "d5c08240-0436-454a-8993-362abf5bc477": window light drew 2/2 beam(s)
2026-05-25 23:32:05.860 +02:00 [INF] Map "d5c08240-0436-454a-8993-362abf5bc477": window light drew 2/2 beam(s)
2026-05-25 23:32:05.912 +02:00 [INF] Map "d5c08240-0436-454a-8993-362abf5bc477": window light drew 2/2 beam(s)
2026-05-25 23:32:05.969 +02:00 [INF] Map "d5c08240-0436-454a-8993-362abf5bc477": window light drew 2/2 beam(s)
2026-05-25 23:32:06.023 +02:00 [INF] Map "d5c08240-0436-454a-8993-362abf5bc477": window light drew 2/2 beam(s)
2026-05-25 23:32:06.073 +02:00 [INF] Map "d5c08240-0436-454a-8993-362abf5bc477": window light drew 2/2 beam(s)
2026-05-25 23:32:06.123 +02:00 [INF] Map "d5c08240-0436-454a-8993-362abf5bc477": window light drew 2/2 beam(s)
2026-05-25 23:32:06.173 +02:00 [INF] Map "d5c08240-0436-454a-8993-362abf5bc477": window light drew 2/2 beam(s)
2026-05-25 23:32:06.222 +02:00 [INF] Map "d5c08240-0436-454a-8993-362abf5bc477": window light drew 2/2 beam(s)
2026-05-25 23:32:06.273 +02:00 [INF] Map "d5c08240-0436-454a-8993-362abf5bc477": window light drew 2/2 beam(s)
2026-05-25 23:32:06.339 +02:00 [INF] Map "d5c08240-0436-454a-8993-362abf5bc477": window light drew 2/2 beam(s)
2026-05-25 23:32:06.388 +02:00 [INF] Map "d5c08240-0436-454a-8993-362abf5bc477": window light drew 2/2 beam(s)
2026-05-25 23:32:06.438 +02:00 [INF] Map "d5c08240-0436-454a-8993-362abf5bc477": window light drew 2/2 beam(s)
2026-05-25 23:32:06.488 +02:00 [INF] Map "d5c08240-0436-454a-8993-362abf5bc477": window light drew 2/2 beam(s)
2026-05-25 23:32:06.537 +02:00 [INF] Map "d5c08240-0436-454a-8993-362abf5bc477": window light drew 2/2 beam(s)
2026-05-25 23:32:06.586 +02:00 [INF] Map "d5c08240-0436-454a-8993-362abf5bc477": window light drew 2/2 beam(s)
2026-05-25 23:32:06.636 +02:00 [INF] Map "d5c08240-0436-454a-8993-362abf5bc477": window light drew 2/2 beam(s)
2026-05-25 23:32:06.686 +02:00 [INF] Map "d5c08240-0436-454a-8993-362abf5bc477": window light drew 2/2 beam(s)
2026-05-25 23:32:06.735 +02:00 [INF] Map "d5c08240-0436-454a-8993-362abf5bc477": window light drew 2/2 beam(s)
2026-05-25 23:32:06.784 +02:00 [INF] Map "d5c08240-0436-454a-8993-362abf5bc477": window light drew 2/2 beam(s)
2026-05-25 23:32:06.849 +02:00 [INF] Map "d5c08240-0436-454a-8993-362abf5bc477": window light drew 2/2 beam(s)
2026-05-25 23:32:06.899 +02:00 [INF] Map "d5c08240-0436-454a-8993-362abf5bc477": window light drew 2/2 beam(s)
2026-05-25 23:32:06.950 +02:00 [INF] Map "d5c08240-0436-454a-8993-362abf5bc477": window light drew 2/2 beam(s)
2026-05-25 23:32:07.000 +02:00 [INF] Map "d5c08240-0436-454a-8993-362abf5bc477": window light drew 2/2 beam(s)
2026-05-25 23:32:07.052 +02:00 [INF] Map "d5c08240-0436-454a-8993-362abf5bc477": window light drew 2/2 beam(s)
2026-05-25 23:32:07.103 +02:00 [INF] Map "d5c08240-0436-454a-8993-362abf5bc477": window light drew 2/2 beam(s)
2026-05-25 23:32:07.155 +02:00 [INF] Map "d5c08240-0436-454a-8993-362abf5bc477": window light drew 2/2 beam(s)
2026-05-25 23:32:07.206 +02:00 [INF] Map "d5c08240-0436-454a-8993-362abf5bc477": window light drew 2/2 beam(s)
2026-05-25 23:32:07.255 +02:00 [INF] Map "d5c08240-0436-454a-8993-362abf5bc477": window light drew 2/2 beam(s)
2026-05-25 23:32:07.305 +02:00 [INF] Map "d5c08240-0436-454a-8993-362abf5bc477": window light drew 2/2 beam(s)
2026-05-25 23:32:07.370 +02:00 [INF] Map "d5c08240-0436-454a-8993-362abf5bc477": window light drew 2/2 beam(s)
2026-05-25 23:32:07.420 +02:00 [INF] Map "d5c08240-0436-454a-8993-362abf5bc477": window light drew 2/2 beam(s)
2026-05-25 23:32:07.471 +02:00 [INF] Map "d5c08240-0436-454a-8993-362abf5bc477": window light drew 2/2 beam(s)
2026-05-25 23:32:07.522 +02:00 [INF] Map "d5c08240-0436-454a-8993-362abf5bc477": window light drew 2/2 beam(s)
2026-05-25 23:32:07.574 +02:00 [INF] Map "d5c08240-0436-454a-8993-362abf5bc477": window light drew 2/2 beam(s)
2026-05-25 23:32:07.624 +02:00 [INF] Map "d5c08240-0436-454a-8993-362abf5bc477": window light drew 2/2 beam(s)
2026-05-25 23:32:07.676 +02:00 [INF] Map "d5c08240-0436-454a-8993-362abf5bc477": window light drew 2/2 beam(s)
2026-05-25 23:32:07.727 +02:00 [INF] Map "d5c08240-0436-454a-8993-362abf5bc477": window light drew 2/2 beam(s)
2026-05-25 23:32:07.777 +02:00 [INF] Map "d5c08240-0436-454a-8993-362abf5bc477": window light drew 2/2 beam(s)
2026-05-25 23:32:07.829 +02:00 [INF] Map "d5c08240-0436-454a-8993-362abf5bc477": window light drew 2/2 beam(s)
2026-05-25 23:32:07.892 +02:00 [INF] Map "d5c08240-0436-454a-8993-362abf5bc477": window light drew 2/2 beam(s)
2026-05-25 23:32:07.941 +02:00 [INF] Map "d5c08240-0436-454a-8993-362abf5bc477": window light drew 2/2 beam(s)
2026-05-25 23:32:07.991 +02:00 [INF] Map "d5c08240-0436-454a-8993-362abf5bc477": window light drew 2/2 beam(s)
2026-05-25 23:32:08.042 +02:00 [INF] Map "d5c08240-0436-454a-8993-362abf5bc477": window light drew 2/2 beam(s)
2026-05-25 23:32:08.092 +02:00 [INF] Map "d5c08240-0436-454a-8993-362abf5bc477": window light drew 2/2 beam(s)
2026-05-25 23:32:08.141 +02:00 [INF] Map "d5c08240-0436-454a-8993-362abf5bc477": window light drew 2/2 beam(s)
2026-05-25 23:32:08.191 +02:00 [INF] Map "d5c08240-0436-454a-8993-362abf5bc477": window light drew 2/2 beam(s)
2026-05-25 23:32:08.241 +02:00 [INF] Map "d5c08240-0436-454a-8993-362abf5bc477": window light drew 2/2 beam(s)
2026-05-25 23:32:08.291 +02:00 [INF] Map "d5c08240-0436-454a-8993-362abf5bc477": window light drew 2/2 beam(s)
2026-05-25 23:32:08.340 +02:00 [INF] Map "d5c08240-0436-454a-8993-362abf5bc477": window light drew 2/2 beam(s)
2026-05-25 23:32:08.405 +02:00 [INF] Map "d5c08240-0436-454a-8993-362abf5bc477": window light drew 2/2 beam(s)
2026-05-25 23:32:08.455 +02:00 [INF] Map "d5c08240-0436-454a-8993-362abf5bc477": window light drew 2/2 beam(s)
2026-05-25 23:32:08.505 +02:00 [INF] Map "d5c08240-0436-454a-8993-362abf5bc477": window light drew 2/2 beam(s)
2026-05-25 23:32:08.554 +02:00 [INF] Map "d5c08240-0436-454a-8993-362abf5bc477": window light drew 2/2 beam(s)
2026-05-25 23:32:08.604 +02:00 [INF] Map "d5c08240-0436-454a-8993-362abf5bc477": window light drew 2/2 beam(s)
2026-05-25 23:32:08.653 +02:00 [INF] Map "d5c08240-0436-454a-8993-362abf5bc477": window light drew 2/2 beam(s)
2026-05-25 23:32:08.703 +02:00 [INF] Map "d5c08240-0436-454a-8993-362abf5bc477": window light drew 2/2 beam(s)
2026-05-25 23:32:08.753 +02:00 [INF] Map "d5c08240-0436-454a-8993-362abf5bc477": window light drew 2/2 beam(s)
2026-05-25 23:32:08.802 +02:00 [INF] Map "d5c08240-0436-454a-8993-362abf5bc477": window light drew 2/2 beam(s)
2026-05-25 23:32:08.852 +02:00 [INF] Map "d5c08240-0436-454a-8993-362abf5bc477": window light drew 2/2 beam(s)
2026-05-25 23:32:08.917 +02:00 [INF] Map "d5c08240-0436-454a-8993-362abf5bc477": window light drew 2/2 beam(s)
2026-05-25 23:32:08.967 +02:00 [INF] Map "d5c08240-0436-454a-8993-362abf5bc477": window light drew 2/2 beam(s)
2026-05-25 23:32:09.017 +02:00 [INF] Map "d5c08240-0436-454a-8993-362abf5bc477": window light drew 2/2 beam(s)
2026-05-25 23:32:09.067 +02:00 [INF] Map "d5c08240-0436-454a-8993-362abf5bc477": window light drew 2/2 beam(s)
2026-05-25 23:32:09.117 +02:00 [INF] Map "d5c08240-0436-454a-8993-362abf5bc477": window light drew 2/2 beam(s)
2026-05-25 23:32:09.167 +02:00 [INF] Map "d5c08240-0436-454a-8993-362abf5bc477": window light drew 2/2 beam(s)
2026-05-25 23:32:09.216 +02:00 [INF] Map "d5c08240-0436-454a-8993-362abf5bc477": window light drew 2/2 beam(s)
2026-05-25 23:32:09.265 +02:00 [INF] Map "d5c08240-0436-454a-8993-362abf5bc477": window light drew 2/2 beam(s)
2026-05-25 23:32:09.315 +02:00 [INF] Map "d5c08240-0436-454a-8993-362abf5bc477": window light drew 2/2 beam(s)
2026-05-25 23:32:09.365 +02:00 [INF] Map "d5c08240-0436-454a-8993-362abf5bc477": window light drew 2/2 beam(s)
2026-05-25 23:32:09.430 +02:00 [INF] Map "d5c08240-0436-454a-8993-362abf5bc477": window light drew 2/2 beam(s)
2026-05-25 23:32:09.481 +02:00 [INF] Map "d5c08240-0436-454a-8993-362abf5bc477": window light drew 2/2 beam(s)
2026-05-25 23:32:09.531 +02:00 [INF] Map "d5c08240-0436-454a-8993-362abf5bc477": window light drew 2/2 beam(s)
2026-05-25 23:32:09.581 +02:00 [INF] Map "d5c08240-0436-454a-8993-362abf5bc477": window light drew 2/2 beam(s)
2026-05-25 23:32:09.631 +02:00 [INF] Map "d5c08240-0436-454a-8993-362abf5bc477": window light drew 2/2 beam(s)
2026-05-25 23:32:09.681 +02:00 [INF] Map "d5c08240-0436-454a-8993-362abf5bc477": window light drew 2/2 beam(s)
2026-05-25 23:32:09.731 +02:00 [INF] Map "d5c08240-0436-454a-8993-362abf5bc477": window light drew 2/2 beam(s)
2026-05-25 23:32:09.781 +02:00 [INF] Map "d5c08240-0436-454a-8993-362abf5bc477": window light drew 2/2 beam(s)
2026-05-25 23:32:09.833 +02:00 [INF] Map "d5c08240-0436-454a-8993-362abf5bc477": window light drew 2/2 beam(s)
2026-05-25 23:32:09.883 +02:00 [INF] Map "d5c08240-0436-454a-8993-362abf5bc477": window light drew 2/2 beam(s)
2026-05-25 23:32:09.955 +02:00 [INF] Map "d5c08240-0436-454a-8993-362abf5bc477": window light drew 2/2 beam(s)
2026-05-25 23:32:10.005 +02:00 [INF] Map "d5c08240-0436-454a-8993-362abf5bc477": window light drew 2/2 beam(s)
2026-05-25 23:32:10.056 +02:00 [INF] Map "d5c08240-0436-454a-8993-362abf5bc477": window light drew 2/2 beam(s)
2026-05-25 23:32:10.106 +02:00 [INF] Map "d5c08240-0436-454a-8993-362abf5bc477": window light drew 2/2 beam(s)
2026-05-25 23:32:10.156 +02:00 [INF] Map "d5c08240-0436-454a-8993-362abf5bc477": window light drew 2/2 beam(s)
2026-05-25 23:32:10.206 +02:00 [INF] Map "d5c08240-0436-454a-8993-362abf5bc477": window light drew 2/2 beam(s)
2026-05-25 23:32:10.255 +02:00 [INF] Map "d5c08240-0436-454a-8993-362abf5bc477": window light drew 2/2 beam(s)
2026-05-25 23:32:10.305 +02:00 [INF] Map "d5c08240-0436-454a-8993-362abf5bc477": window light drew 2/2 beam(s)
2026-05-25 23:32:10.355 +02:00 [INF] Map "d5c08240-0436-454a-8993-362abf5bc477": window light drew 2/2 beam(s)
2026-05-25 23:32:10.405 +02:00 [INF] Map "d5c08240-0436-454a-8993-362abf5bc477": window light drew 2/2 beam(s)
2026-05-25 23:32:10.473 +02:00 [INF] Map "d5c08240-0436-454a-8993-362abf5bc477": window light drew 2/2 beam(s)
2026-05-25 23:32:10.522 +02:00 [INF] Map "d5c08240-0436-454a-8993-362abf5bc477": window light drew 2/2 beam(s)
2026-05-25 23:32:10.572 +02:00 [INF] Map "d5c08240-0436-454a-8993-362abf5bc477": window light drew 2/2 beam(s)
2026-05-25 23:32:10.622 +02:00 [INF] Map "d5c08240-0436-454a-8993-362abf5bc477": window light drew 2/2 beam(s)
2026-05-25 23:32:10.671 +02:00 [INF] Map "d5c08240-0436-454a-8993-362abf5bc477": window light drew 2/2 beam(s)
2026-05-25 23:32:10.720 +02:00 [INF] Map "d5c08240-0436-454a-8993-362abf5bc477": window light drew 2/2 beam(s)
2026-05-25 23:32:10.770 +02:00 [INF] Map "d5c08240-0436-454a-8993-362abf5bc477": window light drew 2/2 beam(s)
2026-05-25 23:32:10.819 +02:00 [INF] Map "d5c08240-0436-454a-8993-362abf5bc477": window light drew 2/2 beam(s)
2026-05-25 23:32:10.869 +02:00 [INF] Map "d5c08240-0436-454a-8993-362abf5bc477": window light drew 2/2 beam(s)
2026-05-25 23:32:10.920 +02:00 [INF] Map "d5c08240-0436-454a-8993-362abf5bc477": window light drew 2/2 beam(s)
2026-05-25 23:32:10.989 +02:00 [INF] Map "d5c08240-0436-454a-8993-362abf5bc477": window light drew 2/2 beam(s)
2026-05-25 23:32:11.039 +02:00 [INF] Map "d5c08240-0436-454a-8993-362abf5bc477": window light drew 2/2 beam(s)
2026-05-25 23:32:11.088 +02:00 [INF] Map "d5c08240-0436-454a-8993-362abf5bc477": window light drew 2/2 beam(s)
2026-05-25 23:32:11.138 +02:00 [INF] Map "d5c08240-0436-454a-8993-362abf5bc477": window light drew 2/2 beam(s)
2026-05-25 23:32:11.188 +02:00 [INF] Map "d5c08240-0436-454a-8993-362abf5bc477": window light drew 2/2 beam(s)
2026-05-25 23:32:11.238 +02:00 [INF] Map "d5c08240-0436-454a-8993-362abf5bc477": window light drew 2/2 beam(s)
2026-05-25 23:32:11.288 +02:00 [INF] Map "d5c08240-0436-454a-8993-362abf5bc477": window light drew 2/2 beam(s)
2026-05-25 23:32:11.337 +02:00 [INF] Map "d5c08240-0436-454a-8993-362abf5bc477": window light drew 2/2 beam(s)
2026-05-25 23:32:11.387 +02:00 [INF] Map "d5c08240-0436-454a-8993-362abf5bc477": window light drew 2/2 beam(s)
2026-05-25 23:32:11.437 +02:00 [INF] Map "d5c08240-0436-454a-8993-362abf5bc477": window light drew 2/2 beam(s)
2026-05-25 23:32:11.501 +02:00 [INF] Map "d5c08240-0436-454a-8993-362abf5bc477": window light drew 2/2 beam(s)
2026-05-25 23:32:11.550 +02:00 [INF] Map "d5c08240-0436-454a-8993-362abf5bc477": window light drew 2/2 beam(s)
2026-05-25 23:32:11.599 +02:00 [INF] Map "d5c08240-0436-454a-8993-362abf5bc477": window light drew 2/2 beam(s)
2026-05-25 23:32:11.648 +02:00 [INF] Map "d5c08240-0436-454a-8993-362abf5bc477": window light drew 2/2 beam(s)
2026-05-25 23:32:11.699 +02:00 [INF] Map "d5c08240-0436-454a-8993-362abf5bc477": window light drew 2/2 beam(s)
2026-05-25 23:32:11.748 +02:00 [INF] Map "d5c08240-0436-454a-8993-362abf5bc477": window light drew 2/2 beam(s)
2026-05-25 23:32:11.798 +02:00 [INF] Map "d5c08240-0436-454a-8993-362abf5bc477": window light drew 2/2 beam(s)
2026-05-25 23:32:11.848 +02:00 [INF] Map "d5c08240-0436-454a-8993-362abf5bc477": window light drew 2/2 beam(s)
2026-05-25 23:32:11.898 +02:00 [INF] Map "d5c08240-0436-454a-8993-362abf5bc477": window light drew 2/2 beam(s)
2026-05-25 23:32:11.948 +02:00 [INF] Map "d5c08240-0436-454a-8993-362abf5bc477": window light drew 2/2 beam(s)
2026-05-25 23:32:12.013 +02:00 [INF] Map "d5c08240-0436-454a-8993-362abf5bc477": window light drew 2/2 beam(s)
2026-05-25 23:32:12.065 +02:00 [INF] Map "d5c08240-0436-454a-8993-362abf5bc477": window light drew 2/2 beam(s)
2026-05-25 23:32:12.115 +02:00 [INF] Map "d5c08240-0436-454a-8993-362abf5bc477": window light drew 2/2 beam(s)
2026-05-25 23:32:12.165 +02:00 [INF] Map "d5c08240-0436-454a-8993-362abf5bc477": window light drew 2/2 beam(s)
2026-05-25 23:32:12.215 +02:00 [INF] Map "d5c08240-0436-454a-8993-362abf5bc477": window light drew 2/2 beam(s)
2026-05-25 23:32:12.265 +02:00 [INF] Map "d5c08240-0436-454a-8993-362abf5bc477": window light drew 2/2 beam(s)
2026-05-25 23:32:12.315 +02:00 [INF] Map "d5c08240-0436-454a-8993-362abf5bc477": window light drew 2/2 beam(s)
2026-05-25 23:32:12.365 +02:00 [INF] Map "d5c08240-0436-454a-8993-362abf5bc477": window light drew 2/2 beam(s)
2026-05-25 23:32:12.415 +02:00 [INF] Map "d5c08240-0436-454a-8993-362abf5bc477": window light drew 2/2 beam(s)
2026-05-25 23:32:12.465 +02:00 [INF] Map "d5c08240-0436-454a-8993-362abf5bc477": window light drew 2/2 beam(s)
2026-05-25 23:32:12.529 +02:00 [INF] Map "d5c08240-0436-454a-8993-362abf5bc477": window light drew 2/2 beam(s)
2026-05-25 23:32:12.580 +02:00 [INF] Map "d5c08240-0436-454a-8993-362abf5bc477": window light drew 2/2 beam(s)
2026-05-25 23:32:12.630 +02:00 [INF] Map "d5c08240-0436-454a-8993-362abf5bc477": window light drew 2/2 beam(s)
2026-05-25 23:32:12.680 +02:00 [INF] Map "d5c08240-0436-454a-8993-362abf5bc477": window light drew 2/2 beam(s)
2026-05-25 23:32:12.730 +02:00 [INF] Map "d5c08240-0436-454a-8993-362abf5bc477": window light drew 2/2 beam(s)
2026-05-25 23:32:12.780 +02:00 [INF] Map "d5c08240-0436-454a-8993-362abf5bc477": window light drew 2/2 beam(s)
2026-05-25 23:32:12.830 +02:00 [INF] Map "d5c08240-0436-454a-8993-362abf5bc477": window light drew 2/2 beam(s)
2026-05-25 23:32:12.880 +02:00 [INF] Map "d5c08240-0436-454a-8993-362abf5bc477": window light drew 2/2 beam(s)
2026-05-25 23:32:12.930 +02:00 [INF] Map "d5c08240-0436-454a-8993-362abf5bc477": window light drew 2/2 beam(s)
2026-05-25 23:32:12.981 +02:00 [INF] Map "d5c08240-0436-454a-8993-362abf5bc477": window light drew 2/2 beam(s)
2026-05-25 23:32:13.047 +02:00 [INF] Map "d5c08240-0436-454a-8993-362abf5bc477": window light drew 2/2 beam(s)
2026-05-25 23:32:13.097 +02:00 [INF] Map "d5c08240-0436-454a-8993-362abf5bc477": window light drew 2/2 beam(s)
2026-05-25 23:32:13.148 +02:00 [INF] Map "d5c08240-0436-454a-8993-362abf5bc477": window light drew 2/2 beam(s)
2026-05-25 23:32:13.201 +02:00 [INF] Map "d5c08240-0436-454a-8993-362abf5bc477": window light drew 2/2 beam(s)
2026-05-25 23:32:13.254 +02:00 [INF] Map "d5c08240-0436-454a-8993-362abf5bc477": window light drew 2/2 beam(s)
2026-05-25 23:32:13.287 +02:00 [INF] Map "d5c08240-0436-454a-8993-362abf5bc477": window light drew 2/2 beam(s)
2026-05-25 23:32:13.318 +02:00 [INF] Map "d5c08240-0436-454a-8993-362abf5bc477": window light drew 2/2 beam(s)
2026-05-25 23:32:13.349 +02:00 [INF] Map "d5c08240-0436-454a-8993-362abf5bc477": window light drew 2/2 beam(s)
2026-05-25 23:32:13.379 +02:00 [INF] Map "d5c08240-0436-454a-8993-362abf5bc477": window light drew 2/2 beam(s)
2026-05-25 23:32:13.408 +02:00 [INF] Map "d5c08240-0436-454a-8993-362abf5bc477": window light drew 2/2 beam(s)
2026-05-25 23:32:13.452 +02:00 [INF] Map "d5c08240-0436-454a-8993-362abf5bc477": window light drew 2/2 beam(s)
2026-05-25 23:32:13.481 +02:00 [INF] Map "d5c08240-0436-454a-8993-362abf5bc477": window light drew 2/2 beam(s)
2026-05-25 23:32:13.510 +02:00 [INF] Map "d5c08240-0436-454a-8993-362abf5bc477": window light drew 2/2 beam(s)
2026-05-25 23:32:13.539 +02:00 [INF] Map "d5c08240-0436-454a-8993-362abf5bc477": window light drew 2/2 beam(s)
2026-05-25 23:32:13.589 +02:00 [INF] Map "d5c08240-0436-454a-8993-362abf5bc477": window light drew 2/2 beam(s)
2026-05-25 23:32:13.638 +02:00 [INF] Map "d5c08240-0436-454a-8993-362abf5bc477": window light drew 2/2 beam(s)
2026-05-25 23:32:13.687 +02:00 [INF] Map "d5c08240-0436-454a-8993-362abf5bc477": window light drew 2/2 beam(s)
2026-05-25 23:32:13.737 +02:00 [INF] Map "d5c08240-0436-454a-8993-362abf5bc477": window light drew 2/2 beam(s)
2026-05-25 23:32:13.788 +02:00 [INF] Map "d5c08240-0436-454a-8993-362abf5bc477": window light drew 2/2 beam(s)
2026-05-25 23:32:13.839 +02:00 [INF] Map "d5c08240-0436-454a-8993-362abf5bc477": window light drew 2/2 beam(s)
2026-05-25 23:32:13.906 +02:00 [INF] Map "d5c08240-0436-454a-8993-362abf5bc477": window light drew 2/2 beam(s)
2026-05-25 23:32:13.957 +02:00 [INF] Map "d5c08240-0436-454a-8993-362abf5bc477": window light drew 2/2 beam(s)
2026-05-25 23:32:14.009 +02:00 [INF] Map "d5c08240-0436-454a-8993-362abf5bc477": window light drew 2/2 beam(s)
2026-05-25 23:32:14.059 +02:00 [INF] Map "d5c08240-0436-454a-8993-362abf5bc477": window light drew 2/2 beam(s)
2026-05-25 23:32:14.109 +02:00 [INF] Map "d5c08240-0436-454a-8993-362abf5bc477": window light drew 2/2 beam(s)
2026-05-25 23:32:14.161 +02:00 [INF] Map "d5c08240-0436-454a-8993-362abf5bc477": window light drew 2/2 beam(s)
2026-05-25 23:32:14.215 +02:00 [INF] Map "d5c08240-0436-454a-8993-362abf5bc477": window light drew 2/2 beam(s)
2026-05-25 23:32:14.271 +02:00 [INF] Map "d5c08240-0436-454a-8993-362abf5bc477": window light drew 2/2 beam(s)
2026-05-25 23:32:14.325 +02:00 [INF] Map "d5c08240-0436-454a-8993-362abf5bc477": window light drew 2/2 beam(s)
2026-05-25 23:32:14.375 +02:00 [INF] Map "d5c08240-0436-454a-8993-362abf5bc477": window light drew 2/2 beam(s)
2026-05-25 23:32:14.442 +02:00 [INF] Map "d5c08240-0436-454a-8993-362abf5bc477": window light drew 2/2 beam(s)
2026-05-25 23:32:14.493 +02:00 [INF] Map "d5c08240-0436-454a-8993-362abf5bc477": window light drew 2/2 beam(s)
2026-05-25 23:32:14.543 +02:00 [INF] Map "d5c08240-0436-454a-8993-362abf5bc477": window light drew 2/2 beam(s)
2026-05-25 23:32:14.594 +02:00 [INF] Map "d5c08240-0436-454a-8993-362abf5bc477": window light drew 2/2 beam(s)
2026-05-25 23:32:14.644 +02:00 [INF] Map "d5c08240-0436-454a-8993-362abf5bc477": window light drew 2/2 beam(s)
2026-05-25 23:32:14.695 +02:00 [INF] Map "d5c08240-0436-454a-8993-362abf5bc477": window light drew 2/2 beam(s)
2026-05-25 23:32:14.745 +02:00 [INF] Map "d5c08240-0436-454a-8993-362abf5bc477": window light drew 2/2 beam(s)
2026-05-25 23:32:14.797 +02:00 [INF] Map "d5c08240-0436-454a-8993-362abf5bc477": window light drew 2/2 beam(s)
2026-05-25 23:32:14.846 +02:00 [INF] Map "d5c08240-0436-454a-8993-362abf5bc477": window light drew 2/2 beam(s)
2026-05-25 23:32:14.896 +02:00 [INF] Map "d5c08240-0436-454a-8993-362abf5bc477": window light drew 2/2 beam(s)
2026-05-25 23:32:14.960 +02:00 [INF] Map "d5c08240-0436-454a-8993-362abf5bc477": window light drew 2/2 beam(s)
2026-05-25 23:32:15.009 +02:00 [INF] Map "d5c08240-0436-454a-8993-362abf5bc477": window light drew 2/2 beam(s)
2026-05-25 23:32:15.059 +02:00 [INF] Map "d5c08240-0436-454a-8993-362abf5bc477": window light drew 2/2 beam(s)
2026-05-25 23:32:15.110 +02:00 [INF] Map "d5c08240-0436-454a-8993-362abf5bc477": window light drew 2/2 beam(s)
2026-05-25 23:32:15.159 +02:00 [INF] Map "d5c08240-0436-454a-8993-362abf5bc477": window light drew 2/2 beam(s)
2026-05-25 23:32:15.209 +02:00 [INF] Map "d5c08240-0436-454a-8993-362abf5bc477": window light drew 2/2 beam(s)
2026-05-25 23:32:15.260 +02:00 [INF] Map "d5c08240-0436-454a-8993-362abf5bc477": window light drew 2/2 beam(s)
2026-05-25 23:32:15.309 +02:00 [INF] Map "d5c08240-0436-454a-8993-362abf5bc477": window light drew 2/2 beam(s)
2026-05-25 23:32:15.359 +02:00 [INF] Map "d5c08240-0436-454a-8993-362abf5bc477": window light drew 2/2 beam(s)
2026-05-25 23:32:15.409 +02:00 [INF] Map "d5c08240-0436-454a-8993-362abf5bc477": window light drew 2/2 beam(s)
2026-05-25 23:32:15.475 +02:00 [INF] Map "d5c08240-0436-454a-8993-362abf5bc477": window light drew 2/2 beam(s)
2026-05-25 23:32:15.525 +02:00 [INF] Map "d5c08240-0436-454a-8993-362abf5bc477": window light drew 2/2 beam(s)
2026-05-25 23:32:15.575 +02:00 [INF] Map "d5c08240-0436-454a-8993-362abf5bc477": window light drew 2/2 beam(s)
2026-05-25 23:32:15.625 +02:00 [INF] Map "d5c08240-0436-454a-8993-362abf5bc477": window light drew 2/2 beam(s)
2026-05-25 23:32:15.674 +02:00 [INF] Map "d5c08240-0436-454a-8993-362abf5bc477": window light drew 2/2 beam(s)
2026-05-25 23:32:15.724 +02:00 [INF] Map "d5c08240-0436-454a-8993-362abf5bc477": window light drew 2/2 beam(s)
2026-05-25 23:32:15.773 +02:00 [INF] Map "d5c08240-0436-454a-8993-362abf5bc477": window light drew 2/2 beam(s)
2026-05-25 23:32:15.824 +02:00 [INF] Map "d5c08240-0436-454a-8993-362abf5bc477": window light drew 2/2 beam(s)
2026-05-25 23:32:15.877 +02:00 [INF] Map "d5c08240-0436-454a-8993-362abf5bc477": window light drew 2/2 beam(s)
2026-05-25 23:32:15.929 +02:00 [INF] Map "d5c08240-0436-454a-8993-362abf5bc477": window light drew 2/2 beam(s)
2026-05-25 23:32:16.002 +02:00 [INF] Map "d5c08240-0436-454a-8993-362abf5bc477": window light drew 2/2 beam(s)
2026-05-25 23:32:16.054 +02:00 [INF] Map "d5c08240-0436-454a-8993-362abf5bc477": window light drew 2/2 beam(s)
2026-05-25 23:32:16.104 +02:00 [INF] Map "d5c08240-0436-454a-8993-362abf5bc477": window light drew 2/2 beam(s)
2026-05-25 23:32:16.154 +02:00 [INF] Map "d5c08240-0436-454a-8993-362abf5bc477": window light drew 2/2 beam(s)
2026-05-25 23:32:16.205 +02:00 [INF] Map "d5c08240-0436-454a-8993-362abf5bc477": window light drew 2/2 beam(s)
2026-05-25 23:32:16.254 +02:00 [INF] Map "d5c08240-0436-454a-8993-362abf5bc477": window light drew 2/2 beam(s)
2026-05-25 23:32:16.304 +02:00 [INF] Map "d5c08240-0436-454a-8993-362abf5bc477": window light drew 2/2 beam(s)
2026-05-25 23:32:16.355 +02:00 [INF] Map "d5c08240-0436-454a-8993-362abf5bc477": window light drew 2/2 beam(s)
2026-05-25 23:32:16.404 +02:00 [INF] Map "d5c08240-0436-454a-8993-362abf5bc477": window light drew 2/2 beam(s)
2026-05-25 23:32:16.454 +02:00 [INF] Map "d5c08240-0436-454a-8993-362abf5bc477": window light drew 2/2 beam(s)
2026-05-25 23:32:16.519 +02:00 [INF] Map "d5c08240-0436-454a-8993-362abf5bc477": window light drew 2/2 beam(s)
2026-05-25 23:32:16.568 +02:00 [INF] Map "d5c08240-0436-454a-8993-362abf5bc477": window light drew 2/2 beam(s)
2026-05-25 23:32:16.618 +02:00 [INF] Map "d5c08240-0436-454a-8993-362abf5bc477": window light drew 2/2 beam(s)
2026-05-25 23:32:16.671 +02:00 [INF] Map "d5c08240-0436-454a-8993-362abf5bc477": window light drew 2/2 beam(s)
2026-05-25 23:32:16.728 +02:00 [INF] Map "d5c08240-0436-454a-8993-362abf5bc477": window light drew 2/2 beam(s)
2026-05-25 23:32:16.780 +02:00 [INF] Map "d5c08240-0436-454a-8993-362abf5bc477": window light drew 2/2 beam(s)
2026-05-25 23:32:16.830 +02:00 [INF] Map "d5c08240-0436-454a-8993-362abf5bc477": window light drew 2/2 beam(s)
2026-05-25 23:32:16.881 +02:00 [INF] Map "d5c08240-0436-454a-8993-362abf5bc477": window light drew 2/2 beam(s)
2026-05-25 23:32:16.931 +02:00 [INF] Map "d5c08240-0436-454a-8993-362abf5bc477": window light drew 2/2 beam(s)
2026-05-25 23:32:16.981 +02:00 [INF] Map "d5c08240-0436-454a-8993-362abf5bc477": window light drew 2/2 beam(s)
2026-05-25 23:32:17.047 +02:00 [INF] Map "d5c08240-0436-454a-8993-362abf5bc477": window light drew 2/2 beam(s)
2026-05-25 23:32:17.099 +02:00 [INF] Map "d5c08240-0436-454a-8993-362abf5bc477": window light drew 2/2 beam(s)
2026-05-25 23:32:17.148 +02:00 [INF] Map "d5c08240-0436-454a-8993-362abf5bc477": window light drew 2/2 beam(s)
2026-05-25 23:32:17.199 +02:00 [INF] Map "d5c08240-0436-454a-8993-362abf5bc477": window light drew 2/2 beam(s)
2026-05-25 23:32:17.252 +02:00 [INF] Map "d5c08240-0436-454a-8993-362abf5bc477": window light drew 2/2 beam(s)
2026-05-25 23:32:17.302 +02:00 [INF] Map "d5c08240-0436-454a-8993-362abf5bc477": window light drew 2/2 beam(s)
2026-05-25 23:32:17.351 +02:00 [INF] Map "d5c08240-0436-454a-8993-362abf5bc477": window light drew 2/2 beam(s)
2026-05-25 23:32:17.401 +02:00 [INF] Map "d5c08240-0436-454a-8993-362abf5bc477": window light drew 2/2 beam(s)
2026-05-25 23:32:17.451 +02:00 [INF] Map "d5c08240-0436-454a-8993-362abf5bc477": window light drew 2/2 beam(s)
2026-05-25 23:32:17.503 +02:00 [INF] Map "d5c08240-0436-454a-8993-362abf5bc477": window light drew 2/2 beam(s)
2026-05-25 23:32:17.569 +02:00 [INF] Map "d5c08240-0436-454a-8993-362abf5bc477": window light drew 2/2 beam(s)
2026-05-25 23:32:17.619 +02:00 [INF] Map "d5c08240-0436-454a-8993-362abf5bc477": window light drew 2/2 beam(s)
2026-05-25 23:32:17.668 +02:00 [INF] Map "d5c08240-0436-454a-8993-362abf5bc477": window light drew 2/2 beam(s)
2026-05-25 23:32:17.718 +02:00 [INF] Map "d5c08240-0436-454a-8993-362abf5bc477": window light drew 2/2 beam(s)
2026-05-25 23:32:17.769 +02:00 [INF] Map "d5c08240-0436-454a-8993-362abf5bc477": window light drew 2/2 beam(s)
2026-05-25 23:32:17.818 +02:00 [INF] Map "d5c08240-0436-454a-8993-362abf5bc477": window light drew 2/2 beam(s)
2026-05-25 23:32:17.868 +02:00 [INF] Map "d5c08240-0436-454a-8993-362abf5bc477": window light drew 2/2 beam(s)
2026-05-25 23:32:17.917 +02:00 [INF] Map "d5c08240-0436-454a-8993-362abf5bc477": window light drew 2/2 beam(s)
2026-05-25 23:32:17.967 +02:00 [INF] Map "d5c08240-0436-454a-8993-362abf5bc477": window light drew 2/2 beam(s)
2026-05-25 23:32:18.016 +02:00 [INF] Map "d5c08240-0436-454a-8993-362abf5bc477": window light drew 2/2 beam(s)
2026-05-25 23:32:18.083 +02:00 [INF] Map "d5c08240-0436-454a-8993-362abf5bc477": window light drew 2/2 beam(s)
2026-05-25 23:32:18.133 +02:00 [INF] Map "d5c08240-0436-454a-8993-362abf5bc477": window light drew 2/2 beam(s)
2026-05-25 23:32:18.183 +02:00 [INF] Map "d5c08240-0436-454a-8993-362abf5bc477": window light drew 2/2 beam(s)
2026-05-25 23:32:18.233 +02:00 [INF] Map "d5c08240-0436-454a-8993-362abf5bc477": window light drew 2/2 beam(s)
2026-05-25 23:32:18.283 +02:00 [INF] Map "d5c08240-0436-454a-8993-362abf5bc477": window light drew 2/2 beam(s)
2026-05-25 23:32:18.333 +02:00 [INF] Map "d5c08240-0436-454a-8993-362abf5bc477": window light drew 2/2 beam(s)
2026-05-25 23:32:18.383 +02:00 [INF] Map "d5c08240-0436-454a-8993-362abf5bc477": window light drew 2/2 beam(s)
2026-05-25 23:32:18.433 +02:00 [INF] Map "d5c08240-0436-454a-8993-362abf5bc477": window light drew 2/2 beam(s)
2026-05-25 23:32:18.483 +02:00 [INF] Map "d5c08240-0436-454a-8993-362abf5bc477": window light drew 2/2 beam(s)
2026-05-25 23:32:18.535 +02:00 [INF] Map "d5c08240-0436-454a-8993-362abf5bc477": window light drew 2/2 beam(s)
2026-05-25 23:32:18.600 +02:00 [INF] Map "d5c08240-0436-454a-8993-362abf5bc477": window light drew 2/2 beam(s)
2026-05-25 23:32:18.650 +02:00 [INF] Map "d5c08240-0436-454a-8993-362abf5bc477": window light drew 2/2 beam(s)
2026-05-25 23:32:18.699 +02:00 [INF] Map "d5c08240-0436-454a-8993-362abf5bc477": window light drew 2/2 beam(s)
2026-05-25 23:32:18.748 +02:00 [INF] Map "d5c08240-0436-454a-8993-362abf5bc477": window light drew 2/2 beam(s)
2026-05-25 23:32:18.798 +02:00 [INF] Map "d5c08240-0436-454a-8993-362abf5bc477": window light drew 2/2 beam(s)
2026-05-25 23:32:18.848 +02:00 [INF] Map "d5c08240-0436-454a-8993-362abf5bc477": window light drew 2/2 beam(s)
2026-05-25 23:32:18.898 +02:00 [INF] Map "d5c08240-0436-454a-8993-362abf5bc477": window light drew 2/2 beam(s)
2026-05-25 23:32:18.948 +02:00 [INF] Map "d5c08240-0436-454a-8993-362abf5bc477": window light drew 2/2 beam(s)
2026-05-25 23:32:18.998 +02:00 [INF] Map "d5c08240-0436-454a-8993-362abf5bc477": window light drew 2/2 beam(s)
2026-05-25 23:32:19.047 +02:00 [INF] Map "d5c08240-0436-454a-8993-362abf5bc477": window light drew 2/2 beam(s)
2026-05-25 23:32:19.112 +02:00 [INF] Map "d5c08240-0436-454a-8993-362abf5bc477": window light drew 2/2 beam(s)
2026-05-25 23:32:19.162 +02:00 [INF] Map "d5c08240-0436-454a-8993-362abf5bc477": window light drew 2/2 beam(s)
2026-05-25 23:32:19.212 +02:00 [INF] Map "d5c08240-0436-454a-8993-362abf5bc477": window light drew 2/2 beam(s)
2026-05-25 23:32:19.261 +02:00 [INF] Map "d5c08240-0436-454a-8993-362abf5bc477": window light drew 2/2 beam(s)
2026-05-25 23:32:19.311 +02:00 [INF] Map "d5c08240-0436-454a-8993-362abf5bc477": window light drew 2/2 beam(s)
2026-05-25 23:32:19.360 +02:00 [INF] Map "d5c08240-0436-454a-8993-362abf5bc477": window light drew 2/2 beam(s)
2026-05-25 23:32:19.410 +02:00 [INF] Map "d5c08240-0436-454a-8993-362abf5bc477": window light drew 2/2 beam(s)
2026-05-25 23:32:19.460 +02:00 [INF] Map "d5c08240-0436-454a-8993-362abf5bc477": window light drew 2/2 beam(s)
2026-05-25 23:32:19.508 +02:00 [INF] Map "d5c08240-0436-454a-8993-362abf5bc477": window light drew 2/2 beam(s)
2026-05-25 23:32:19.558 +02:00 [INF] Map "d5c08240-0436-454a-8993-362abf5bc477": window light drew 2/2 beam(s)
2026-05-25 23:32:19.623 +02:00 [INF] Map "d5c08240-0436-454a-8993-362abf5bc477": window light drew 2/2 beam(s)
2026-05-25 23:32:19.673 +02:00 [INF] Map "d5c08240-0436-454a-8993-362abf5bc477": window light drew 2/2 beam(s)
2026-05-25 23:32:19.723 +02:00 [INF] Map "d5c08240-0436-454a-8993-362abf5bc477": window light drew 2/2 beam(s)
2026-05-25 23:32:19.773 +02:00 [INF] Map "d5c08240-0436-454a-8993-362abf5bc477": window light drew 2/2 beam(s)
2026-05-25 23:32:19.823 +02:00 [INF] Map "d5c08240-0436-454a-8993-362abf5bc477": window light drew 2/2 beam(s)
2026-05-25 23:32:19.875 +02:00 [INF] Map "d5c08240-0436-454a-8993-362abf5bc477": window light drew 2/2 beam(s)
2026-05-25 23:32:19.926 +02:00 [INF] Map "d5c08240-0436-454a-8993-362abf5bc477": window light drew 2/2 beam(s)
2026-05-25 23:32:19.975 +02:00 [INF] Map "d5c08240-0436-454a-8993-362abf5bc477": window light drew 2/2 beam(s)
2026-05-25 23:32:20.027 +02:00 [INF] Map "d5c08240-0436-454a-8993-362abf5bc477": window light drew 2/2 beam(s)
2026-05-25 23:32:20.079 +02:00 [INF] Map "d5c08240-0436-454a-8993-362abf5bc477": window light drew 2/2 beam(s)
2026-05-25 23:32:20.149 +02:00 [INF] Map "d5c08240-0436-454a-8993-362abf5bc477": window light drew 2/2 beam(s)
2026-05-25 23:32:20.199 +02:00 [INF] Map "d5c08240-0436-454a-8993-362abf5bc477": window light drew 2/2 beam(s)
2026-05-25 23:32:20.249 +02:00 [INF] Map "d5c08240-0436-454a-8993-362abf5bc477": window light drew 2/2 beam(s)
2026-05-25 23:32:20.299 +02:00 [INF] Map "d5c08240-0436-454a-8993-362abf5bc477": window light drew 2/2 beam(s)
2026-05-25 23:32:20.348 +02:00 [INF] Map "d5c08240-0436-454a-8993-362abf5bc477": window light drew 2/2 beam(s)
2026-05-25 23:32:20.398 +02:00 [INF] Map "d5c08240-0436-454a-8993-362abf5bc477": window light drew 2/2 beam(s)
2026-05-25 23:32:20.448 +02:00 [INF] Map "d5c08240-0436-454a-8993-362abf5bc477": window light drew 2/2 beam(s)
2026-05-25 23:32:20.497 +02:00 [INF] Map "d5c08240-0436-454a-8993-362abf5bc477": window light drew 2/2 beam(s)
2026-05-25 23:32:20.547 +02:00 [INF] Map "d5c08240-0436-454a-8993-362abf5bc477": window light drew 2/2 beam(s)
2026-05-25 23:32:20.596 +02:00 [INF] Map "d5c08240-0436-454a-8993-362abf5bc477": window light drew 2/2 beam(s)
2026-05-25 23:32:20.660 +02:00 [INF] Map "d5c08240-0436-454a-8993-362abf5bc477": window light drew 2/2 beam(s)
2026-05-25 23:32:20.709 +02:00 [INF] Map "d5c08240-0436-454a-8993-362abf5bc477": window light drew 2/2 beam(s)
2026-05-25 23:32:20.758 +02:00 [INF] Map "d5c08240-0436-454a-8993-362abf5bc477": window light drew 2/2 beam(s)
2026-05-25 23:32:20.808 +02:00 [INF] Map "d5c08240-0436-454a-8993-362abf5bc477": window light drew 2/2 beam(s)
2026-05-25 23:32:20.857 +02:00 [INF] Map "d5c08240-0436-454a-8993-362abf5bc477": window light drew 2/2 beam(s)
2026-05-25 23:32:20.906 +02:00 [INF] Map "d5c08240-0436-454a-8993-362abf5bc477": window light drew 2/2 beam(s)
2026-05-25 23:32:20.956 +02:00 [INF] Map "d5c08240-0436-454a-8993-362abf5bc477": window light drew 2/2 beam(s)
2026-05-25 23:32:21.007 +02:00 [INF] Map "d5c08240-0436-454a-8993-362abf5bc477": window light drew 2/2 beam(s)
2026-05-25 23:32:21.056 +02:00 [INF] Map "d5c08240-0436-454a-8993-362abf5bc477": window light drew 2/2 beam(s)
2026-05-25 23:32:21.106 +02:00 [INF] Map "d5c08240-0436-454a-8993-362abf5bc477": window light drew 2/2 beam(s)
2026-05-25 23:32:21.170 +02:00 [INF] Map "d5c08240-0436-454a-8993-362abf5bc477": window light drew 2/2 beam(s)
2026-05-25 23:32:21.220 +02:00 [INF] Map "d5c08240-0436-454a-8993-362abf5bc477": window light drew 2/2 beam(s)
2026-05-25 23:32:21.270 +02:00 [INF] Map "d5c08240-0436-454a-8993-362abf5bc477": window light drew 2/2 beam(s)
2026-05-25 23:32:21.319 +02:00 [INF] Map "d5c08240-0436-454a-8993-362abf5bc477": window light drew 2/2 beam(s)
2026-05-25 23:32:21.376 +02:00 [INF] Map "d5c08240-0436-454a-8993-362abf5bc477": window light drew 2/2 beam(s)
2026-05-25 23:32:21.427 +02:00 [INF] Map "d5c08240-0436-454a-8993-362abf5bc477": window light drew 2/2 beam(s)
2026-05-25 23:32:21.477 +02:00 [INF] Map "d5c08240-0436-454a-8993-362abf5bc477": window light drew 2/2 beam(s)
2026-05-25 23:32:21.526 +02:00 [INF] Map "d5c08240-0436-454a-8993-362abf5bc477": window light drew 2/2 beam(s)
2026-05-25 23:32:21.576 +02:00 [INF] Map "d5c08240-0436-454a-8993-362abf5bc477": window light drew 2/2 beam(s)
2026-05-25 23:32:21.625 +02:00 [INF] Map "d5c08240-0436-454a-8993-362abf5bc477": window light drew 2/2 beam(s)
2026-05-25 23:32:21.689 +02:00 [INF] Map "d5c08240-0436-454a-8993-362abf5bc477": window light drew 2/2 beam(s)
2026-05-25 23:32:21.739 +02:00 [INF] Map "d5c08240-0436-454a-8993-362abf5bc477": window light drew 2/2 beam(s)
2026-05-25 23:32:21.788 +02:00 [INF] Map "d5c08240-0436-454a-8993-362abf5bc477": window light drew 2/2 beam(s)
2026-05-25 23:32:21.837 +02:00 [INF] Map "d5c08240-0436-454a-8993-362abf5bc477": window light drew 2/2 beam(s)
2026-05-25 23:32:21.887 +02:00 [INF] Map "d5c08240-0436-454a-8993-362abf5bc477": window light drew 2/2 beam(s)
2026-05-25 23:32:21.936 +02:00 [INF] Map "d5c08240-0436-454a-8993-362abf5bc477": window light drew 2/2 beam(s)
2026-05-25 23:32:21.986 +02:00 [INF] Map "d5c08240-0436-454a-8993-362abf5bc477": window light drew 2/2 beam(s)
2026-05-25 23:32:22.036 +02:00 [INF] Map "d5c08240-0436-454a-8993-362abf5bc477": window light drew 2/2 beam(s)
2026-05-25 23:32:22.086 +02:00 [INF] Map "d5c08240-0436-454a-8993-362abf5bc477": window light drew 2/2 beam(s)
2026-05-25 23:32:22.136 +02:00 [INF] Map "d5c08240-0436-454a-8993-362abf5bc477": window light drew 2/2 beam(s)
2026-05-25 23:32:22.202 +02:00 [INF] Map "d5c08240-0436-454a-8993-362abf5bc477": window light drew 2/2 beam(s)
2026-05-25 23:32:22.252 +02:00 [INF] Map "d5c08240-0436-454a-8993-362abf5bc477": window light drew 2/2 beam(s)
2026-05-25 23:32:22.303 +02:00 [INF] Map "d5c08240-0436-454a-8993-362abf5bc477": window light drew 2/2 beam(s)
2026-05-25 23:32:22.353 +02:00 [INF] Map "d5c08240-0436-454a-8993-362abf5bc477": window light drew 2/2 beam(s)
2026-05-25 23:32:22.403 +02:00 [INF] Map "d5c08240-0436-454a-8993-362abf5bc477": window light drew 2/2 beam(s)
2026-05-25 23:32:22.454 +02:00 [INF] Map "d5c08240-0436-454a-8993-362abf5bc477": window light drew 2/2 beam(s)
2026-05-25 23:32:22.506 +02:00 [INF] Map "d5c08240-0436-454a-8993-362abf5bc477": window light drew 2/2 beam(s)
2026-05-25 23:32:22.558 +02:00 [INF] Map "d5c08240-0436-454a-8993-362abf5bc477": window light drew 2/2 beam(s)
2026-05-25 23:32:22.608 +02:00 [INF] Map "d5c08240-0436-454a-8993-362abf5bc477": window light drew 2/2 beam(s)
2026-05-25 23:32:22.658 +02:00 [INF] Map "d5c08240-0436-454a-8993-362abf5bc477": window light drew 2/2 beam(s)
2026-05-25 23:32:22.724 +02:00 [INF] Map "d5c08240-0436-454a-8993-362abf5bc477": window light drew 2/2 beam(s)
2026-05-25 23:32:22.774 +02:00 [INF] Map "d5c08240-0436-454a-8993-362abf5bc477": window light drew 2/2 beam(s)
2026-05-25 23:32:22.824 +02:00 [INF] Map "d5c08240-0436-454a-8993-362abf5bc477": window light drew 2/2 beam(s)
2026-05-25 23:32:22.874 +02:00 [INF] Map "d5c08240-0436-454a-8993-362abf5bc477": window light drew 2/2 beam(s)
2026-05-25 23:32:22.924 +02:00 [INF] Map "d5c08240-0436-454a-8993-362abf5bc477": window light drew 2/2 beam(s)
2026-05-25 23:32:22.974 +02:00 [INF] Map "d5c08240-0436-454a-8993-362abf5bc477": window light drew 2/2 beam(s)
2026-05-25 23:32:23.024 +02:00 [INF] Map "d5c08240-0436-454a-8993-362abf5bc477": window light drew 2/2 beam(s)
2026-05-25 23:32:23.074 +02:00 [INF] Map "d5c08240-0436-454a-8993-362abf5bc477": window light drew 2/2 beam(s)
2026-05-25 23:32:23.124 +02:00 [INF] Map "d5c08240-0436-454a-8993-362abf5bc477": window light drew 2/2 beam(s)
2026-05-25 23:32:23.174 +02:00 [INF] Map "d5c08240-0436-454a-8993-362abf5bc477": window light drew 2/2 beam(s)
2026-05-25 23:32:23.240 +02:00 [INF] Map "d5c08240-0436-454a-8993-362abf5bc477": window light drew 2/2 beam(s)
2026-05-25 23:32:23.290 +02:00 [INF] Map "d5c08240-0436-454a-8993-362abf5bc477": window light drew 2/2 beam(s)
2026-05-25 23:32:23.339 +02:00 [INF] Map "d5c08240-0436-454a-8993-362abf5bc477": window light drew 2/2 beam(s)
2026-05-25 23:32:23.390 +02:00 [INF] Map "d5c08240-0436-454a-8993-362abf5bc477": window light drew 2/2 beam(s)
2026-05-25 23:32:23.440 +02:00 [INF] Map "d5c08240-0436-454a-8993-362abf5bc477": window light drew 2/2 beam(s)
2026-05-25 23:32:23.490 +02:00 [INF] Map "d5c08240-0436-454a-8993-362abf5bc477": window light drew 2/2 beam(s)
2026-05-25 23:32:23.541 +02:00 [INF] Map "d5c08240-0436-454a-8993-362abf5bc477": window light drew 2/2 beam(s)
2026-05-25 23:32:23.591 +02:00 [INF] Map "d5c08240-0436-454a-8993-362abf5bc477": window light drew 2/2 beam(s)
2026-05-25 23:32:23.642 +02:00 [INF] Map "d5c08240-0436-454a-8993-362abf5bc477": window light drew 2/2 beam(s)
2026-05-25 23:32:23.693 +02:00 [INF] Map "d5c08240-0436-454a-8993-362abf5bc477": window light drew 2/2 beam(s)
2026-05-25 23:32:23.758 +02:00 [INF] Map "d5c08240-0436-454a-8993-362abf5bc477": window light drew 2/2 beam(s)
2026-05-25 23:32:23.808 +02:00 [INF] Map "d5c08240-0436-454a-8993-362abf5bc477": window light drew 2/2 beam(s)
2026-05-25 23:32:23.858 +02:00 [INF] Map "d5c08240-0436-454a-8993-362abf5bc477": window light drew 2/2 beam(s)
2026-05-25 23:32:23.907 +02:00 [INF] Map "d5c08240-0436-454a-8993-362abf5bc477": window light drew 2/2 beam(s)
2026-05-25 23:32:23.957 +02:00 [INF] Map "d5c08240-0436-454a-8993-362abf5bc477": window light drew 2/2 beam(s)
2026-05-25 23:32:24.006 +02:00 [INF] Map "d5c08240-0436-454a-8993-362abf5bc477": window light drew 2/2 beam(s)
2026-05-25 23:32:24.056 +02:00 [INF] Map "d5c08240-0436-454a-8993-362abf5bc477": window light drew 2/2 beam(s)
2026-05-25 23:32:24.105 +02:00 [INF] Map "d5c08240-0436-454a-8993-362abf5bc477": window light drew 2/2 beam(s)
2026-05-25 23:32:24.155 +02:00 [INF] Map "d5c08240-0436-454a-8993-362abf5bc477": window light drew 2/2 beam(s)
2026-05-25 23:32:24.206 +02:00 [INF] Map "d5c08240-0436-454a-8993-362abf5bc477": window light drew 2/2 beam(s)
2026-05-25 23:32:24.270 +02:00 [INF] Map "d5c08240-0436-454a-8993-362abf5bc477": window light drew 2/2 beam(s)
2026-05-25 23:32:24.320 +02:00 [INF] Map "d5c08240-0436-454a-8993-362abf5bc477": window light drew 2/2 beam(s)
2026-05-25 23:32:24.369 +02:00 [INF] Map "d5c08240-0436-454a-8993-362abf5bc477": window light drew 2/2 beam(s)
2026-05-25 23:32:24.419 +02:00 [INF] Map "d5c08240-0436-454a-8993-362abf5bc477": window light drew 2/2 beam(s)
2026-05-25 23:32:24.469 +02:00 [INF] Map "d5c08240-0436-454a-8993-362abf5bc477": window light drew 2/2 beam(s)
2026-05-25 23:32:24.518 +02:00 [INF] Map "d5c08240-0436-454a-8993-362abf5bc477": window light drew 2/2 beam(s)
2026-05-25 23:32:24.568 +02:00 [INF] Map "d5c08240-0436-454a-8993-362abf5bc477": window light drew 2/2 beam(s)
2026-05-25 23:32:24.618 +02:00 [INF] Map "d5c08240-0436-454a-8993-362abf5bc477": window light drew 2/2 beam(s)
2026-05-25 23:32:24.669 +02:00 [INF] Map "d5c08240-0436-454a-8993-362abf5bc477": window light drew 2/2 beam(s)
2026-05-25 23:32:24.719 +02:00 [INF] Map "d5c08240-0436-454a-8993-362abf5bc477": window light drew 2/2 beam(s)
2026-05-25 23:32:24.783 +02:00 [INF] Map "d5c08240-0436-454a-8993-362abf5bc477": window light drew 2/2 beam(s)
2026-05-25 23:32:24.833 +02:00 [INF] Map "d5c08240-0436-454a-8993-362abf5bc477": window light drew 2/2 beam(s)
2026-05-25 23:32:24.883 +02:00 [INF] Map "d5c08240-0436-454a-8993-362abf5bc477": window light drew 2/2 beam(s)
2026-05-25 23:32:24.933 +02:00 [INF] Map "d5c08240-0436-454a-8993-362abf5bc477": window light drew 2/2 beam(s)
2026-05-25 23:32:24.984 +02:00 [INF] Map "d5c08240-0436-454a-8993-362abf5bc477": window light drew 2/2 beam(s)
2026-05-25 23:32:25.034 +02:00 [INF] Map "d5c08240-0436-454a-8993-362abf5bc477": window light drew 2/2 beam(s)
2026-05-25 23:32:25.083 +02:00 [INF] Map "d5c08240-0436-454a-8993-362abf5bc477": window light drew 2/2 beam(s)
2026-05-25 23:32:25.133 +02:00 [INF] Map "d5c08240-0436-454a-8993-362abf5bc477": window light drew 2/2 beam(s)
2026-05-25 23:32:25.183 +02:00 [INF] Map "d5c08240-0436-454a-8993-362abf5bc477": window light drew 2/2 beam(s)
2026-05-25 23:32:25.233 +02:00 [INF] Map "d5c08240-0436-454a-8993-362abf5bc477": window light drew 2/2 beam(s)
2026-05-25 23:32:25.297 +02:00 [INF] Map "d5c08240-0436-454a-8993-362abf5bc477": window light drew 2/2 beam(s)
2026-05-25 23:32:25.346 +02:00 [INF] Map "d5c08240-0436-454a-8993-362abf5bc477": window light drew 2/2 beam(s)
2026-05-25 23:32:25.396 +02:00 [INF] Map "d5c08240-0436-454a-8993-362abf5bc477": window light drew 2/2 beam(s)
2026-05-25 23:32:25.450 +02:00 [INF] Map "d5c08240-0436-454a-8993-362abf5bc477": window light drew 2/2 beam(s)
2026-05-25 23:32:25.500 +02:00 [INF] Map "d5c08240-0436-454a-8993-362abf5bc477": window light drew 2/2 beam(s)
2026-05-25 23:32:25.549 +02:00 [INF] Map "d5c08240-0436-454a-8993-362abf5bc477": window light drew 2/2 beam(s)
2026-05-25 23:32:25.599 +02:00 [INF] Map "d5c08240-0436-454a-8993-362abf5bc477": window light drew 2/2 beam(s)
2026-05-25 23:32:25.649 +02:00 [INF] Map "d5c08240-0436-454a-8993-362abf5bc477": window light drew 2/2 beam(s)
2026-05-25 23:32:25.698 +02:00 [INF] Map "d5c08240-0436-454a-8993-362abf5bc477": window light drew 2/2 beam(s)
2026-05-25 23:32:25.747 +02:00 [INF] Map "d5c08240-0436-454a-8993-362abf5bc477": window light drew 2/2 beam(s)
2026-05-25 23:32:25.812 +02:00 [INF] Map "d5c08240-0436-454a-8993-362abf5bc477": window light drew 2/2 beam(s)
2026-05-25 23:32:25.862 +02:00 [INF] Map "d5c08240-0436-454a-8993-362abf5bc477": window light drew 2/2 beam(s)
2026-05-25 23:32:25.912 +02:00 [INF] Map "d5c08240-0436-454a-8993-362abf5bc477": window light drew 2/2 beam(s)
2026-05-25 23:32:25.962 +02:00 [INF] Map "d5c08240-0436-454a-8993-362abf5bc477": window light drew 2/2 beam(s)
2026-05-25 23:32:26.011 +02:00 [INF] Map "d5c08240-0436-454a-8993-362abf5bc477": window light drew 2/2 beam(s)
2026-05-25 23:32:26.061 +02:00 [INF] Map "d5c08240-0436-454a-8993-362abf5bc477": window light drew 2/2 beam(s)
2026-05-25 23:32:26.112 +02:00 [INF] Map "d5c08240-0436-454a-8993-362abf5bc477": window light drew 2/2 beam(s)
2026-05-25 23:32:26.162 +02:00 [INF] Map "d5c08240-0436-454a-8993-362abf5bc477": window light drew 2/2 beam(s)
2026-05-25 23:32:26.213 +02:00 [INF] Map "d5c08240-0436-454a-8993-362abf5bc477": window light drew 2/2 beam(s)
2026-05-25 23:32:26.263 +02:00 [INF] Map "d5c08240-0436-454a-8993-362abf5bc477": window light drew 2/2 beam(s)
2026-05-25 23:32:26.328 +02:00 [INF] Map "d5c08240-0436-454a-8993-362abf5bc477": window light drew 2/2 beam(s)
2026-05-25 23:32:26.378 +02:00 [INF] Map "d5c08240-0436-454a-8993-362abf5bc477": window light drew 2/2 beam(s)
2026-05-25 23:32:26.430 +02:00 [INF] Map "d5c08240-0436-454a-8993-362abf5bc477": window light drew 2/2 beam(s)
2026-05-25 23:32:26.480 +02:00 [INF] Map "d5c08240-0436-454a-8993-362abf5bc477": window light drew 2/2 beam(s)
2026-05-25 23:32:26.529 +02:00 [INF] Map "d5c08240-0436-454a-8993-362abf5bc477": window light drew 2/2 beam(s)
2026-05-25 23:32:26.579 +02:00 [INF] Map "d5c08240-0436-454a-8993-362abf5bc477": window light drew 2/2 beam(s)
2026-05-25 23:32:26.628 +02:00 [INF] Map "d5c08240-0436-454a-8993-362abf5bc477": window light drew 2/2 beam(s)
2026-05-25 23:32:26.679 +02:00 [INF] Map "d5c08240-0436-454a-8993-362abf5bc477": window light drew 2/2 beam(s)
2026-05-25 23:32:26.731 +02:00 [INF] Map "d5c08240-0436-454a-8993-362abf5bc477": window light drew 2/2 beam(s)
2026-05-25 23:32:26.781 +02:00 [INF] Map "d5c08240-0436-454a-8993-362abf5bc477": window light drew 2/2 beam(s)
2026-05-25 23:32:26.847 +02:00 [INF] Map "d5c08240-0436-454a-8993-362abf5bc477": window light drew 2/2 beam(s)
2026-05-25 23:32:26.897 +02:00 [INF] Map "d5c08240-0436-454a-8993-362abf5bc477": window light drew 2/2 beam(s)
2026-05-25 23:32:26.947 +02:00 [INF] Map "d5c08240-0436-454a-8993-362abf5bc477": window light drew 2/2 beam(s)
2026-05-25 23:32:26.996 +02:00 [INF] Map "d5c08240-0436-454a-8993-362abf5bc477": window light drew 2/2 beam(s)
2026-05-25 23:32:27.046 +02:00 [INF] Map "d5c08240-0436-454a-8993-362abf5bc477": window light drew 2/2 beam(s)
2026-05-25 23:32:27.096 +02:00 [INF] Map "d5c08240-0436-454a-8993-362abf5bc477": window light drew 2/2 beam(s)
2026-05-25 23:32:27.148 +02:00 [INF] Map "d5c08240-0436-454a-8993-362abf5bc477": window light drew 2/2 beam(s)
2026-05-25 23:32:27.198 +02:00 [INF] Map "d5c08240-0436-454a-8993-362abf5bc477": window light drew 2/2 beam(s)
2026-05-25 23:32:27.249 +02:00 [INF] Map "d5c08240-0436-454a-8993-362abf5bc477": window light drew 2/2 beam(s)
2026-05-25 23:32:27.300 +02:00 [INF] Map "d5c08240-0436-454a-8993-362abf5bc477": window light drew 2/2 beam(s)
2026-05-25 23:32:27.367 +02:00 [INF] Map "d5c08240-0436-454a-8993-362abf5bc477": window light drew 2/2 beam(s)
2026-05-25 23:32:27.417 +02:00 [INF] Map "d5c08240-0436-454a-8993-362abf5bc477": window light drew 2/2 beam(s)
2026-05-25 23:32:27.467 +02:00 [INF] Map "d5c08240-0436-454a-8993-362abf5bc477": window light drew 2/2 beam(s)
2026-05-25 23:32:27.517 +02:00 [INF] Map "d5c08240-0436-454a-8993-362abf5bc477": window light drew 2/2 beam(s)
2026-05-25 23:32:27.567 +02:00 [INF] Map "d5c08240-0436-454a-8993-362abf5bc477": window light drew 2/2 beam(s)
2026-05-25 23:32:27.616 +02:00 [INF] Map "d5c08240-0436-454a-8993-362abf5bc477": window light drew 2/2 beam(s)
2026-05-25 23:32:27.666 +02:00 [INF] Map "d5c08240-0436-454a-8993-362abf5bc477": window light drew 2/2 beam(s)
2026-05-25 23:32:27.715 +02:00 [INF] Map "d5c08240-0436-454a-8993-362abf5bc477": window light drew 2/2 beam(s)
2026-05-25 23:32:27.765 +02:00 [INF] Map "d5c08240-0436-454a-8993-362abf5bc477": window light drew 2/2 beam(s)
2026-05-25 23:32:27.815 +02:00 [INF] Map "d5c08240-0436-454a-8993-362abf5bc477": window light drew 2/2 beam(s)
2026-05-25 23:32:27.884 +02:00 [INF] Map "d5c08240-0436-454a-8993-362abf5bc477": window light drew 2/2 beam(s)
2026-05-25 23:32:27.934 +02:00 [INF] Map "d5c08240-0436-454a-8993-362abf5bc477": window light drew 2/2 beam(s)
2026-05-25 23:32:27.984 +02:00 [INF] Map "d5c08240-0436-454a-8993-362abf5bc477": window light drew 2/2 beam(s)
2026-05-25 23:32:28.034 +02:00 [INF] Map "d5c08240-0436-454a-8993-362abf5bc477": window light drew 2/2 beam(s)
2026-05-25 23:32:28.084 +02:00 [INF] Map "d5c08240-0436-454a-8993-362abf5bc477": window light drew 2/2 beam(s)
2026-05-25 23:32:28.137 +02:00 [INF] Map "d5c08240-0436-454a-8993-362abf5bc477": window light drew 2/2 beam(s)
2026-05-25 23:32:28.189 +02:00 [INF] Map "d5c08240-0436-454a-8993-362abf5bc477": window light drew 2/2 beam(s)
2026-05-25 23:32:28.239 +02:00 [INF] Map "d5c08240-0436-454a-8993-362abf5bc477": window light drew 2/2 beam(s)
2026-05-25 23:32:28.289 +02:00 [INF] Map "d5c08240-0436-454a-8993-362abf5bc477": window light drew 2/2 beam(s)
2026-05-25 23:32:28.339 +02:00 [INF] Map "d5c08240-0436-454a-8993-362abf5bc477": window light drew 2/2 beam(s)
2026-05-25 23:32:28.404 +02:00 [INF] Map "d5c08240-0436-454a-8993-362abf5bc477": window light drew 2/2 beam(s)
2026-05-25 23:32:28.454 +02:00 [INF] Map "d5c08240-0436-454a-8993-362abf5bc477": window light drew 2/2 beam(s)
2026-05-25 23:32:28.503 +02:00 [INF] Map "d5c08240-0436-454a-8993-362abf5bc477": window light drew 2/2 beam(s)
2026-05-25 23:32:28.553 +02:00 [INF] Map "d5c08240-0436-454a-8993-362abf5bc477": window light drew 2/2 beam(s)
2026-05-25 23:32:28.603 +02:00 [INF] Map "d5c08240-0436-454a-8993-362abf5bc477": window light drew 2/2 beam(s)
2026-05-25 23:32:28.653 +02:00 [INF] Map "d5c08240-0436-454a-8993-362abf5bc477": window light drew 2/2 beam(s)
2026-05-25 23:32:28.702 +02:00 [INF] Map "d5c08240-0436-454a-8993-362abf5bc477": window light drew 2/2 beam(s)
2026-05-25 23:32:28.753 +02:00 [INF] Map "d5c08240-0436-454a-8993-362abf5bc477": window light drew 2/2 beam(s)
2026-05-25 23:32:28.802 +02:00 [INF] Map "d5c08240-0436-454a-8993-362abf5bc477": window light drew 2/2 beam(s)
2026-05-25 23:32:28.852 +02:00 [INF] Map "d5c08240-0436-454a-8993-362abf5bc477": window light drew 2/2 beam(s)
2026-05-25 23:32:28.917 +02:00 [INF] Map "d5c08240-0436-454a-8993-362abf5bc477": window light drew 2/2 beam(s)
2026-05-25 23:32:28.966 +02:00 [INF] Map "d5c08240-0436-454a-8993-362abf5bc477": window light drew 2/2 beam(s)
2026-05-25 23:32:29.020 +02:00 [INF] Map "d5c08240-0436-454a-8993-362abf5bc477": window light drew 2/2 beam(s)
2026-05-25 23:32:29.076 +02:00 [INF] Map "d5c08240-0436-454a-8993-362abf5bc477": window light drew 2/2 beam(s)
2026-05-25 23:32:29.128 +02:00 [INF] Map "d5c08240-0436-454a-8993-362abf5bc477": window light drew 2/2 beam(s)
2026-05-25 23:32:29.178 +02:00 [INF] Map "d5c08240-0436-454a-8993-362abf5bc477": window light drew 2/2 beam(s)
2026-05-25 23:32:29.232 +02:00 [INF] Map "d5c08240-0436-454a-8993-362abf5bc477": window light drew 2/2 beam(s)
2026-05-25 23:32:29.286 +02:00 [INF] Map "d5c08240-0436-454a-8993-362abf5bc477": window light drew 2/2 beam(s)
2026-05-25 23:32:29.341 +02:00 [INF] Map "d5c08240-0436-454a-8993-362abf5bc477": window light drew 2/2 beam(s)
2026-05-25 23:32:29.392 +02:00 [INF] Map "d5c08240-0436-454a-8993-362abf5bc477": window light drew 2/2 beam(s)
2026-05-25 23:32:29.461 +02:00 [INF] Map "d5c08240-0436-454a-8993-362abf5bc477": window light drew 2/2 beam(s)
2026-05-25 23:32:29.516 +02:00 [INF] Map "d5c08240-0436-454a-8993-362abf5bc477": window light drew 2/2 beam(s)
2026-05-25 23:32:29.570 +02:00 [INF] Map "d5c08240-0436-454a-8993-362abf5bc477": window light drew 2/2 beam(s)
2026-05-25 23:32:29.622 +02:00 [INF] Map "d5c08240-0436-454a-8993-362abf5bc477": window light drew 2/2 beam(s)
2026-05-25 23:32:29.672 +02:00 [INF] Map "d5c08240-0436-454a-8993-362abf5bc477": window light drew 2/2 beam(s)
2026-05-25 23:32:29.722 +02:00 [INF] Map "d5c08240-0436-454a-8993-362abf5bc477": window light drew 2/2 beam(s)
2026-05-25 23:32:29.773 +02:00 [INF] Map "d5c08240-0436-454a-8993-362abf5bc477": window light drew 2/2 beam(s)
2026-05-25 23:32:29.822 +02:00 [INF] Map "d5c08240-0436-454a-8993-362abf5bc477": window light drew 2/2 beam(s)
2026-05-25 23:32:29.871 +02:00 [INF] Map "d5c08240-0436-454a-8993-362abf5bc477": window light drew 2/2 beam(s)
2026-05-25 23:32:29.921 +02:00 [INF] Map "d5c08240-0436-454a-8993-362abf5bc477": window light drew 2/2 beam(s)
2026-05-25 23:32:29.985 +02:00 [INF] Map "d5c08240-0436-454a-8993-362abf5bc477": window light drew 2/2 beam(s)
2026-05-25 23:32:30.035 +02:00 [INF] Map "d5c08240-0436-454a-8993-362abf5bc477": window light drew 2/2 beam(s)
2026-05-25 23:32:30.086 +02:00 [INF] Map "d5c08240-0436-454a-8993-362abf5bc477": window light drew 2/2 beam(s)
2026-05-25 23:32:30.138 +02:00 [INF] Map "d5c08240-0436-454a-8993-362abf5bc477": window light drew 2/2 beam(s)
2026-05-25 23:32:30.193 +02:00 [INF] Map "d5c08240-0436-454a-8993-362abf5bc477": window light drew 2/2 beam(s)
2026-05-25 23:32:30.244 +02:00 [INF] Map "d5c08240-0436-454a-8993-362abf5bc477": window light drew 2/2 beam(s)
2026-05-25 23:32:30.294 +02:00 [INF] Map "d5c08240-0436-454a-8993-362abf5bc477": window light drew 2/2 beam(s)
2026-05-25 23:32:30.344 +02:00 [INF] Map "d5c08240-0436-454a-8993-362abf5bc477": window light drew 2/2 beam(s)
2026-05-25 23:32:30.394 +02:00 [INF] Map "d5c08240-0436-454a-8993-362abf5bc477": window light drew 2/2 beam(s)
2026-05-25 23:32:30.443 +02:00 [INF] Map "d5c08240-0436-454a-8993-362abf5bc477": window light drew 2/2 beam(s)
2026-05-25 23:32:30.508 +02:00 [INF] Map "d5c08240-0436-454a-8993-362abf5bc477": window light drew 2/2 beam(s)
2026-05-25 23:32:30.558 +02:00 [INF] Map "d5c08240-0436-454a-8993-362abf5bc477": window light drew 2/2 beam(s)
2026-05-25 23:32:30.608 +02:00 [INF] Map "d5c08240-0436-454a-8993-362abf5bc477": window light drew 2/2 beam(s)
2026-05-25 23:32:30.658 +02:00 [INF] Map "d5c08240-0436-454a-8993-362abf5bc477": window light drew 2/2 beam(s)
2026-05-25 23:32:30.708 +02:00 [INF] Map "d5c08240-0436-454a-8993-362abf5bc477": window light drew 2/2 beam(s)
2026-05-25 23:32:30.758 +02:00 [INF] Map "d5c08240-0436-454a-8993-362abf5bc477": window light drew 2/2 beam(s)
2026-05-25 23:32:30.808 +02:00 [INF] Map "d5c08240-0436-454a-8993-362abf5bc477": window light drew 2/2 beam(s)
2026-05-25 23:32:30.858 +02:00 [INF] Map "d5c08240-0436-454a-8993-362abf5bc477": window light drew 2/2 beam(s)
2026-05-25 23:32:30.911 +02:00 [INF] Map "d5c08240-0436-454a-8993-362abf5bc477": window light drew 2/2 beam(s)
2026-05-25 23:32:30.961 +02:00 [INF] Map "d5c08240-0436-454a-8993-362abf5bc477": window light drew 2/2 beam(s)
2026-05-25 23:32:31.027 +02:00 [INF] Map "d5c08240-0436-454a-8993-362abf5bc477": window light drew 2/2 beam(s)
2026-05-25 23:32:31.077 +02:00 [INF] Map "d5c08240-0436-454a-8993-362abf5bc477": window light drew 2/2 beam(s)
2026-05-25 23:32:31.129 +02:00 [INF] Map "d5c08240-0436-454a-8993-362abf5bc477": window light drew 2/2 beam(s)
2026-05-25 23:32:31.180 +02:00 [INF] Map "d5c08240-0436-454a-8993-362abf5bc477": window light drew 2/2 beam(s)
2026-05-25 23:32:31.231 +02:00 [INF] Map "d5c08240-0436-454a-8993-362abf5bc477": window light drew 2/2 beam(s)
2026-05-25 23:32:31.282 +02:00 [INF] Map "d5c08240-0436-454a-8993-362abf5bc477": window light drew 2/2 beam(s)
2026-05-25 23:32:31.336 +02:00 [INF] Map "d5c08240-0436-454a-8993-362abf5bc477": window light drew 2/2 beam(s)
2026-05-25 23:32:31.386 +02:00 [INF] Map "d5c08240-0436-454a-8993-362abf5bc477": window light drew 2/2 beam(s)
2026-05-25 23:32:31.436 +02:00 [INF] Map "d5c08240-0436-454a-8993-362abf5bc477": window light drew 2/2 beam(s)
2026-05-25 23:32:31.486 +02:00 [INF] Map "d5c08240-0436-454a-8993-362abf5bc477": window light drew 2/2 beam(s)
2026-05-25 23:32:31.550 +02:00 [INF] Map "d5c08240-0436-454a-8993-362abf5bc477": window light drew 2/2 beam(s)
2026-05-25 23:32:31.601 +02:00 [INF] Map "d5c08240-0436-454a-8993-362abf5bc477": window light drew 2/2 beam(s)
2026-05-25 23:32:31.652 +02:00 [INF] Map "d5c08240-0436-454a-8993-362abf5bc477": window light drew 2/2 beam(s)
2026-05-25 23:32:31.702 +02:00 [INF] Map "d5c08240-0436-454a-8993-362abf5bc477": window light drew 2/2 beam(s)
2026-05-25 23:32:31.753 +02:00 [INF] Map "d5c08240-0436-454a-8993-362abf5bc477": window light drew 2/2 beam(s)
2026-05-25 23:32:31.803 +02:00 [INF] Map "d5c08240-0436-454a-8993-362abf5bc477": window light drew 2/2 beam(s)
2026-05-25 23:32:31.853 +02:00 [INF] Map "d5c08240-0436-454a-8993-362abf5bc477": window light drew 2/2 beam(s)
2026-05-25 23:32:31.903 +02:00 [INF] Map "d5c08240-0436-454a-8993-362abf5bc477": window light drew 2/2 beam(s)
2026-05-25 23:32:31.954 +02:00 [INF] Map "d5c08240-0436-454a-8993-362abf5bc477": window light drew 2/2 beam(s)
2026-05-25 23:32:32.005 +02:00 [INF] Map "d5c08240-0436-454a-8993-362abf5bc477": window light drew 2/2 beam(s)
2026-05-25 23:32:32.070 +02:00 [INF] Map "d5c08240-0436-454a-8993-362abf5bc477": window light drew 2/2 beam(s)
2026-05-25 23:32:32.121 +02:00 [INF] Map "d5c08240-0436-454a-8993-362abf5bc477": window light drew 2/2 beam(s)
2026-05-25 23:32:32.172 +02:00 [INF] Map "d5c08240-0436-454a-8993-362abf5bc477": window light drew 2/2 beam(s)
2026-05-25 23:32:32.223 +02:00 [INF] Map "d5c08240-0436-454a-8993-362abf5bc477": window light drew 2/2 beam(s)
2026-05-25 23:32:32.280 +02:00 [INF] Map "d5c08240-0436-454a-8993-362abf5bc477": window light drew 2/2 beam(s)
2026-05-25 23:32:32.330 +02:00 [INF] Map "d5c08240-0436-454a-8993-362abf5bc477": window light drew 2/2 beam(s)
2026-05-25 23:32:32.385 +02:00 [INF] Map "d5c08240-0436-454a-8993-362abf5bc477": window light drew 2/2 beam(s)
2026-05-25 23:32:32.436 +02:00 [INF] Map "d5c08240-0436-454a-8993-362abf5bc477": window light drew 2/2 beam(s)
2026-05-25 23:32:32.487 +02:00 [INF] Map "d5c08240-0436-454a-8993-362abf5bc477": window light drew 2/2 beam(s)
2026-05-25 23:32:32.536 +02:00 [INF] Map "d5c08240-0436-454a-8993-362abf5bc477": window light drew 2/2 beam(s)
2026-05-25 23:32:32.602 +02:00 [INF] Map "d5c08240-0436-454a-8993-362abf5bc477": window light drew 2/2 beam(s)
2026-05-25 23:32:32.652 +02:00 [INF] Map "d5c08240-0436-454a-8993-362abf5bc477": window light drew 2/2 beam(s)
2026-05-25 23:32:32.703 +02:00 [INF] Map "d5c08240-0436-454a-8993-362abf5bc477": window light drew 2/2 beam(s)
2026-05-25 23:32:32.753 +02:00 [INF] Map "d5c08240-0436-454a-8993-362abf5bc477": window light drew 2/2 beam(s)
2026-05-25 23:32:32.803 +02:00 [INF] Map "d5c08240-0436-454a-8993-362abf5bc477": window light drew 2/2 beam(s)
2026-05-25 23:32:32.854 +02:00 [INF] Map "d5c08240-0436-454a-8993-362abf5bc477": window light drew 2/2 beam(s)
2026-05-25 23:32:32.904 +02:00 [INF] Map "d5c08240-0436-454a-8993-362abf5bc477": window light drew 2/2 beam(s)
2026-05-25 23:32:32.954 +02:00 [INF] Map "d5c08240-0436-454a-8993-362abf5bc477": window light drew 2/2 beam(s)
2026-05-25 23:32:33.005 +02:00 [INF] Map "d5c08240-0436-454a-8993-362abf5bc477": window light drew 2/2 beam(s)
2026-05-25 23:32:33.055 +02:00 [INF] Map "d5c08240-0436-454a-8993-362abf5bc477": window light drew 2/2 beam(s)
2026-05-25 23:32:33.120 +02:00 [INF] Map "d5c08240-0436-454a-8993-362abf5bc477": window light drew 2/2 beam(s)
2026-05-25 23:32:33.170 +02:00 [INF] Map "d5c08240-0436-454a-8993-362abf5bc477": window light drew 2/2 beam(s)
2026-05-25 23:32:33.220 +02:00 [INF] Map "d5c08240-0436-454a-8993-362abf5bc477": window light drew 2/2 beam(s)
2026-05-25 23:32:33.270 +02:00 [INF] Map "d5c08240-0436-454a-8993-362abf5bc477": window light drew 2/2 beam(s)
2026-05-25 23:32:33.321 +02:00 [INF] Map "d5c08240-0436-454a-8993-362abf5bc477": window light drew 2/2 beam(s)
2026-05-25 23:32:33.372 +02:00 [INF] Map "d5c08240-0436-454a-8993-362abf5bc477": window light drew 2/2 beam(s)
2026-05-25 23:32:33.424 +02:00 [INF] Map "d5c08240-0436-454a-8993-362abf5bc477": window light drew 2/2 beam(s)
2026-05-25 23:32:33.474 +02:00 [INF] Map "d5c08240-0436-454a-8993-362abf5bc477": window light drew 2/2 beam(s)
2026-05-25 23:32:33.524 +02:00 [INF] Map "d5c08240-0436-454a-8993-362abf5bc477": window light drew 2/2 beam(s)
2026-05-25 23:32:33.575 +02:00 [INF] Map "d5c08240-0436-454a-8993-362abf5bc477": window light drew 2/2 beam(s)
2026-05-25 23:32:33.640 +02:00 [INF] Map "d5c08240-0436-454a-8993-362abf5bc477": window light drew 2/2 beam(s)
2026-05-25 23:32:33.690 +02:00 [INF] Map "d5c08240-0436-454a-8993-362abf5bc477": window light drew 2/2 beam(s)
2026-05-25 23:32:33.741 +02:00 [INF] Map "d5c08240-0436-454a-8993-362abf5bc477": window light drew 2/2 beam(s)
2026-05-25 23:32:33.791 +02:00 [INF] Map "d5c08240-0436-454a-8993-362abf5bc477": window light drew 2/2 beam(s)
2026-05-25 23:32:33.842 +02:00 [INF] Map "d5c08240-0436-454a-8993-362abf5bc477": window light drew 2/2 beam(s)
2026-05-25 23:32:33.892 +02:00 [INF] Map "d5c08240-0436-454a-8993-362abf5bc477": window light drew 2/2 beam(s)
2026-05-25 23:32:33.942 +02:00 [INF] Map "d5c08240-0436-454a-8993-362abf5bc477": window light drew 2/2 beam(s)
2026-05-25 23:32:33.992 +02:00 [INF] Map "d5c08240-0436-454a-8993-362abf5bc477": window light drew 2/2 beam(s)
2026-05-25 23:32:34.043 +02:00 [INF] Map "d5c08240-0436-454a-8993-362abf5bc477": window light drew 2/2 beam(s)
2026-05-25 23:32:34.094 +02:00 [INF] Map "d5c08240-0436-454a-8993-362abf5bc477": window light drew 2/2 beam(s)
2026-05-25 23:32:34.159 +02:00 [INF] Map "d5c08240-0436-454a-8993-362abf5bc477": window light drew 2/2 beam(s)
2026-05-25 23:32:34.209 +02:00 [INF] Map "d5c08240-0436-454a-8993-362abf5bc477": window light drew 2/2 beam(s)
2026-05-25 23:32:34.260 +02:00 [INF] Map "d5c08240-0436-454a-8993-362abf5bc477": window light drew 2/2 beam(s)
2026-05-25 23:32:34.311 +02:00 [INF] Map "d5c08240-0436-454a-8993-362abf5bc477": window light drew 2/2 beam(s)
2026-05-25 23:32:34.361 +02:00 [INF] Map "d5c08240-0436-454a-8993-362abf5bc477": window light drew 2/2 beam(s)
2026-05-25 23:32:34.411 +02:00 [INF] Map "d5c08240-0436-454a-8993-362abf5bc477": window light drew 2/2 beam(s)
2026-05-25 23:32:34.462 +02:00 [INF] Map "d5c08240-0436-454a-8993-362abf5bc477": window light drew 2/2 beam(s)
2026-05-25 23:32:34.514 +02:00 [INF] Map "d5c08240-0436-454a-8993-362abf5bc477": window light drew 2/2 beam(s)
2026-05-25 23:32:34.564 +02:00 [INF] Map "d5c08240-0436-454a-8993-362abf5bc477": window light drew 2/2 beam(s)
2026-05-25 23:32:34.615 +02:00 [INF] Map "d5c08240-0436-454a-8993-362abf5bc477": window light drew 2/2 beam(s)
2026-05-25 23:32:34.680 +02:00 [INF] Map "d5c08240-0436-454a-8993-362abf5bc477": window light drew 2/2 beam(s)
2026-05-25 23:32:34.731 +02:00 [INF] Map "d5c08240-0436-454a-8993-362abf5bc477": window light drew 2/2 beam(s)
2026-05-25 23:32:34.780 +02:00 [INF] Map "d5c08240-0436-454a-8993-362abf5bc477": window light drew 2/2 beam(s)
2026-05-25 23:32:34.832 +02:00 [INF] Map "d5c08240-0436-454a-8993-362abf5bc477": window light drew 2/2 beam(s)
2026-05-25 23:32:34.883 +02:00 [INF] Map "d5c08240-0436-454a-8993-362abf5bc477": window light drew 2/2 beam(s)
2026-05-25 23:32:34.934 +02:00 [INF] Map "d5c08240-0436-454a-8993-362abf5bc477": window light drew 2/2 beam(s)
2026-05-25 23:32:34.984 +02:00 [INF] Map "d5c08240-0436-454a-8993-362abf5bc477": window light drew 2/2 beam(s)
2026-05-25 23:32:35.036 +02:00 [INF] Map "d5c08240-0436-454a-8993-362abf5bc477": window light drew 2/2 beam(s)
2026-05-25 23:32:35.086 +02:00 [INF] Map "d5c08240-0436-454a-8993-362abf5bc477": window light drew 2/2 beam(s)
2026-05-25 23:32:35.137 +02:00 [INF] Map "d5c08240-0436-454a-8993-362abf5bc477": window light drew 2/2 beam(s)
2026-05-25 23:32:35.205 +02:00 [INF] Map "d5c08240-0436-454a-8993-362abf5bc477": window light drew 2/2 beam(s)
2026-05-25 23:32:35.256 +02:00 [INF] Map "d5c08240-0436-454a-8993-362abf5bc477": window light drew 2/2 beam(s)
2026-05-25 23:32:35.306 +02:00 [INF] Map "d5c08240-0436-454a-8993-362abf5bc477": window light drew 2/2 beam(s)
2026-05-25 23:32:35.357 +02:00 [INF] Map "d5c08240-0436-454a-8993-362abf5bc477": window light drew 2/2 beam(s)
2026-05-25 23:32:35.409 +02:00 [INF] Map "d5c08240-0436-454a-8993-362abf5bc477": window light drew 2/2 beam(s)
2026-05-25 23:32:35.459 +02:00 [INF] Map "d5c08240-0436-454a-8993-362abf5bc477": window light drew 2/2 beam(s)
2026-05-25 23:32:35.512 +02:00 [INF] Map "d5c08240-0436-454a-8993-362abf5bc477": window light drew 2/2 beam(s)
2026-05-25 23:32:35.562 +02:00 [INF] Map "d5c08240-0436-454a-8993-362abf5bc477": window light drew 2/2 beam(s)
2026-05-25 23:32:35.613 +02:00 [INF] Map "d5c08240-0436-454a-8993-362abf5bc477": window light drew 2/2 beam(s)
2026-05-25 23:32:35.663 +02:00 [INF] Map "d5c08240-0436-454a-8993-362abf5bc477": window light drew 2/2 beam(s)
2026-05-25 23:32:35.729 +02:00 [INF] Map "d5c08240-0436-454a-8993-362abf5bc477": window light drew 2/2 beam(s)
2026-05-25 23:32:35.779 +02:00 [INF] Map "d5c08240-0436-454a-8993-362abf5bc477": window light drew 2/2 beam(s)
2026-05-25 23:32:35.829 +02:00 [INF] Map "d5c08240-0436-454a-8993-362abf5bc477": window light drew 2/2 beam(s)
2026-05-25 23:32:35.880 +02:00 [INF] Map "d5c08240-0436-454a-8993-362abf5bc477": window light drew 2/2 beam(s)
2026-05-25 23:32:35.932 +02:00 [INF] Map "d5c08240-0436-454a-8993-362abf5bc477": window light drew 2/2 beam(s)
2026-05-25 23:32:35.983 +02:00 [INF] Map "d5c08240-0436-454a-8993-362abf5bc477": window light drew 2/2 beam(s)
2026-05-25 23:32:36.034 +02:00 [INF] Map "d5c08240-0436-454a-8993-362abf5bc477": window light drew 2/2 beam(s)
2026-05-25 23:32:36.084 +02:00 [INF] Map "d5c08240-0436-454a-8993-362abf5bc477": window light drew 2/2 beam(s)
2026-05-25 23:32:36.134 +02:00 [INF] Map "d5c08240-0436-454a-8993-362abf5bc477": window light drew 2/2 beam(s)
2026-05-25 23:32:36.185 +02:00 [INF] Map "d5c08240-0436-454a-8993-362abf5bc477": window light drew 2/2 beam(s)
2026-05-25 23:32:36.250 +02:00 [INF] Map "d5c08240-0436-454a-8993-362abf5bc477": window light drew 2/2 beam(s)
2026-05-25 23:32:36.300 +02:00 [INF] Map "d5c08240-0436-454a-8993-362abf5bc477": window light drew 2/2 beam(s)
2026-05-25 23:32:36.352 +02:00 [INF] Map "d5c08240-0436-454a-8993-362abf5bc477": window light drew 2/2 beam(s)
2026-05-25 23:32:36.405 +02:00 [INF] Map "d5c08240-0436-454a-8993-362abf5bc477": window light drew 2/2 beam(s)
2026-05-25 23:32:36.456 +02:00 [INF] Map "d5c08240-0436-454a-8993-362abf5bc477": window light drew 2/2 beam(s)
2026-05-25 23:32:36.507 +02:00 [INF] Map "d5c08240-0436-454a-8993-362abf5bc477": window light drew 2/2 beam(s)
2026-05-25 23:32:36.557 +02:00 [INF] Map "d5c08240-0436-454a-8993-362abf5bc477": window light drew 2/2 beam(s)
2026-05-25 23:32:36.607 +02:00 [INF] Map "d5c08240-0436-454a-8993-362abf5bc477": window light drew 2/2 beam(s)
2026-05-25 23:32:36.658 +02:00 [INF] Map "d5c08240-0436-454a-8993-362abf5bc477": window light drew 2/2 beam(s)
2026-05-25 23:32:36.708 +02:00 [INF] Map "d5c08240-0436-454a-8993-362abf5bc477": window light drew 2/2 beam(s)
2026-05-25 23:32:36.774 +02:00 [INF] Map "d5c08240-0436-454a-8993-362abf5bc477": window light drew 2/2 beam(s)
2026-05-25 23:32:36.824 +02:00 [INF] Map "d5c08240-0436-454a-8993-362abf5bc477": window light drew 2/2 beam(s)
2026-05-25 23:32:36.874 +02:00 [INF] Map "d5c08240-0436-454a-8993-362abf5bc477": window light drew 2/2 beam(s)
2026-05-25 23:32:36.925 +02:00 [INF] Map "d5c08240-0436-454a-8993-362abf5bc477": window light drew 2/2 beam(s)
2026-05-25 23:32:36.976 +02:00 [INF] Map "d5c08240-0436-454a-8993-362abf5bc477": window light drew 2/2 beam(s)
2026-05-25 23:32:37.027 +02:00 [INF] Map "d5c08240-0436-454a-8993-362abf5bc477": window light drew 2/2 beam(s)
2026-05-25 23:32:37.079 +02:00 [INF] Map "d5c08240-0436-454a-8993-362abf5bc477": window light drew 2/2 beam(s)
2026-05-25 23:32:37.130 +02:00 [INF] Map "d5c08240-0436-454a-8993-362abf5bc477": window light drew 2/2 beam(s)
2026-05-25 23:32:37.181 +02:00 [INF] Map "d5c08240-0436-454a-8993-362abf5bc477": window light drew 2/2 beam(s)
2026-05-25 23:32:37.232 +02:00 [INF] Map "d5c08240-0436-454a-8993-362abf5bc477": window light drew 2/2 beam(s)
2026-05-25 23:32:37.300 +02:00 [INF] Map "d5c08240-0436-454a-8993-362abf5bc477": window light drew 2/2 beam(s)
2026-05-25 23:32:37.351 +02:00 [INF] Map "d5c08240-0436-454a-8993-362abf5bc477": window light drew 2/2 beam(s)
2026-05-25 23:32:37.403 +02:00 [INF] Map "d5c08240-0436-454a-8993-362abf5bc477": window light drew 2/2 beam(s)
2026-05-25 23:32:37.457 +02:00 [INF] Map "d5c08240-0436-454a-8993-362abf5bc477": window light drew 2/2 beam(s)
2026-05-25 23:32:37.509 +02:00 [INF] Map "d5c08240-0436-454a-8993-362abf5bc477": window light drew 2/2 beam(s)
2026-05-25 23:32:37.560 +02:00 [INF] Map "d5c08240-0436-454a-8993-362abf5bc477": window light drew 2/2 beam(s)
2026-05-25 23:32:37.610 +02:00 [INF] Map "d5c08240-0436-454a-8993-362abf5bc477": window light drew 2/2 beam(s)
2026-05-25 23:32:37.661 +02:00 [INF] Map "d5c08240-0436-454a-8993-362abf5bc477": window light drew 2/2 beam(s)
2026-05-25 23:32:37.711 +02:00 [INF] Map "d5c08240-0436-454a-8993-362abf5bc477": window light drew 2/2 beam(s)
2026-05-25 23:32:37.762 +02:00 [INF] Map "d5c08240-0436-454a-8993-362abf5bc477": window light drew 2/2 beam(s)
2026-05-25 23:32:37.827 +02:00 [INF] Map "d5c08240-0436-454a-8993-362abf5bc477": window light drew 2/2 beam(s)
2026-05-25 23:32:37.878 +02:00 [INF] Map "d5c08240-0436-454a-8993-362abf5bc477": window light drew 2/2 beam(s)
2026-05-25 23:32:37.929 +02:00 [INF] Map "d5c08240-0436-454a-8993-362abf5bc477": window light drew 2/2 beam(s)
2026-05-25 23:32:37.980 +02:00 [INF] Map "d5c08240-0436-454a-8993-362abf5bc477": window light drew 2/2 beam(s)
2026-05-25 23:32:38.030 +02:00 [INF] Map "d5c08240-0436-454a-8993-362abf5bc477": window light drew 2/2 beam(s)
2026-05-25 23:32:38.080 +02:00 [INF] Map "d5c08240-0436-454a-8993-362abf5bc477": window light drew 2/2 beam(s)
2026-05-25 23:32:38.131 +02:00 [INF] Map "d5c08240-0436-454a-8993-362abf5bc477": window light drew 2/2 beam(s)
2026-05-25 23:32:38.181 +02:00 [INF] Map "d5c08240-0436-454a-8993-362abf5bc477": window light drew 2/2 beam(s)
2026-05-25 23:32:38.232 +02:00 [INF] Map "d5c08240-0436-454a-8993-362abf5bc477": window light drew 2/2 beam(s)
2026-05-25 23:32:38.281 +02:00 [INF] Map "d5c08240-0436-454a-8993-362abf5bc477": window light drew 2/2 beam(s)
2026-05-25 23:32:38.347 +02:00 [INF] Map "d5c08240-0436-454a-8993-362abf5bc477": window light drew 2/2 beam(s)
2026-05-25 23:32:38.397 +02:00 [INF] Map "d5c08240-0436-454a-8993-362abf5bc477": window light drew 2/2 beam(s)
2026-05-25 23:32:38.448 +02:00 [INF] Map "d5c08240-0436-454a-8993-362abf5bc477": window light drew 2/2 beam(s)
2026-05-25 23:32:38.498 +02:00 [INF] Map "d5c08240-0436-454a-8993-362abf5bc477": window light drew 2/2 beam(s)
2026-05-25 23:32:38.548 +02:00 [INF] Map "d5c08240-0436-454a-8993-362abf5bc477": window light drew 2/2 beam(s)
2026-05-25 23:32:38.598 +02:00 [INF] Map "d5c08240-0436-454a-8993-362abf5bc477": window light drew 2/2 beam(s)
2026-05-25 23:32:38.649 +02:00 [INF] Map "d5c08240-0436-454a-8993-362abf5bc477": window light drew 2/2 beam(s)
2026-05-25 23:32:38.700 +02:00 [INF] Map "d5c08240-0436-454a-8993-362abf5bc477": window light drew 2/2 beam(s)
2026-05-25 23:32:38.751 +02:00 [INF] Map "d5c08240-0436-454a-8993-362abf5bc477": window light drew 2/2 beam(s)
2026-05-25 23:32:38.803 +02:00 [INF] Map "d5c08240-0436-454a-8993-362abf5bc477": window light drew 2/2 beam(s)
2026-05-25 23:32:38.869 +02:00 [INF] Map "d5c08240-0436-454a-8993-362abf5bc477": window light drew 2/2 beam(s)
2026-05-25 23:32:38.920 +02:00 [INF] Map "d5c08240-0436-454a-8993-362abf5bc477": window light drew 2/2 beam(s)
2026-05-25 23:32:38.970 +02:00 [INF] Map "d5c08240-0436-454a-8993-362abf5bc477": window light drew 2/2 beam(s)
2026-05-25 23:32:39.021 +02:00 [INF] Map "d5c08240-0436-454a-8993-362abf5bc477": window light drew 2/2 beam(s)
2026-05-25 23:32:39.071 +02:00 [INF] Map "d5c08240-0436-454a-8993-362abf5bc477": window light drew 2/2 beam(s)
2026-05-25 23:32:39.123 +02:00 [INF] Map "d5c08240-0436-454a-8993-362abf5bc477": window light drew 2/2 beam(s)
2026-05-25 23:32:39.179 +02:00 [INF] Map "d5c08240-0436-454a-8993-362abf5bc477": window light drew 2/2 beam(s)
2026-05-25 23:32:39.229 +02:00 [INF] Map "d5c08240-0436-454a-8993-362abf5bc477": window light drew 2/2 beam(s)
2026-05-25 23:32:39.279 +02:00 [INF] Map "d5c08240-0436-454a-8993-362abf5bc477": window light drew 2/2 beam(s)
2026-05-25 23:32:39.331 +02:00 [INF] Map "d5c08240-0436-454a-8993-362abf5bc477": window light drew 2/2 beam(s)
2026-05-25 23:32:39.399 +02:00 [INF] Map "d5c08240-0436-454a-8993-362abf5bc477": window light drew 2/2 beam(s)
2026-05-25 23:32:39.449 +02:00 [INF] Map "d5c08240-0436-454a-8993-362abf5bc477": window light drew 2/2 beam(s)
2026-05-25 23:32:39.500 +02:00 [INF] Map "d5c08240-0436-454a-8993-362abf5bc477": window light drew 2/2 beam(s)
2026-05-25 23:32:39.550 +02:00 [INF] Map "d5c08240-0436-454a-8993-362abf5bc477": window light drew 2/2 beam(s)
2026-05-25 23:32:39.601 +02:00 [INF] Map "d5c08240-0436-454a-8993-362abf5bc477": window light drew 2/2 beam(s)
2026-05-25 23:32:39.651 +02:00 [INF] Map "d5c08240-0436-454a-8993-362abf5bc477": window light drew 2/2 beam(s)
2026-05-25 23:32:39.702 +02:00 [INF] Map "d5c08240-0436-454a-8993-362abf5bc477": window light drew 2/2 beam(s)
2026-05-25 23:32:39.752 +02:00 [INF] Map "d5c08240-0436-454a-8993-362abf5bc477": window light drew 2/2 beam(s)
2026-05-25 23:32:39.802 +02:00 [INF] Map "d5c08240-0436-454a-8993-362abf5bc477": window light drew 2/2 beam(s)
2026-05-25 23:32:39.853 +02:00 [INF] Map "d5c08240-0436-454a-8993-362abf5bc477": window light drew 2/2 beam(s)
2026-05-25 23:32:39.919 +02:00 [INF] Map "d5c08240-0436-454a-8993-362abf5bc477": window light drew 2/2 beam(s)
2026-05-25 23:32:39.970 +02:00 [INF] Map "d5c08240-0436-454a-8993-362abf5bc477": window light drew 2/2 beam(s)
2026-05-25 23:32:40.021 +02:00 [INF] Map "d5c08240-0436-454a-8993-362abf5bc477": window light drew 2/2 beam(s)
2026-05-25 23:32:40.072 +02:00 [INF] Map "d5c08240-0436-454a-8993-362abf5bc477": window light drew 2/2 beam(s)
2026-05-25 23:32:40.121 +02:00 [INF] Map "d5c08240-0436-454a-8993-362abf5bc477": window light drew 2/2 beam(s)
2026-05-25 23:32:40.172 +02:00 [INF] Map "d5c08240-0436-454a-8993-362abf5bc477": window light drew 2/2 beam(s)
2026-05-25 23:32:40.222 +02:00 [INF] Map "d5c08240-0436-454a-8993-362abf5bc477": window light drew 2/2 beam(s)
2026-05-25 23:32:40.274 +02:00 [INF] Map "d5c08240-0436-454a-8993-362abf5bc477": window light drew 2/2 beam(s)
2026-05-25 23:32:40.325 +02:00 [INF] Map "d5c08240-0436-454a-8993-362abf5bc477": window light drew 2/2 beam(s)
2026-05-25 23:32:40.376 +02:00 [INF] Map "d5c08240-0436-454a-8993-362abf5bc477": window light drew 2/2 beam(s)
2026-05-25 23:32:40.441 +02:00 [INF] Map "d5c08240-0436-454a-8993-362abf5bc477": window light drew 2/2 beam(s)
2026-05-25 23:32:40.492 +02:00 [INF] Map "d5c08240-0436-454a-8993-362abf5bc477": window light drew 2/2 beam(s)
2026-05-25 23:32:40.543 +02:00 [INF] Map "d5c08240-0436-454a-8993-362abf5bc477": window light drew 2/2 beam(s)
2026-05-25 23:32:40.594 +02:00 [INF] Map "d5c08240-0436-454a-8993-362abf5bc477": window light drew 2/2 beam(s)
2026-05-25 23:32:40.644 +02:00 [INF] Map "d5c08240-0436-454a-8993-362abf5bc477": window light drew 2/2 beam(s)
2026-05-25 23:32:40.695 +02:00 [INF] Map "d5c08240-0436-454a-8993-362abf5bc477": window light drew 2/2 beam(s)
2026-05-25 23:32:40.746 +02:00 [INF] Map "d5c08240-0436-454a-8993-362abf5bc477": window light drew 2/2 beam(s)
2026-05-25 23:32:40.796 +02:00 [INF] Map "d5c08240-0436-454a-8993-362abf5bc477": window light drew 2/2 beam(s)
2026-05-25 23:32:40.846 +02:00 [INF] Map "d5c08240-0436-454a-8993-362abf5bc477": window light drew 2/2 beam(s)
2026-05-25 23:32:40.897 +02:00 [INF] Map "d5c08240-0436-454a-8993-362abf5bc477": window light drew 2/2 beam(s)
2026-05-25 23:32:40.961 +02:00 [INF] Map "d5c08240-0436-454a-8993-362abf5bc477": window light drew 2/2 beam(s)
2026-05-25 23:32:41.012 +02:00 [INF] Map "d5c08240-0436-454a-8993-362abf5bc477": window light drew 2/2 beam(s)
2026-05-25 23:32:41.064 +02:00 [INF] Map "d5c08240-0436-454a-8993-362abf5bc477": window light drew 2/2 beam(s)
2026-05-25 23:32:41.115 +02:00 [INF] Map "d5c08240-0436-454a-8993-362abf5bc477": window light drew 2/2 beam(s)
2026-05-25 23:32:41.165 +02:00 [INF] Map "d5c08240-0436-454a-8993-362abf5bc477": window light drew 2/2 beam(s)
2026-05-25 23:32:41.216 +02:00 [INF] Map "d5c08240-0436-454a-8993-362abf5bc477": window light drew 2/2 beam(s)
2026-05-25 23:32:41.267 +02:00 [INF] Map "d5c08240-0436-454a-8993-362abf5bc477": window light drew 2/2 beam(s)
2026-05-25 23:32:41.316 +02:00 [INF] Map "d5c08240-0436-454a-8993-362abf5bc477": window light drew 2/2 beam(s)
2026-05-25 23:32:41.368 +02:00 [INF] Map "d5c08240-0436-454a-8993-362abf5bc477": window light drew 2/2 beam(s)
2026-05-25 23:32:41.420 +02:00 [INF] Map "d5c08240-0436-454a-8993-362abf5bc477": window light drew 2/2 beam(s)
2026-05-25 23:32:41.485 +02:00 [INF] Map "d5c08240-0436-454a-8993-362abf5bc477": window light drew 2/2 beam(s)
2026-05-25 23:32:41.535 +02:00 [INF] Map "d5c08240-0436-454a-8993-362abf5bc477": window light drew 2/2 beam(s)
2026-05-25 23:32:41.590 +02:00 [INF] Map "d5c08240-0436-454a-8993-362abf5bc477": window light drew 2/2 beam(s)
2026-05-25 23:32:41.643 +02:00 [INF] Map "d5c08240-0436-454a-8993-362abf5bc477": window light drew 2/2 beam(s)
2026-05-25 23:32:41.693 +02:00 [INF] Map "d5c08240-0436-454a-8993-362abf5bc477": window light drew 2/2 beam(s)
2026-05-25 23:32:41.743 +02:00 [INF] Map "d5c08240-0436-454a-8993-362abf5bc477": window light drew 2/2 beam(s)
2026-05-25 23:32:41.795 +02:00 [INF] Map "d5c08240-0436-454a-8993-362abf5bc477": window light drew 2/2 beam(s)
2026-05-25 23:32:41.846 +02:00 [INF] Map "d5c08240-0436-454a-8993-362abf5bc477": window light drew 2/2 beam(s)
2026-05-25 23:32:41.897 +02:00 [INF] Map "d5c08240-0436-454a-8993-362abf5bc477": window light drew 2/2 beam(s)
2026-05-25 23:32:41.946 +02:00 [INF] Map "d5c08240-0436-454a-8993-362abf5bc477": window light drew 2/2 beam(s)
2026-05-25 23:32:42.012 +02:00 [INF] Map "d5c08240-0436-454a-8993-362abf5bc477": window light drew 2/2 beam(s)
2026-05-25 23:32:42.064 +02:00 [INF] Map "d5c08240-0436-454a-8993-362abf5bc477": window light drew 2/2 beam(s)
2026-05-25 23:32:42.115 +02:00 [INF] Map "d5c08240-0436-454a-8993-362abf5bc477": window light drew 2/2 beam(s)
2026-05-25 23:32:42.166 +02:00 [INF] Map "d5c08240-0436-454a-8993-362abf5bc477": window light drew 2/2 beam(s)
2026-05-25 23:32:42.216 +02:00 [INF] Map "d5c08240-0436-454a-8993-362abf5bc477": window light drew 2/2 beam(s)
2026-05-25 23:32:42.267 +02:00 [INF] Map "d5c08240-0436-454a-8993-362abf5bc477": window light drew 2/2 beam(s)
2026-05-25 23:32:42.317 +02:00 [INF] Map "d5c08240-0436-454a-8993-362abf5bc477": window light drew 2/2 beam(s)
2026-05-25 23:32:42.368 +02:00 [INF] Map "d5c08240-0436-454a-8993-362abf5bc477": window light drew 2/2 beam(s)
2026-05-25 23:32:42.418 +02:00 [INF] Map "d5c08240-0436-454a-8993-362abf5bc477": window light drew 2/2 beam(s)
2026-05-25 23:32:42.468 +02:00 [INF] Map "d5c08240-0436-454a-8993-362abf5bc477": window light drew 2/2 beam(s)
2026-05-25 23:32:42.533 +02:00 [INF] Map "d5c08240-0436-454a-8993-362abf5bc477": window light drew 2/2 beam(s)
2026-05-25 23:32:42.585 +02:00 [INF] Map "d5c08240-0436-454a-8993-362abf5bc477": window light drew 2/2 beam(s)
2026-05-25 23:32:42.636 +02:00 [INF] Map "d5c08240-0436-454a-8993-362abf5bc477": window light drew 2/2 beam(s)
2026-05-25 23:32:42.685 +02:00 [INF] Map "d5c08240-0436-454a-8993-362abf5bc477": window light drew 2/2 beam(s)
2026-05-25 23:32:42.736 +02:00 [INF] Map "d5c08240-0436-454a-8993-362abf5bc477": window light drew 2/2 beam(s)
2026-05-25 23:32:42.787 +02:00 [INF] Map "d5c08240-0436-454a-8993-362abf5bc477": window light drew 2/2 beam(s)
2026-05-25 23:32:42.838 +02:00 [INF] Map "d5c08240-0436-454a-8993-362abf5bc477": window light drew 2/2 beam(s)
2026-05-25 23:32:42.889 +02:00 [INF] Map "d5c08240-0436-454a-8993-362abf5bc477": window light drew 2/2 beam(s)
2026-05-25 23:32:42.939 +02:00 [INF] Map "d5c08240-0436-454a-8993-362abf5bc477": window light drew 2/2 beam(s)
2026-05-25 23:32:42.990 +02:00 [INF] Map "d5c08240-0436-454a-8993-362abf5bc477": window light drew 2/2 beam(s)
2026-05-25 23:32:43.057 +02:00 [INF] Map "d5c08240-0436-454a-8993-362abf5bc477": window light drew 2/2 beam(s)
2026-05-25 23:32:43.108 +02:00 [INF] Map "d5c08240-0436-454a-8993-362abf5bc477": window light drew 2/2 beam(s)
2026-05-25 23:32:43.160 +02:00 [INF] Map "d5c08240-0436-454a-8993-362abf5bc477": window light drew 2/2 beam(s)
2026-05-25 23:32:43.210 +02:00 [INF] Map "d5c08240-0436-454a-8993-362abf5bc477": window light drew 2/2 beam(s)
2026-05-25 23:32:43.262 +02:00 [INF] Map "d5c08240-0436-454a-8993-362abf5bc477": window light drew 2/2 beam(s)
2026-05-25 23:32:43.312 +02:00 [INF] Map "d5c08240-0436-454a-8993-362abf5bc477": window light drew 2/2 beam(s)
2026-05-25 23:32:43.363 +02:00 [INF] Map "d5c08240-0436-454a-8993-362abf5bc477": window light drew 2/2 beam(s)
2026-05-25 23:32:43.413 +02:00 [INF] Map "d5c08240-0436-454a-8993-362abf5bc477": window light drew 2/2 beam(s)
2026-05-25 23:32:43.463 +02:00 [INF] Map "d5c08240-0436-454a-8993-362abf5bc477": window light drew 2/2 beam(s)
2026-05-25 23:32:43.513 +02:00 [INF] Map "d5c08240-0436-454a-8993-362abf5bc477": window light drew 2/2 beam(s)
2026-05-25 23:32:43.578 +02:00 [INF] Map "d5c08240-0436-454a-8993-362abf5bc477": window light drew 2/2 beam(s)
2026-05-25 23:32:43.629 +02:00 [INF] Map "d5c08240-0436-454a-8993-362abf5bc477": window light drew 2/2 beam(s)
2026-05-25 23:32:43.680 +02:00 [INF] Map "d5c08240-0436-454a-8993-362abf5bc477": window light drew 2/2 beam(s)
2026-05-25 23:32:43.730 +02:00 [INF] Map "d5c08240-0436-454a-8993-362abf5bc477": window light drew 2/2 beam(s)
2026-05-25 23:32:43.781 +02:00 [INF] Map "d5c08240-0436-454a-8993-362abf5bc477": window light drew 2/2 beam(s)
2026-05-25 23:32:43.833 +02:00 [INF] Map "d5c08240-0436-454a-8993-362abf5bc477": window light drew 2/2 beam(s)
2026-05-25 23:32:43.884 +02:00 [INF] Map "d5c08240-0436-454a-8993-362abf5bc477": window light drew 2/2 beam(s)
2026-05-25 23:32:43.935 +02:00 [INF] Map "d5c08240-0436-454a-8993-362abf5bc477": window light drew 2/2 beam(s)
2026-05-25 23:32:43.986 +02:00 [INF] Map "d5c08240-0436-454a-8993-362abf5bc477": window light drew 2/2 beam(s)
2026-05-25 23:32:44.036 +02:00 [INF] Map "d5c08240-0436-454a-8993-362abf5bc477": window light drew 2/2 beam(s)
2026-05-25 23:32:44.102 +02:00 [INF] Map "d5c08240-0436-454a-8993-362abf5bc477": window light drew 2/2 beam(s)
2026-05-25 23:32:44.153 +02:00 [INF] Map "d5c08240-0436-454a-8993-362abf5bc477": window light drew 2/2 beam(s)
2026-05-25 23:32:44.203 +02:00 [INF] Map "d5c08240-0436-454a-8993-362abf5bc477": window light drew 2/2 beam(s)
2026-05-25 23:32:44.253 +02:00 [INF] Map "d5c08240-0436-454a-8993-362abf5bc477": window light drew 2/2 beam(s)
2026-05-25 23:32:44.304 +02:00 [INF] Map "d5c08240-0436-454a-8993-362abf5bc477": window light drew 2/2 beam(s)
2026-05-25 23:32:44.355 +02:00 [INF] Map "d5c08240-0436-454a-8993-362abf5bc477": window light drew 2/2 beam(s)
2026-05-25 23:32:44.407 +02:00 [INF] Map "d5c08240-0436-454a-8993-362abf5bc477": window light drew 2/2 beam(s)
2026-05-25 23:32:44.458 +02:00 [INF] Map "d5c08240-0436-454a-8993-362abf5bc477": window light drew 2/2 beam(s)
2026-05-25 23:32:44.509 +02:00 [INF] Map "d5c08240-0436-454a-8993-362abf5bc477": window light drew 2/2 beam(s)
2026-05-25 23:32:44.559 +02:00 [INF] Map "d5c08240-0436-454a-8993-362abf5bc477": window light drew 2/2 beam(s)
2026-05-25 23:32:44.625 +02:00 [INF] Map "d5c08240-0436-454a-8993-362abf5bc477": window light drew 2/2 beam(s)
2026-05-25 23:32:44.675 +02:00 [INF] Map "d5c08240-0436-454a-8993-362abf5bc477": window light drew 2/2 beam(s)
2026-05-25 23:32:44.725 +02:00 [INF] Map "d5c08240-0436-454a-8993-362abf5bc477": window light drew 2/2 beam(s)
2026-05-25 23:32:44.775 +02:00 [INF] Map "d5c08240-0436-454a-8993-362abf5bc477": window light drew 2/2 beam(s)
2026-05-25 23:32:44.827 +02:00 [INF] Map "d5c08240-0436-454a-8993-362abf5bc477": window light drew 2/2 beam(s)
2026-05-25 23:32:44.878 +02:00 [INF] Map "d5c08240-0436-454a-8993-362abf5bc477": window light drew 2/2 beam(s)
2026-05-25 23:32:44.929 +02:00 [INF] Map "d5c08240-0436-454a-8993-362abf5bc477": window light drew 2/2 beam(s)
2026-05-25 23:32:44.981 +02:00 [INF] Map "d5c08240-0436-454a-8993-362abf5bc477": window light drew 2/2 beam(s)
2026-05-25 23:32:45.032 +02:00 [INF] Map "d5c08240-0436-454a-8993-362abf5bc477": window light drew 2/2 beam(s)
2026-05-25 23:32:45.084 +02:00 [INF] Map "d5c08240-0436-454a-8993-362abf5bc477": window light drew 2/2 beam(s)
2026-05-25 23:32:45.155 +02:00 [INF] Map "d5c08240-0436-454a-8993-362abf5bc477": window light drew 2/2 beam(s)
2026-05-25 23:32:45.206 +02:00 [INF] Map "d5c08240-0436-454a-8993-362abf5bc477": window light drew 2/2 beam(s)
2026-05-25 23:32:45.257 +02:00 [INF] Map "d5c08240-0436-454a-8993-362abf5bc477": window light drew 2/2 beam(s)
2026-05-25 23:32:45.308 +02:00 [INF] Map "d5c08240-0436-454a-8993-362abf5bc477": window light drew 2/2 beam(s)
2026-05-25 23:32:45.359 +02:00 [INF] Map "d5c08240-0436-454a-8993-362abf5bc477": window light drew 2/2 beam(s)
2026-05-25 23:32:45.411 +02:00 [INF] Map "d5c08240-0436-454a-8993-362abf5bc477": window light drew 2/2 beam(s)
2026-05-25 23:32:45.462 +02:00 [INF] Map "d5c08240-0436-454a-8993-362abf5bc477": window light drew 2/2 beam(s)
2026-05-25 23:32:45.513 +02:00 [INF] Map "d5c08240-0436-454a-8993-362abf5bc477": window light drew 2/2 beam(s)
2026-05-25 23:32:45.564 +02:00 [INF] Map "d5c08240-0436-454a-8993-362abf5bc477": window light drew 2/2 beam(s)
2026-05-25 23:32:45.613 +02:00 [INF] Map "d5c08240-0436-454a-8993-362abf5bc477": window light drew 2/2 beam(s)
2026-05-25 23:32:45.679 +02:00 [INF] Map "d5c08240-0436-454a-8993-362abf5bc477": window light drew 2/2 beam(s)
2026-05-25 23:32:45.729 +02:00 [INF] Map "d5c08240-0436-454a-8993-362abf5bc477": window light drew 2/2 beam(s)
2026-05-25 23:32:45.780 +02:00 [INF] Map "d5c08240-0436-454a-8993-362abf5bc477": window light drew 2/2 beam(s)
2026-05-25 23:32:45.831 +02:00 [INF] Map "d5c08240-0436-454a-8993-362abf5bc477": window light drew 2/2 beam(s)
2026-05-25 23:32:45.882 +02:00 [INF] Map "d5c08240-0436-454a-8993-362abf5bc477": window light drew 2/2 beam(s)
2026-05-25 23:32:45.933 +02:00 [INF] Map "d5c08240-0436-454a-8993-362abf5bc477": window light drew 2/2 beam(s)
2026-05-25 23:32:45.984 +02:00 [INF] Map "d5c08240-0436-454a-8993-362abf5bc477": window light drew 2/2 beam(s)
2026-05-25 23:32:46.036 +02:00 [INF] Map "d5c08240-0436-454a-8993-362abf5bc477": window light drew 2/2 beam(s)
2026-05-25 23:32:46.086 +02:00 [INF] Map "d5c08240-0436-454a-8993-362abf5bc477": window light drew 2/2 beam(s)
2026-05-25 23:32:46.137 +02:00 [INF] Map "d5c08240-0436-454a-8993-362abf5bc477": window light drew 2/2 beam(s)
2026-05-25 23:32:46.202 +02:00 [INF] Map "d5c08240-0436-454a-8993-362abf5bc477": window light drew 2/2 beam(s)
2026-05-25 23:32:46.253 +02:00 [INF] Map "d5c08240-0436-454a-8993-362abf5bc477": window light drew 2/2 beam(s)
2026-05-25 23:32:46.304 +02:00 [INF] Map "d5c08240-0436-454a-8993-362abf5bc477": window light drew 2/2 beam(s)
2026-05-25 23:32:46.354 +02:00 [INF] Map "d5c08240-0436-454a-8993-362abf5bc477": window light drew 2/2 beam(s)
2026-05-25 23:32:46.405 +02:00 [INF] Map "d5c08240-0436-454a-8993-362abf5bc477": window light drew 2/2 beam(s)
2026-05-25 23:32:46.455 +02:00 [INF] Map "d5c08240-0436-454a-8993-362abf5bc477": window light drew 2/2 beam(s)
2026-05-25 23:32:46.505 +02:00 [INF] Map "d5c08240-0436-454a-8993-362abf5bc477": window light drew 2/2 beam(s)
2026-05-25 23:32:46.555 +02:00 [INF] Map "d5c08240-0436-454a-8993-362abf5bc477": window light drew 2/2 beam(s)
2026-05-25 23:32:46.605 +02:00 [INF] Map "d5c08240-0436-454a-8993-362abf5bc477": window light drew 2/2 beam(s)
2026-05-25 23:32:46.655 +02:00 [INF] Map "d5c08240-0436-454a-8993-362abf5bc477": window light drew 2/2 beam(s)
2026-05-25 23:32:46.721 +02:00 [INF] Map "d5c08240-0436-454a-8993-362abf5bc477": window light drew 2/2 beam(s)
2026-05-25 23:32:46.772 +02:00 [INF] Map "d5c08240-0436-454a-8993-362abf5bc477": window light drew 2/2 beam(s)
2026-05-25 23:32:46.823 +02:00 [INF] Map "d5c08240-0436-454a-8993-362abf5bc477": window light drew 2/2 beam(s)
2026-05-25 23:32:46.874 +02:00 [INF] Map "d5c08240-0436-454a-8993-362abf5bc477": window light drew 2/2 beam(s)
2026-05-25 23:32:46.925 +02:00 [INF] Map "d5c08240-0436-454a-8993-362abf5bc477": window light drew 2/2 beam(s)
2026-05-25 23:32:46.976 +02:00 [INF] Map "d5c08240-0436-454a-8993-362abf5bc477": window light drew 2/2 beam(s)
2026-05-25 23:32:47.027 +02:00 [INF] Map "d5c08240-0436-454a-8993-362abf5bc477": window light drew 2/2 beam(s)
2026-05-25 23:32:47.079 +02:00 [INF] Map "d5c08240-0436-454a-8993-362abf5bc477": window light drew 2/2 beam(s)
2026-05-25 23:32:47.131 +02:00 [INF] Map "d5c08240-0436-454a-8993-362abf5bc477": window light drew 2/2 beam(s)
2026-05-25 23:32:47.182 +02:00 [INF] Map "d5c08240-0436-454a-8993-362abf5bc477": window light drew 2/2 beam(s)
2026-05-25 23:32:47.251 +02:00 [INF] Map "d5c08240-0436-454a-8993-362abf5bc477": window light drew 2/2 beam(s)
2026-05-25 23:32:47.302 +02:00 [INF] Map "d5c08240-0436-454a-8993-362abf5bc477": window light drew 2/2 beam(s)
2026-05-25 23:32:47.354 +02:00 [INF] Map "d5c08240-0436-454a-8993-362abf5bc477": window light drew 2/2 beam(s)
2026-05-25 23:32:47.404 +02:00 [INF] Map "d5c08240-0436-454a-8993-362abf5bc477": window light drew 2/2 beam(s)
2026-05-25 23:32:47.455 +02:00 [INF] Map "d5c08240-0436-454a-8993-362abf5bc477": window light drew 2/2 beam(s)
2026-05-25 23:32:47.505 +02:00 [INF] Map "d5c08240-0436-454a-8993-362abf5bc477": window light drew 2/2 beam(s)
2026-05-25 23:32:47.558 +02:00 [INF] Map "d5c08240-0436-454a-8993-362abf5bc477": window light drew 2/2 beam(s)
2026-05-25 23:32:47.608 +02:00 [INF] Map "d5c08240-0436-454a-8993-362abf5bc477": window light drew 2/2 beam(s)
2026-05-25 23:32:47.658 +02:00 [INF] Map "d5c08240-0436-454a-8993-362abf5bc477": window light drew 2/2 beam(s)
2026-05-25 23:32:47.709 +02:00 [INF] Map "d5c08240-0436-454a-8993-362abf5bc477": window light drew 2/2 beam(s)
2026-05-25 23:32:47.775 +02:00 [INF] Map "d5c08240-0436-454a-8993-362abf5bc477": window light drew 2/2 beam(s)
2026-05-25 23:32:47.826 +02:00 [INF] Map "d5c08240-0436-454a-8993-362abf5bc477": window light drew 2/2 beam(s)
2026-05-25 23:32:47.877 +02:00 [INF] Map "d5c08240-0436-454a-8993-362abf5bc477": window light drew 2/2 beam(s)
2026-05-25 23:32:47.927 +02:00 [INF] Map "d5c08240-0436-454a-8993-362abf5bc477": window light drew 2/2 beam(s)
2026-05-25 23:32:47.979 +02:00 [INF] Map "d5c08240-0436-454a-8993-362abf5bc477": window light drew 2/2 beam(s)
2026-05-25 23:32:48.029 +02:00 [INF] Map "d5c08240-0436-454a-8993-362abf5bc477": window light drew 2/2 beam(s)
2026-05-25 23:32:48.080 +02:00 [INF] Map "d5c08240-0436-454a-8993-362abf5bc477": window light drew 2/2 beam(s)
2026-05-25 23:32:48.131 +02:00 [INF] Map "d5c08240-0436-454a-8993-362abf5bc477": window light drew 2/2 beam(s)
2026-05-25 23:32:48.181 +02:00 [INF] Map "d5c08240-0436-454a-8993-362abf5bc477": window light drew 2/2 beam(s)
2026-05-25 23:32:48.231 +02:00 [INF] Map "d5c08240-0436-454a-8993-362abf5bc477": window light drew 2/2 beam(s)
2026-05-25 23:32:48.296 +02:00 [INF] Map "d5c08240-0436-454a-8993-362abf5bc477": window light drew 2/2 beam(s)
2026-05-25 23:32:48.347 +02:00 [INF] Map "d5c08240-0436-454a-8993-362abf5bc477": window light drew 2/2 beam(s)
2026-05-25 23:32:48.398 +02:00 [INF] Map "d5c08240-0436-454a-8993-362abf5bc477": window light drew 2/2 beam(s)
2026-05-25 23:32:48.448 +02:00 [INF] Map "d5c08240-0436-454a-8993-362abf5bc477": window light drew 2/2 beam(s)
2026-05-25 23:32:48.498 +02:00 [INF] Map "d5c08240-0436-454a-8993-362abf5bc477": window light drew 2/2 beam(s)
2026-05-25 23:32:48.549 +02:00 [INF] Map "d5c08240-0436-454a-8993-362abf5bc477": window light drew 2/2 beam(s)
2026-05-25 23:32:48.598 +02:00 [INF] Map "d5c08240-0436-454a-8993-362abf5bc477": window light drew 2/2 beam(s)
2026-05-25 23:32:48.649 +02:00 [INF] Map "d5c08240-0436-454a-8993-362abf5bc477": window light drew 2/2 beam(s)
2026-05-25 23:32:48.700 +02:00 [INF] Map "d5c08240-0436-454a-8993-362abf5bc477": window light drew 2/2 beam(s)
2026-05-25 23:32:48.751 +02:00 [INF] Map "d5c08240-0436-454a-8993-362abf5bc477": window light drew 2/2 beam(s)
2026-05-25 23:32:48.817 +02:00 [INF] Map "d5c08240-0436-454a-8993-362abf5bc477": window light drew 2/2 beam(s)
2026-05-25 23:32:48.869 +02:00 [INF] Map "d5c08240-0436-454a-8993-362abf5bc477": window light drew 2/2 beam(s)
2026-05-25 23:32:48.922 +02:00 [INF] Map "d5c08240-0436-454a-8993-362abf5bc477": window light drew 2/2 beam(s)
2026-05-25 23:32:48.977 +02:00 [INF] Map "d5c08240-0436-454a-8993-362abf5bc477": window light drew 2/2 beam(s)
2026-05-25 23:32:49.029 +02:00 [INF] Map "d5c08240-0436-454a-8993-362abf5bc477": window light drew 2/2 beam(s)
2026-05-25 23:32:49.081 +02:00 [INF] Map "d5c08240-0436-454a-8993-362abf5bc477": window light drew 2/2 beam(s)
2026-05-25 23:32:49.132 +02:00 [INF] Map "d5c08240-0436-454a-8993-362abf5bc477": window light drew 2/2 beam(s)
2026-05-25 23:32:49.184 +02:00 [INF] Map "d5c08240-0436-454a-8993-362abf5bc477": window light drew 2/2 beam(s)
2026-05-25 23:32:49.235 +02:00 [INF] Map "d5c08240-0436-454a-8993-362abf5bc477": window light drew 2/2 beam(s)
2026-05-25 23:32:49.286 +02:00 [INF] Map "d5c08240-0436-454a-8993-362abf5bc477": window light drew 2/2 beam(s)
2026-05-25 23:32:49.352 +02:00 [INF] Map "d5c08240-0436-454a-8993-362abf5bc477": window light drew 2/2 beam(s)
2026-05-25 23:32:49.406 +02:00 [INF] Map "d5c08240-0436-454a-8993-362abf5bc477": window light drew 2/2 beam(s)
2026-05-25 23:32:49.456 +02:00 [INF] Map "d5c08240-0436-454a-8993-362abf5bc477": window light drew 2/2 beam(s)
2026-05-25 23:32:49.506 +02:00 [INF] Map "d5c08240-0436-454a-8993-362abf5bc477": window light drew 2/2 beam(s)
2026-05-25 23:32:49.556 +02:00 [INF] Map "d5c08240-0436-454a-8993-362abf5bc477": window light drew 2/2 beam(s)
2026-05-25 23:32:49.607 +02:00 [INF] Map "d5c08240-0436-454a-8993-362abf5bc477": window light drew 2/2 beam(s)
2026-05-25 23:32:49.658 +02:00 [INF] Map "d5c08240-0436-454a-8993-362abf5bc477": window light drew 2/2 beam(s)
2026-05-25 23:32:49.708 +02:00 [INF] Map "d5c08240-0436-454a-8993-362abf5bc477": window light drew 2/2 beam(s)
2026-05-25 23:32:49.758 +02:00 [INF] Map "d5c08240-0436-454a-8993-362abf5bc477": window light drew 2/2 beam(s)
2026-05-25 23:32:49.808 +02:00 [INF] Map "d5c08240-0436-454a-8993-362abf5bc477": window light drew 2/2 beam(s)
2026-05-25 23:32:49.874 +02:00 [INF] Map "d5c08240-0436-454a-8993-362abf5bc477": window light drew 2/2 beam(s)
2026-05-25 23:32:49.925 +02:00 [INF] Map "d5c08240-0436-454a-8993-362abf5bc477": window light drew 2/2 beam(s)
2026-05-25 23:32:49.978 +02:00 [INF] Map "d5c08240-0436-454a-8993-362abf5bc477": window light drew 2/2 beam(s)
2026-05-25 23:32:50.031 +02:00 [INF] Map "d5c08240-0436-454a-8993-362abf5bc477": window light drew 2/2 beam(s)
2026-05-25 23:32:50.084 +02:00 [INF] Map "d5c08240-0436-454a-8993-362abf5bc477": window light drew 2/2 beam(s)
2026-05-25 23:32:50.140 +02:00 [INF] Map "d5c08240-0436-454a-8993-362abf5bc477": window light drew 2/2 beam(s)
2026-05-25 23:32:50.192 +02:00 [INF] Map "d5c08240-0436-454a-8993-362abf5bc477": window light drew 2/2 beam(s)
2026-05-25 23:32:50.246 +02:00 [INF] Map "d5c08240-0436-454a-8993-362abf5bc477": window light drew 2/2 beam(s)
2026-05-25 23:32:50.298 +02:00 [INF] Map "d5c08240-0436-454a-8993-362abf5bc477": window light drew 2/2 beam(s)
2026-05-25 23:32:50.349 +02:00 [INF] Map "d5c08240-0436-454a-8993-362abf5bc477": window light drew 2/2 beam(s)
2026-05-25 23:32:50.414 +02:00 [INF] Map "d5c08240-0436-454a-8993-362abf5bc477": window light drew 2/2 beam(s)
2026-05-25 23:32:50.465 +02:00 [INF] Map "d5c08240-0436-454a-8993-362abf5bc477": window light drew 2/2 beam(s)
2026-05-25 23:32:50.517 +02:00 [INF] Map "d5c08240-0436-454a-8993-362abf5bc477": window light drew 2/2 beam(s)
2026-05-25 23:32:50.569 +02:00 [INF] Map "d5c08240-0436-454a-8993-362abf5bc477": window light drew 2/2 beam(s)
2026-05-25 23:32:50.619 +02:00 [INF] Map "d5c08240-0436-454a-8993-362abf5bc477": window light drew 2/2 beam(s)
2026-05-25 23:32:50.670 +02:00 [INF] Map "d5c08240-0436-454a-8993-362abf5bc477": window light drew 2/2 beam(s)
2026-05-25 23:32:50.721 +02:00 [INF] Map "d5c08240-0436-454a-8993-362abf5bc477": window light drew 2/2 beam(s)
2026-05-25 23:32:50.774 +02:00 [INF] Map "d5c08240-0436-454a-8993-362abf5bc477": window light drew 2/2 beam(s)
2026-05-25 23:32:50.826 +02:00 [INF] Map "d5c08240-0436-454a-8993-362abf5bc477": window light drew 2/2 beam(s)
2026-05-25 23:32:50.877 +02:00 [INF] Map "d5c08240-0436-454a-8993-362abf5bc477": window light drew 2/2 beam(s)
2026-05-25 23:32:50.943 +02:00 [INF] Map "d5c08240-0436-454a-8993-362abf5bc477": window light drew 2/2 beam(s)
2026-05-25 23:32:50.994 +02:00 [INF] Map "d5c08240-0436-454a-8993-362abf5bc477": window light drew 2/2 beam(s)
2026-05-25 23:32:51.046 +02:00 [INF] Map "d5c08240-0436-454a-8993-362abf5bc477": window light drew 2/2 beam(s)
2026-05-25 23:32:51.097 +02:00 [INF] Map "d5c08240-0436-454a-8993-362abf5bc477": window light drew 2/2 beam(s)
2026-05-25 23:32:51.149 +02:00 [INF] Map "d5c08240-0436-454a-8993-362abf5bc477": window light drew 2/2 beam(s)
2026-05-25 23:32:51.200 +02:00 [INF] Map "d5c08240-0436-454a-8993-362abf5bc477": window light drew 2/2 beam(s)
2026-05-25 23:32:51.251 +02:00 [INF] Map "d5c08240-0436-454a-8993-362abf5bc477": window light drew 2/2 beam(s)
2026-05-25 23:32:51.303 +02:00 [INF] Map "d5c08240-0436-454a-8993-362abf5bc477": window light drew 2/2 beam(s)
2026-05-25 23:32:51.358 +02:00 [INF] Map "d5c08240-0436-454a-8993-362abf5bc477": window light drew 2/2 beam(s)
2026-05-25 23:32:51.409 +02:00 [INF] Map "d5c08240-0436-454a-8993-362abf5bc477": window light drew 2/2 beam(s)
2026-05-25 23:32:51.476 +02:00 [INF] Map "d5c08240-0436-454a-8993-362abf5bc477": window light drew 2/2 beam(s)
2026-05-25 23:32:51.527 +02:00 [INF] Map "d5c08240-0436-454a-8993-362abf5bc477": window light drew 2/2 beam(s)
2026-05-25 23:32:51.579 +02:00 [INF] Map "d5c08240-0436-454a-8993-362abf5bc477": window light drew 2/2 beam(s)
2026-05-25 23:32:51.633 +02:00 [INF] Map "d5c08240-0436-454a-8993-362abf5bc477": window light drew 2/2 beam(s)
2026-05-25 23:32:51.686 +02:00 [INF] Map "d5c08240-0436-454a-8993-362abf5bc477": window light drew 2/2 beam(s)
2026-05-25 23:32:51.736 +02:00 [INF] Map "d5c08240-0436-454a-8993-362abf5bc477": window light drew 2/2 beam(s)
2026-05-25 23:32:51.788 +02:00 [INF] Map "d5c08240-0436-454a-8993-362abf5bc477": window light drew 2/2 beam(s)
2026-05-25 23:32:51.839 +02:00 [INF] Map "d5c08240-0436-454a-8993-362abf5bc477": window light drew 2/2 beam(s)
2026-05-25 23:32:51.890 +02:00 [INF] Map "d5c08240-0436-454a-8993-362abf5bc477": window light drew 2/2 beam(s)
2026-05-25 23:32:51.942 +02:00 [INF] Map "d5c08240-0436-454a-8993-362abf5bc477": window light drew 2/2 beam(s)
2026-05-25 23:32:52.013 +02:00 [INF] Map "d5c08240-0436-454a-8993-362abf5bc477": window light drew 2/2 beam(s)
2026-05-25 23:32:52.072 +02:00 [INF] Map "d5c08240-0436-454a-8993-362abf5bc477": window light drew 2/2 beam(s)
2026-05-25 23:32:52.129 +02:00 [INF] Map "d5c08240-0436-454a-8993-362abf5bc477": window light drew 2/2 beam(s)
2026-05-25 23:32:52.181 +02:00 [INF] Map "d5c08240-0436-454a-8993-362abf5bc477": window light drew 2/2 beam(s)
2026-05-25 23:32:52.232 +02:00 [INF] Map "d5c08240-0436-454a-8993-362abf5bc477": window light drew 2/2 beam(s)
2026-05-25 23:32:52.283 +02:00 [INF] Map "d5c08240-0436-454a-8993-362abf5bc477": window light drew 2/2 beam(s)
2026-05-25 23:32:52.334 +02:00 [INF] Map "d5c08240-0436-454a-8993-362abf5bc477": window light drew 2/2 beam(s)
2026-05-25 23:32:52.385 +02:00 [INF] Map "d5c08240-0436-454a-8993-362abf5bc477": window light drew 2/2 beam(s)
2026-05-25 23:32:52.436 +02:00 [INF] Map "d5c08240-0436-454a-8993-362abf5bc477": window light drew 2/2 beam(s)
2026-05-25 23:32:52.487 +02:00 [INF] Map "d5c08240-0436-454a-8993-362abf5bc477": window light drew 2/2 beam(s)
2026-05-25 23:32:52.553 +02:00 [INF] Map "d5c08240-0436-454a-8993-362abf5bc477": window light drew 2/2 beam(s)
2026-05-25 23:32:52.608 +02:00 [INF] Map "d5c08240-0436-454a-8993-362abf5bc477": window light drew 2/2 beam(s)
2026-05-25 23:32:52.665 +02:00 [INF] Map "d5c08240-0436-454a-8993-362abf5bc477": window light drew 2/2 beam(s)
2026-05-25 23:32:52.718 +02:00 [INF] Map "d5c08240-0436-454a-8993-362abf5bc477": window light drew 2/2 beam(s)
2026-05-25 23:32:52.769 +02:00 [INF] Map "d5c08240-0436-454a-8993-362abf5bc477": window light drew 2/2 beam(s)
2026-05-25 23:32:52.818 +02:00 [INF] Map "d5c08240-0436-454a-8993-362abf5bc477": window light drew 2/2 beam(s)
2026-05-25 23:32:52.870 +02:00 [INF] Map "d5c08240-0436-454a-8993-362abf5bc477": window light drew 2/2 beam(s)
2026-05-25 23:32:52.920 +02:00 [INF] Map "d5c08240-0436-454a-8993-362abf5bc477": window light drew 2/2 beam(s)
2026-05-25 23:32:52.971 +02:00 [INF] Map "d5c08240-0436-454a-8993-362abf5bc477": window light drew 2/2 beam(s)
2026-05-25 23:32:53.021 +02:00 [INF] Map "d5c08240-0436-454a-8993-362abf5bc477": window light drew 2/2 beam(s)
2026-05-25 23:32:53.086 +02:00 [INF] Map "d5c08240-0436-454a-8993-362abf5bc477": window light drew 2/2 beam(s)
2026-05-25 23:32:53.137 +02:00 [INF] Map "d5c08240-0436-454a-8993-362abf5bc477": window light drew 2/2 beam(s)
2026-05-25 23:32:53.188 +02:00 [INF] Map "d5c08240-0436-454a-8993-362abf5bc477": window light drew 2/2 beam(s)
2026-05-25 23:32:53.238 +02:00 [INF] Map "d5c08240-0436-454a-8993-362abf5bc477": window light drew 2/2 beam(s)
2026-05-25 23:32:53.288 +02:00 [INF] Map "d5c08240-0436-454a-8993-362abf5bc477": window light drew 2/2 beam(s)
2026-05-25 23:32:53.339 +02:00 [INF] Map "d5c08240-0436-454a-8993-362abf5bc477": window light drew 2/2 beam(s)
2026-05-25 23:32:53.390 +02:00 [INF] Map "d5c08240-0436-454a-8993-362abf5bc477": window light drew 2/2 beam(s)
2026-05-25 23:32:53.440 +02:00 [INF] Map "d5c08240-0436-454a-8993-362abf5bc477": window light drew 2/2 beam(s)
2026-05-25 23:32:53.490 +02:00 [INF] Map "d5c08240-0436-454a-8993-362abf5bc477": window light drew 2/2 beam(s)
2026-05-25 23:32:53.540 +02:00 [INF] Map "d5c08240-0436-454a-8993-362abf5bc477": window light drew 2/2 beam(s)
2026-05-25 23:32:53.606 +02:00 [INF] Map "d5c08240-0436-454a-8993-362abf5bc477": window light drew 2/2 beam(s)
2026-05-25 23:32:53.656 +02:00 [INF] Map "d5c08240-0436-454a-8993-362abf5bc477": window light drew 2/2 beam(s)
2026-05-25 23:32:53.707 +02:00 [INF] Map "d5c08240-0436-454a-8993-362abf5bc477": window light drew 2/2 beam(s)
2026-05-25 23:32:53.757 +02:00 [INF] Map "d5c08240-0436-454a-8993-362abf5bc477": window light drew 2/2 beam(s)
2026-05-25 23:32:53.808 +02:00 [INF] Map "d5c08240-0436-454a-8993-362abf5bc477": window light drew 2/2 beam(s)
2026-05-25 23:32:53.990 +02:00 [INF] Map "d5c08240-0436-454a-8993-362abf5bc477": window light drew 2/2 beam(s)
2026-05-25 23:32:54.020 +02:00 [INF] Map "d5c08240-0436-454a-8993-362abf5bc477": window light drew 2/2 beam(s)
2026-05-25 23:32:54.084 +02:00 [INF] Map "d5c08240-0436-454a-8993-362abf5bc477": window light drew 2/2 beam(s)
2026-05-25 23:32:54.128 +02:00 [INF] Map "d5c08240-0436-454a-8993-362abf5bc477": window light drew 2/2 beam(s)
2026-05-25 23:32:54.158 +02:00 [INF] Map "d5c08240-0436-454a-8993-362abf5bc477": window light drew 2/2 beam(s)
2026-05-25 23:32:54.187 +02:00 [INF] Map "d5c08240-0436-454a-8993-362abf5bc477": window light drew 2/2 beam(s)
2026-05-25 23:32:54.216 +02:00 [INF] Map "d5c08240-0436-454a-8993-362abf5bc477": window light drew 2/2 beam(s)
2026-05-25 23:32:54.245 +02:00 [INF] Map "d5c08240-0436-454a-8993-362abf5bc477": window light drew 2/2 beam(s)
2026-05-25 23:32:54.275 +02:00 [INF] Map "d5c08240-0436-454a-8993-362abf5bc477": window light drew 2/2 beam(s)
2026-05-25 23:32:54.304 +02:00 [INF] Map "d5c08240-0436-454a-8993-362abf5bc477": window light drew 2/2 beam(s)
2026-05-25 23:32:54.333 +02:00 [INF] Map "d5c08240-0436-454a-8993-362abf5bc477": window light drew 2/2 beam(s)
2026-05-25 23:32:54.363 +02:00 [INF] Map "d5c08240-0436-454a-8993-362abf5bc477": window light drew 2/2 beam(s)
2026-05-25 23:32:54.392 +02:00 [INF] Map "d5c08240-0436-454a-8993-362abf5bc477": window light drew 2/2 beam(s)
2026-05-25 23:32:54.436 +02:00 [INF] Map "d5c08240-0436-454a-8993-362abf5bc477": window light drew 2/2 beam(s)
2026-05-25 23:32:54.466 +02:00 [INF] Map "d5c08240-0436-454a-8993-362abf5bc477": window light drew 2/2 beam(s)
2026-05-25 23:32:54.495 +02:00 [INF] Map "d5c08240-0436-454a-8993-362abf5bc477": window light drew 2/2 beam(s)
2026-05-25 23:32:54.524 +02:00 [INF] Map "d5c08240-0436-454a-8993-362abf5bc477": window light drew 2/2 beam(s)
2026-05-25 23:32:54.554 +02:00 [INF] Map "d5c08240-0436-454a-8993-362abf5bc477": window light drew 2/2 beam(s)
2026-05-25 23:32:54.583 +02:00 [INF] Map "d5c08240-0436-454a-8993-362abf5bc477": window light drew 2/2 beam(s)
2026-05-25 23:32:54.613 +02:00 [INF] Map "d5c08240-0436-454a-8993-362abf5bc477": window light drew 2/2 beam(s)
2026-05-25 23:32:54.642 +02:00 [INF] Map "d5c08240-0436-454a-8993-362abf5bc477": window light drew 2/2 beam(s)
2026-05-25 23:32:54.672 +02:00 [INF] Map "d5c08240-0436-454a-8993-362abf5bc477": window light drew 2/2 beam(s)
2026-05-25 23:32:54.702 +02:00 [INF] Map "d5c08240-0436-454a-8993-362abf5bc477": window light drew 2/2 beam(s)
2026-05-25 23:32:54.747 +02:00 [INF] Map "d5c08240-0436-454a-8993-362abf5bc477": window light drew 2/2 beam(s)
2026-05-25 23:32:54.777 +02:00 [INF] Map "d5c08240-0436-454a-8993-362abf5bc477": window light drew 2/2 beam(s)
2026-05-25 23:32:54.807 +02:00 [INF] Map "d5c08240-0436-454a-8993-362abf5bc477": window light drew 2/2 beam(s)
2026-05-25 23:32:54.838 +02:00 [INF] Map "d5c08240-0436-454a-8993-362abf5bc477": window light drew 2/2 beam(s)
2026-05-25 23:32:55.022 +02:00 [INF] System window closing (due to user interaction most likely).
2026-05-25 23:32:55.025 +02:00 [INF] Disconnected [eda4fa49-2d62-401e-aa1b-17c4c25e9af6].
2026-05-25 23:32:55.025 +02:00 [INF] Updating active permission set to 'default'
2026-05-25 23:32:55.080 +02:00 [INF] Acquiring context lock... (0ms)
2026-05-25 23:32:55.080 +02:00 [INF] Acquired. (0ms)
2026-05-25 23:32:55.081 +02:00 [INF] Beginning context dispose. (0ms)
2026-05-25 23:32:55.081 +02:00 [INF] GC.SuppressFinalize (0ms)
2026-05-25 23:32:55.081 +02:00 [INF] InternalDispose() completed. (0ms)
2026-05-25 23:32:55.081 +02:00 [INF] Clearing instance... (1ms)
2026-05-25 23:32:55.081 +02:00 [INF] Releasing context lock... (1ms)
2026-05-25 23:32:55.081 +02:00 [INF] Released. (1ms)
