2026-05-25 20:10:35.949 +02:00 [INF] Starting Intersect Client v0.8.0.0-custom+32d39132dace1351f63375b261f241297dd35be8-dirty
2026-05-25 20:10:36.163 +02:00 [INF] Discovered service type: Intersect.Plugins.PluginService
2026-05-25 20:10:36.166 +02:00 [WRN] Directory was specified as a plugin directory but does not exist: 'resources\plugins'
2026-05-25 20:10:36.167 +02:00 [INF] Discovered 0 plugins:

2026-05-25 20:10:38.416 +02:00 [INF] Connecting to 127.0.0.1:5400...
2026-05-25 20:10:38.441 +02:00 [INF] Connected [354ddfda-2eb1-4fca-926f-ba5802bf0eac].
2026-05-25 20:10:38.461 +02:00 [INF] Connection approved [354ddfda-2eb1-4fca-926f-ba5802bf0eac].
2026-05-25 20:10:38.568 +02:00 [INF] Updated PermissionSet 'default'
2026-05-25 20:10:44.038 +02:00 [INF] Updated PermissionSet 'admin'
2026-05-25 20:10:44.039 +02:00 [INF] Updating active permission set to 'admin'
2026-05-25 20:10:44.496 +02:00 [WRN] 'Me' is null.
2026-05-25 20:10:45.007 +02:00 [INF] Map "d5c08240-0436-454a-8993-362abf5bc477" 'New Map' loaded with 1 window light zone(s)
2026-05-25 20:10:45.198 +02:00 [INF] BuildWindowLightBeams() map "d5c08240-0436-454a-8993-362abf5bc477": WindowLightZones=1
2026-05-25 20:10:45.203 +02:00 [INF] BuildWindowLightBeams() map "d5c08240-0436-454a-8993-362abf5bc477": created 1 beam(s) from 1 zone(s)
2026-05-25 20:10:45.203 +02:00 [INF] Built VBO for map d5c08240-0436-454a-8993-362abf5bc477 'New Map' in 18.2917ms
2026-05-25 20:10:46.322 +02:00 [INF] Map "d5c08240-0436-454a-8993-362abf5bc477": window light drew 1/1 beam(s)
2026-05-25 20:10:46.407 +02:00 [INF] Map "d5c08240-0436-454a-8993-362abf5bc477": window light drew 1/1 beam(s)
2026-05-25 20:10:46.454 +02:00 [INF] Map "d5c08240-0436-454a-8993-362abf5bc477": window light drew 1/1 beam(s)
2026-05-25 20:10:46.501 +02:00 [INF] Map "d5c08240-0436-454a-8993-362abf5bc477": window light drew 1/1 beam(s)
2026-05-25 20:10:46.548 +02:00 [INF] Map "d5c08240-0436-454a-8993-362abf5bc477": window light drew 1/1 beam(s)
2026-05-25 20:10:46.596 +02:00 [INF] Map "d5c08240-0436-454a-8993-362abf5bc477": window light drew 1/1 beam(s)
2026-05-25 20:10:46.644 +02:00 [INF] Map "d5c08240-0436-454a-8993-362abf5bc477": window light drew 1/1 beam(s)
2026-05-25 20:10:46.690 +02:00 [INF] Map "d5c08240-0436-454a-8993-362abf5bc477": window light drew 1/1 beam(s)
2026-05-25 20:10:46.736 +02:00 [INF] Map "d5c08240-0436-454a-8993-362abf5bc477": window light drew 1/1 beam(s)
2026-05-25 20:10:46.781 +02:00 [INF] Map "d5c08240-0436-454a-8993-362abf5bc477": window light drew 1/1 beam(s)
2026-05-25 20:10:46.827 +02:00 [INF] Map "d5c08240-0436-454a-8993-362abf5bc477": window light drew 1/1 beam(s)
2026-05-25 20:10:46.874 +02:00 [INF] Map "d5c08240-0436-454a-8993-362abf5bc477": window light drew 1/1 beam(s)
2026-05-25 20:10:46.920 +02:00 [INF] Map "d5c08240-0436-454a-8993-362abf5bc477": window light drew 1/1 beam(s)
2026-05-25 20:10:46.965 +02:00 [INF] Map "d5c08240-0436-454a-8993-362abf5bc477": window light drew 1/1 beam(s)
2026-05-25 20:10:47.011 +02:00 [INF] Map "d5c08240-0436-454a-8993-362abf5bc477": window light drew 1/1 beam(s)
2026-05-25 20:10:47.057 +02:00 [INF] Map "d5c08240-0436-454a-8993-362abf5bc477": window light drew 1/1 beam(s)
2026-05-25 20:10:47.102 +02:00 [INF] Map "d5c08240-0436-454a-8993-362abf5bc477": window light drew 1/1 beam(s)
2026-05-25 20:10:47.161 +02:00 [INF] Map "d5c08240-0436-454a-8993-362abf5bc477": window light drew 1/1 beam(s)
2026-05-25 20:10:47.207 +02:00 [INF] Map "d5c08240-0436-454a-8993-362abf5bc477": window light drew 1/1 beam(s)
2026-05-25 20:10:47.252 +02:00 [INF] Map "d5c08240-0436-454a-8993-362abf5bc477": window light drew 1/1 beam(s)
2026-05-25 20:10:47.298 +02:00 [INF] Map "d5c08240-0436-454a-8993-362abf5bc477": window light drew 1/1 beam(s)
2026-05-25 20:10:47.347 +02:00 [INF] Map "d5c08240-0436-454a-8993-362abf5bc477": window light drew 1/1 beam(s)
2026-05-25 20:10:47.401 +02:00 [INF] Map "d5c08240-0436-454a-8993-362abf5bc477": window light drew 1/1 beam(s)
2026-05-25 20:10:47.449 +02:00 [INF] Map "d5c08240-0436-454a-8993-362abf5bc477": window light drew 1/1 beam(s)
2026-05-25 20:10:47.495 +02:00 [INF] Map "d5c08240-0436-454a-8993-362abf5bc477": window light drew 1/1 beam(s)
2026-05-25 20:10:47.540 +02:00 [INF] Map "d5c08240-0436-454a-8993-362abf5bc477": window light drew 1/1 beam(s)
2026-05-25 20:10:47.599 +02:00 [INF] Map "d5c08240-0436-454a-8993-362abf5bc477": window light drew 1/1 beam(s)
2026-05-25 20:10:47.644 +02:00 [INF] Map "d5c08240-0436-454a-8993-362abf5bc477": window light drew 1/1 beam(s)
2026-05-25 20:10:47.691 +02:00 [INF] Map "d5c08240-0436-454a-8993-362abf5bc477": window light drew 1/1 beam(s)
2026-05-25 20:10:47.737 +02:00 [INF] Map "d5c08240-0436-454a-8993-362abf5bc477": window light drew 1/1 beam(s)
2026-05-25 20:10:47.784 +02:00 [INF] Map "d5c08240-0436-454a-8993-362abf5bc477": window light drew 1/1 beam(s)
2026-05-25 20:10:47.830 +02:00 [INF] Map "d5c08240-0436-454a-8993-362abf5bc477": window light drew 1/1 beam(s)
2026-05-25 20:10:47.877 +02:00 [INF] Map "d5c08240-0436-454a-8993-362abf5bc477": window light drew 1/1 beam(s)
2026-05-25 20:10:47.925 +02:00 [INF] Map "d5c08240-0436-454a-8993-362abf5bc477": window light drew 1/1 beam(s)
2026-05-25 20:10:47.986 +02:00 [INF] Map "d5c08240-0436-454a-8993-362abf5bc477": window light drew 1/1 beam(s)
2026-05-25 20:10:48.033 +02:00 [INF] Map "d5c08240-0436-454a-8993-362abf5bc477": window light drew 1/1 beam(s)
2026-05-25 20:10:48.079 +02:00 [INF] Map "d5c08240-0436-454a-8993-362abf5bc477": window light drew 1/1 beam(s)
2026-05-25 20:10:48.128 +02:00 [INF] Map "d5c08240-0436-454a-8993-362abf5bc477": window light drew 1/1 beam(s)
2026-05-25 20:10:48.174 +02:00 [INF] Map "d5c08240-0436-454a-8993-362abf5bc477": window light drew 1/1 beam(s)
2026-05-25 20:10:48.220 +02:00 [INF] Map "d5c08240-0436-454a-8993-362abf5bc477": window light drew 1/1 beam(s)
2026-05-25 20:10:48.268 +02:00 [INF] Map "d5c08240-0436-454a-8993-362abf5bc477": window light drew 1/1 beam(s)
2026-05-25 20:10:48.314 +02:00 [INF] Map "d5c08240-0436-454a-8993-362abf5bc477": window light drew 1/1 beam(s)
2026-05-25 20:10:48.360 +02:00 [INF] Map "d5c08240-0436-454a-8993-362abf5bc477": window light drew 1/1 beam(s)
2026-05-25 20:10:48.418 +02:00 [INF] Map "d5c08240-0436-454a-8993-362abf5bc477": window light drew 1/1 beam(s)
2026-05-25 20:10:48.464 +02:00 [INF] Map "d5c08240-0436-454a-8993-362abf5bc477": window light drew 1/1 beam(s)
2026-05-25 20:10:48.509 +02:00 [INF] Map "d5c08240-0436-454a-8993-362abf5bc477": window light drew 1/1 beam(s)
2026-05-25 20:10:48.555 +02:00 [INF] Map "d5c08240-0436-454a-8993-362abf5bc477": window light drew 1/1 beam(s)
2026-05-25 20:10:48.600 +02:00 [INF] Map "d5c08240-0436-454a-8993-362abf5bc477": window light drew 1/1 beam(s)
2026-05-25 20:10:48.645 +02:00 [INF] Map "d5c08240-0436-454a-8993-362abf5bc477": window light drew 1/1 beam(s)
2026-05-25 20:10:48.690 +02:00 [INF] Map "d5c08240-0436-454a-8993-362abf5bc477": window light drew 1/1 beam(s)
2026-05-25 20:10:48.737 +02:00 [INF] Map "d5c08240-0436-454a-8993-362abf5bc477": window light drew 1/1 beam(s)
2026-05-25 20:10:48.795 +02:00 [INF] Map "d5c08240-0436-454a-8993-362abf5bc477": window light drew 1/1 beam(s)
2026-05-25 20:10:48.839 +02:00 [INF] Map "d5c08240-0436-454a-8993-362abf5bc477": window light drew 1/1 beam(s)
2026-05-25 20:10:48.884 +02:00 [INF] Map "d5c08240-0436-454a-8993-362abf5bc477": window light drew 1/1 beam(s)
2026-05-25 20:10:48.929 +02:00 [INF] Map "d5c08240-0436-454a-8993-362abf5bc477": window light drew 1/1 beam(s)
2026-05-25 20:10:48.974 +02:00 [INF] Map "d5c08240-0436-454a-8993-362abf5bc477": window light drew 1/1 beam(s)
2026-05-25 20:10:49.020 +02:00 [INF] Map "d5c08240-0436-454a-8993-362abf5bc477": window light drew 1/1 beam(s)
2026-05-25 20:10:49.064 +02:00 [INF] Map "d5c08240-0436-454a-8993-362abf5bc477": window light drew 1/1 beam(s)
2026-05-25 20:10:49.109 +02:00 [INF] Map "d5c08240-0436-454a-8993-362abf5bc477": window light drew 1/1 beam(s)
2026-05-25 20:10:49.156 +02:00 [INF] Map "d5c08240-0436-454a-8993-362abf5bc477": window light drew 1/1 beam(s)
2026-05-25 20:10:49.223 +02:00 [INF] Map "d5c08240-0436-454a-8993-362abf5bc477": window light drew 1/1 beam(s)
2026-05-25 20:10:49.273 +02:00 [INF] Map "d5c08240-0436-454a-8993-362abf5bc477": window light drew 1/1 beam(s)
2026-05-25 20:10:49.321 +02:00 [INF] Map "d5c08240-0436-454a-8993-362abf5bc477": window light drew 1/1 beam(s)
2026-05-25 20:10:49.365 +02:00 [INF] Map "d5c08240-0436-454a-8993-362abf5bc477": window light drew 1/1 beam(s)
2026-05-25 20:10:49.410 +02:00 [INF] Map "d5c08240-0436-454a-8993-362abf5bc477": window light drew 1/1 beam(s)
2026-05-25 20:10:49.455 +02:00 [INF] Map "d5c08240-0436-454a-8993-362abf5bc477": window light drew 1/1 beam(s)
2026-05-25 20:10:49.500 +02:00 [INF] Map "d5c08240-0436-454a-8993-362abf5bc477": window light drew 1/1 beam(s)
2026-05-25 20:10:49.546 +02:00 [INF] Map "d5c08240-0436-454a-8993-362abf5bc477": window light drew 1/1 beam(s)
2026-05-25 20:10:49.591 +02:00 [INF] Map "d5c08240-0436-454a-8993-362abf5bc477": window light drew 1/1 beam(s)
2026-05-25 20:10:49.650 +02:00 [INF] Map "d5c08240-0436-454a-8993-362abf5bc477": window light drew 1/1 beam(s)
2026-05-25 20:10:49.696 +02:00 [INF] Map "d5c08240-0436-454a-8993-362abf5bc477": window light drew 1/1 beam(s)
2026-05-25 20:10:49.741 +02:00 [INF] Map "d5c08240-0436-454a-8993-362abf5bc477": window light drew 1/1 beam(s)
2026-05-25 20:10:49.786 +02:00 [INF] Map "d5c08240-0436-454a-8993-362abf5bc477": window light drew 1/1 beam(s)
2026-05-25 20:10:49.832 +02:00 [INF] Map "d5c08240-0436-454a-8993-362abf5bc477": window light drew 1/1 beam(s)
2026-05-25 20:10:49.877 +02:00 [INF] Map "d5c08240-0436-454a-8993-362abf5bc477": window light drew 1/1 beam(s)
2026-05-25 20:10:49.922 +02:00 [INF] Map "d5c08240-0436-454a-8993-362abf5bc477": window light drew 1/1 beam(s)
2026-05-25 20:10:49.967 +02:00 [INF] Map "d5c08240-0436-454a-8993-362abf5bc477": window light drew 1/1 beam(s)
2026-05-25 20:10:50.025 +02:00 [INF] Map "d5c08240-0436-454a-8993-362abf5bc477": window light drew 1/1 beam(s)
2026-05-25 20:10:50.070 +02:00 [INF] Map "d5c08240-0436-454a-8993-362abf5bc477": window light drew 1/1 beam(s)
2026-05-25 20:10:50.116 +02:00 [INF] Map "d5c08240-0436-454a-8993-362abf5bc477": window light drew 1/1 beam(s)
2026-05-25 20:10:50.161 +02:00 [INF] Map "d5c08240-0436-454a-8993-362abf5bc477": window light drew 1/1 beam(s)
2026-05-25 20:10:50.206 +02:00 [INF] Map "d5c08240-0436-454a-8993-362abf5bc477": window light drew 1/1 beam(s)
2026-05-25 20:10:50.251 +02:00 [INF] Map "d5c08240-0436-454a-8993-362abf5bc477": window light drew 1/1 beam(s)
2026-05-25 20:10:50.296 +02:00 [INF] Map "d5c08240-0436-454a-8993-362abf5bc477": window light drew 1/1 beam(s)
2026-05-25 20:10:50.341 +02:00 [INF] Map "d5c08240-0436-454a-8993-362abf5bc477": window light drew 1/1 beam(s)
2026-05-25 20:10:50.387 +02:00 [INF] Map "d5c08240-0436-454a-8993-362abf5bc477": window light drew 1/1 beam(s)
2026-05-25 20:10:50.445 +02:00 [INF] Map "d5c08240-0436-454a-8993-362abf5bc477": window light drew 1/1 beam(s)
2026-05-25 20:10:50.490 +02:00 [INF] Map "d5c08240-0436-454a-8993-362abf5bc477": window light drew 1/1 beam(s)
2026-05-25 20:10:50.535 +02:00 [INF] Map "d5c08240-0436-454a-8993-362abf5bc477": window light drew 1/1 beam(s)
2026-05-25 20:10:50.582 +02:00 [INF] Map "d5c08240-0436-454a-8993-362abf5bc477": window light drew 1/1 beam(s)
2026-05-25 20:10:50.630 +02:00 [INF] Map "d5c08240-0436-454a-8993-362abf5bc477": window light drew 1/1 beam(s)
2026-05-25 20:10:50.676 +02:00 [INF] Map "d5c08240-0436-454a-8993-362abf5bc477": window light drew 1/1 beam(s)
2026-05-25 20:10:50.721 +02:00 [INF] Map "d5c08240-0436-454a-8993-362abf5bc477": window light drew 1/1 beam(s)
2026-05-25 20:10:50.767 +02:00 [INF] Map "d5c08240-0436-454a-8993-362abf5bc477": window light drew 1/1 beam(s)
2026-05-25 20:10:50.825 +02:00 [INF] Map "d5c08240-0436-454a-8993-362abf5bc477": window light drew 1/1 beam(s)
2026-05-25 20:10:50.870 +02:00 [INF] Map "d5c08240-0436-454a-8993-362abf5bc477": window light drew 1/1 beam(s)
2026-05-25 20:10:50.915 +02:00 [INF] Map "d5c08240-0436-454a-8993-362abf5bc477": window light drew 1/1 beam(s)
2026-05-25 20:10:50.960 +02:00 [INF] Map "d5c08240-0436-454a-8993-362abf5bc477": window light drew 1/1 beam(s)
2026-05-25 20:10:51.008 +02:00 [INF] Map "d5c08240-0436-454a-8993-362abf5bc477": window light drew 1/1 beam(s)
2026-05-25 20:10:51.053 +02:00 [INF] Map "d5c08240-0436-454a-8993-362abf5bc477": window light drew 1/1 beam(s)
2026-05-25 20:10:51.098 +02:00 [INF] Map "d5c08240-0436-454a-8993-362abf5bc477": window light drew 1/1 beam(s)
2026-05-25 20:10:51.143 +02:00 [INF] Map "d5c08240-0436-454a-8993-362abf5bc477": window light drew 1/1 beam(s)
2026-05-25 20:10:51.188 +02:00 [INF] Map "d5c08240-0436-454a-8993-362abf5bc477": window light drew 1/1 beam(s)
2026-05-25 20:10:51.246 +02:00 [INF] Map "d5c08240-0436-454a-8993-362abf5bc477": window light drew 1/1 beam(s)
2026-05-25 20:10:51.325 +02:00 [INF] Map "d5c08240-0436-454a-8993-362abf5bc477": window light drew 1/1 beam(s)
2026-05-25 20:10:51.372 +02:00 [INF] Map "d5c08240-0436-454a-8993-362abf5bc477": window light drew 1/1 beam(s)
2026-05-25 20:10:51.418 +02:00 [INF] Map "d5c08240-0436-454a-8993-362abf5bc477": window light drew 1/1 beam(s)
2026-05-25 20:10:51.465 +02:00 [INF] Map "d5c08240-0436-454a-8993-362abf5bc477": window light drew 1/1 beam(s)
2026-05-25 20:10:51.510 +02:00 [INF] Map "d5c08240-0436-454a-8993-362abf5bc477": window light drew 1/1 beam(s)
2026-05-25 20:10:51.554 +02:00 [INF] Map "d5c08240-0436-454a-8993-362abf5bc477": window light drew 1/1 beam(s)
2026-05-25 20:10:51.599 +02:00 [INF] Map "d5c08240-0436-454a-8993-362abf5bc477": window light drew 1/1 beam(s)
2026-05-25 20:10:51.660 +02:00 [INF] Map "d5c08240-0436-454a-8993-362abf5bc477": window light drew 1/1 beam(s)
2026-05-25 20:10:51.705 +02:00 [INF] Map "d5c08240-0436-454a-8993-362abf5bc477": window light drew 1/1 beam(s)
2026-05-25 20:10:51.750 +02:00 [INF] Map "d5c08240-0436-454a-8993-362abf5bc477": window light drew 1/1 beam(s)
2026-05-25 20:10:51.794 +02:00 [INF] Map "d5c08240-0436-454a-8993-362abf5bc477": window light drew 1/1 beam(s)
2026-05-25 20:10:51.839 +02:00 [INF] Map "d5c08240-0436-454a-8993-362abf5bc477": window light drew 1/1 beam(s)
2026-05-25 20:10:51.884 +02:00 [INF] Map "d5c08240-0436-454a-8993-362abf5bc477": window light drew 1/1 beam(s)
2026-05-25 20:10:51.931 +02:00 [INF] Map "d5c08240-0436-454a-8993-362abf5bc477": window light drew 1/1 beam(s)
2026-05-25 20:10:51.976 +02:00 [INF] Map "d5c08240-0436-454a-8993-362abf5bc477": window light drew 1/1 beam(s)
2026-05-25 20:10:52.021 +02:00 [INF] Map "d5c08240-0436-454a-8993-362abf5bc477": window light drew 1/1 beam(s)
2026-05-25 20:10:52.080 +02:00 [INF] Map "d5c08240-0436-454a-8993-362abf5bc477": window light drew 1/1 beam(s)
2026-05-25 20:10:52.125 +02:00 [INF] Map "d5c08240-0436-454a-8993-362abf5bc477": window light drew 1/1 beam(s)
2026-05-25 20:10:52.170 +02:00 [INF] Map "d5c08240-0436-454a-8993-362abf5bc477": window light drew 1/1 beam(s)
2026-05-25 20:10:52.215 +02:00 [INF] Map "d5c08240-0436-454a-8993-362abf5bc477": window light drew 1/1 beam(s)
2026-05-25 20:10:52.260 +02:00 [INF] Map "d5c08240-0436-454a-8993-362abf5bc477": window light drew 1/1 beam(s)
2026-05-25 20:10:52.305 +02:00 [INF] Map "d5c08240-0436-454a-8993-362abf5bc477": window light drew 1/1 beam(s)
2026-05-25 20:10:52.350 +02:00 [INF] Map "d5c08240-0436-454a-8993-362abf5bc477": window light drew 1/1 beam(s)
2026-05-25 20:10:52.397 +02:00 [INF] Map "d5c08240-0436-454a-8993-362abf5bc477": window light drew 1/1 beam(s)
2026-05-25 20:10:52.455 +02:00 [INF] Map "d5c08240-0436-454a-8993-362abf5bc477": window light drew 1/1 beam(s)
2026-05-25 20:10:52.501 +02:00 [INF] Map "d5c08240-0436-454a-8993-362abf5bc477": window light drew 1/1 beam(s)
2026-05-25 20:10:52.547 +02:00 [INF] Map "d5c08240-0436-454a-8993-362abf5bc477": window light drew 1/1 beam(s)
2026-05-25 20:10:52.592 +02:00 [INF] Map "d5c08240-0436-454a-8993-362abf5bc477": window light drew 1/1 beam(s)
2026-05-25 20:10:52.637 +02:00 [INF] Map "d5c08240-0436-454a-8993-362abf5bc477": window light drew 1/1 beam(s)
2026-05-25 20:10:52.682 +02:00 [INF] Map "d5c08240-0436-454a-8993-362abf5bc477": window light drew 1/1 beam(s)
2026-05-25 20:10:52.726 +02:00 [INF] Map "d5c08240-0436-454a-8993-362abf5bc477": window light drew 1/1 beam(s)
2026-05-25 20:10:52.771 +02:00 [INF] Map "d5c08240-0436-454a-8993-362abf5bc477": window light drew 1/1 beam(s)
2026-05-25 20:10:52.816 +02:00 [INF] Map "d5c08240-0436-454a-8993-362abf5bc477": window light drew 1/1 beam(s)
2026-05-25 20:10:52.874 +02:00 [INF] Map "d5c08240-0436-454a-8993-362abf5bc477": window light drew 1/1 beam(s)
2026-05-25 20:10:52.918 +02:00 [INF] Map "d5c08240-0436-454a-8993-362abf5bc477": window light drew 1/1 beam(s)
2026-05-25 20:10:52.964 +02:00 [INF] Map "d5c08240-0436-454a-8993-362abf5bc477": window light drew 1/1 beam(s)
2026-05-25 20:10:53.008 +02:00 [INF] Map "d5c08240-0436-454a-8993-362abf5bc477": window light drew 1/1 beam(s)
2026-05-25 20:10:53.053 +02:00 [INF] Map "d5c08240-0436-454a-8993-362abf5bc477": window light drew 1/1 beam(s)
2026-05-25 20:10:53.098 +02:00 [INF] Map "d5c08240-0436-454a-8993-362abf5bc477": window light drew 1/1 beam(s)
2026-05-25 20:10:53.144 +02:00 [INF] Map "d5c08240-0436-454a-8993-362abf5bc477": window light drew 1/1 beam(s)
2026-05-25 20:10:53.191 +02:00 [INF] Map "d5c08240-0436-454a-8993-362abf5bc477": window light drew 1/1 beam(s)
2026-05-25 20:10:53.255 +02:00 [INF] Map "d5c08240-0436-454a-8993-362abf5bc477": window light drew 1/1 beam(s)
2026-05-25 20:10:53.304 +02:00 [INF] Map "d5c08240-0436-454a-8993-362abf5bc477": window light drew 1/1 beam(s)
2026-05-25 20:10:53.349 +02:00 [INF] Map "d5c08240-0436-454a-8993-362abf5bc477": window light drew 1/1 beam(s)
2026-05-25 20:10:53.395 +02:00 [INF] Map "d5c08240-0436-454a-8993-362abf5bc477": window light drew 1/1 beam(s)
2026-05-25 20:10:53.441 +02:00 [INF] Map "d5c08240-0436-454a-8993-362abf5bc477": window light drew 1/1 beam(s)
2026-05-25 20:10:53.488 +02:00 [INF] Map "d5c08240-0436-454a-8993-362abf5bc477": window light drew 1/1 beam(s)
2026-05-25 20:10:53.535 +02:00 [INF] Map "d5c08240-0436-454a-8993-362abf5bc477": window light drew 1/1 beam(s)
2026-05-25 20:10:53.582 +02:00 [INF] Map "d5c08240-0436-454a-8993-362abf5bc477": window light drew 1/1 beam(s)
2026-05-25 20:10:53.627 +02:00 [INF] Map "d5c08240-0436-454a-8993-362abf5bc477": window light drew 1/1 beam(s)
2026-05-25 20:10:53.686 +02:00 [INF] Map "d5c08240-0436-454a-8993-362abf5bc477": window light drew 1/1 beam(s)
2026-05-25 20:10:53.732 +02:00 [INF] Map "d5c08240-0436-454a-8993-362abf5bc477": window light drew 1/1 beam(s)
2026-05-25 20:10:53.779 +02:00 [INF] Map "d5c08240-0436-454a-8993-362abf5bc477": window light drew 1/1 beam(s)
2026-05-25 20:10:53.826 +02:00 [INF] Map "d5c08240-0436-454a-8993-362abf5bc477": window light drew 1/1 beam(s)
2026-05-25 20:10:53.872 +02:00 [INF] Map "d5c08240-0436-454a-8993-362abf5bc477": window light drew 1/1 beam(s)
2026-05-25 20:10:53.918 +02:00 [INF] Map "d5c08240-0436-454a-8993-362abf5bc477": window light drew 1/1 beam(s)
2026-05-25 20:10:53.964 +02:00 [INF] Map "d5c08240-0436-454a-8993-362abf5bc477": window light drew 1/1 beam(s)
2026-05-25 20:10:54.011 +02:00 [INF] Map "d5c08240-0436-454a-8993-362abf5bc477": window light drew 1/1 beam(s)
2026-05-25 20:10:54.072 +02:00 [INF] Map "d5c08240-0436-454a-8993-362abf5bc477": window light drew 1/1 beam(s)
2026-05-25 20:10:54.118 +02:00 [INF] Map "d5c08240-0436-454a-8993-362abf5bc477": window light drew 1/1 beam(s)
2026-05-25 20:10:54.163 +02:00 [INF] Map "d5c08240-0436-454a-8993-362abf5bc477": window light drew 1/1 beam(s)
2026-05-25 20:10:54.209 +02:00 [INF] Map "d5c08240-0436-454a-8993-362abf5bc477": window light drew 1/1 beam(s)
2026-05-25 20:10:54.254 +02:00 [INF] Map "d5c08240-0436-454a-8993-362abf5bc477": window light drew 1/1 beam(s)
2026-05-25 20:10:54.300 +02:00 [INF] Map "d5c08240-0436-454a-8993-362abf5bc477": window light drew 1/1 beam(s)
2026-05-25 20:10:54.345 +02:00 [INF] Map "d5c08240-0436-454a-8993-362abf5bc477": window light drew 1/1 beam(s)
2026-05-25 20:10:54.390 +02:00 [INF] Map "d5c08240-0436-454a-8993-362abf5bc477": window light drew 1/1 beam(s)
2026-05-25 20:10:54.436 +02:00 [INF] Map "d5c08240-0436-454a-8993-362abf5bc477": window light drew 1/1 beam(s)
2026-05-25 20:10:54.494 +02:00 [INF] Map "d5c08240-0436-454a-8993-362abf5bc477": window light drew 1/1 beam(s)
2026-05-25 20:10:54.540 +02:00 [INF] Map "d5c08240-0436-454a-8993-362abf5bc477": window light drew 1/1 beam(s)
2026-05-25 20:10:54.584 +02:00 [INF] Map "d5c08240-0436-454a-8993-362abf5bc477": window light drew 1/1 beam(s)
2026-05-25 20:10:54.630 +02:00 [INF] Map "d5c08240-0436-454a-8993-362abf5bc477": window light drew 1/1 beam(s)
2026-05-25 20:10:54.675 +02:00 [INF] Map "d5c08240-0436-454a-8993-362abf5bc477": window light drew 1/1 beam(s)
2026-05-25 20:10:54.720 +02:00 [INF] Map "d5c08240-0436-454a-8993-362abf5bc477": window light drew 1/1 beam(s)
2026-05-25 20:10:54.765 +02:00 [INF] Map "d5c08240-0436-454a-8993-362abf5bc477": window light drew 1/1 beam(s)
2026-05-25 20:10:54.811 +02:00 [INF] Map "d5c08240-0436-454a-8993-362abf5bc477": window light drew 1/1 beam(s)
2026-05-25 20:10:54.868 +02:00 [INF] Map "d5c08240-0436-454a-8993-362abf5bc477": window light drew 1/1 beam(s)
2026-05-25 20:10:54.914 +02:00 [INF] Map "d5c08240-0436-454a-8993-362abf5bc477": window light drew 1/1 beam(s)
2026-05-25 20:10:54.960 +02:00 [INF] Map "d5c08240-0436-454a-8993-362abf5bc477": window light drew 1/1 beam(s)
2026-05-25 20:10:55.005 +02:00 [INF] Map "d5c08240-0436-454a-8993-362abf5bc477": window light drew 1/1 beam(s)
2026-05-25 20:10:55.051 +02:00 [INF] Map "d5c08240-0436-454a-8993-362abf5bc477": window light drew 1/1 beam(s)
2026-05-25 20:10:55.097 +02:00 [INF] Map "d5c08240-0436-454a-8993-362abf5bc477": window light drew 1/1 beam(s)
2026-05-25 20:10:55.143 +02:00 [INF] Map "d5c08240-0436-454a-8993-362abf5bc477": window light drew 1/1 beam(s)
2026-05-25 20:10:55.188 +02:00 [INF] Map "d5c08240-0436-454a-8993-362abf5bc477": window light drew 1/1 beam(s)
2026-05-25 20:10:55.233 +02:00 [INF] Map "d5c08240-0436-454a-8993-362abf5bc477": window light drew 1/1 beam(s)
2026-05-25 20:10:55.293 +02:00 [INF] Map "d5c08240-0436-454a-8993-362abf5bc477": window light drew 1/1 beam(s)
2026-05-25 20:10:55.346 +02:00 [INF] Map "d5c08240-0436-454a-8993-362abf5bc477": window light drew 1/1 beam(s)
2026-05-25 20:10:55.401 +02:00 [INF] Map "d5c08240-0436-454a-8993-362abf5bc477": window light drew 1/1 beam(s)
2026-05-25 20:10:55.448 +02:00 [INF] Map "d5c08240-0436-454a-8993-362abf5bc477": window light drew 1/1 beam(s)
2026-05-25 20:10:55.495 +02:00 [INF] Map "d5c08240-0436-454a-8993-362abf5bc477": window light drew 1/1 beam(s)
2026-05-25 20:10:55.541 +02:00 [INF] Map "d5c08240-0436-454a-8993-362abf5bc477": window light drew 1/1 beam(s)
2026-05-25 20:10:55.587 +02:00 [INF] Map "d5c08240-0436-454a-8993-362abf5bc477": window light drew 1/1 beam(s)
2026-05-25 20:10:55.635 +02:00 [INF] Map "d5c08240-0436-454a-8993-362abf5bc477": window light drew 1/1 beam(s)
2026-05-25 20:10:55.694 +02:00 [INF] Map "d5c08240-0436-454a-8993-362abf5bc477": window light drew 1/1 beam(s)
2026-05-25 20:10:55.740 +02:00 [INF] Map "d5c08240-0436-454a-8993-362abf5bc477": window light drew 1/1 beam(s)
2026-05-25 20:10:55.785 +02:00 [INF] Map "d5c08240-0436-454a-8993-362abf5bc477": window light drew 1/1 beam(s)
2026-05-25 20:10:55.831 +02:00 [INF] Map "d5c08240-0436-454a-8993-362abf5bc477": window light drew 1/1 beam(s)
2026-05-25 20:10:55.879 +02:00 [INF] Map "d5c08240-0436-454a-8993-362abf5bc477": window light drew 1/1 beam(s)
2026-05-25 20:10:55.926 +02:00 [INF] Map "d5c08240-0436-454a-8993-362abf5bc477": window light drew 1/1 beam(s)
2026-05-25 20:10:55.972 +02:00 [INF] Map "d5c08240-0436-454a-8993-362abf5bc477": window light drew 1/1 beam(s)
2026-05-25 20:10:56.018 +02:00 [INF] Map "d5c08240-0436-454a-8993-362abf5bc477": window light drew 1/1 beam(s)
2026-05-25 20:10:56.065 +02:00 [INF] Map "d5c08240-0436-454a-8993-362abf5bc477": window light drew 1/1 beam(s)
2026-05-25 20:10:56.124 +02:00 [INF] Map "d5c08240-0436-454a-8993-362abf5bc477": window light drew 1/1 beam(s)
2026-05-25 20:10:56.171 +02:00 [INF] Map "d5c08240-0436-454a-8993-362abf5bc477": window light drew 1/1 beam(s)
2026-05-25 20:10:56.217 +02:00 [INF] Map "d5c08240-0436-454a-8993-362abf5bc477": window light drew 1/1 beam(s)
2026-05-25 20:10:56.262 +02:00 [INF] Map "d5c08240-0436-454a-8993-362abf5bc477": window light drew 1/1 beam(s)
2026-05-25 20:10:56.308 +02:00 [INF] Map "d5c08240-0436-454a-8993-362abf5bc477": window light drew 1/1 beam(s)
2026-05-25 20:10:56.353 +02:00 [INF] Map "d5c08240-0436-454a-8993-362abf5bc477": window light drew 1/1 beam(s)
2026-05-25 20:10:56.399 +02:00 [INF] Map "d5c08240-0436-454a-8993-362abf5bc477": window light drew 1/1 beam(s)
2026-05-25 20:10:56.445 +02:00 [INF] Map "d5c08240-0436-454a-8993-362abf5bc477": window light drew 1/1 beam(s)
2026-05-25 20:10:56.505 +02:00 [INF] Map "d5c08240-0436-454a-8993-362abf5bc477": window light drew 1/1 beam(s)
2026-05-25 20:10:56.551 +02:00 [INF] Map "d5c08240-0436-454a-8993-362abf5bc477": window light drew 1/1 beam(s)
2026-05-25 20:10:56.597 +02:00 [INF] Map "d5c08240-0436-454a-8993-362abf5bc477": window light drew 1/1 beam(s)
2026-05-25 20:10:56.643 +02:00 [INF] Map "d5c08240-0436-454a-8993-362abf5bc477": window light drew 1/1 beam(s)
2026-05-25 20:10:56.690 +02:00 [INF] Map "d5c08240-0436-454a-8993-362abf5bc477": window light drew 1/1 beam(s)
2026-05-25 20:10:56.736 +02:00 [INF] Map "d5c08240-0436-454a-8993-362abf5bc477": window light drew 1/1 beam(s)
2026-05-25 20:10:56.781 +02:00 [INF] Map "d5c08240-0436-454a-8993-362abf5bc477": window light drew 1/1 beam(s)
2026-05-25 20:10:56.827 +02:00 [INF] Map "d5c08240-0436-454a-8993-362abf5bc477": window light drew 1/1 beam(s)
2026-05-25 20:10:56.873 +02:00 [INF] Map "d5c08240-0436-454a-8993-362abf5bc477": window light drew 1/1 beam(s)
2026-05-25 20:10:56.931 +02:00 [INF] Map "d5c08240-0436-454a-8993-362abf5bc477": window light drew 1/1 beam(s)
2026-05-25 20:10:56.976 +02:00 [INF] Map "d5c08240-0436-454a-8993-362abf5bc477": window light drew 1/1 beam(s)
2026-05-25 20:10:57.021 +02:00 [INF] Map "d5c08240-0436-454a-8993-362abf5bc477": window light drew 1/1 beam(s)
2026-05-25 20:10:57.066 +02:00 [INF] Map "d5c08240-0436-454a-8993-362abf5bc477": window light drew 1/1 beam(s)
2026-05-25 20:10:57.112 +02:00 [INF] Map "d5c08240-0436-454a-8993-362abf5bc477": window light drew 1/1 beam(s)
2026-05-25 20:10:57.161 +02:00 [INF] Map "d5c08240-0436-454a-8993-362abf5bc477": window light drew 1/1 beam(s)
2026-05-25 20:10:57.212 +02:00 [INF] Map "d5c08240-0436-454a-8993-362abf5bc477": window light drew 1/1 beam(s)
2026-05-25 20:10:57.261 +02:00 [INF] Map "d5c08240-0436-454a-8993-362abf5bc477": window light drew 1/1 beam(s)
2026-05-25 20:10:57.327 +02:00 [INF] Map "d5c08240-0436-454a-8993-362abf5bc477": window light drew 1/1 beam(s)
2026-05-25 20:10:57.374 +02:00 [INF] Map "d5c08240-0436-454a-8993-362abf5bc477": window light drew 1/1 beam(s)
2026-05-25 20:10:57.420 +02:00 [INF] Map "d5c08240-0436-454a-8993-362abf5bc477": window light drew 1/1 beam(s)
2026-05-25 20:10:57.467 +02:00 [INF] Map "d5c08240-0436-454a-8993-362abf5bc477": window light drew 1/1 beam(s)
2026-05-25 20:10:57.514 +02:00 [INF] Map "d5c08240-0436-454a-8993-362abf5bc477": window light drew 1/1 beam(s)
2026-05-25 20:10:57.568 +02:00 [INF] Map "d5c08240-0436-454a-8993-362abf5bc477": window light drew 1/1 beam(s)
2026-05-25 20:10:57.593 +02:00 [INF] Map "d5c08240-0436-454a-8993-362abf5bc477": window light drew 1/1 beam(s)
2026-05-25 20:10:57.619 +02:00 [INF] Map "d5c08240-0436-454a-8993-362abf5bc477": window light drew 1/1 beam(s)
2026-05-25 20:10:57.645 +02:00 [INF] Map "d5c08240-0436-454a-8993-362abf5bc477": window light drew 1/1 beam(s)
2026-05-25 20:10:57.684 +02:00 [INF] Map "d5c08240-0436-454a-8993-362abf5bc477": window light drew 1/1 beam(s)
2026-05-25 20:10:57.709 +02:00 [INF] Map "d5c08240-0436-454a-8993-362abf5bc477": window light drew 1/1 beam(s)
2026-05-25 20:10:57.733 +02:00 [INF] Map "d5c08240-0436-454a-8993-362abf5bc477": window light drew 1/1 beam(s)
2026-05-25 20:10:57.759 +02:00 [INF] Map "d5c08240-0436-454a-8993-362abf5bc477": window light drew 1/1 beam(s)
2026-05-25 20:10:57.787 +02:00 [INF] Map "d5c08240-0436-454a-8993-362abf5bc477": window light drew 1/1 beam(s)
2026-05-25 20:10:57.812 +02:00 [INF] Map "d5c08240-0436-454a-8993-362abf5bc477": window light drew 1/1 beam(s)
2026-05-25 20:10:57.838 +02:00 [INF] Map "d5c08240-0436-454a-8993-362abf5bc477": window light drew 1/1 beam(s)
2026-05-25 20:10:57.864 +02:00 [INF] Map "d5c08240-0436-454a-8993-362abf5bc477": window light drew 1/1 beam(s)
2026-05-25 20:10:57.902 +02:00 [INF] Map "d5c08240-0436-454a-8993-362abf5bc477": window light drew 1/1 beam(s)
2026-05-25 20:10:57.927 +02:00 [INF] Map "d5c08240-0436-454a-8993-362abf5bc477": window light drew 1/1 beam(s)
2026-05-25 20:10:57.951 +02:00 [INF] Map "d5c08240-0436-454a-8993-362abf5bc477": window light drew 1/1 beam(s)
2026-05-25 20:10:57.977 +02:00 [INF] Map "d5c08240-0436-454a-8993-362abf5bc477": window light drew 1/1 beam(s)
2026-05-25 20:10:58.002 +02:00 [INF] Map "d5c08240-0436-454a-8993-362abf5bc477": window light drew 1/1 beam(s)
2026-05-25 20:10:58.027 +02:00 [INF] Map "d5c08240-0436-454a-8993-362abf5bc477": window light drew 1/1 beam(s)
2026-05-25 20:10:58.053 +02:00 [INF] Map "d5c08240-0436-454a-8993-362abf5bc477": window light drew 1/1 beam(s)
2026-05-25 20:10:58.078 +02:00 [INF] Map "d5c08240-0436-454a-8993-362abf5bc477": window light drew 1/1 beam(s)
2026-05-25 20:10:58.104 +02:00 [INF] Map "d5c08240-0436-454a-8993-362abf5bc477": window light drew 1/1 beam(s)
2026-05-25 20:10:58.141 +02:00 [INF] Map "d5c08240-0436-454a-8993-362abf5bc477": window light drew 1/1 beam(s)
2026-05-25 20:10:58.168 +02:00 [INF] Map "d5c08240-0436-454a-8993-362abf5bc477": window light drew 1/1 beam(s)
2026-05-25 20:10:58.194 +02:00 [INF] Map "d5c08240-0436-454a-8993-362abf5bc477": window light drew 1/1 beam(s)
2026-05-25 20:10:58.220 +02:00 [INF] Map "d5c08240-0436-454a-8993-362abf5bc477": window light drew 1/1 beam(s)
2026-05-25 20:10:58.246 +02:00 [INF] Map "d5c08240-0436-454a-8993-362abf5bc477": window light drew 1/1 beam(s)
2026-05-25 20:10:58.271 +02:00 [INF] Map "d5c08240-0436-454a-8993-362abf5bc477": window light drew 1/1 beam(s)
2026-05-25 20:10:58.296 +02:00 [INF] Map "d5c08240-0436-454a-8993-362abf5bc477": window light drew 1/1 beam(s)
2026-05-25 20:10:58.321 +02:00 [INF] Map "d5c08240-0436-454a-8993-362abf5bc477": window light drew 1/1 beam(s)
2026-05-25 20:10:58.359 +02:00 [INF] Map "d5c08240-0436-454a-8993-362abf5bc477": window light drew 1/1 beam(s)
2026-05-25 20:10:58.383 +02:00 [INF] Map "d5c08240-0436-454a-8993-362abf5bc477": window light drew 1/1 beam(s)
2026-05-25 20:10:58.408 +02:00 [INF] Map "d5c08240-0436-454a-8993-362abf5bc477": window light drew 1/1 beam(s)
2026-05-25 20:10:58.433 +02:00 [INF] Map "d5c08240-0436-454a-8993-362abf5bc477": window light drew 1/1 beam(s)
2026-05-25 20:10:58.457 +02:00 [INF] Map "d5c08240-0436-454a-8993-362abf5bc477": window light drew 1/1 beam(s)
2026-05-25 20:10:58.481 +02:00 [INF] Map "d5c08240-0436-454a-8993-362abf5bc477": window light drew 1/1 beam(s)
2026-05-25 20:10:58.506 +02:00 [INF] Map "d5c08240-0436-454a-8993-362abf5bc477": window light drew 1/1 beam(s)
2026-05-25 20:10:58.530 +02:00 [INF] Map "d5c08240-0436-454a-8993-362abf5bc477": window light drew 1/1 beam(s)
2026-05-25 20:10:58.556 +02:00 [INF] Map "d5c08240-0436-454a-8993-362abf5bc477": window light drew 1/1 beam(s)
2026-05-25 20:10:58.593 +02:00 [INF] Map "d5c08240-0436-454a-8993-362abf5bc477": window light drew 1/1 beam(s)
2026-05-25 20:10:58.618 +02:00 [INF] Map "d5c08240-0436-454a-8993-362abf5bc477": window light drew 1/1 beam(s)
2026-05-25 20:10:58.642 +02:00 [INF] Map "d5c08240-0436-454a-8993-362abf5bc477": window light drew 1/1 beam(s)
2026-05-25 20:10:58.691 +02:00 [INF] Map "d5c08240-0436-454a-8993-362abf5bc477": window light drew 1/1 beam(s)
2026-05-25 20:10:58.737 +02:00 [INF] Map "d5c08240-0436-454a-8993-362abf5bc477": window light drew 1/1 beam(s)
2026-05-25 20:10:58.782 +02:00 [INF] Map "d5c08240-0436-454a-8993-362abf5bc477": window light drew 1/1 beam(s)
2026-05-25 20:10:58.828 +02:00 [INF] Map "d5c08240-0436-454a-8993-362abf5bc477": window light drew 1/1 beam(s)
2026-05-25 20:10:58.873 +02:00 [INF] Map "d5c08240-0436-454a-8993-362abf5bc477": window light drew 1/1 beam(s)
2026-05-25 20:10:58.932 +02:00 [INF] Map "d5c08240-0436-454a-8993-362abf5bc477": window light drew 1/1 beam(s)
2026-05-25 20:10:58.979 +02:00 [INF] Map "d5c08240-0436-454a-8993-362abf5bc477": window light drew 1/1 beam(s)
2026-05-25 20:10:59.025 +02:00 [INF] Map "d5c08240-0436-454a-8993-362abf5bc477": window light drew 1/1 beam(s)
2026-05-25 20:10:59.070 +02:00 [INF] Map "d5c08240-0436-454a-8993-362abf5bc477": window light drew 1/1 beam(s)
2026-05-25 20:10:59.115 +02:00 [INF] Map "d5c08240-0436-454a-8993-362abf5bc477": window light drew 1/1 beam(s)
2026-05-25 20:10:59.161 +02:00 [INF] Map "d5c08240-0436-454a-8993-362abf5bc477": window light drew 1/1 beam(s)
2026-05-25 20:10:59.206 +02:00 [INF] Map "d5c08240-0436-454a-8993-362abf5bc477": window light drew 1/1 beam(s)
2026-05-25 20:10:59.251 +02:00 [INF] Map "d5c08240-0436-454a-8993-362abf5bc477": window light drew 1/1 beam(s)
2026-05-25 20:10:59.298 +02:00 [INF] Map "d5c08240-0436-454a-8993-362abf5bc477": window light drew 1/1 beam(s)
2026-05-25 20:10:59.358 +02:00 [INF] Map "d5c08240-0436-454a-8993-362abf5bc477": window light drew 1/1 beam(s)
2026-05-25 20:10:59.404 +02:00 [INF] Map "d5c08240-0436-454a-8993-362abf5bc477": window light drew 1/1 beam(s)
2026-05-25 20:10:59.450 +02:00 [INF] Map "d5c08240-0436-454a-8993-362abf5bc477": window light drew 1/1 beam(s)
2026-05-25 20:10:59.495 +02:00 [INF] Map "d5c08240-0436-454a-8993-362abf5bc477": window light drew 1/1 beam(s)
2026-05-25 20:10:59.541 +02:00 [INF] Map "d5c08240-0436-454a-8993-362abf5bc477": window light drew 1/1 beam(s)
2026-05-25 20:10:59.587 +02:00 [INF] Map "d5c08240-0436-454a-8993-362abf5bc477": window light drew 1/1 beam(s)
2026-05-25 20:10:59.634 +02:00 [INF] Map "d5c08240-0436-454a-8993-362abf5bc477": window light drew 1/1 beam(s)
2026-05-25 20:10:59.680 +02:00 [INF] Map "d5c08240-0436-454a-8993-362abf5bc477": window light drew 1/1 beam(s)
2026-05-25 20:10:59.744 +02:00 [INF] Map "d5c08240-0436-454a-8993-362abf5bc477": window light drew 1/1 beam(s)
2026-05-25 20:10:59.789 +02:00 [INF] Map "d5c08240-0436-454a-8993-362abf5bc477": window light drew 1/1 beam(s)
2026-05-25 20:10:59.836 +02:00 [INF] Map "d5c08240-0436-454a-8993-362abf5bc477": window light drew 1/1 beam(s)
2026-05-25 20:10:59.881 +02:00 [INF] Map "d5c08240-0436-454a-8993-362abf5bc477": window light drew 1/1 beam(s)
2026-05-25 20:10:59.927 +02:00 [INF] Map "d5c08240-0436-454a-8993-362abf5bc477": window light drew 1/1 beam(s)
2026-05-25 20:10:59.973 +02:00 [INF] Map "d5c08240-0436-454a-8993-362abf5bc477": window light drew 1/1 beam(s)
2026-05-25 20:11:00.018 +02:00 [INF] Map "d5c08240-0436-454a-8993-362abf5bc477": window light drew 1/1 beam(s)
2026-05-25 20:11:00.064 +02:00 [INF] Map "d5c08240-0436-454a-8993-362abf5bc477": window light drew 1/1 beam(s)
2026-05-25 20:11:00.109 +02:00 [INF] Map "d5c08240-0436-454a-8993-362abf5bc477": window light drew 1/1 beam(s)
2026-05-25 20:11:00.168 +02:00 [INF] Map "d5c08240-0436-454a-8993-362abf5bc477": window light drew 1/1 beam(s)
2026-05-25 20:11:00.214 +02:00 [INF] Map "d5c08240-0436-454a-8993-362abf5bc477": window light drew 1/1 beam(s)
2026-05-25 20:11:00.260 +02:00 [INF] Map "d5c08240-0436-454a-8993-362abf5bc477": window light drew 1/1 beam(s)
2026-05-25 20:11:00.306 +02:00 [INF] Map "d5c08240-0436-454a-8993-362abf5bc477": window light drew 1/1 beam(s)
2026-05-25 20:11:00.352 +02:00 [INF] Map "d5c08240-0436-454a-8993-362abf5bc477": window light drew 1/1 beam(s)
2026-05-25 20:11:00.398 +02:00 [INF] Map "d5c08240-0436-454a-8993-362abf5bc477": window light drew 1/1 beam(s)
2026-05-25 20:11:00.444 +02:00 [INF] Map "d5c08240-0436-454a-8993-362abf5bc477": window light drew 1/1 beam(s)
2026-05-25 20:11:00.490 +02:00 [INF] Map "d5c08240-0436-454a-8993-362abf5bc477": window light drew 1/1 beam(s)
2026-05-25 20:11:00.550 +02:00 [INF] Map "d5c08240-0436-454a-8993-362abf5bc477": window light drew 1/1 beam(s)
2026-05-25 20:11:00.596 +02:00 [INF] Map "d5c08240-0436-454a-8993-362abf5bc477": window light drew 1/1 beam(s)
2026-05-25 20:11:00.641 +02:00 [INF] Map "d5c08240-0436-454a-8993-362abf5bc477": window light drew 1/1 beam(s)
2026-05-25 20:11:00.687 +02:00 [INF] Map "d5c08240-0436-454a-8993-362abf5bc477": window light drew 1/1 beam(s)
2026-05-25 20:11:00.732 +02:00 [INF] Map "d5c08240-0436-454a-8993-362abf5bc477": window light drew 1/1 beam(s)
2026-05-25 20:11:00.780 +02:00 [INF] Map "d5c08240-0436-454a-8993-362abf5bc477": window light drew 1/1 beam(s)
2026-05-25 20:11:00.826 +02:00 [INF] Map "d5c08240-0436-454a-8993-362abf5bc477": window light drew 1/1 beam(s)
2026-05-25 20:11:00.877 +02:00 [INF] Map "d5c08240-0436-454a-8993-362abf5bc477": window light drew 1/1 beam(s)
2026-05-25 20:11:00.928 +02:00 [INF] Map "d5c08240-0436-454a-8993-362abf5bc477": window light drew 1/1 beam(s)
2026-05-25 20:11:00.991 +02:00 [INF] Map "d5c08240-0436-454a-8993-362abf5bc477": window light drew 1/1 beam(s)
2026-05-25 20:11:01.040 +02:00 [INF] Map "d5c08240-0436-454a-8993-362abf5bc477": window light drew 1/1 beam(s)
2026-05-25 20:11:01.091 +02:00 [INF] Map "d5c08240-0436-454a-8993-362abf5bc477": window light drew 1/1 beam(s)
2026-05-25 20:11:01.142 +02:00 [INF] Map "d5c08240-0436-454a-8993-362abf5bc477": window light drew 1/1 beam(s)
2026-05-25 20:11:01.194 +02:00 [INF] Map "d5c08240-0436-454a-8993-362abf5bc477": window light drew 1/1 beam(s)
2026-05-25 20:11:01.244 +02:00 [INF] Map "d5c08240-0436-454a-8993-362abf5bc477": window light drew 1/1 beam(s)
2026-05-25 20:11:01.296 +02:00 [INF] Map "d5c08240-0436-454a-8993-362abf5bc477": window light drew 1/1 beam(s)
2026-05-25 20:11:01.345 +02:00 [INF] Map "d5c08240-0436-454a-8993-362abf5bc477": window light drew 1/1 beam(s)
2026-05-25 20:11:01.413 +02:00 [INF] Map "d5c08240-0436-454a-8993-362abf5bc477": window light drew 1/1 beam(s)
2026-05-25 20:11:01.465 +02:00 [INF] Map "d5c08240-0436-454a-8993-362abf5bc477": window light drew 1/1 beam(s)
2026-05-25 20:11:01.515 +02:00 [INF] Map "d5c08240-0436-454a-8993-362abf5bc477": window light drew 1/1 beam(s)
2026-05-25 20:11:01.565 +02:00 [INF] Map "d5c08240-0436-454a-8993-362abf5bc477": window light drew 1/1 beam(s)
2026-05-25 20:11:01.617 +02:00 [INF] Map "d5c08240-0436-454a-8993-362abf5bc477": window light drew 1/1 beam(s)
2026-05-25 20:11:01.668 +02:00 [INF] Map "d5c08240-0436-454a-8993-362abf5bc477": window light drew 1/1 beam(s)
2026-05-25 20:11:01.720 +02:00 [INF] Map "d5c08240-0436-454a-8993-362abf5bc477": window light drew 1/1 beam(s)
2026-05-25 20:11:01.766 +02:00 [INF] Map "d5c08240-0436-454a-8993-362abf5bc477": window light drew 1/1 beam(s)
2026-05-25 20:11:01.815 +02:00 [INF] Map "d5c08240-0436-454a-8993-362abf5bc477": window light drew 1/1 beam(s)
2026-05-25 20:11:01.873 +02:00 [INF] Map "d5c08240-0436-454a-8993-362abf5bc477": window light drew 1/1 beam(s)
2026-05-25 20:11:01.919 +02:00 [INF] Map "d5c08240-0436-454a-8993-362abf5bc477": window light drew 1/1 beam(s)
2026-05-25 20:11:01.965 +02:00 [INF] Map "d5c08240-0436-454a-8993-362abf5bc477": window light drew 1/1 beam(s)
2026-05-25 20:11:02.010 +02:00 [INF] Map "d5c08240-0436-454a-8993-362abf5bc477": window light drew 1/1 beam(s)
2026-05-25 20:11:02.055 +02:00 [INF] Map "d5c08240-0436-454a-8993-362abf5bc477": window light drew 1/1 beam(s)
2026-05-25 20:11:02.101 +02:00 [INF] Map "d5c08240-0436-454a-8993-362abf5bc477": window light drew 1/1 beam(s)
2026-05-25 20:11:02.146 +02:00 [INF] Map "d5c08240-0436-454a-8993-362abf5bc477": window light drew 1/1 beam(s)
2026-05-25 20:11:02.192 +02:00 [INF] Map "d5c08240-0436-454a-8993-362abf5bc477": window light drew 1/1 beam(s)
2026-05-25 20:11:02.250 +02:00 [INF] Map "d5c08240-0436-454a-8993-362abf5bc477": window light drew 1/1 beam(s)
2026-05-25 20:11:02.295 +02:00 [INF] Map "d5c08240-0436-454a-8993-362abf5bc477": window light drew 1/1 beam(s)
2026-05-25 20:11:02.341 +02:00 [INF] Map "d5c08240-0436-454a-8993-362abf5bc477": window light drew 1/1 beam(s)
2026-05-25 20:11:02.387 +02:00 [INF] Map "d5c08240-0436-454a-8993-362abf5bc477": window light drew 1/1 beam(s)
2026-05-25 20:11:02.433 +02:00 [INF] Map "d5c08240-0436-454a-8993-362abf5bc477": window light drew 1/1 beam(s)
2026-05-25 20:11:02.479 +02:00 [INF] Map "d5c08240-0436-454a-8993-362abf5bc477": window light drew 1/1 beam(s)
2026-05-25 20:11:02.524 +02:00 [INF] Map "d5c08240-0436-454a-8993-362abf5bc477": window light drew 1/1 beam(s)
2026-05-25 20:11:02.570 +02:00 [INF] Map "d5c08240-0436-454a-8993-362abf5bc477": window light drew 1/1 beam(s)
2026-05-25 20:11:02.616 +02:00 [INF] Map "d5c08240-0436-454a-8993-362abf5bc477": window light drew 1/1 beam(s)
2026-05-25 20:11:02.673 +02:00 [INF] Map "d5c08240-0436-454a-8993-362abf5bc477": window light drew 1/1 beam(s)
2026-05-25 20:11:02.718 +02:00 [INF] Map "d5c08240-0436-454a-8993-362abf5bc477": window light drew 1/1 beam(s)
2026-05-25 20:11:02.764 +02:00 [INF] Map "d5c08240-0436-454a-8993-362abf5bc477": window light drew 1/1 beam(s)
2026-05-25 20:11:02.809 +02:00 [INF] Map "d5c08240-0436-454a-8993-362abf5bc477": window light drew 1/1 beam(s)
2026-05-25 20:11:02.854 +02:00 [INF] Map "d5c08240-0436-454a-8993-362abf5bc477": window light drew 1/1 beam(s)
2026-05-25 20:11:02.899 +02:00 [INF] Map "d5c08240-0436-454a-8993-362abf5bc477": window light drew 1/1 beam(s)
2026-05-25 20:11:02.945 +02:00 [INF] Map "d5c08240-0436-454a-8993-362abf5bc477": window light drew 1/1 beam(s)
2026-05-25 20:11:02.991 +02:00 [INF] Map "d5c08240-0436-454a-8993-362abf5bc477": window light drew 1/1 beam(s)
2026-05-25 20:11:03.050 +02:00 [INF] Map "d5c08240-0436-454a-8993-362abf5bc477": window light drew 1/1 beam(s)
2026-05-25 20:11:03.096 +02:00 [INF] Map "d5c08240-0436-454a-8993-362abf5bc477": window light drew 1/1 beam(s)
2026-05-25 20:11:03.141 +02:00 [INF] Map "d5c08240-0436-454a-8993-362abf5bc477": window light drew 1/1 beam(s)
2026-05-25 20:11:03.188 +02:00 [INF] Map "d5c08240-0436-454a-8993-362abf5bc477": window light drew 1/1 beam(s)
2026-05-25 20:11:03.233 +02:00 [INF] Map "d5c08240-0436-454a-8993-362abf5bc477": window light drew 1/1 beam(s)
2026-05-25 20:11:03.279 +02:00 [INF] Map "d5c08240-0436-454a-8993-362abf5bc477": window light drew 1/1 beam(s)
2026-05-25 20:11:03.325 +02:00 [INF] Map "d5c08240-0436-454a-8993-362abf5bc477": window light drew 1/1 beam(s)
2026-05-25 20:11:03.376 +02:00 [INF] Map "d5c08240-0436-454a-8993-362abf5bc477": window light drew 1/1 beam(s)
2026-05-25 20:11:03.424 +02:00 [INF] Map "d5c08240-0436-454a-8993-362abf5bc477": window light drew 1/1 beam(s)
2026-05-25 20:11:03.490 +02:00 [INF] Map "d5c08240-0436-454a-8993-362abf5bc477": window light drew 1/1 beam(s)
2026-05-25 20:11:03.535 +02:00 [INF] Map "d5c08240-0436-454a-8993-362abf5bc477": window light drew 1/1 beam(s)
2026-05-25 20:11:03.582 +02:00 [INF] Map "d5c08240-0436-454a-8993-362abf5bc477": window light drew 1/1 beam(s)
2026-05-25 20:11:03.627 +02:00 [INF] Map "d5c08240-0436-454a-8993-362abf5bc477": window light drew 1/1 beam(s)
2026-05-25 20:11:03.672 +02:00 [INF] Map "d5c08240-0436-454a-8993-362abf5bc477": window light drew 1/1 beam(s)
2026-05-25 20:11:03.719 +02:00 [INF] Map "d5c08240-0436-454a-8993-362abf5bc477": window light drew 1/1 beam(s)
2026-05-25 20:11:03.766 +02:00 [INF] Map "d5c08240-0436-454a-8993-362abf5bc477": window light drew 1/1 beam(s)
2026-05-25 20:11:03.812 +02:00 [INF] Map "d5c08240-0436-454a-8993-362abf5bc477": window light drew 1/1 beam(s)
2026-05-25 20:11:03.870 +02:00 [INF] Map "d5c08240-0436-454a-8993-362abf5bc477": window light drew 1/1 beam(s)
2026-05-25 20:11:03.916 +02:00 [INF] Map "d5c08240-0436-454a-8993-362abf5bc477": window light drew 1/1 beam(s)
2026-05-25 20:11:03.961 +02:00 [INF] Map "d5c08240-0436-454a-8993-362abf5bc477": window light drew 1/1 beam(s)
2026-05-25 20:11:04.006 +02:00 [INF] Map "d5c08240-0436-454a-8993-362abf5bc477": window light drew 1/1 beam(s)
2026-05-25 20:11:04.051 +02:00 [INF] Map "d5c08240-0436-454a-8993-362abf5bc477": window light drew 1/1 beam(s)
2026-05-25 20:11:04.095 +02:00 [INF] Map "d5c08240-0436-454a-8993-362abf5bc477": window light drew 1/1 beam(s)
2026-05-25 20:11:04.141 +02:00 [INF] Map "d5c08240-0436-454a-8993-362abf5bc477": window light drew 1/1 beam(s)
2026-05-25 20:11:04.186 +02:00 [INF] Map "d5c08240-0436-454a-8993-362abf5bc477": window light drew 1/1 beam(s)
2026-05-25 20:11:04.231 +02:00 [INF] Map "d5c08240-0436-454a-8993-362abf5bc477": window light drew 1/1 beam(s)
2026-05-25 20:11:04.289 +02:00 [INF] Map "d5c08240-0436-454a-8993-362abf5bc477": window light drew 1/1 beam(s)
2026-05-25 20:11:04.335 +02:00 [INF] Map "d5c08240-0436-454a-8993-362abf5bc477": window light drew 1/1 beam(s)
2026-05-25 20:11:04.381 +02:00 [INF] Map "d5c08240-0436-454a-8993-362abf5bc477": window light drew 1/1 beam(s)
2026-05-25 20:11:04.427 +02:00 [INF] Map "d5c08240-0436-454a-8993-362abf5bc477": window light drew 1/1 beam(s)
2026-05-25 20:11:04.471 +02:00 [INF] Map "d5c08240-0436-454a-8993-362abf5bc477": window light drew 1/1 beam(s)
2026-05-25 20:11:04.518 +02:00 [INF] Map "d5c08240-0436-454a-8993-362abf5bc477": window light drew 1/1 beam(s)
2026-05-25 20:11:04.564 +02:00 [INF] Map "d5c08240-0436-454a-8993-362abf5bc477": window light drew 1/1 beam(s)
2026-05-25 20:11:04.610 +02:00 [INF] Map "d5c08240-0436-454a-8993-362abf5bc477": window light drew 1/1 beam(s)
2026-05-25 20:11:04.667 +02:00 [INF] Map "d5c08240-0436-454a-8993-362abf5bc477": window light drew 1/1 beam(s)
2026-05-25 20:11:04.712 +02:00 [INF] Map "d5c08240-0436-454a-8993-362abf5bc477": window light drew 1/1 beam(s)
2026-05-25 20:11:04.757 +02:00 [INF] Map "d5c08240-0436-454a-8993-362abf5bc477": window light drew 1/1 beam(s)
2026-05-25 20:11:04.803 +02:00 [INF] Map "d5c08240-0436-454a-8993-362abf5bc477": window light drew 1/1 beam(s)
2026-05-25 20:11:04.848 +02:00 [INF] Map "d5c08240-0436-454a-8993-362abf5bc477": window light drew 1/1 beam(s)
2026-05-25 20:11:04.895 +02:00 [INF] Map "d5c08240-0436-454a-8993-362abf5bc477": window light drew 1/1 beam(s)
2026-05-25 20:11:04.940 +02:00 [INF] Map "d5c08240-0436-454a-8993-362abf5bc477": window light drew 1/1 beam(s)
2026-05-25 20:11:04.986 +02:00 [INF] Map "d5c08240-0436-454a-8993-362abf5bc477": window light drew 1/1 beam(s)
2026-05-25 20:11:05.032 +02:00 [INF] Map "d5c08240-0436-454a-8993-362abf5bc477": window light drew 1/1 beam(s)
2026-05-25 20:11:05.091 +02:00 [INF] Map "d5c08240-0436-454a-8993-362abf5bc477": window light drew 1/1 beam(s)
2026-05-25 20:11:05.136 +02:00 [INF] Map "d5c08240-0436-454a-8993-362abf5bc477": window light drew 1/1 beam(s)
2026-05-25 20:11:05.188 +02:00 [INF] Map "d5c08240-0436-454a-8993-362abf5bc477": window light drew 1/1 beam(s)
2026-05-25 20:11:05.236 +02:00 [INF] Map "d5c08240-0436-454a-8993-362abf5bc477": window light drew 1/1 beam(s)
2026-05-25 20:11:05.284 +02:00 [INF] Map "d5c08240-0436-454a-8993-362abf5bc477": window light drew 1/1 beam(s)
2026-05-25 20:11:05.329 +02:00 [INF] Map "d5c08240-0436-454a-8993-362abf5bc477": window light drew 1/1 beam(s)
2026-05-25 20:11:05.376 +02:00 [INF] Map "d5c08240-0436-454a-8993-362abf5bc477": window light drew 1/1 beam(s)
2026-05-25 20:11:05.422 +02:00 [INF] Map "d5c08240-0436-454a-8993-362abf5bc477": window light drew 1/1 beam(s)
2026-05-25 20:11:05.482 +02:00 [INF] Map "d5c08240-0436-454a-8993-362abf5bc477": window light drew 1/1 beam(s)
2026-05-25 20:11:05.527 +02:00 [INF] Map "d5c08240-0436-454a-8993-362abf5bc477": window light drew 1/1 beam(s)
2026-05-25 20:11:05.573 +02:00 [INF] Map "d5c08240-0436-454a-8993-362abf5bc477": window light drew 1/1 beam(s)
2026-05-25 20:11:05.620 +02:00 [INF] Map "d5c08240-0436-454a-8993-362abf5bc477": window light drew 1/1 beam(s)
2026-05-25 20:11:05.666 +02:00 [INF] Map "d5c08240-0436-454a-8993-362abf5bc477": window light drew 1/1 beam(s)
2026-05-25 20:11:05.711 +02:00 [INF] Map "d5c08240-0436-454a-8993-362abf5bc477": window light drew 1/1 beam(s)
2026-05-25 20:11:05.756 +02:00 [INF] Map "d5c08240-0436-454a-8993-362abf5bc477": window light drew 1/1 beam(s)
2026-05-25 20:11:05.801 +02:00 [INF] Map "d5c08240-0436-454a-8993-362abf5bc477": window light drew 1/1 beam(s)
2026-05-25 20:11:05.847 +02:00 [INF] Map "d5c08240-0436-454a-8993-362abf5bc477": window light drew 1/1 beam(s)
2026-05-25 20:11:05.905 +02:00 [INF] Map "d5c08240-0436-454a-8993-362abf5bc477": window light drew 1/1 beam(s)
2026-05-25 20:11:05.951 +02:00 [INF] Map "d5c08240-0436-454a-8993-362abf5bc477": window light drew 1/1 beam(s)
2026-05-25 20:11:05.996 +02:00 [INF] Map "d5c08240-0436-454a-8993-362abf5bc477": window light drew 1/1 beam(s)
2026-05-25 20:11:06.042 +02:00 [INF] Map "d5c08240-0436-454a-8993-362abf5bc477": window light drew 1/1 beam(s)
2026-05-25 20:11:06.087 +02:00 [INF] Map "d5c08240-0436-454a-8993-362abf5bc477": window light drew 1/1 beam(s)
2026-05-25 20:11:06.132 +02:00 [INF] Map "d5c08240-0436-454a-8993-362abf5bc477": window light drew 1/1 beam(s)
2026-05-25 20:11:06.178 +02:00 [INF] Map "d5c08240-0436-454a-8993-362abf5bc477": window light drew 1/1 beam(s)
2026-05-25 20:11:06.224 +02:00 [INF] Map "d5c08240-0436-454a-8993-362abf5bc477": window light drew 1/1 beam(s)
2026-05-25 20:11:06.283 +02:00 [INF] Map "d5c08240-0436-454a-8993-362abf5bc477": window light drew 1/1 beam(s)
2026-05-25 20:11:06.329 +02:00 [INF] Map "d5c08240-0436-454a-8993-362abf5bc477": window light drew 1/1 beam(s)
2026-05-25 20:11:06.375 +02:00 [INF] Map "d5c08240-0436-454a-8993-362abf5bc477": window light drew 1/1 beam(s)
2026-05-25 20:11:06.420 +02:00 [INF] Map "d5c08240-0436-454a-8993-362abf5bc477": window light drew 1/1 beam(s)
2026-05-25 20:11:06.465 +02:00 [INF] Map "d5c08240-0436-454a-8993-362abf5bc477": window light drew 1/1 beam(s)
2026-05-25 20:11:06.511 +02:00 [INF] Map "d5c08240-0436-454a-8993-362abf5bc477": window light drew 1/1 beam(s)
2026-05-25 20:11:06.557 +02:00 [INF] Map "d5c08240-0436-454a-8993-362abf5bc477": window light drew 1/1 beam(s)
2026-05-25 20:11:06.602 +02:00 [INF] Map "d5c08240-0436-454a-8993-362abf5bc477": window light drew 1/1 beam(s)
2026-05-25 20:11:06.647 +02:00 [INF] Map "d5c08240-0436-454a-8993-362abf5bc477": window light drew 1/1 beam(s)
2026-05-25 20:11:06.707 +02:00 [INF] Map "d5c08240-0436-454a-8993-362abf5bc477": window light drew 1/1 beam(s)
2026-05-25 20:11:06.752 +02:00 [INF] Map "d5c08240-0436-454a-8993-362abf5bc477": window light drew 1/1 beam(s)
2026-05-25 20:11:06.798 +02:00 [INF] Map "d5c08240-0436-454a-8993-362abf5bc477": window light drew 1/1 beam(s)
2026-05-25 20:11:06.844 +02:00 [INF] Map "d5c08240-0436-454a-8993-362abf5bc477": window light drew 1/1 beam(s)
2026-05-25 20:11:06.890 +02:00 [INF] Map "d5c08240-0436-454a-8993-362abf5bc477": window light drew 1/1 beam(s)
2026-05-25 20:11:06.936 +02:00 [INF] Map "d5c08240-0436-454a-8993-362abf5bc477": window light drew 1/1 beam(s)
2026-05-25 20:11:06.983 +02:00 [INF] Map "d5c08240-0436-454a-8993-362abf5bc477": window light drew 1/1 beam(s)
2026-05-25 20:11:07.028 +02:00 [INF] Map "d5c08240-0436-454a-8993-362abf5bc477": window light drew 1/1 beam(s)
2026-05-25 20:11:07.088 +02:00 [INF] Map "d5c08240-0436-454a-8993-362abf5bc477": window light drew 1/1 beam(s)
2026-05-25 20:11:07.134 +02:00 [INF] Map "d5c08240-0436-454a-8993-362abf5bc477": window light drew 1/1 beam(s)
2026-05-25 20:11:07.179 +02:00 [INF] Map "d5c08240-0436-454a-8993-362abf5bc477": window light drew 1/1 beam(s)
2026-05-25 20:11:07.233 +02:00 [INF] Map "d5c08240-0436-454a-8993-362abf5bc477": window light drew 1/1 beam(s)
2026-05-25 20:11:07.279 +02:00 [INF] Map "d5c08240-0436-454a-8993-362abf5bc477": window light drew 1/1 beam(s)
2026-05-25 20:11:07.326 +02:00 [INF] Map "d5c08240-0436-454a-8993-362abf5bc477": window light drew 1/1 beam(s)
2026-05-25 20:11:07.375 +02:00 [INF] Map "d5c08240-0436-454a-8993-362abf5bc477": window light drew 1/1 beam(s)
2026-05-25 20:11:07.422 +02:00 [INF] Map "d5c08240-0436-454a-8993-362abf5bc477": window light drew 1/1 beam(s)
2026-05-25 20:11:07.479 +02:00 [INF] Map "d5c08240-0436-454a-8993-362abf5bc477": window light drew 1/1 beam(s)
2026-05-25 20:11:07.542 +02:00 [INF] Map "d5c08240-0436-454a-8993-362abf5bc477": window light drew 1/1 beam(s)
2026-05-25 20:11:07.588 +02:00 [INF] Map "d5c08240-0436-454a-8993-362abf5bc477": window light drew 1/1 beam(s)
2026-05-25 20:11:07.632 +02:00 [INF] Map "d5c08240-0436-454a-8993-362abf5bc477": window light drew 1/1 beam(s)
2026-05-25 20:11:07.680 +02:00 [INF] Map "d5c08240-0436-454a-8993-362abf5bc477": window light drew 1/1 beam(s)
2026-05-25 20:11:07.725 +02:00 [INF] Map "d5c08240-0436-454a-8993-362abf5bc477": window light drew 1/1 beam(s)
2026-05-25 20:11:07.771 +02:00 [INF] Map "d5c08240-0436-454a-8993-362abf5bc477": window light drew 1/1 beam(s)
2026-05-25 20:11:07.816 +02:00 [INF] Map "d5c08240-0436-454a-8993-362abf5bc477": window light drew 1/1 beam(s)
2026-05-25 20:11:07.862 +02:00 [INF] Map "d5c08240-0436-454a-8993-362abf5bc477": window light drew 1/1 beam(s)
2026-05-25 20:11:07.920 +02:00 [INF] Map "d5c08240-0436-454a-8993-362abf5bc477": window light drew 1/1 beam(s)
2026-05-25 20:11:07.965 +02:00 [INF] Map "d5c08240-0436-454a-8993-362abf5bc477": window light drew 1/1 beam(s)
2026-05-25 20:11:08.012 +02:00 [INF] Map "d5c08240-0436-454a-8993-362abf5bc477": window light drew 1/1 beam(s)
2026-05-25 20:11:08.058 +02:00 [INF] Map "d5c08240-0436-454a-8993-362abf5bc477": window light drew 1/1 beam(s)
2026-05-25 20:11:08.103 +02:00 [INF] Map "d5c08240-0436-454a-8993-362abf5bc477": window light drew 1/1 beam(s)
2026-05-25 20:11:08.148 +02:00 [INF] Map "d5c08240-0436-454a-8993-362abf5bc477": window light drew 1/1 beam(s)
2026-05-25 20:11:08.195 +02:00 [INF] Map "d5c08240-0436-454a-8993-362abf5bc477": window light drew 1/1 beam(s)
2026-05-25 20:11:08.240 +02:00 [INF] Map "d5c08240-0436-454a-8993-362abf5bc477": window light drew 1/1 beam(s)
2026-05-25 20:11:08.300 +02:00 [INF] Map "d5c08240-0436-454a-8993-362abf5bc477": window light drew 1/1 beam(s)
2026-05-25 20:11:08.345 +02:00 [INF] Map "d5c08240-0436-454a-8993-362abf5bc477": window light drew 1/1 beam(s)
2026-05-25 20:11:08.392 +02:00 [INF] Map "d5c08240-0436-454a-8993-362abf5bc477": window light drew 1/1 beam(s)
2026-05-25 20:11:08.437 +02:00 [INF] Map "d5c08240-0436-454a-8993-362abf5bc477": window light drew 1/1 beam(s)
2026-05-25 20:11:08.483 +02:00 [INF] Map "d5c08240-0436-454a-8993-362abf5bc477": window light drew 1/1 beam(s)
2026-05-25 20:11:08.528 +02:00 [INF] Map "d5c08240-0436-454a-8993-362abf5bc477": window light drew 1/1 beam(s)
2026-05-25 20:11:08.574 +02:00 [INF] Map "d5c08240-0436-454a-8993-362abf5bc477": window light drew 1/1 beam(s)
2026-05-25 20:11:08.620 +02:00 [INF] Map "d5c08240-0436-454a-8993-362abf5bc477": window light drew 1/1 beam(s)
2026-05-25 20:11:08.678 +02:00 [INF] Map "d5c08240-0436-454a-8993-362abf5bc477": window light drew 1/1 beam(s)
2026-05-25 20:11:08.724 +02:00 [INF] Map "d5c08240-0436-454a-8993-362abf5bc477": window light drew 1/1 beam(s)
2026-05-25 20:11:08.774 +02:00 [INF] Map "d5c08240-0436-454a-8993-362abf5bc477": window light drew 1/1 beam(s)
2026-05-25 20:11:08.821 +02:00 [INF] Map "d5c08240-0436-454a-8993-362abf5bc477": window light drew 1/1 beam(s)
2026-05-25 20:11:08.870 +02:00 [INF] Map "d5c08240-0436-454a-8993-362abf5bc477": window light drew 1/1 beam(s)
2026-05-25 20:11:08.917 +02:00 [INF] Map "d5c08240-0436-454a-8993-362abf5bc477": window light drew 1/1 beam(s)
2026-05-25 20:11:08.965 +02:00 [INF] Map "d5c08240-0436-454a-8993-362abf5bc477": window light drew 1/1 beam(s)
2026-05-25 20:11:09.012 +02:00 [INF] Map "d5c08240-0436-454a-8993-362abf5bc477": window light drew 1/1 beam(s)
2026-05-25 20:11:09.074 +02:00 [INF] Map "d5c08240-0436-454a-8993-362abf5bc477": window light drew 1/1 beam(s)
2026-05-25 20:11:09.122 +02:00 [INF] Map "d5c08240-0436-454a-8993-362abf5bc477": window light drew 1/1 beam(s)
2026-05-25 20:11:09.173 +02:00 [INF] Map "d5c08240-0436-454a-8993-362abf5bc477": window light drew 1/1 beam(s)
2026-05-25 20:11:09.223 +02:00 [INF] Map "d5c08240-0436-454a-8993-362abf5bc477": window light drew 1/1 beam(s)
2026-05-25 20:11:09.277 +02:00 [INF] Map "d5c08240-0436-454a-8993-362abf5bc477": window light drew 1/1 beam(s)
2026-05-25 20:11:09.330 +02:00 [INF] Map "d5c08240-0436-454a-8993-362abf5bc477": window light drew 1/1 beam(s)
2026-05-25 20:11:09.385 +02:00 [INF] Map "d5c08240-0436-454a-8993-362abf5bc477": window light drew 1/1 beam(s)
2026-05-25 20:11:09.434 +02:00 [INF] Map "d5c08240-0436-454a-8993-362abf5bc477": window light drew 1/1 beam(s)
2026-05-25 20:11:09.509 +02:00 [INF] Map "d5c08240-0436-454a-8993-362abf5bc477": window light drew 1/1 beam(s)
2026-05-25 20:11:09.566 +02:00 [INF] Map "d5c08240-0436-454a-8993-362abf5bc477": window light drew 1/1 beam(s)
2026-05-25 20:11:09.616 +02:00 [INF] Map "d5c08240-0436-454a-8993-362abf5bc477": window light drew 1/1 beam(s)
2026-05-25 20:11:09.666 +02:00 [INF] Map "d5c08240-0436-454a-8993-362abf5bc477": window light drew 1/1 beam(s)
2026-05-25 20:11:09.714 +02:00 [INF] Map "d5c08240-0436-454a-8993-362abf5bc477": window light drew 1/1 beam(s)
2026-05-25 20:11:09.760 +02:00 [INF] Map "d5c08240-0436-454a-8993-362abf5bc477": window light drew 1/1 beam(s)
2026-05-25 20:11:09.806 +02:00 [INF] Map "d5c08240-0436-454a-8993-362abf5bc477": window light drew 1/1 beam(s)
2026-05-25 20:11:09.854 +02:00 [INF] Map "d5c08240-0436-454a-8993-362abf5bc477": window light drew 1/1 beam(s)
2026-05-25 20:11:09.917 +02:00 [INF] Map "d5c08240-0436-454a-8993-362abf5bc477": window light drew 1/1 beam(s)
2026-05-25 20:11:09.965 +02:00 [INF] Map "d5c08240-0436-454a-8993-362abf5bc477": window light drew 1/1 beam(s)
2026-05-25 20:11:10.012 +02:00 [INF] Map "d5c08240-0436-454a-8993-362abf5bc477": window light drew 1/1 beam(s)
2026-05-25 20:11:10.057 +02:00 [INF] Map "d5c08240-0436-454a-8993-362abf5bc477": window light drew 1/1 beam(s)
2026-05-25 20:11:10.104 +02:00 [INF] Map "d5c08240-0436-454a-8993-362abf5bc477": window light drew 1/1 beam(s)
2026-05-25 20:11:10.150 +02:00 [INF] Map "d5c08240-0436-454a-8993-362abf5bc477": window light drew 1/1 beam(s)
2026-05-25 20:11:10.210 +02:00 [INF] Map "d5c08240-0436-454a-8993-362abf5bc477": window light drew 1/1 beam(s)
2026-05-25 20:11:10.265 +02:00 [INF] Map "d5c08240-0436-454a-8993-362abf5bc477": window light drew 1/1 beam(s)
2026-05-25 20:11:10.334 +02:00 [INF] Map "d5c08240-0436-454a-8993-362abf5bc477": window light drew 1/1 beam(s)
2026-05-25 20:11:10.384 +02:00 [INF] Map "d5c08240-0436-454a-8993-362abf5bc477": window light drew 1/1 beam(s)
2026-05-25 20:11:10.431 +02:00 [INF] Map "d5c08240-0436-454a-8993-362abf5bc477": window light drew 1/1 beam(s)
2026-05-25 20:11:10.478 +02:00 [INF] Map "d5c08240-0436-454a-8993-362abf5bc477": window light drew 1/1 beam(s)
2026-05-25 20:11:10.524 +02:00 [INF] Map "d5c08240-0436-454a-8993-362abf5bc477": window light drew 1/1 beam(s)
2026-05-25 20:11:10.570 +02:00 [INF] Map "d5c08240-0436-454a-8993-362abf5bc477": window light drew 1/1 beam(s)
2026-05-25 20:11:10.615 +02:00 [INF] Map "d5c08240-0436-454a-8993-362abf5bc477": window light drew 1/1 beam(s)
2026-05-25 20:11:10.661 +02:00 [INF] Map "d5c08240-0436-454a-8993-362abf5bc477": window light drew 1/1 beam(s)
2026-05-25 20:11:10.720 +02:00 [INF] Map "d5c08240-0436-454a-8993-362abf5bc477": window light drew 1/1 beam(s)
2026-05-25 20:11:10.765 +02:00 [INF] Map "d5c08240-0436-454a-8993-362abf5bc477": window light drew 1/1 beam(s)
2026-05-25 20:11:10.811 +02:00 [INF] Map "d5c08240-0436-454a-8993-362abf5bc477": window light drew 1/1 beam(s)
2026-05-25 20:11:10.857 +02:00 [INF] Map "d5c08240-0436-454a-8993-362abf5bc477": window light drew 1/1 beam(s)
2026-05-25 20:11:10.902 +02:00 [INF] Map "d5c08240-0436-454a-8993-362abf5bc477": window light drew 1/1 beam(s)
2026-05-25 20:11:10.947 +02:00 [INF] Map "d5c08240-0436-454a-8993-362abf5bc477": window light drew 1/1 beam(s)
2026-05-25 20:11:10.993 +02:00 [INF] Map "d5c08240-0436-454a-8993-362abf5bc477": window light drew 1/1 beam(s)
2026-05-25 20:11:11.038 +02:00 [INF] Map "d5c08240-0436-454a-8993-362abf5bc477": window light drew 1/1 beam(s)
2026-05-25 20:11:11.096 +02:00 [INF] Map "d5c08240-0436-454a-8993-362abf5bc477": window light drew 1/1 beam(s)
2026-05-25 20:11:11.142 +02:00 [INF] Map "d5c08240-0436-454a-8993-362abf5bc477": window light drew 1/1 beam(s)
2026-05-25 20:11:11.188 +02:00 [INF] Map "d5c08240-0436-454a-8993-362abf5bc477": window light drew 1/1 beam(s)
2026-05-25 20:11:11.234 +02:00 [INF] Map "d5c08240-0436-454a-8993-362abf5bc477": window light drew 1/1 beam(s)
2026-05-25 20:11:11.281 +02:00 [INF] Map "d5c08240-0436-454a-8993-362abf5bc477": window light drew 1/1 beam(s)
2026-05-25 20:11:11.327 +02:00 [INF] Map "d5c08240-0436-454a-8993-362abf5bc477": window light drew 1/1 beam(s)
2026-05-25 20:11:11.373 +02:00 [INF] Map "d5c08240-0436-454a-8993-362abf5bc477": window light drew 1/1 beam(s)
2026-05-25 20:11:11.420 +02:00 [INF] Map "d5c08240-0436-454a-8993-362abf5bc477": window light drew 1/1 beam(s)
2026-05-25 20:11:11.481 +02:00 [INF] Map "d5c08240-0436-454a-8993-362abf5bc477": window light drew 1/1 beam(s)
2026-05-25 20:11:11.527 +02:00 [INF] Map "d5c08240-0436-454a-8993-362abf5bc477": window light drew 1/1 beam(s)
2026-05-25 20:11:11.573 +02:00 [INF] Map "d5c08240-0436-454a-8993-362abf5bc477": window light drew 1/1 beam(s)
2026-05-25 20:11:11.618 +02:00 [INF] Map "d5c08240-0436-454a-8993-362abf5bc477": window light drew 1/1 beam(s)
2026-05-25 20:11:11.664 +02:00 [INF] Map "d5c08240-0436-454a-8993-362abf5bc477": window light drew 1/1 beam(s)
2026-05-25 20:11:11.710 +02:00 [INF] Map "d5c08240-0436-454a-8993-362abf5bc477": window light drew 1/1 beam(s)
2026-05-25 20:11:11.758 +02:00 [INF] Map "d5c08240-0436-454a-8993-362abf5bc477": window light drew 1/1 beam(s)
2026-05-25 20:11:11.807 +02:00 [INF] Map "d5c08240-0436-454a-8993-362abf5bc477": window light drew 1/1 beam(s)
2026-05-25 20:11:11.865 +02:00 [INF] Map "d5c08240-0436-454a-8993-362abf5bc477": window light drew 1/1 beam(s)
2026-05-25 20:11:11.911 +02:00 [INF] Map "d5c08240-0436-454a-8993-362abf5bc477": window light drew 1/1 beam(s)
2026-05-25 20:11:11.956 +02:00 [INF] Map "d5c08240-0436-454a-8993-362abf5bc477": window light drew 1/1 beam(s)
2026-05-25 20:11:12.004 +02:00 [INF] Map "d5c08240-0436-454a-8993-362abf5bc477": window light drew 1/1 beam(s)
2026-05-25 20:11:12.054 +02:00 [INF] Map "d5c08240-0436-454a-8993-362abf5bc477": window light drew 1/1 beam(s)
2026-05-25 20:11:12.100 +02:00 [INF] Map "d5c08240-0436-454a-8993-362abf5bc477": window light drew 1/1 beam(s)
2026-05-25 20:11:12.145 +02:00 [INF] Map "d5c08240-0436-454a-8993-362abf5bc477": window light drew 1/1 beam(s)
2026-05-25 20:11:12.191 +02:00 [INF] Map "d5c08240-0436-454a-8993-362abf5bc477": window light drew 1/1 beam(s)
2026-05-25 20:11:12.250 +02:00 [INF] Map "d5c08240-0436-454a-8993-362abf5bc477": window light drew 1/1 beam(s)
2026-05-25 20:11:12.295 +02:00 [INF] Map "d5c08240-0436-454a-8993-362abf5bc477": window light drew 1/1 beam(s)
2026-05-25 20:11:12.340 +02:00 [INF] Map "d5c08240-0436-454a-8993-362abf5bc477": window light drew 1/1 beam(s)
2026-05-25 20:11:12.385 +02:00 [INF] Map "d5c08240-0436-454a-8993-362abf5bc477": window light drew 1/1 beam(s)
2026-05-25 20:11:12.431 +02:00 [INF] Map "d5c08240-0436-454a-8993-362abf5bc477": window light drew 1/1 beam(s)
2026-05-25 20:11:12.477 +02:00 [INF] Map "d5c08240-0436-454a-8993-362abf5bc477": window light drew 1/1 beam(s)
2026-05-25 20:11:12.522 +02:00 [INF] Map "d5c08240-0436-454a-8993-362abf5bc477": window light drew 1/1 beam(s)
2026-05-25 20:11:12.568 +02:00 [INF] Map "d5c08240-0436-454a-8993-362abf5bc477": window light drew 1/1 beam(s)
2026-05-25 20:11:12.626 +02:00 [INF] Map "d5c08240-0436-454a-8993-362abf5bc477": window light drew 1/1 beam(s)
2026-05-25 20:11:12.672 +02:00 [INF] Map "d5c08240-0436-454a-8993-362abf5bc477": window light drew 1/1 beam(s)
2026-05-25 20:11:12.718 +02:00 [INF] Map "d5c08240-0436-454a-8993-362abf5bc477": window light drew 1/1 beam(s)
2026-05-25 20:11:12.763 +02:00 [INF] Map "d5c08240-0436-454a-8993-362abf5bc477": window light drew 1/1 beam(s)
2026-05-25 20:11:12.809 +02:00 [INF] Map "d5c08240-0436-454a-8993-362abf5bc477": window light drew 1/1 beam(s)
2026-05-25 20:11:12.855 +02:00 [INF] Map "d5c08240-0436-454a-8993-362abf5bc477": window light drew 1/1 beam(s)
2026-05-25 20:11:12.901 +02:00 [INF] Map "d5c08240-0436-454a-8993-362abf5bc477": window light drew 1/1 beam(s)
2026-05-25 20:11:12.946 +02:00 [INF] Map "d5c08240-0436-454a-8993-362abf5bc477": window light drew 1/1 beam(s)
2026-05-25 20:11:13.005 +02:00 [INF] Map "d5c08240-0436-454a-8993-362abf5bc477": window light drew 1/1 beam(s)
2026-05-25 20:11:13.050 +02:00 [INF] Map "d5c08240-0436-454a-8993-362abf5bc477": window light drew 1/1 beam(s)
2026-05-25 20:11:13.096 +02:00 [INF] Map "d5c08240-0436-454a-8993-362abf5bc477": window light drew 1/1 beam(s)
2026-05-25 20:11:13.142 +02:00 [INF] Map "d5c08240-0436-454a-8993-362abf5bc477": window light drew 1/1 beam(s)
2026-05-25 20:11:13.187 +02:00 [INF] Map "d5c08240-0436-454a-8993-362abf5bc477": window light drew 1/1 beam(s)
2026-05-25 20:11:13.234 +02:00 [INF] Map "d5c08240-0436-454a-8993-362abf5bc477": window light drew 1/1 beam(s)
2026-05-25 20:11:13.279 +02:00 [INF] Map "d5c08240-0436-454a-8993-362abf5bc477": window light drew 1/1 beam(s)
2026-05-25 20:11:13.325 +02:00 [INF] Map "d5c08240-0436-454a-8993-362abf5bc477": window light drew 1/1 beam(s)
2026-05-25 20:11:13.384 +02:00 [INF] Map "d5c08240-0436-454a-8993-362abf5bc477": window light drew 1/1 beam(s)
2026-05-25 20:11:13.429 +02:00 [INF] Map "d5c08240-0436-454a-8993-362abf5bc477": window light drew 1/1 beam(s)
2026-05-25 20:11:13.476 +02:00 [INF] Map "d5c08240-0436-454a-8993-362abf5bc477": window light drew 1/1 beam(s)
2026-05-25 20:11:13.521 +02:00 [INF] Map "d5c08240-0436-454a-8993-362abf5bc477": window light drew 1/1 beam(s)
2026-05-25 20:11:13.567 +02:00 [INF] Map "d5c08240-0436-454a-8993-362abf5bc477": window light drew 1/1 beam(s)
2026-05-25 20:11:13.613 +02:00 [INF] Map "d5c08240-0436-454a-8993-362abf5bc477": window light drew 1/1 beam(s)
2026-05-25 20:11:13.659 +02:00 [INF] Map "d5c08240-0436-454a-8993-362abf5bc477": window light drew 1/1 beam(s)
2026-05-25 20:11:13.704 +02:00 [INF] Map "d5c08240-0436-454a-8993-362abf5bc477": window light drew 1/1 beam(s)
2026-05-25 20:11:13.763 +02:00 [INF] Map "d5c08240-0436-454a-8993-362abf5bc477": window light drew 1/1 beam(s)
2026-05-25 20:11:13.809 +02:00 [INF] Map "d5c08240-0436-454a-8993-362abf5bc477": window light drew 1/1 beam(s)
2026-05-25 20:11:13.855 +02:00 [INF] Map "d5c08240-0436-454a-8993-362abf5bc477": window light drew 1/1 beam(s)
2026-05-25 20:11:13.900 +02:00 [INF] Map "d5c08240-0436-454a-8993-362abf5bc477": window light drew 1/1 beam(s)
2026-05-25 20:11:13.946 +02:00 [INF] Map "d5c08240-0436-454a-8993-362abf5bc477": window light drew 1/1 beam(s)
2026-05-25 20:11:13.991 +02:00 [INF] Map "d5c08240-0436-454a-8993-362abf5bc477": window light drew 1/1 beam(s)
2026-05-25 20:11:14.037 +02:00 [INF] Map "d5c08240-0436-454a-8993-362abf5bc477": window light drew 1/1 beam(s)
2026-05-25 20:11:14.082 +02:00 [INF] Map "d5c08240-0436-454a-8993-362abf5bc477": window light drew 1/1 beam(s)
2026-05-25 20:11:14.140 +02:00 [INF] Map "d5c08240-0436-454a-8993-362abf5bc477": window light drew 1/1 beam(s)
2026-05-25 20:11:14.186 +02:00 [INF] Map "d5c08240-0436-454a-8993-362abf5bc477": window light drew 1/1 beam(s)
2026-05-25 20:11:14.232 +02:00 [INF] Map "d5c08240-0436-454a-8993-362abf5bc477": window light drew 1/1 beam(s)
2026-05-25 20:11:14.278 +02:00 [INF] Map "d5c08240-0436-454a-8993-362abf5bc477": window light drew 1/1 beam(s)
2026-05-25 20:11:14.324 +02:00 [INF] Map "d5c08240-0436-454a-8993-362abf5bc477": window light drew 1/1 beam(s)
2026-05-25 20:11:14.370 +02:00 [INF] Map "d5c08240-0436-454a-8993-362abf5bc477": window light drew 1/1 beam(s)
2026-05-25 20:11:14.415 +02:00 [INF] Map "d5c08240-0436-454a-8993-362abf5bc477": window light drew 1/1 beam(s)
2026-05-25 20:11:14.460 +02:00 [INF] Map "d5c08240-0436-454a-8993-362abf5bc477": window light drew 1/1 beam(s)
2026-05-25 20:11:14.519 +02:00 [INF] Map "d5c08240-0436-454a-8993-362abf5bc477": window light drew 1/1 beam(s)
2026-05-25 20:11:14.565 +02:00 [INF] Map "d5c08240-0436-454a-8993-362abf5bc477": window light drew 1/1 beam(s)
2026-05-25 20:11:14.611 +02:00 [INF] Map "d5c08240-0436-454a-8993-362abf5bc477": window light drew 1/1 beam(s)
2026-05-25 20:11:14.658 +02:00 [INF] Map "d5c08240-0436-454a-8993-362abf5bc477": window light drew 1/1 beam(s)
2026-05-25 20:11:14.705 +02:00 [INF] Map "d5c08240-0436-454a-8993-362abf5bc477": window light drew 1/1 beam(s)
2026-05-25 20:11:14.751 +02:00 [INF] Map "d5c08240-0436-454a-8993-362abf5bc477": window light drew 1/1 beam(s)
2026-05-25 20:11:14.797 +02:00 [INF] Map "d5c08240-0436-454a-8993-362abf5bc477": window light drew 1/1 beam(s)
2026-05-25 20:11:14.842 +02:00 [INF] Map "d5c08240-0436-454a-8993-362abf5bc477": window light drew 1/1 beam(s)
2026-05-25 20:11:14.903 +02:00 [INF] Map "d5c08240-0436-454a-8993-362abf5bc477": window light drew 1/1 beam(s)
2026-05-25 20:11:14.948 +02:00 [INF] Map "d5c08240-0436-454a-8993-362abf5bc477": window light drew 1/1 beam(s)
2026-05-25 20:11:14.993 +02:00 [INF] Map "d5c08240-0436-454a-8993-362abf5bc477": window light drew 1/1 beam(s)
2026-05-25 20:11:15.039 +02:00 [INF] Map "d5c08240-0436-454a-8993-362abf5bc477": window light drew 1/1 beam(s)
2026-05-25 20:11:15.086 +02:00 [INF] Map "d5c08240-0436-454a-8993-362abf5bc477": window light drew 1/1 beam(s)
2026-05-25 20:11:15.132 +02:00 [INF] Map "d5c08240-0436-454a-8993-362abf5bc477": window light drew 1/1 beam(s)
2026-05-25 20:11:15.177 +02:00 [INF] Map "d5c08240-0436-454a-8993-362abf5bc477": window light drew 1/1 beam(s)
2026-05-25 20:11:15.222 +02:00 [INF] Map "d5c08240-0436-454a-8993-362abf5bc477": window light drew 1/1 beam(s)
2026-05-25 20:11:15.284 +02:00 [INF] Map "d5c08240-0436-454a-8993-362abf5bc477": window light drew 1/1 beam(s)
2026-05-25 20:11:15.332 +02:00 [INF] Map "d5c08240-0436-454a-8993-362abf5bc477": window light drew 1/1 beam(s)
2026-05-25 20:11:15.388 +02:00 [INF] Map "d5c08240-0436-454a-8993-362abf5bc477": window light drew 1/1 beam(s)
2026-05-25 20:11:15.435 +02:00 [INF] Map "d5c08240-0436-454a-8993-362abf5bc477": window light drew 1/1 beam(s)
2026-05-25 20:11:15.485 +02:00 [INF] Map "d5c08240-0436-454a-8993-362abf5bc477": window light drew 1/1 beam(s)
2026-05-25 20:11:15.532 +02:00 [INF] Map "d5c08240-0436-454a-8993-362abf5bc477": window light drew 1/1 beam(s)
2026-05-25 20:11:15.585 +02:00 [INF] Map "d5c08240-0436-454a-8993-362abf5bc477": window light drew 1/1 beam(s)
2026-05-25 20:11:15.637 +02:00 [INF] Map "d5c08240-0436-454a-8993-362abf5bc477": window light drew 1/1 beam(s)
2026-05-25 20:11:15.699 +02:00 [INF] Map "d5c08240-0436-454a-8993-362abf5bc477": window light drew 1/1 beam(s)
2026-05-25 20:11:15.746 +02:00 [INF] Map "d5c08240-0436-454a-8993-362abf5bc477": window light drew 1/1 beam(s)
2026-05-25 20:11:15.791 +02:00 [INF] Map "d5c08240-0436-454a-8993-362abf5bc477": window light drew 1/1 beam(s)
2026-05-25 20:11:15.837 +02:00 [INF] Map "d5c08240-0436-454a-8993-362abf5bc477": window light drew 1/1 beam(s)
2026-05-25 20:11:15.883 +02:00 [INF] Map "d5c08240-0436-454a-8993-362abf5bc477": window light drew 1/1 beam(s)
2026-05-25 20:11:15.931 +02:00 [INF] Map "d5c08240-0436-454a-8993-362abf5bc477": window light drew 1/1 beam(s)
2026-05-25 20:11:15.977 +02:00 [INF] Map "d5c08240-0436-454a-8993-362abf5bc477": window light drew 1/1 beam(s)
2026-05-25 20:11:16.024 +02:00 [INF] Map "d5c08240-0436-454a-8993-362abf5bc477": window light drew 1/1 beam(s)
2026-05-25 20:11:16.082 +02:00 [INF] Map "d5c08240-0436-454a-8993-362abf5bc477": window light drew 1/1 beam(s)
2026-05-25 20:11:16.127 +02:00 [INF] Map "d5c08240-0436-454a-8993-362abf5bc477": window light drew 1/1 beam(s)
2026-05-25 20:11:16.173 +02:00 [INF] Map "d5c08240-0436-454a-8993-362abf5bc477": window light drew 1/1 beam(s)
2026-05-25 20:11:16.218 +02:00 [INF] Map "d5c08240-0436-454a-8993-362abf5bc477": window light drew 1/1 beam(s)
2026-05-25 20:11:16.263 +02:00 [INF] Map "d5c08240-0436-454a-8993-362abf5bc477": window light drew 1/1 beam(s)
2026-05-25 20:11:16.310 +02:00 [INF] Map "d5c08240-0436-454a-8993-362abf5bc477": window light drew 1/1 beam(s)
2026-05-25 20:11:16.355 +02:00 [INF] Map "d5c08240-0436-454a-8993-362abf5bc477": window light drew 1/1 beam(s)
2026-05-25 20:11:16.401 +02:00 [INF] Map "d5c08240-0436-454a-8993-362abf5bc477": window light drew 1/1 beam(s)
2026-05-25 20:11:16.461 +02:00 [INF] Map "d5c08240-0436-454a-8993-362abf5bc477": window light drew 1/1 beam(s)
2026-05-25 20:11:16.507 +02:00 [INF] Map "d5c08240-0436-454a-8993-362abf5bc477": window light drew 1/1 beam(s)
2026-05-25 20:11:16.552 +02:00 [INF] Map "d5c08240-0436-454a-8993-362abf5bc477": window light drew 1/1 beam(s)
2026-05-25 20:11:16.598 +02:00 [INF] Map "d5c08240-0436-454a-8993-362abf5bc477": window light drew 1/1 beam(s)
2026-05-25 20:11:16.644 +02:00 [INF] Map "d5c08240-0436-454a-8993-362abf5bc477": window light drew 1/1 beam(s)
2026-05-25 20:11:16.688 +02:00 [INF] Map "d5c08240-0436-454a-8993-362abf5bc477": window light drew 1/1 beam(s)
2026-05-25 20:11:16.733 +02:00 [INF] Map "d5c08240-0436-454a-8993-362abf5bc477": window light drew 1/1 beam(s)
2026-05-25 20:11:16.780 +02:00 [INF] Map "d5c08240-0436-454a-8993-362abf5bc477": window light drew 1/1 beam(s)
2026-05-25 20:11:16.837 +02:00 [INF] Map "d5c08240-0436-454a-8993-362abf5bc477": window light drew 1/1 beam(s)
2026-05-25 20:11:16.883 +02:00 [INF] Map "d5c08240-0436-454a-8993-362abf5bc477": window light drew 1/1 beam(s)
2026-05-25 20:11:16.930 +02:00 [INF] Map "d5c08240-0436-454a-8993-362abf5bc477": window light drew 1/1 beam(s)
2026-05-25 20:11:16.976 +02:00 [INF] Map "d5c08240-0436-454a-8993-362abf5bc477": window light drew 1/1 beam(s)
2026-05-25 20:11:17.025 +02:00 [INF] Map "d5c08240-0436-454a-8993-362abf5bc477": window light drew 1/1 beam(s)
2026-05-25 20:11:17.070 +02:00 [INF] Map "d5c08240-0436-454a-8993-362abf5bc477": window light drew 1/1 beam(s)
2026-05-25 20:11:17.116 +02:00 [INF] Map "d5c08240-0436-454a-8993-362abf5bc477": window light drew 1/1 beam(s)
2026-05-25 20:11:17.162 +02:00 [INF] Map "d5c08240-0436-454a-8993-362abf5bc477": window light drew 1/1 beam(s)
2026-05-25 20:11:17.225 +02:00 [INF] Map "d5c08240-0436-454a-8993-362abf5bc477": window light drew 1/1 beam(s)
2026-05-25 20:11:17.272 +02:00 [INF] Map "d5c08240-0436-454a-8993-362abf5bc477": window light drew 1/1 beam(s)
2026-05-25 20:11:17.318 +02:00 [INF] Map "d5c08240-0436-454a-8993-362abf5bc477": window light drew 1/1 beam(s)
2026-05-25 20:11:17.363 +02:00 [INF] Map "d5c08240-0436-454a-8993-362abf5bc477": window light drew 1/1 beam(s)
2026-05-25 20:11:17.408 +02:00 [INF] Map "d5c08240-0436-454a-8993-362abf5bc477": window light drew 1/1 beam(s)
2026-05-25 20:11:17.454 +02:00 [INF] Map "d5c08240-0436-454a-8993-362abf5bc477": window light drew 1/1 beam(s)
2026-05-25 20:11:17.500 +02:00 [INF] Map "d5c08240-0436-454a-8993-362abf5bc477": window light drew 1/1 beam(s)
2026-05-25 20:11:17.545 +02:00 [INF] Map "d5c08240-0436-454a-8993-362abf5bc477": window light drew 1/1 beam(s)
2026-05-25 20:11:17.603 +02:00 [INF] Map "d5c08240-0436-454a-8993-362abf5bc477": window light drew 1/1 beam(s)
2026-05-25 20:11:17.649 +02:00 [INF] Map "d5c08240-0436-454a-8993-362abf5bc477": window light drew 1/1 beam(s)
2026-05-25 20:11:17.695 +02:00 [INF] Map "d5c08240-0436-454a-8993-362abf5bc477": window light drew 1/1 beam(s)
2026-05-25 20:11:17.741 +02:00 [INF] Map "d5c08240-0436-454a-8993-362abf5bc477": window light drew 1/1 beam(s)
2026-05-25 20:11:17.787 +02:00 [INF] Map "d5c08240-0436-454a-8993-362abf5bc477": window light drew 1/1 beam(s)
2026-05-25 20:11:17.833 +02:00 [INF] Map "d5c08240-0436-454a-8993-362abf5bc477": window light drew 1/1 beam(s)
2026-05-25 20:11:17.878 +02:00 [INF] Map "d5c08240-0436-454a-8993-362abf5bc477": window light drew 1/1 beam(s)
2026-05-25 20:11:17.923 +02:00 [INF] Map "d5c08240-0436-454a-8993-362abf5bc477": window light drew 1/1 beam(s)
2026-05-25 20:11:17.982 +02:00 [INF] Map "d5c08240-0436-454a-8993-362abf5bc477": window light drew 1/1 beam(s)
2026-05-25 20:11:18.027 +02:00 [INF] Map "d5c08240-0436-454a-8993-362abf5bc477": window light drew 1/1 beam(s)
2026-05-25 20:11:18.073 +02:00 [INF] Map "d5c08240-0436-454a-8993-362abf5bc477": window light drew 1/1 beam(s)
2026-05-25 20:11:18.118 +02:00 [INF] Map "d5c08240-0436-454a-8993-362abf5bc477": window light drew 1/1 beam(s)
2026-05-25 20:11:18.164 +02:00 [INF] Map "d5c08240-0436-454a-8993-362abf5bc477": window light drew 1/1 beam(s)
2026-05-25 20:11:18.210 +02:00 [INF] Map "d5c08240-0436-454a-8993-362abf5bc477": window light drew 1/1 beam(s)
2026-05-25 20:11:18.255 +02:00 [INF] Map "d5c08240-0436-454a-8993-362abf5bc477": window light drew 1/1 beam(s)
2026-05-25 20:11:18.300 +02:00 [INF] Map "d5c08240-0436-454a-8993-362abf5bc477": window light drew 1/1 beam(s)
2026-05-25 20:11:18.358 +02:00 [INF] Map "d5c08240-0436-454a-8993-362abf5bc477": window light drew 1/1 beam(s)
2026-05-25 20:11:18.404 +02:00 [INF] Map "d5c08240-0436-454a-8993-362abf5bc477": window light drew 1/1 beam(s)
2026-05-25 20:11:18.449 +02:00 [INF] Map "d5c08240-0436-454a-8993-362abf5bc477": window light drew 1/1 beam(s)
2026-05-25 20:11:18.496 +02:00 [INF] Map "d5c08240-0436-454a-8993-362abf5bc477": window light drew 1/1 beam(s)
2026-05-25 20:11:18.542 +02:00 [INF] Map "d5c08240-0436-454a-8993-362abf5bc477": window light drew 1/1 beam(s)
2026-05-25 20:11:18.587 +02:00 [INF] Map "d5c08240-0436-454a-8993-362abf5bc477": window light drew 1/1 beam(s)
2026-05-25 20:11:18.635 +02:00 [INF] Map "d5c08240-0436-454a-8993-362abf5bc477": window light drew 1/1 beam(s)
2026-05-25 20:11:18.682 +02:00 [INF] Map "d5c08240-0436-454a-8993-362abf5bc477": window light drew 1/1 beam(s)
2026-05-25 20:11:18.740 +02:00 [INF] Map "d5c08240-0436-454a-8993-362abf5bc477": window light drew 1/1 beam(s)
2026-05-25 20:11:18.785 +02:00 [INF] Map "d5c08240-0436-454a-8993-362abf5bc477": window light drew 1/1 beam(s)
2026-05-25 20:11:18.831 +02:00 [INF] Map "d5c08240-0436-454a-8993-362abf5bc477": window light drew 1/1 beam(s)
2026-05-25 20:11:18.876 +02:00 [INF] Map "d5c08240-0436-454a-8993-362abf5bc477": window light drew 1/1 beam(s)
2026-05-25 20:11:18.922 +02:00 [INF] Map "d5c08240-0436-454a-8993-362abf5bc477": window light drew 1/1 beam(s)
2026-05-25 20:11:18.968 +02:00 [INF] Map "d5c08240-0436-454a-8993-362abf5bc477": window light drew 1/1 beam(s)
2026-05-25 20:11:19.013 +02:00 [INF] Map "d5c08240-0436-454a-8993-362abf5bc477": window light drew 1/1 beam(s)
2026-05-25 20:11:19.060 +02:00 [INF] Map "d5c08240-0436-454a-8993-362abf5bc477": window light drew 1/1 beam(s)
2026-05-25 20:11:19.117 +02:00 [INF] Map "d5c08240-0436-454a-8993-362abf5bc477": window light drew 1/1 beam(s)
2026-05-25 20:11:19.162 +02:00 [INF] Map "d5c08240-0436-454a-8993-362abf5bc477": window light drew 1/1 beam(s)
2026-05-25 20:11:19.208 +02:00 [INF] Map "d5c08240-0436-454a-8993-362abf5bc477": window light drew 1/1 beam(s)
2026-05-25 20:11:19.255 +02:00 [INF] Map "d5c08240-0436-454a-8993-362abf5bc477": window light drew 1/1 beam(s)
2026-05-25 20:11:19.300 +02:00 [INF] Map "d5c08240-0436-454a-8993-362abf5bc477": window light drew 1/1 beam(s)
2026-05-25 20:11:19.348 +02:00 [INF] Map "d5c08240-0436-454a-8993-362abf5bc477": window light drew 1/1 beam(s)
2026-05-25 20:11:19.395 +02:00 [INF] Map "d5c08240-0436-454a-8993-362abf5bc477": window light drew 1/1 beam(s)
2026-05-25 20:11:19.440 +02:00 [INF] Map "d5c08240-0436-454a-8993-362abf5bc477": window light drew 1/1 beam(s)
2026-05-25 20:11:19.498 +02:00 [INF] Map "d5c08240-0436-454a-8993-362abf5bc477": window light drew 1/1 beam(s)
2026-05-25 20:11:19.545 +02:00 [INF] Map "d5c08240-0436-454a-8993-362abf5bc477": window light drew 1/1 beam(s)
2026-05-25 20:11:19.592 +02:00 [INF] Map "d5c08240-0436-454a-8993-362abf5bc477": window light drew 1/1 beam(s)
2026-05-25 20:11:19.639 +02:00 [INF] Map "d5c08240-0436-454a-8993-362abf5bc477": window light drew 1/1 beam(s)
2026-05-25 20:11:19.684 +02:00 [INF] Map "d5c08240-0436-454a-8993-362abf5bc477": window light drew 1/1 beam(s)
2026-05-25 20:11:19.730 +02:00 [INF] Map "d5c08240-0436-454a-8993-362abf5bc477": window light drew 1/1 beam(s)
2026-05-25 20:11:19.780 +02:00 [INF] Map "d5c08240-0436-454a-8993-362abf5bc477": window light drew 1/1 beam(s)
2026-05-25 20:11:19.826 +02:00 [INF] Map "d5c08240-0436-454a-8993-362abf5bc477": window light drew 1/1 beam(s)
2026-05-25 20:11:19.885 +02:00 [INF] Map "d5c08240-0436-454a-8993-362abf5bc477": window light drew 1/1 beam(s)
2026-05-25 20:11:19.930 +02:00 [INF] Map "d5c08240-0436-454a-8993-362abf5bc477": window light drew 1/1 beam(s)
2026-05-25 20:11:19.976 +02:00 [INF] Map "d5c08240-0436-454a-8993-362abf5bc477": window light drew 1/1 beam(s)
2026-05-25 20:11:20.023 +02:00 [INF] Map "d5c08240-0436-454a-8993-362abf5bc477": window light drew 1/1 beam(s)
2026-05-25 20:11:20.070 +02:00 [INF] Map "d5c08240-0436-454a-8993-362abf5bc477": window light drew 1/1 beam(s)
2026-05-25 20:11:20.116 +02:00 [INF] Map "d5c08240-0436-454a-8993-362abf5bc477": window light drew 1/1 beam(s)
2026-05-25 20:11:20.162 +02:00 [INF] Map "d5c08240-0436-454a-8993-362abf5bc477": window light drew 1/1 beam(s)
2026-05-25 20:11:20.211 +02:00 [INF] Map "d5c08240-0436-454a-8993-362abf5bc477": window light drew 1/1 beam(s)
2026-05-25 20:11:20.271 +02:00 [INF] Map "d5c08240-0436-454a-8993-362abf5bc477": window light drew 1/1 beam(s)
2026-05-25 20:11:20.316 +02:00 [INF] Map "d5c08240-0436-454a-8993-362abf5bc477": window light drew 1/1 beam(s)
2026-05-25 20:11:20.362 +02:00 [INF] Map "d5c08240-0436-454a-8993-362abf5bc477": window light drew 1/1 beam(s)
2026-05-25 20:11:20.407 +02:00 [INF] Map "d5c08240-0436-454a-8993-362abf5bc477": window light drew 1/1 beam(s)
2026-05-25 20:11:20.452 +02:00 [INF] Map "d5c08240-0436-454a-8993-362abf5bc477": window light drew 1/1 beam(s)
2026-05-25 20:11:20.497 +02:00 [INF] Map "d5c08240-0436-454a-8993-362abf5bc477": window light drew 1/1 beam(s)
2026-05-25 20:11:20.544 +02:00 [INF] Map "d5c08240-0436-454a-8993-362abf5bc477": window light drew 1/1 beam(s)
2026-05-25 20:11:20.589 +02:00 [INF] Map "d5c08240-0436-454a-8993-362abf5bc477": window light drew 1/1 beam(s)
2026-05-25 20:11:20.648 +02:00 [INF] Map "d5c08240-0436-454a-8993-362abf5bc477": window light drew 1/1 beam(s)
2026-05-25 20:11:20.694 +02:00 [INF] Map "d5c08240-0436-454a-8993-362abf5bc477": window light drew 1/1 beam(s)
2026-05-25 20:11:20.740 +02:00 [INF] Map "d5c08240-0436-454a-8993-362abf5bc477": window light drew 1/1 beam(s)
2026-05-25 20:11:20.786 +02:00 [INF] Map "d5c08240-0436-454a-8993-362abf5bc477": window light drew 1/1 beam(s)
2026-05-25 20:11:20.832 +02:00 [INF] Map "d5c08240-0436-454a-8993-362abf5bc477": window light drew 1/1 beam(s)
2026-05-25 20:11:20.879 +02:00 [INF] Map "d5c08240-0436-454a-8993-362abf5bc477": window light drew 1/1 beam(s)
2026-05-25 20:11:20.925 +02:00 [INF] Map "d5c08240-0436-454a-8993-362abf5bc477": window light drew 1/1 beam(s)
2026-05-25 20:11:20.971 +02:00 [INF] Map "d5c08240-0436-454a-8993-362abf5bc477": window light drew 1/1 beam(s)
2026-05-25 20:11:21.039 +02:00 [INF] Map "d5c08240-0436-454a-8993-362abf5bc477": window light drew 1/1 beam(s)
2026-05-25 20:11:21.084 +02:00 [INF] Map "d5c08240-0436-454a-8993-362abf5bc477": window light drew 1/1 beam(s)
2026-05-25 20:11:21.129 +02:00 [INF] Map "d5c08240-0436-454a-8993-362abf5bc477": window light drew 1/1 beam(s)
2026-05-25 20:11:21.176 +02:00 [INF] Map "d5c08240-0436-454a-8993-362abf5bc477": window light drew 1/1 beam(s)
2026-05-25 20:11:21.221 +02:00 [INF] Map "d5c08240-0436-454a-8993-362abf5bc477": window light drew 1/1 beam(s)
2026-05-25 20:11:21.267 +02:00 [INF] Map "d5c08240-0436-454a-8993-362abf5bc477": window light drew 1/1 beam(s)
2026-05-25 20:11:21.313 +02:00 [INF] Map "d5c08240-0436-454a-8993-362abf5bc477": window light drew 1/1 beam(s)
2026-05-25 20:11:21.359 +02:00 [INF] Map "d5c08240-0436-454a-8993-362abf5bc477": window light drew 1/1 beam(s)
2026-05-25 20:11:21.417 +02:00 [INF] Map "d5c08240-0436-454a-8993-362abf5bc477": window light drew 1/1 beam(s)
2026-05-25 20:11:21.463 +02:00 [INF] Map "d5c08240-0436-454a-8993-362abf5bc477": window light drew 1/1 beam(s)
2026-05-25 20:11:21.508 +02:00 [INF] Map "d5c08240-0436-454a-8993-362abf5bc477": window light drew 1/1 beam(s)
2026-05-25 20:11:21.554 +02:00 [INF] Map "d5c08240-0436-454a-8993-362abf5bc477": window light drew 1/1 beam(s)
2026-05-25 20:11:21.599 +02:00 [INF] Map "d5c08240-0436-454a-8993-362abf5bc477": window light drew 1/1 beam(s)
2026-05-25 20:11:21.645 +02:00 [INF] Map "d5c08240-0436-454a-8993-362abf5bc477": window light drew 1/1 beam(s)
2026-05-25 20:11:21.690 +02:00 [INF] Map "d5c08240-0436-454a-8993-362abf5bc477": window light drew 1/1 beam(s)
2026-05-25 20:11:21.736 +02:00 [INF] Map "d5c08240-0436-454a-8993-362abf5bc477": window light drew 1/1 beam(s)
2026-05-25 20:11:21.807 +02:00 [INF] Map "d5c08240-0436-454a-8993-362abf5bc477": window light drew 1/1 beam(s)
2026-05-25 20:11:21.853 +02:00 [INF] Map "d5c08240-0436-454a-8993-362abf5bc477": window light drew 1/1 beam(s)
2026-05-25 20:11:21.898 +02:00 [INF] Map "d5c08240-0436-454a-8993-362abf5bc477": window light drew 1/1 beam(s)
2026-05-25 20:11:21.944 +02:00 [INF] Map "d5c08240-0436-454a-8993-362abf5bc477": window light drew 1/1 beam(s)
2026-05-25 20:11:21.989 +02:00 [INF] Map "d5c08240-0436-454a-8993-362abf5bc477": window light drew 1/1 beam(s)
2026-05-25 20:11:22.034 +02:00 [INF] Map "d5c08240-0436-454a-8993-362abf5bc477": window light drew 1/1 beam(s)
2026-05-25 20:11:22.080 +02:00 [INF] Map "d5c08240-0436-454a-8993-362abf5bc477": window light drew 1/1 beam(s)
2026-05-25 20:11:22.126 +02:00 [INF] Map "d5c08240-0436-454a-8993-362abf5bc477": window light drew 1/1 beam(s)
2026-05-25 20:11:22.186 +02:00 [INF] Map "d5c08240-0436-454a-8993-362abf5bc477": window light drew 1/1 beam(s)
2026-05-25 20:11:22.231 +02:00 [INF] Map "d5c08240-0436-454a-8993-362abf5bc477": window light drew 1/1 beam(s)
2026-05-25 20:11:22.276 +02:00 [INF] Map "d5c08240-0436-454a-8993-362abf5bc477": window light drew 1/1 beam(s)
2026-05-25 20:11:22.321 +02:00 [INF] Map "d5c08240-0436-454a-8993-362abf5bc477": window light drew 1/1 beam(s)
2026-05-25 20:11:22.367 +02:00 [INF] Map "d5c08240-0436-454a-8993-362abf5bc477": window light drew 1/1 beam(s)
2026-05-25 20:11:22.412 +02:00 [INF] Map "d5c08240-0436-454a-8993-362abf5bc477": window light drew 1/1 beam(s)
2026-05-25 20:11:22.457 +02:00 [INF] Map "d5c08240-0436-454a-8993-362abf5bc477": window light drew 1/1 beam(s)
2026-05-25 20:11:22.503 +02:00 [INF] Map "d5c08240-0436-454a-8993-362abf5bc477": window light drew 1/1 beam(s)
2026-05-25 20:11:22.560 +02:00 [INF] Map "d5c08240-0436-454a-8993-362abf5bc477": window light drew 1/1 beam(s)
2026-05-25 20:11:22.606 +02:00 [INF] Map "d5c08240-0436-454a-8993-362abf5bc477": window light drew 1/1 beam(s)
2026-05-25 20:11:22.651 +02:00 [INF] Map "d5c08240-0436-454a-8993-362abf5bc477": window light drew 1/1 beam(s)
2026-05-25 20:11:22.697 +02:00 [INF] Map "d5c08240-0436-454a-8993-362abf5bc477": window light drew 1/1 beam(s)
2026-05-25 20:11:22.743 +02:00 [INF] Map "d5c08240-0436-454a-8993-362abf5bc477": window light drew 1/1 beam(s)
2026-05-25 20:11:22.789 +02:00 [INF] Map "d5c08240-0436-454a-8993-362abf5bc477": window light drew 1/1 beam(s)
2026-05-25 20:11:22.835 +02:00 [INF] Map "d5c08240-0436-454a-8993-362abf5bc477": window light drew 1/1 beam(s)
2026-05-25 20:11:22.879 +02:00 [INF] Map "d5c08240-0436-454a-8993-362abf5bc477": window light drew 1/1 beam(s)
2026-05-25 20:11:22.937 +02:00 [INF] Map "d5c08240-0436-454a-8993-362abf5bc477": window light drew 1/1 beam(s)
2026-05-25 20:11:22.983 +02:00 [INF] Map "d5c08240-0436-454a-8993-362abf5bc477": window light drew 1/1 beam(s)
2026-05-25 20:11:23.029 +02:00 [INF] Map "d5c08240-0436-454a-8993-362abf5bc477": window light drew 1/1 beam(s)
2026-05-25 20:11:23.075 +02:00 [INF] Map "d5c08240-0436-454a-8993-362abf5bc477": window light drew 1/1 beam(s)
2026-05-25 20:11:23.120 +02:00 [INF] Map "d5c08240-0436-454a-8993-362abf5bc477": window light drew 1/1 beam(s)
2026-05-25 20:11:23.165 +02:00 [INF] Map "d5c08240-0436-454a-8993-362abf5bc477": window light drew 1/1 beam(s)
2026-05-25 20:11:23.211 +02:00 [INF] Map "d5c08240-0436-454a-8993-362abf5bc477": window light drew 1/1 beam(s)
2026-05-25 20:11:23.257 +02:00 [INF] Map "d5c08240-0436-454a-8993-362abf5bc477": window light drew 1/1 beam(s)
2026-05-25 20:11:23.316 +02:00 [INF] Map "d5c08240-0436-454a-8993-362abf5bc477": window light drew 1/1 beam(s)
2026-05-25 20:11:23.364 +02:00 [INF] Map "d5c08240-0436-454a-8993-362abf5bc477": window light drew 1/1 beam(s)
2026-05-25 20:11:23.412 +02:00 [INF] Map "d5c08240-0436-454a-8993-362abf5bc477": window light drew 1/1 beam(s)
2026-05-25 20:11:23.461 +02:00 [INF] Map "d5c08240-0436-454a-8993-362abf5bc477": window light drew 1/1 beam(s)
2026-05-25 20:11:23.507 +02:00 [INF] Map "d5c08240-0436-454a-8993-362abf5bc477": window light drew 1/1 beam(s)
2026-05-25 20:11:23.552 +02:00 [INF] Map "d5c08240-0436-454a-8993-362abf5bc477": window light drew 1/1 beam(s)
2026-05-25 20:11:23.597 +02:00 [INF] Map "d5c08240-0436-454a-8993-362abf5bc477": window light drew 1/1 beam(s)
2026-05-25 20:11:23.642 +02:00 [INF] Map "d5c08240-0436-454a-8993-362abf5bc477": window light drew 1/1 beam(s)
2026-05-25 20:11:23.701 +02:00 [INF] Map "d5c08240-0436-454a-8993-362abf5bc477": window light drew 1/1 beam(s)
2026-05-25 20:11:23.748 +02:00 [INF] Map "d5c08240-0436-454a-8993-362abf5bc477": window light drew 1/1 beam(s)
2026-05-25 20:11:23.795 +02:00 [INF] Map "d5c08240-0436-454a-8993-362abf5bc477": window light drew 1/1 beam(s)
2026-05-25 20:11:23.841 +02:00 [INF] Map "d5c08240-0436-454a-8993-362abf5bc477": window light drew 1/1 beam(s)
2026-05-25 20:11:23.886 +02:00 [INF] Map "d5c08240-0436-454a-8993-362abf5bc477": window light drew 1/1 beam(s)
2026-05-25 20:11:23.932 +02:00 [INF] Map "d5c08240-0436-454a-8993-362abf5bc477": window light drew 1/1 beam(s)
2026-05-25 20:11:23.977 +02:00 [INF] Map "d5c08240-0436-454a-8993-362abf5bc477": window light drew 1/1 beam(s)
2026-05-25 20:11:24.022 +02:00 [INF] Map "d5c08240-0436-454a-8993-362abf5bc477": window light drew 1/1 beam(s)
2026-05-25 20:11:24.080 +02:00 [INF] Map "d5c08240-0436-454a-8993-362abf5bc477": window light drew 1/1 beam(s)
2026-05-25 20:11:24.126 +02:00 [INF] Map "d5c08240-0436-454a-8993-362abf5bc477": window light drew 1/1 beam(s)
2026-05-25 20:11:24.170 +02:00 [INF] Map "d5c08240-0436-454a-8993-362abf5bc477": window light drew 1/1 beam(s)
2026-05-25 20:11:24.216 +02:00 [INF] Map "d5c08240-0436-454a-8993-362abf5bc477": window light drew 1/1 beam(s)
2026-05-25 20:11:24.261 +02:00 [INF] Map "d5c08240-0436-454a-8993-362abf5bc477": window light drew 1/1 beam(s)
2026-05-25 20:11:24.307 +02:00 [INF] Map "d5c08240-0436-454a-8993-362abf5bc477": window light drew 1/1 beam(s)
2026-05-25 20:11:24.351 +02:00 [INF] Map "d5c08240-0436-454a-8993-362abf5bc477": window light drew 1/1 beam(s)
2026-05-25 20:11:24.398 +02:00 [INF] Map "d5c08240-0436-454a-8993-362abf5bc477": window light drew 1/1 beam(s)
2026-05-25 20:11:24.465 +02:00 [INF] Map "d5c08240-0436-454a-8993-362abf5bc477": window light drew 1/1 beam(s)
2026-05-25 20:11:24.510 +02:00 [INF] Map "d5c08240-0436-454a-8993-362abf5bc477": window light drew 1/1 beam(s)
2026-05-25 20:11:24.556 +02:00 [INF] Map "d5c08240-0436-454a-8993-362abf5bc477": window light drew 1/1 beam(s)
2026-05-25 20:11:24.602 +02:00 [INF] Map "d5c08240-0436-454a-8993-362abf5bc477": window light drew 1/1 beam(s)
2026-05-25 20:11:24.648 +02:00 [INF] Map "d5c08240-0436-454a-8993-362abf5bc477": window light drew 1/1 beam(s)
2026-05-25 20:11:24.694 +02:00 [INF] Map "d5c08240-0436-454a-8993-362abf5bc477": window light drew 1/1 beam(s)
2026-05-25 20:11:24.739 +02:00 [INF] Map "d5c08240-0436-454a-8993-362abf5bc477": window light drew 1/1 beam(s)
2026-05-25 20:11:24.785 +02:00 [INF] Map "d5c08240-0436-454a-8993-362abf5bc477": window light drew 1/1 beam(s)
2026-05-25 20:11:24.843 +02:00 [INF] Map "d5c08240-0436-454a-8993-362abf5bc477": window light drew 1/1 beam(s)
2026-05-25 20:11:24.888 +02:00 [INF] Map "d5c08240-0436-454a-8993-362abf5bc477": window light drew 1/1 beam(s)
2026-05-25 20:11:24.933 +02:00 [INF] Map "d5c08240-0436-454a-8993-362abf5bc477": window light drew 1/1 beam(s)
2026-05-25 20:11:24.979 +02:00 [INF] Map "d5c08240-0436-454a-8993-362abf5bc477": window light drew 1/1 beam(s)
2026-05-25 20:11:25.024 +02:00 [INF] Map "d5c08240-0436-454a-8993-362abf5bc477": window light drew 1/1 beam(s)
2026-05-25 20:11:25.069 +02:00 [INF] Map "d5c08240-0436-454a-8993-362abf5bc477": window light drew 1/1 beam(s)
2026-05-25 20:11:25.115 +02:00 [INF] Map "d5c08240-0436-454a-8993-362abf5bc477": window light drew 1/1 beam(s)
2026-05-25 20:11:25.160 +02:00 [INF] Map "d5c08240-0436-454a-8993-362abf5bc477": window light drew 1/1 beam(s)
2026-05-25 20:11:25.218 +02:00 [INF] Map "d5c08240-0436-454a-8993-362abf5bc477": window light drew 1/1 beam(s)
2026-05-25 20:11:25.264 +02:00 [INF] Map "d5c08240-0436-454a-8993-362abf5bc477": window light drew 1/1 beam(s)
2026-05-25 20:11:25.310 +02:00 [INF] Map "d5c08240-0436-454a-8993-362abf5bc477": window light drew 1/1 beam(s)
2026-05-25 20:11:25.356 +02:00 [INF] Map "d5c08240-0436-454a-8993-362abf5bc477": window light drew 1/1 beam(s)
2026-05-25 20:11:25.402 +02:00 [INF] Map "d5c08240-0436-454a-8993-362abf5bc477": window light drew 1/1 beam(s)
2026-05-25 20:11:25.447 +02:00 [INF] Map "d5c08240-0436-454a-8993-362abf5bc477": window light drew 1/1 beam(s)
2026-05-25 20:11:25.494 +02:00 [INF] Map "d5c08240-0436-454a-8993-362abf5bc477": window light drew 1/1 beam(s)
2026-05-25 20:11:25.540 +02:00 [INF] Map "d5c08240-0436-454a-8993-362abf5bc477": window light drew 1/1 beam(s)
2026-05-25 20:11:25.601 +02:00 [INF] Map "d5c08240-0436-454a-8993-362abf5bc477": window light drew 1/1 beam(s)
2026-05-25 20:11:25.649 +02:00 [INF] Map "d5c08240-0436-454a-8993-362abf5bc477": window light drew 1/1 beam(s)
2026-05-25 20:11:25.695 +02:00 [INF] Map "d5c08240-0436-454a-8993-362abf5bc477": window light drew 1/1 beam(s)
2026-05-25 20:11:25.742 +02:00 [INF] Map "d5c08240-0436-454a-8993-362abf5bc477": window light drew 1/1 beam(s)
2026-05-25 20:11:25.789 +02:00 [INF] Map "d5c08240-0436-454a-8993-362abf5bc477": window light drew 1/1 beam(s)
2026-05-25 20:11:25.835 +02:00 [INF] Map "d5c08240-0436-454a-8993-362abf5bc477": window light drew 1/1 beam(s)
2026-05-25 20:11:25.880 +02:00 [INF] Map "d5c08240-0436-454a-8993-362abf5bc477": window light drew 1/1 beam(s)
2026-05-25 20:11:25.925 +02:00 [INF] Map "d5c08240-0436-454a-8993-362abf5bc477": window light drew 1/1 beam(s)
2026-05-25 20:11:25.983 +02:00 [INF] Map "d5c08240-0436-454a-8993-362abf5bc477": window light drew 1/1 beam(s)
2026-05-25 20:11:26.028 +02:00 [INF] Map "d5c08240-0436-454a-8993-362abf5bc477": window light drew 1/1 beam(s)
2026-05-25 20:11:26.073 +02:00 [INF] Map "d5c08240-0436-454a-8993-362abf5bc477": window light drew 1/1 beam(s)
2026-05-25 20:11:26.118 +02:00 [INF] Map "d5c08240-0436-454a-8993-362abf5bc477": window light drew 1/1 beam(s)
2026-05-25 20:11:26.164 +02:00 [INF] Map "d5c08240-0436-454a-8993-362abf5bc477": window light drew 1/1 beam(s)
2026-05-25 20:11:26.210 +02:00 [INF] Map "d5c08240-0436-454a-8993-362abf5bc477": window light drew 1/1 beam(s)
2026-05-25 20:11:26.254 +02:00 [INF] Map "d5c08240-0436-454a-8993-362abf5bc477": window light drew 1/1 beam(s)
2026-05-25 20:11:26.300 +02:00 [INF] Map "d5c08240-0436-454a-8993-362abf5bc477": window light drew 1/1 beam(s)
2026-05-25 20:11:26.357 +02:00 [INF] Map "d5c08240-0436-454a-8993-362abf5bc477": window light drew 1/1 beam(s)
2026-05-25 20:11:26.403 +02:00 [INF] Map "d5c08240-0436-454a-8993-362abf5bc477": window light drew 1/1 beam(s)
2026-05-25 20:11:26.448 +02:00 [INF] Map "d5c08240-0436-454a-8993-362abf5bc477": window light drew 1/1 beam(s)
2026-05-25 20:11:26.494 +02:00 [INF] Map "d5c08240-0436-454a-8993-362abf5bc477": window light drew 1/1 beam(s)
2026-05-25 20:11:26.540 +02:00 [INF] Map "d5c08240-0436-454a-8993-362abf5bc477": window light drew 1/1 beam(s)
2026-05-25 20:11:26.584 +02:00 [INF] Map "d5c08240-0436-454a-8993-362abf5bc477": window light drew 1/1 beam(s)
2026-05-25 20:11:26.629 +02:00 [INF] Map "d5c08240-0436-454a-8993-362abf5bc477": window light drew 1/1 beam(s)
2026-05-25 20:11:26.675 +02:00 [INF] Map "d5c08240-0436-454a-8993-362abf5bc477": window light drew 1/1 beam(s)
2026-05-25 20:11:26.722 +02:00 [INF] Map "d5c08240-0436-454a-8993-362abf5bc477": window light drew 1/1 beam(s)
2026-05-25 20:11:26.766 +02:00 [INF] Map "d5c08240-0436-454a-8993-362abf5bc477": window light drew 1/1 beam(s)
2026-05-25 20:11:26.813 +02:00 [INF] Map "d5c08240-0436-454a-8993-362abf5bc477": window light drew 1/1 beam(s)
2026-05-25 20:11:26.858 +02:00 [INF] Map "d5c08240-0436-454a-8993-362abf5bc477": window light drew 1/1 beam(s)
2026-05-25 20:11:26.903 +02:00 [INF] Map "d5c08240-0436-454a-8993-362abf5bc477": window light drew 1/1 beam(s)
2026-05-25 20:11:26.949 +02:00 [INF] Map "d5c08240-0436-454a-8993-362abf5bc477": window light drew 1/1 beam(s)
2026-05-25 20:11:26.994 +02:00 [INF] Map "d5c08240-0436-454a-8993-362abf5bc477": window light drew 1/1 beam(s)
2026-05-25 20:11:27.041 +02:00 [INF] Map "d5c08240-0436-454a-8993-362abf5bc477": window light drew 1/1 beam(s)
2026-05-25 20:11:27.099 +02:00 [INF] Map "d5c08240-0436-454a-8993-362abf5bc477": window light drew 1/1 beam(s)
2026-05-25 20:11:27.145 +02:00 [INF] Map "d5c08240-0436-454a-8993-362abf5bc477": window light drew 1/1 beam(s)
2026-05-25 20:11:27.190 +02:00 [INF] Map "d5c08240-0436-454a-8993-362abf5bc477": window light drew 1/1 beam(s)
2026-05-25 20:11:27.237 +02:00 [INF] Map "d5c08240-0436-454a-8993-362abf5bc477": window light drew 1/1 beam(s)
2026-05-25 20:11:27.284 +02:00 [INF] Map "d5c08240-0436-454a-8993-362abf5bc477": window light drew 1/1 beam(s)
2026-05-25 20:11:27.329 +02:00 [INF] Map "d5c08240-0436-454a-8993-362abf5bc477": window light drew 1/1 beam(s)
2026-05-25 20:11:27.379 +02:00 [INF] Map "d5c08240-0436-454a-8993-362abf5bc477": window light drew 1/1 beam(s)
2026-05-25 20:11:27.425 +02:00 [INF] Map "d5c08240-0436-454a-8993-362abf5bc477": window light drew 1/1 beam(s)
2026-05-25 20:11:27.504 +02:00 [INF] Map "d5c08240-0436-454a-8993-362abf5bc477": window light drew 1/1 beam(s)
2026-05-25 20:11:27.550 +02:00 [INF] Map "d5c08240-0436-454a-8993-362abf5bc477": window light drew 1/1 beam(s)
2026-05-25 20:11:27.595 +02:00 [INF] Map "d5c08240-0436-454a-8993-362abf5bc477": window light drew 1/1 beam(s)
2026-05-25 20:11:27.640 +02:00 [INF] Map "d5c08240-0436-454a-8993-362abf5bc477": window light drew 1/1 beam(s)
2026-05-25 20:11:27.686 +02:00 [INF] Map "d5c08240-0436-454a-8993-362abf5bc477": window light drew 1/1 beam(s)
2026-05-25 20:11:27.732 +02:00 [INF] Map "d5c08240-0436-454a-8993-362abf5bc477": window light drew 1/1 beam(s)
2026-05-25 20:11:27.778 +02:00 [INF] Map "d5c08240-0436-454a-8993-362abf5bc477": window light drew 1/1 beam(s)
2026-05-25 20:11:27.824 +02:00 [INF] Map "d5c08240-0436-454a-8993-362abf5bc477": window light drew 1/1 beam(s)
2026-05-25 20:11:27.882 +02:00 [INF] Map "d5c08240-0436-454a-8993-362abf5bc477": window light drew 1/1 beam(s)
2026-05-25 20:11:27.929 +02:00 [INF] Map "d5c08240-0436-454a-8993-362abf5bc477": window light drew 1/1 beam(s)
2026-05-25 20:11:27.975 +02:00 [INF] Map "d5c08240-0436-454a-8993-362abf5bc477": window light drew 1/1 beam(s)
2026-05-25 20:11:28.019 +02:00 [INF] Map "d5c08240-0436-454a-8993-362abf5bc477": window light drew 1/1 beam(s)
2026-05-25 20:11:28.065 +02:00 [INF] Map "d5c08240-0436-454a-8993-362abf5bc477": window light drew 1/1 beam(s)
2026-05-25 20:11:28.110 +02:00 [INF] Map "d5c08240-0436-454a-8993-362abf5bc477": window light drew 1/1 beam(s)
2026-05-25 20:11:28.156 +02:00 [INF] Map "d5c08240-0436-454a-8993-362abf5bc477": window light drew 1/1 beam(s)
2026-05-25 20:11:28.201 +02:00 [INF] Map "d5c08240-0436-454a-8993-362abf5bc477": window light drew 1/1 beam(s)
2026-05-25 20:11:28.259 +02:00 [INF] Map "d5c08240-0436-454a-8993-362abf5bc477": window light drew 1/1 beam(s)
2026-05-25 20:11:28.305 +02:00 [INF] Map "d5c08240-0436-454a-8993-362abf5bc477": window light drew 1/1 beam(s)
2026-05-25 20:11:28.350 +02:00 [INF] Map "d5c08240-0436-454a-8993-362abf5bc477": window light drew 1/1 beam(s)
2026-05-25 20:11:28.395 +02:00 [INF] Map "d5c08240-0436-454a-8993-362abf5bc477": window light drew 1/1 beam(s)
2026-05-25 20:11:28.441 +02:00 [INF] Map "d5c08240-0436-454a-8993-362abf5bc477": window light drew 1/1 beam(s)
2026-05-25 20:11:28.486 +02:00 [INF] Map "d5c08240-0436-454a-8993-362abf5bc477": window light drew 1/1 beam(s)
2026-05-25 20:11:28.532 +02:00 [INF] Map "d5c08240-0436-454a-8993-362abf5bc477": window light drew 1/1 beam(s)
2026-05-25 20:11:28.578 +02:00 [INF] Map "d5c08240-0436-454a-8993-362abf5bc477": window light drew 1/1 beam(s)
2026-05-25 20:11:28.636 +02:00 [INF] Map "d5c08240-0436-454a-8993-362abf5bc477": window light drew 1/1 beam(s)
2026-05-25 20:11:28.681 +02:00 [INF] Map "d5c08240-0436-454a-8993-362abf5bc477": window light drew 1/1 beam(s)
2026-05-25 20:11:28.726 +02:00 [INF] Map "d5c08240-0436-454a-8993-362abf5bc477": window light drew 1/1 beam(s)
2026-05-25 20:11:28.771 +02:00 [INF] Map "d5c08240-0436-454a-8993-362abf5bc477": window light drew 1/1 beam(s)
2026-05-25 20:11:28.816 +02:00 [INF] Map "d5c08240-0436-454a-8993-362abf5bc477": window light drew 1/1 beam(s)
2026-05-25 20:11:28.862 +02:00 [INF] Map "d5c08240-0436-454a-8993-362abf5bc477": window light drew 1/1 beam(s)
2026-05-25 20:11:28.908 +02:00 [INF] Map "d5c08240-0436-454a-8993-362abf5bc477": window light drew 1/1 beam(s)
2026-05-25 20:11:28.954 +02:00 [INF] Map "d5c08240-0436-454a-8993-362abf5bc477": window light drew 1/1 beam(s)
2026-05-25 20:11:29.012 +02:00 [INF] Map "d5c08240-0436-454a-8993-362abf5bc477": window light drew 1/1 beam(s)
2026-05-25 20:11:29.057 +02:00 [INF] Map "d5c08240-0436-454a-8993-362abf5bc477": window light drew 1/1 beam(s)
2026-05-25 20:11:29.103 +02:00 [INF] Map "d5c08240-0436-454a-8993-362abf5bc477": window light drew 1/1 beam(s)
2026-05-25 20:11:29.151 +02:00 [INF] Map "d5c08240-0436-454a-8993-362abf5bc477": window light drew 1/1 beam(s)
2026-05-25 20:11:29.196 +02:00 [INF] Map "d5c08240-0436-454a-8993-362abf5bc477": window light drew 1/1 beam(s)
2026-05-25 20:11:29.242 +02:00 [INF] Map "d5c08240-0436-454a-8993-362abf5bc477": window light drew 1/1 beam(s)
2026-05-25 20:11:29.288 +02:00 [INF] Map "d5c08240-0436-454a-8993-362abf5bc477": window light drew 1/1 beam(s)
2026-05-25 20:11:29.333 +02:00 [INF] Map "d5c08240-0436-454a-8993-362abf5bc477": window light drew 1/1 beam(s)
2026-05-25 20:11:29.392 +02:00 [INF] Map "d5c08240-0436-454a-8993-362abf5bc477": window light drew 1/1 beam(s)
2026-05-25 20:11:29.438 +02:00 [INF] Map "d5c08240-0436-454a-8993-362abf5bc477": window light drew 1/1 beam(s)
2026-05-25 20:11:29.484 +02:00 [INF] Map "d5c08240-0436-454a-8993-362abf5bc477": window light drew 1/1 beam(s)
2026-05-25 20:11:29.529 +02:00 [INF] Map "d5c08240-0436-454a-8993-362abf5bc477": window light drew 1/1 beam(s)
2026-05-25 20:11:29.575 +02:00 [INF] Map "d5c08240-0436-454a-8993-362abf5bc477": window light drew 1/1 beam(s)
2026-05-25 20:11:29.621 +02:00 [INF] Map "d5c08240-0436-454a-8993-362abf5bc477": window light drew 1/1 beam(s)
2026-05-25 20:11:29.666 +02:00 [INF] Map "d5c08240-0436-454a-8993-362abf5bc477": window light drew 1/1 beam(s)
2026-05-25 20:11:29.713 +02:00 [INF] Map "d5c08240-0436-454a-8993-362abf5bc477": window light drew 1/1 beam(s)
2026-05-25 20:11:29.772 +02:00 [INF] Map "d5c08240-0436-454a-8993-362abf5bc477": window light drew 1/1 beam(s)
2026-05-25 20:11:29.818 +02:00 [INF] Map "d5c08240-0436-454a-8993-362abf5bc477": window light drew 1/1 beam(s)
2026-05-25 20:11:29.863 +02:00 [INF] Map "d5c08240-0436-454a-8993-362abf5bc477": window light drew 1/1 beam(s)
2026-05-25 20:11:29.909 +02:00 [INF] Map "d5c08240-0436-454a-8993-362abf5bc477": window light drew 1/1 beam(s)
2026-05-25 20:11:29.954 +02:00 [INF] Map "d5c08240-0436-454a-8993-362abf5bc477": window light drew 1/1 beam(s)
2026-05-25 20:11:30.000 +02:00 [INF] Map "d5c08240-0436-454a-8993-362abf5bc477": window light drew 1/1 beam(s)
2026-05-25 20:11:30.044 +02:00 [INF] Map "d5c08240-0436-454a-8993-362abf5bc477": window light drew 1/1 beam(s)
2026-05-25 20:11:30.090 +02:00 [INF] Map "d5c08240-0436-454a-8993-362abf5bc477": window light drew 1/1 beam(s)
2026-05-25 20:11:30.148 +02:00 [INF] Map "d5c08240-0436-454a-8993-362abf5bc477": window light drew 1/1 beam(s)
2026-05-25 20:11:30.193 +02:00 [INF] Map "d5c08240-0436-454a-8993-362abf5bc477": window light drew 1/1 beam(s)
2026-05-25 20:11:30.239 +02:00 [INF] Map "d5c08240-0436-454a-8993-362abf5bc477": window light drew 1/1 beam(s)
2026-05-25 20:11:30.284 +02:00 [INF] Map "d5c08240-0436-454a-8993-362abf5bc477": window light drew 1/1 beam(s)
2026-05-25 20:11:30.329 +02:00 [INF] Map "d5c08240-0436-454a-8993-362abf5bc477": window light drew 1/1 beam(s)
2026-05-25 20:11:30.376 +02:00 [INF] Map "d5c08240-0436-454a-8993-362abf5bc477": window light drew 1/1 beam(s)
2026-05-25 20:11:30.421 +02:00 [INF] Map "d5c08240-0436-454a-8993-362abf5bc477": window light drew 1/1 beam(s)
2026-05-25 20:11:30.466 +02:00 [INF] Map "d5c08240-0436-454a-8993-362abf5bc477": window light drew 1/1 beam(s)
2026-05-25 20:11:30.524 +02:00 [INF] Map "d5c08240-0436-454a-8993-362abf5bc477": window light drew 1/1 beam(s)
2026-05-25 20:11:30.569 +02:00 [INF] Map "d5c08240-0436-454a-8993-362abf5bc477": window light drew 1/1 beam(s)
2026-05-25 20:11:30.614 +02:00 [INF] Map "d5c08240-0436-454a-8993-362abf5bc477": window light drew 1/1 beam(s)
2026-05-25 20:11:30.659 +02:00 [INF] Map "d5c08240-0436-454a-8993-362abf5bc477": window light drew 1/1 beam(s)
2026-05-25 20:11:30.705 +02:00 [INF] Map "d5c08240-0436-454a-8993-362abf5bc477": window light drew 1/1 beam(s)
2026-05-25 20:11:30.749 +02:00 [INF] Map "d5c08240-0436-454a-8993-362abf5bc477": window light drew 1/1 beam(s)
2026-05-25 20:11:30.795 +02:00 [INF] Map "d5c08240-0436-454a-8993-362abf5bc477": window light drew 1/1 beam(s)
2026-05-25 20:11:30.840 +02:00 [INF] Map "d5c08240-0436-454a-8993-362abf5bc477": window light drew 1/1 beam(s)
2026-05-25 20:11:30.899 +02:00 [INF] Map "d5c08240-0436-454a-8993-362abf5bc477": window light drew 1/1 beam(s)
2026-05-25 20:11:30.944 +02:00 [INF] Map "d5c08240-0436-454a-8993-362abf5bc477": window light drew 1/1 beam(s)
2026-05-25 20:11:30.989 +02:00 [INF] Map "d5c08240-0436-454a-8993-362abf5bc477": window light drew 1/1 beam(s)
2026-05-25 20:11:31.034 +02:00 [INF] Map "d5c08240-0436-454a-8993-362abf5bc477": window light drew 1/1 beam(s)
2026-05-25 20:11:31.080 +02:00 [INF] Map "d5c08240-0436-454a-8993-362abf5bc477": window light drew 1/1 beam(s)
2026-05-25 20:11:31.125 +02:00 [INF] Map "d5c08240-0436-454a-8993-362abf5bc477": window light drew 1/1 beam(s)
2026-05-25 20:11:31.171 +02:00 [INF] Map "d5c08240-0436-454a-8993-362abf5bc477": window light drew 1/1 beam(s)
2026-05-25 20:11:31.216 +02:00 [INF] Map "d5c08240-0436-454a-8993-362abf5bc477": window light drew 1/1 beam(s)
2026-05-25 20:11:31.277 +02:00 [INF] Map "d5c08240-0436-454a-8993-362abf5bc477": window light drew 1/1 beam(s)
2026-05-25 20:11:31.323 +02:00 [INF] Map "d5c08240-0436-454a-8993-362abf5bc477": window light drew 1/1 beam(s)
2026-05-25 20:11:31.369 +02:00 [INF] Map "d5c08240-0436-454a-8993-362abf5bc477": window light drew 1/1 beam(s)
2026-05-25 20:11:31.421 +02:00 [INF] Map "d5c08240-0436-454a-8993-362abf5bc477": window light drew 1/1 beam(s)
2026-05-25 20:11:31.467 +02:00 [INF] Map "d5c08240-0436-454a-8993-362abf5bc477": window light drew 1/1 beam(s)
2026-05-25 20:11:31.514 +02:00 [INF] Map "d5c08240-0436-454a-8993-362abf5bc477": window light drew 1/1 beam(s)
2026-05-25 20:11:31.559 +02:00 [INF] Map "d5c08240-0436-454a-8993-362abf5bc477": window light drew 1/1 beam(s)
2026-05-25 20:11:31.605 +02:00 [INF] Map "d5c08240-0436-454a-8993-362abf5bc477": window light drew 1/1 beam(s)
2026-05-25 20:11:31.662 +02:00 [INF] Map "d5c08240-0436-454a-8993-362abf5bc477": window light drew 1/1 beam(s)
2026-05-25 20:11:31.708 +02:00 [INF] Map "d5c08240-0436-454a-8993-362abf5bc477": window light drew 1/1 beam(s)
2026-05-25 20:11:31.754 +02:00 [INF] Map "d5c08240-0436-454a-8993-362abf5bc477": window light drew 1/1 beam(s)
2026-05-25 20:11:31.799 +02:00 [INF] Map "d5c08240-0436-454a-8993-362abf5bc477": window light drew 1/1 beam(s)
2026-05-25 20:11:31.845 +02:00 [INF] Map "d5c08240-0436-454a-8993-362abf5bc477": window light drew 1/1 beam(s)
2026-05-25 20:11:31.891 +02:00 [INF] Map "d5c08240-0436-454a-8993-362abf5bc477": window light drew 1/1 beam(s)
2026-05-25 20:11:31.936 +02:00 [INF] Map "d5c08240-0436-454a-8993-362abf5bc477": window light drew 1/1 beam(s)
2026-05-25 20:11:31.981 +02:00 [INF] Map "d5c08240-0436-454a-8993-362abf5bc477": window light drew 1/1 beam(s)
2026-05-25 20:11:32.040 +02:00 [INF] Map "d5c08240-0436-454a-8993-362abf5bc477": window light drew 1/1 beam(s)
2026-05-25 20:11:32.084 +02:00 [INF] Map "d5c08240-0436-454a-8993-362abf5bc477": window light drew 1/1 beam(s)
2026-05-25 20:11:32.129 +02:00 [INF] Map "d5c08240-0436-454a-8993-362abf5bc477": window light drew 1/1 beam(s)
2026-05-25 20:11:32.175 +02:00 [INF] Map "d5c08240-0436-454a-8993-362abf5bc477": window light drew 1/1 beam(s)
2026-05-25 20:11:32.220 +02:00 [INF] Map "d5c08240-0436-454a-8993-362abf5bc477": window light drew 1/1 beam(s)
2026-05-25 20:11:32.265 +02:00 [INF] Map "d5c08240-0436-454a-8993-362abf5bc477": window light drew 1/1 beam(s)
2026-05-25 20:11:32.311 +02:00 [INF] Map "d5c08240-0436-454a-8993-362abf5bc477": window light drew 1/1 beam(s)
2026-05-25 20:11:32.356 +02:00 [INF] Map "d5c08240-0436-454a-8993-362abf5bc477": window light drew 1/1 beam(s)
2026-05-25 20:11:32.413 +02:00 [INF] Map "d5c08240-0436-454a-8993-362abf5bc477": window light drew 1/1 beam(s)
2026-05-25 20:11:32.459 +02:00 [INF] Map "d5c08240-0436-454a-8993-362abf5bc477": window light drew 1/1 beam(s)
2026-05-25 20:11:32.505 +02:00 [INF] Map "d5c08240-0436-454a-8993-362abf5bc477": window light drew 1/1 beam(s)
2026-05-25 20:11:32.551 +02:00 [INF] Map "d5c08240-0436-454a-8993-362abf5bc477": window light drew 1/1 beam(s)
2026-05-25 20:11:32.597 +02:00 [INF] Map "d5c08240-0436-454a-8993-362abf5bc477": window light drew 1/1 beam(s)
2026-05-25 20:11:32.642 +02:00 [INF] Map "d5c08240-0436-454a-8993-362abf5bc477": window light drew 1/1 beam(s)
2026-05-25 20:11:32.687 +02:00 [INF] Map "d5c08240-0436-454a-8993-362abf5bc477": window light drew 1/1 beam(s)
2026-05-25 20:11:32.733 +02:00 [INF] Map "d5c08240-0436-454a-8993-362abf5bc477": window light drew 1/1 beam(s)
2026-05-25 20:11:32.790 +02:00 [INF] Map "d5c08240-0436-454a-8993-362abf5bc477": window light drew 1/1 beam(s)
2026-05-25 20:11:32.836 +02:00 [INF] Map "d5c08240-0436-454a-8993-362abf5bc477": window light drew 1/1 beam(s)
2026-05-25 20:11:32.881 +02:00 [INF] Map "d5c08240-0436-454a-8993-362abf5bc477": window light drew 1/1 beam(s)
2026-05-25 20:11:32.926 +02:00 [INF] Map "d5c08240-0436-454a-8993-362abf5bc477": window light drew 1/1 beam(s)
2026-05-25 20:11:32.971 +02:00 [INF] Map "d5c08240-0436-454a-8993-362abf5bc477": window light drew 1/1 beam(s)
2026-05-25 20:11:33.016 +02:00 [INF] Map "d5c08240-0436-454a-8993-362abf5bc477": window light drew 1/1 beam(s)
2026-05-25 20:11:33.063 +02:00 [INF] Map "d5c08240-0436-454a-8993-362abf5bc477": window light drew 1/1 beam(s)
2026-05-25 20:11:33.109 +02:00 [INF] Map "d5c08240-0436-454a-8993-362abf5bc477": window light drew 1/1 beam(s)
2026-05-25 20:11:33.168 +02:00 [INF] Map "d5c08240-0436-454a-8993-362abf5bc477": window light drew 1/1 beam(s)
2026-05-25 20:11:33.214 +02:00 [INF] Map "d5c08240-0436-454a-8993-362abf5bc477": window light drew 1/1 beam(s)
2026-05-25 20:11:33.260 +02:00 [INF] Map "d5c08240-0436-454a-8993-362abf5bc477": window light drew 1/1 beam(s)
2026-05-25 20:11:33.306 +02:00 [INF] Map "d5c08240-0436-454a-8993-362abf5bc477": window light drew 1/1 beam(s)
2026-05-25 20:11:33.351 +02:00 [INF] Map "d5c08240-0436-454a-8993-362abf5bc477": window light drew 1/1 beam(s)
2026-05-25 20:11:33.397 +02:00 [INF] Map "d5c08240-0436-454a-8993-362abf5bc477": window light drew 1/1 beam(s)
2026-05-25 20:11:33.442 +02:00 [INF] Map "d5c08240-0436-454a-8993-362abf5bc477": window light drew 1/1 beam(s)
2026-05-25 20:11:33.488 +02:00 [INF] Map "d5c08240-0436-454a-8993-362abf5bc477": window light drew 1/1 beam(s)
2026-05-25 20:11:33.546 +02:00 [INF] Map "d5c08240-0436-454a-8993-362abf5bc477": window light drew 1/1 beam(s)
2026-05-25 20:11:33.595 +02:00 [INF] Map "d5c08240-0436-454a-8993-362abf5bc477": window light drew 1/1 beam(s)
2026-05-25 20:11:33.641 +02:00 [INF] Map "d5c08240-0436-454a-8993-362abf5bc477": window light drew 1/1 beam(s)
2026-05-25 20:11:33.687 +02:00 [INF] Map "d5c08240-0436-454a-8993-362abf5bc477": window light drew 1/1 beam(s)
2026-05-25 20:11:33.733 +02:00 [INF] Map "d5c08240-0436-454a-8993-362abf5bc477": window light drew 1/1 beam(s)
2026-05-25 20:11:33.778 +02:00 [INF] Map "d5c08240-0436-454a-8993-362abf5bc477": window light drew 1/1 beam(s)
2026-05-25 20:11:33.823 +02:00 [INF] Map "d5c08240-0436-454a-8993-362abf5bc477": window light drew 1/1 beam(s)
2026-05-25 20:11:33.868 +02:00 [INF] Map "d5c08240-0436-454a-8993-362abf5bc477": window light drew 1/1 beam(s)
2026-05-25 20:11:33.927 +02:00 [INF] Map "d5c08240-0436-454a-8993-362abf5bc477": window light drew 1/1 beam(s)
2026-05-25 20:11:33.973 +02:00 [INF] Map "d5c08240-0436-454a-8993-362abf5bc477": window light drew 1/1 beam(s)
2026-05-25 20:11:34.018 +02:00 [INF] Map "d5c08240-0436-454a-8993-362abf5bc477": window light drew 1/1 beam(s)
2026-05-25 20:11:34.064 +02:00 [INF] Map "d5c08240-0436-454a-8993-362abf5bc477": window light drew 1/1 beam(s)
2026-05-25 20:11:34.110 +02:00 [INF] Map "d5c08240-0436-454a-8993-362abf5bc477": window light drew 1/1 beam(s)
2026-05-25 20:11:34.154 +02:00 [INF] Map "d5c08240-0436-454a-8993-362abf5bc477": window light drew 1/1 beam(s)
2026-05-25 20:11:34.200 +02:00 [INF] Map "d5c08240-0436-454a-8993-362abf5bc477": window light drew 1/1 beam(s)
2026-05-25 20:11:34.246 +02:00 [INF] Map "d5c08240-0436-454a-8993-362abf5bc477": window light drew 1/1 beam(s)
2026-05-25 20:11:34.303 +02:00 [INF] Map "d5c08240-0436-454a-8993-362abf5bc477": window light drew 1/1 beam(s)
2026-05-25 20:11:34.349 +02:00 [INF] Map "d5c08240-0436-454a-8993-362abf5bc477": window light drew 1/1 beam(s)
2026-05-25 20:11:34.395 +02:00 [INF] Map "d5c08240-0436-454a-8993-362abf5bc477": window light drew 1/1 beam(s)
2026-05-25 20:11:34.441 +02:00 [INF] Map "d5c08240-0436-454a-8993-362abf5bc477": window light drew 1/1 beam(s)
2026-05-25 20:11:34.486 +02:00 [INF] Map "d5c08240-0436-454a-8993-362abf5bc477": window light drew 1/1 beam(s)
2026-05-25 20:11:34.531 +02:00 [INF] Map "d5c08240-0436-454a-8993-362abf5bc477": window light drew 1/1 beam(s)
2026-05-25 20:11:34.577 +02:00 [INF] Map "d5c08240-0436-454a-8993-362abf5bc477": window light drew 1/1 beam(s)
2026-05-25 20:11:34.622 +02:00 [INF] Map "d5c08240-0436-454a-8993-362abf5bc477": window light drew 1/1 beam(s)
2026-05-25 20:11:34.680 +02:00 [INF] Map "d5c08240-0436-454a-8993-362abf5bc477": window light drew 1/1 beam(s)
2026-05-25 20:11:34.726 +02:00 [INF] Map "d5c08240-0436-454a-8993-362abf5bc477": window light drew 1/1 beam(s)
2026-05-25 20:11:34.771 +02:00 [INF] Map "d5c08240-0436-454a-8993-362abf5bc477": window light drew 1/1 beam(s)
2026-05-25 20:11:34.817 +02:00 [INF] Map "d5c08240-0436-454a-8993-362abf5bc477": window light drew 1/1 beam(s)
2026-05-25 20:11:34.866 +02:00 [INF] Map "d5c08240-0436-454a-8993-362abf5bc477": window light drew 1/1 beam(s)
2026-05-25 20:11:34.911 +02:00 [INF] Map "d5c08240-0436-454a-8993-362abf5bc477": window light drew 1/1 beam(s)
2026-05-25 20:11:34.956 +02:00 [INF] Map "d5c08240-0436-454a-8993-362abf5bc477": window light drew 1/1 beam(s)
2026-05-25 20:11:35.001 +02:00 [INF] Map "d5c08240-0436-454a-8993-362abf5bc477": window light drew 1/1 beam(s)
2026-05-25 20:11:35.059 +02:00 [INF] Map "d5c08240-0436-454a-8993-362abf5bc477": window light drew 1/1 beam(s)
2026-05-25 20:11:35.105 +02:00 [INF] Map "d5c08240-0436-454a-8993-362abf5bc477": window light drew 1/1 beam(s)
2026-05-25 20:11:35.151 +02:00 [INF] Map "d5c08240-0436-454a-8993-362abf5bc477": window light drew 1/1 beam(s)
2026-05-25 20:11:35.196 +02:00 [INF] Map "d5c08240-0436-454a-8993-362abf5bc477": window light drew 1/1 beam(s)
2026-05-25 20:11:35.242 +02:00 [INF] Map "d5c08240-0436-454a-8993-362abf5bc477": window light drew 1/1 beam(s)
2026-05-25 20:11:35.292 +02:00 [INF] Map "d5c08240-0436-454a-8993-362abf5bc477": window light drew 1/1 beam(s)
2026-05-25 20:11:35.337 +02:00 [INF] Map "d5c08240-0436-454a-8993-362abf5bc477": window light drew 1/1 beam(s)
2026-05-25 20:11:35.388 +02:00 [INF] Map "d5c08240-0436-454a-8993-362abf5bc477": window light drew 1/1 beam(s)
2026-05-25 20:11:35.451 +02:00 [INF] Map "d5c08240-0436-454a-8993-362abf5bc477": window light drew 1/1 beam(s)
2026-05-25 20:11:35.500 +02:00 [INF] Map "d5c08240-0436-454a-8993-362abf5bc477": window light drew 1/1 beam(s)
2026-05-25 20:11:35.548 +02:00 [INF] Map "d5c08240-0436-454a-8993-362abf5bc477": window light drew 1/1 beam(s)
2026-05-25 20:11:35.593 +02:00 [INF] Map "d5c08240-0436-454a-8993-362abf5bc477": window light drew 1/1 beam(s)
2026-05-25 20:11:35.640 +02:00 [INF] Map "d5c08240-0436-454a-8993-362abf5bc477": window light drew 1/1 beam(s)
2026-05-25 20:11:35.684 +02:00 [INF] Map "d5c08240-0436-454a-8993-362abf5bc477": window light drew 1/1 beam(s)
2026-05-25 20:11:35.730 +02:00 [INF] Map "d5c08240-0436-454a-8993-362abf5bc477": window light drew 1/1 beam(s)
2026-05-25 20:11:35.777 +02:00 [INF] Map "d5c08240-0436-454a-8993-362abf5bc477": window light drew 1/1 beam(s)
2026-05-25 20:11:35.835 +02:00 [INF] Map "d5c08240-0436-454a-8993-362abf5bc477": window light drew 1/1 beam(s)
2026-05-25 20:11:35.881 +02:00 [INF] Map "d5c08240-0436-454a-8993-362abf5bc477": window light drew 1/1 beam(s)
2026-05-25 20:11:35.927 +02:00 [INF] Map "d5c08240-0436-454a-8993-362abf5bc477": window light drew 1/1 beam(s)
2026-05-25 20:11:35.973 +02:00 [INF] Map "d5c08240-0436-454a-8993-362abf5bc477": window light drew 1/1 beam(s)
2026-05-25 20:11:36.018 +02:00 [INF] Map "d5c08240-0436-454a-8993-362abf5bc477": window light drew 1/1 beam(s)
2026-05-25 20:11:36.065 +02:00 [INF] Map "d5c08240-0436-454a-8993-362abf5bc477": window light drew 1/1 beam(s)
2026-05-25 20:11:36.109 +02:00 [INF] Map "d5c08240-0436-454a-8993-362abf5bc477": window light drew 1/1 beam(s)
2026-05-25 20:11:36.155 +02:00 [INF] Map "d5c08240-0436-454a-8993-362abf5bc477": window light drew 1/1 beam(s)
2026-05-25 20:11:36.220 +02:00 [INF] Map "d5c08240-0436-454a-8993-362abf5bc477": window light drew 1/1 beam(s)
2026-05-25 20:11:36.274 +02:00 [INF] Map "d5c08240-0436-454a-8993-362abf5bc477": window light drew 1/1 beam(s)
2026-05-25 20:11:36.320 +02:00 [INF] Map "d5c08240-0436-454a-8993-362abf5bc477": window light drew 1/1 beam(s)
2026-05-25 20:11:36.364 +02:00 [INF] Map "d5c08240-0436-454a-8993-362abf5bc477": window light drew 1/1 beam(s)
2026-05-25 20:11:36.411 +02:00 [INF] Map "d5c08240-0436-454a-8993-362abf5bc477": window light drew 1/1 beam(s)
2026-05-25 20:11:36.457 +02:00 [INF] Map "d5c08240-0436-454a-8993-362abf5bc477": window light drew 1/1 beam(s)
2026-05-25 20:11:36.502 +02:00 [INF] Map "d5c08240-0436-454a-8993-362abf5bc477": window light drew 1/1 beam(s)
2026-05-25 20:11:36.547 +02:00 [INF] Map "d5c08240-0436-454a-8993-362abf5bc477": window light drew 1/1 beam(s)
2026-05-25 20:11:36.604 +02:00 [INF] Map "d5c08240-0436-454a-8993-362abf5bc477": window light drew 1/1 beam(s)
2026-05-25 20:11:36.649 +02:00 [INF] Map "d5c08240-0436-454a-8993-362abf5bc477": window light drew 1/1 beam(s)
2026-05-25 20:11:36.695 +02:00 [INF] Map "d5c08240-0436-454a-8993-362abf5bc477": window light drew 1/1 beam(s)
2026-05-25 20:11:36.739 +02:00 [INF] Map "d5c08240-0436-454a-8993-362abf5bc477": window light drew 1/1 beam(s)
2026-05-25 20:11:36.786 +02:00 [INF] Map "d5c08240-0436-454a-8993-362abf5bc477": window light drew 1/1 beam(s)
2026-05-25 20:11:36.832 +02:00 [INF] Map "d5c08240-0436-454a-8993-362abf5bc477": window light drew 1/1 beam(s)
2026-05-25 20:11:36.878 +02:00 [INF] Map "d5c08240-0436-454a-8993-362abf5bc477": window light drew 1/1 beam(s)
2026-05-25 20:11:36.923 +02:00 [INF] Map "d5c08240-0436-454a-8993-362abf5bc477": window light drew 1/1 beam(s)
2026-05-25 20:11:36.980 +02:00 [INF] Map "d5c08240-0436-454a-8993-362abf5bc477": window light drew 1/1 beam(s)
2026-05-25 20:11:37.029 +02:00 [INF] Map "d5c08240-0436-454a-8993-362abf5bc477": window light drew 1/1 beam(s)
2026-05-25 20:11:37.074 +02:00 [INF] Map "d5c08240-0436-454a-8993-362abf5bc477": window light drew 1/1 beam(s)
2026-05-25 20:11:37.123 +02:00 [INF] Map "d5c08240-0436-454a-8993-362abf5bc477": window light drew 1/1 beam(s)
2026-05-25 20:11:37.168 +02:00 [INF] Map "d5c08240-0436-454a-8993-362abf5bc477": window light drew 1/1 beam(s)
2026-05-25 20:11:37.214 +02:00 [INF] Map "d5c08240-0436-454a-8993-362abf5bc477": window light drew 1/1 beam(s)
2026-05-25 20:11:37.259 +02:00 [INF] Map "d5c08240-0436-454a-8993-362abf5bc477": window light drew 1/1 beam(s)
2026-05-25 20:11:37.305 +02:00 [INF] Map "d5c08240-0436-454a-8993-362abf5bc477": window light drew 1/1 beam(s)
2026-05-25 20:11:37.375 +02:00 [INF] Map "d5c08240-0436-454a-8993-362abf5bc477": window light drew 1/1 beam(s)
2026-05-25 20:11:37.421 +02:00 [INF] Map "d5c08240-0436-454a-8993-362abf5bc477": window light drew 1/1 beam(s)
2026-05-25 20:11:37.470 +02:00 [INF] Map "d5c08240-0436-454a-8993-362abf5bc477": window light drew 1/1 beam(s)
2026-05-25 20:11:37.516 +02:00 [INF] Map "d5c08240-0436-454a-8993-362abf5bc477": window light drew 1/1 beam(s)
2026-05-25 20:11:37.561 +02:00 [INF] Map "d5c08240-0436-454a-8993-362abf5bc477": window light drew 1/1 beam(s)
2026-05-25 20:11:37.608 +02:00 [INF] Map "d5c08240-0436-454a-8993-362abf5bc477": window light drew 1/1 beam(s)
2026-05-25 20:11:37.654 +02:00 [INF] Map "d5c08240-0436-454a-8993-362abf5bc477": window light drew 1/1 beam(s)
2026-05-25 20:11:37.701 +02:00 [INF] Map "d5c08240-0436-454a-8993-362abf5bc477": window light drew 1/1 beam(s)
2026-05-25 20:11:37.768 +02:00 [INF] Map "d5c08240-0436-454a-8993-362abf5bc477": window light drew 1/1 beam(s)
2026-05-25 20:11:37.815 +02:00 [INF] Map "d5c08240-0436-454a-8993-362abf5bc477": window light drew 1/1 beam(s)
2026-05-25 20:11:37.862 +02:00 [INF] Map "d5c08240-0436-454a-8993-362abf5bc477": window light drew 1/1 beam(s)
2026-05-25 20:11:37.908 +02:00 [INF] Map "d5c08240-0436-454a-8993-362abf5bc477": window light drew 1/1 beam(s)
2026-05-25 20:11:37.955 +02:00 [INF] Map "d5c08240-0436-454a-8993-362abf5bc477": window light drew 1/1 beam(s)
2026-05-25 20:11:38.001 +02:00 [INF] Map "d5c08240-0436-454a-8993-362abf5bc477": window light drew 1/1 beam(s)
2026-05-25 20:11:38.051 +02:00 [INF] Map "d5c08240-0436-454a-8993-362abf5bc477": window light drew 1/1 beam(s)
2026-05-25 20:11:38.099 +02:00 [INF] Map "d5c08240-0436-454a-8993-362abf5bc477": window light drew 1/1 beam(s)
2026-05-25 20:11:38.163 +02:00 [INF] Map "d5c08240-0436-454a-8993-362abf5bc477": window light drew 1/1 beam(s)
2026-05-25 20:11:38.208 +02:00 [INF] Map "d5c08240-0436-454a-8993-362abf5bc477": window light drew 1/1 beam(s)
2026-05-25 20:11:38.254 +02:00 [INF] Map "d5c08240-0436-454a-8993-362abf5bc477": window light drew 1/1 beam(s)
2026-05-25 20:11:38.300 +02:00 [INF] Map "d5c08240-0436-454a-8993-362abf5bc477": window light drew 1/1 beam(s)
2026-05-25 20:11:38.347 +02:00 [INF] Map "d5c08240-0436-454a-8993-362abf5bc477": window light drew 1/1 beam(s)
2026-05-25 20:11:38.394 +02:00 [INF] Map "d5c08240-0436-454a-8993-362abf5bc477": window light drew 1/1 beam(s)
2026-05-25 20:11:38.439 +02:00 [INF] Map "d5c08240-0436-454a-8993-362abf5bc477": window light drew 1/1 beam(s)
2026-05-25 20:11:38.485 +02:00 [INF] Map "d5c08240-0436-454a-8993-362abf5bc477": window light drew 1/1 beam(s)
2026-05-25 20:11:38.543 +02:00 [INF] Map "d5c08240-0436-454a-8993-362abf5bc477": window light drew 1/1 beam(s)
2026-05-25 20:11:38.590 +02:00 [INF] Map "d5c08240-0436-454a-8993-362abf5bc477": window light drew 1/1 beam(s)
2026-05-25 20:11:38.636 +02:00 [INF] Map "d5c08240-0436-454a-8993-362abf5bc477": window light drew 1/1 beam(s)
2026-05-25 20:11:38.683 +02:00 [INF] Map "d5c08240-0436-454a-8993-362abf5bc477": window light drew 1/1 beam(s)
2026-05-25 20:11:38.730 +02:00 [INF] Map "d5c08240-0436-454a-8993-362abf5bc477": window light drew 1/1 beam(s)
2026-05-25 20:11:38.776 +02:00 [INF] Map "d5c08240-0436-454a-8993-362abf5bc477": window light drew 1/1 beam(s)
2026-05-25 20:11:38.821 +02:00 [INF] Map "d5c08240-0436-454a-8993-362abf5bc477": window light drew 1/1 beam(s)
2026-05-25 20:11:38.866 +02:00 [INF] Map "d5c08240-0436-454a-8993-362abf5bc477": window light drew 1/1 beam(s)
2026-05-25 20:11:38.924 +02:00 [INF] Map "d5c08240-0436-454a-8993-362abf5bc477": window light drew 1/1 beam(s)
2026-05-25 20:11:38.968 +02:00 [INF] Map "d5c08240-0436-454a-8993-362abf5bc477": window light drew 1/1 beam(s)
2026-05-25 20:11:39.015 +02:00 [INF] Map "d5c08240-0436-454a-8993-362abf5bc477": window light drew 1/1 beam(s)
2026-05-25 20:11:39.061 +02:00 [INF] Map "d5c08240-0436-454a-8993-362abf5bc477": window light drew 1/1 beam(s)
2026-05-25 20:11:39.106 +02:00 [INF] Map "d5c08240-0436-454a-8993-362abf5bc477": window light drew 1/1 beam(s)
2026-05-25 20:11:39.151 +02:00 [INF] Map "d5c08240-0436-454a-8993-362abf5bc477": window light drew 1/1 beam(s)
2026-05-25 20:11:39.196 +02:00 [INF] Map "d5c08240-0436-454a-8993-362abf5bc477": window light drew 1/1 beam(s)
2026-05-25 20:11:39.242 +02:00 [INF] Map "d5c08240-0436-454a-8993-362abf5bc477": window light drew 1/1 beam(s)
2026-05-25 20:11:39.301 +02:00 [INF] Map "d5c08240-0436-454a-8993-362abf5bc477": window light drew 1/1 beam(s)
2026-05-25 20:11:39.347 +02:00 [INF] Map "d5c08240-0436-454a-8993-362abf5bc477": window light drew 1/1 beam(s)
2026-05-25 20:11:39.392 +02:00 [INF] Map "d5c08240-0436-454a-8993-362abf5bc477": window light drew 1/1 beam(s)
2026-05-25 20:11:39.438 +02:00 [INF] Map "d5c08240-0436-454a-8993-362abf5bc477": window light drew 1/1 beam(s)
2026-05-25 20:11:39.484 +02:00 [INF] Map "d5c08240-0436-454a-8993-362abf5bc477": window light drew 1/1 beam(s)
2026-05-25 20:11:39.529 +02:00 [INF] Map "d5c08240-0436-454a-8993-362abf5bc477": window light drew 1/1 beam(s)
2026-05-25 20:11:39.575 +02:00 [INF] Map "d5c08240-0436-454a-8993-362abf5bc477": window light drew 1/1 beam(s)
2026-05-25 20:11:39.621 +02:00 [INF] Map "d5c08240-0436-454a-8993-362abf5bc477": window light drew 1/1 beam(s)
2026-05-25 20:11:39.679 +02:00 [INF] Map "d5c08240-0436-454a-8993-362abf5bc477": window light drew 1/1 beam(s)
2026-05-25 20:11:39.726 +02:00 [INF] Map "d5c08240-0436-454a-8993-362abf5bc477": window light drew 1/1 beam(s)
2026-05-25 20:11:39.773 +02:00 [INF] Map "d5c08240-0436-454a-8993-362abf5bc477": window light drew 1/1 beam(s)
2026-05-25 20:11:39.818 +02:00 [INF] Map "d5c08240-0436-454a-8993-362abf5bc477": window light drew 1/1 beam(s)
2026-05-25 20:11:39.864 +02:00 [INF] Map "d5c08240-0436-454a-8993-362abf5bc477": window light drew 1/1 beam(s)
2026-05-25 20:11:39.911 +02:00 [INF] Map "d5c08240-0436-454a-8993-362abf5bc477": window light drew 1/1 beam(s)
2026-05-25 20:11:39.956 +02:00 [INF] Map "d5c08240-0436-454a-8993-362abf5bc477": window light drew 1/1 beam(s)
2026-05-25 20:11:40.002 +02:00 [INF] Map "d5c08240-0436-454a-8993-362abf5bc477": window light drew 1/1 beam(s)
2026-05-25 20:11:40.065 +02:00 [INF] Map "d5c08240-0436-454a-8993-362abf5bc477": window light drew 1/1 beam(s)
2026-05-25 20:11:40.110 +02:00 [INF] Map "d5c08240-0436-454a-8993-362abf5bc477": window light drew 1/1 beam(s)
2026-05-25 20:11:40.155 +02:00 [INF] Map "d5c08240-0436-454a-8993-362abf5bc477": window light drew 1/1 beam(s)
2026-05-25 20:11:40.200 +02:00 [INF] Map "d5c08240-0436-454a-8993-362abf5bc477": window light drew 1/1 beam(s)
2026-05-25 20:11:40.245 +02:00 [INF] Map "d5c08240-0436-454a-8993-362abf5bc477": window light drew 1/1 beam(s)
2026-05-25 20:11:40.292 +02:00 [INF] Map "d5c08240-0436-454a-8993-362abf5bc477": window light drew 1/1 beam(s)
2026-05-25 20:11:40.337 +02:00 [INF] Map "d5c08240-0436-454a-8993-362abf5bc477": window light drew 1/1 beam(s)
2026-05-25 20:11:40.382 +02:00 [INF] Map "d5c08240-0436-454a-8993-362abf5bc477": window light drew 1/1 beam(s)
2026-05-25 20:11:40.440 +02:00 [INF] Map "d5c08240-0436-454a-8993-362abf5bc477": window light drew 1/1 beam(s)
2026-05-25 20:11:40.486 +02:00 [INF] Map "d5c08240-0436-454a-8993-362abf5bc477": window light drew 1/1 beam(s)
2026-05-25 20:11:40.532 +02:00 [INF] Map "d5c08240-0436-454a-8993-362abf5bc477": window light drew 1/1 beam(s)
2026-05-25 20:11:40.577 +02:00 [INF] Map "d5c08240-0436-454a-8993-362abf5bc477": window light drew 1/1 beam(s)
2026-05-25 20:11:40.623 +02:00 [INF] Map "d5c08240-0436-454a-8993-362abf5bc477": window light drew 1/1 beam(s)
2026-05-25 20:11:40.669 +02:00 [INF] Map "d5c08240-0436-454a-8993-362abf5bc477": window light drew 1/1 beam(s)
2026-05-25 20:11:40.714 +02:00 [INF] Map "d5c08240-0436-454a-8993-362abf5bc477": window light drew 1/1 beam(s)
2026-05-25 20:11:40.760 +02:00 [INF] Map "d5c08240-0436-454a-8993-362abf5bc477": window light drew 1/1 beam(s)
2026-05-25 20:11:40.817 +02:00 [INF] Map "d5c08240-0436-454a-8993-362abf5bc477": window light drew 1/1 beam(s)
2026-05-25 20:11:40.863 +02:00 [INF] Map "d5c08240-0436-454a-8993-362abf5bc477": window light drew 1/1 beam(s)
2026-05-25 20:11:40.909 +02:00 [INF] Map "d5c08240-0436-454a-8993-362abf5bc477": window light drew 1/1 beam(s)
2026-05-25 20:11:40.955 +02:00 [INF] Map "d5c08240-0436-454a-8993-362abf5bc477": window light drew 1/1 beam(s)
2026-05-25 20:11:41.001 +02:00 [INF] Map "d5c08240-0436-454a-8993-362abf5bc477": window light drew 1/1 beam(s)
2026-05-25 20:11:41.047 +02:00 [INF] Map "d5c08240-0436-454a-8993-362abf5bc477": window light drew 1/1 beam(s)
2026-05-25 20:11:41.093 +02:00 [INF] Map "d5c08240-0436-454a-8993-362abf5bc477": window light drew 1/1 beam(s)
2026-05-25 20:11:41.139 +02:00 [INF] Map "d5c08240-0436-454a-8993-362abf5bc477": window light drew 1/1 beam(s)
2026-05-25 20:11:41.197 +02:00 [INF] Map "d5c08240-0436-454a-8993-362abf5bc477": window light drew 1/1 beam(s)
2026-05-25 20:11:41.243 +02:00 [INF] Map "d5c08240-0436-454a-8993-362abf5bc477": window light drew 1/1 beam(s)
2026-05-25 20:11:41.288 +02:00 [INF] Map "d5c08240-0436-454a-8993-362abf5bc477": window light drew 1/1 beam(s)
2026-05-25 20:11:41.334 +02:00 [INF] Map "d5c08240-0436-454a-8993-362abf5bc477": window light drew 1/1 beam(s)
2026-05-25 20:11:41.381 +02:00 [INF] Map "d5c08240-0436-454a-8993-362abf5bc477": window light drew 1/1 beam(s)
2026-05-25 20:11:41.427 +02:00 [INF] Map "d5c08240-0436-454a-8993-362abf5bc477": window light drew 1/1 beam(s)
2026-05-25 20:11:41.472 +02:00 [INF] Map "d5c08240-0436-454a-8993-362abf5bc477": window light drew 1/1 beam(s)
2026-05-25 20:11:41.518 +02:00 [INF] Map "d5c08240-0436-454a-8993-362abf5bc477": window light drew 1/1 beam(s)
2026-05-25 20:11:41.577 +02:00 [INF] Map "d5c08240-0436-454a-8993-362abf5bc477": window light drew 1/1 beam(s)
2026-05-25 20:11:41.624 +02:00 [INF] Map "d5c08240-0436-454a-8993-362abf5bc477": window light drew 1/1 beam(s)
2026-05-25 20:11:41.671 +02:00 [INF] Map "d5c08240-0436-454a-8993-362abf5bc477": window light drew 1/1 beam(s)
2026-05-25 20:11:41.717 +02:00 [INF] Map "d5c08240-0436-454a-8993-362abf5bc477": window light drew 1/1 beam(s)
2026-05-25 20:11:41.763 +02:00 [INF] Map "d5c08240-0436-454a-8993-362abf5bc477": window light drew 1/1 beam(s)
2026-05-25 20:11:41.808 +02:00 [INF] Map "d5c08240-0436-454a-8993-362abf5bc477": window light drew 1/1 beam(s)
2026-05-25 20:11:41.854 +02:00 [INF] Map "d5c08240-0436-454a-8993-362abf5bc477": window light drew 1/1 beam(s)
2026-05-25 20:11:41.900 +02:00 [INF] Map "d5c08240-0436-454a-8993-362abf5bc477": window light drew 1/1 beam(s)
2026-05-25 20:11:41.958 +02:00 [INF] Map "d5c08240-0436-454a-8993-362abf5bc477": window light drew 1/1 beam(s)
2026-05-25 20:11:42.003 +02:00 [INF] Map "d5c08240-0436-454a-8993-362abf5bc477": window light drew 1/1 beam(s)
2026-05-25 20:11:42.049 +02:00 [INF] Map "d5c08240-0436-454a-8993-362abf5bc477": window light drew 1/1 beam(s)
2026-05-25 20:11:42.093 +02:00 [INF] Map "d5c08240-0436-454a-8993-362abf5bc477": window light drew 1/1 beam(s)
2026-05-25 20:11:42.139 +02:00 [INF] Map "d5c08240-0436-454a-8993-362abf5bc477": window light drew 1/1 beam(s)
2026-05-25 20:11:42.184 +02:00 [INF] Map "d5c08240-0436-454a-8993-362abf5bc477": window light drew 1/1 beam(s)
2026-05-25 20:11:42.230 +02:00 [INF] Map "d5c08240-0436-454a-8993-362abf5bc477": window light drew 1/1 beam(s)
2026-05-25 20:11:42.279 +02:00 [INF] Map "d5c08240-0436-454a-8993-362abf5bc477": window light drew 1/1 beam(s)
2026-05-25 20:11:42.339 +02:00 [INF] Map "d5c08240-0436-454a-8993-362abf5bc477": window light drew 1/1 beam(s)
2026-05-25 20:11:42.384 +02:00 [INF] Map "d5c08240-0436-454a-8993-362abf5bc477": window light drew 1/1 beam(s)
2026-05-25 20:11:42.430 +02:00 [INF] Map "d5c08240-0436-454a-8993-362abf5bc477": window light drew 1/1 beam(s)
2026-05-25 20:11:42.476 +02:00 [INF] Map "d5c08240-0436-454a-8993-362abf5bc477": window light drew 1/1 beam(s)
2026-05-25 20:11:42.522 +02:00 [INF] Map "d5c08240-0436-454a-8993-362abf5bc477": window light drew 1/1 beam(s)
2026-05-25 20:11:42.568 +02:00 [INF] Map "d5c08240-0436-454a-8993-362abf5bc477": window light drew 1/1 beam(s)
2026-05-25 20:11:42.612 +02:00 [INF] Map "d5c08240-0436-454a-8993-362abf5bc477": window light drew 1/1 beam(s)
2026-05-25 20:11:42.658 +02:00 [INF] Map "d5c08240-0436-454a-8993-362abf5bc477": window light drew 1/1 beam(s)
2026-05-25 20:11:42.717 +02:00 [INF] Map "d5c08240-0436-454a-8993-362abf5bc477": window light drew 1/1 beam(s)
2026-05-25 20:11:42.762 +02:00 [INF] Map "d5c08240-0436-454a-8993-362abf5bc477": window light drew 1/1 beam(s)
2026-05-25 20:11:42.807 +02:00 [INF] Map "d5c08240-0436-454a-8993-362abf5bc477": window light drew 1/1 beam(s)
2026-05-25 20:11:42.853 +02:00 [INF] Map "d5c08240-0436-454a-8993-362abf5bc477": window light drew 1/1 beam(s)
2026-05-25 20:11:42.899 +02:00 [INF] Map "d5c08240-0436-454a-8993-362abf5bc477": window light drew 1/1 beam(s)
2026-05-25 20:11:42.945 +02:00 [INF] Map "d5c08240-0436-454a-8993-362abf5bc477": window light drew 1/1 beam(s)
2026-05-25 20:11:42.991 +02:00 [INF] Map "d5c08240-0436-454a-8993-362abf5bc477": window light drew 1/1 beam(s)
2026-05-25 20:11:43.037 +02:00 [INF] Map "d5c08240-0436-454a-8993-362abf5bc477": window light drew 1/1 beam(s)
2026-05-25 20:11:43.095 +02:00 [INF] Map "d5c08240-0436-454a-8993-362abf5bc477": window light drew 1/1 beam(s)
2026-05-25 20:11:43.140 +02:00 [INF] Map "d5c08240-0436-454a-8993-362abf5bc477": window light drew 1/1 beam(s)
2026-05-25 20:11:43.186 +02:00 [INF] Map "d5c08240-0436-454a-8993-362abf5bc477": window light drew 1/1 beam(s)
2026-05-25 20:11:43.230 +02:00 [INF] Map "d5c08240-0436-454a-8993-362abf5bc477": window light drew 1/1 beam(s)
2026-05-25 20:11:43.276 +02:00 [INF] Map "d5c08240-0436-454a-8993-362abf5bc477": window light drew 1/1 beam(s)
2026-05-25 20:11:43.322 +02:00 [INF] Map "d5c08240-0436-454a-8993-362abf5bc477": window light drew 1/1 beam(s)
2026-05-25 20:11:43.367 +02:00 [INF] Map "d5c08240-0436-454a-8993-362abf5bc477": window light drew 1/1 beam(s)
2026-05-25 20:11:43.412 +02:00 [INF] Map "d5c08240-0436-454a-8993-362abf5bc477": window light drew 1/1 beam(s)
2026-05-25 20:11:43.470 +02:00 [INF] Map "d5c08240-0436-454a-8993-362abf5bc477": window light drew 1/1 beam(s)
2026-05-25 20:11:43.516 +02:00 [INF] Map "d5c08240-0436-454a-8993-362abf5bc477": window light drew 1/1 beam(s)
2026-05-25 20:11:43.562 +02:00 [INF] Map "d5c08240-0436-454a-8993-362abf5bc477": window light drew 1/1 beam(s)
2026-05-25 20:11:43.607 +02:00 [INF] Map "d5c08240-0436-454a-8993-362abf5bc477": window light drew 1/1 beam(s)
2026-05-25 20:11:43.653 +02:00 [INF] Map "d5c08240-0436-454a-8993-362abf5bc477": window light drew 1/1 beam(s)
2026-05-25 20:11:43.702 +02:00 [INF] Map "d5c08240-0436-454a-8993-362abf5bc477": window light drew 1/1 beam(s)
2026-05-25 20:11:43.749 +02:00 [INF] Map "d5c08240-0436-454a-8993-362abf5bc477": window light drew 1/1 beam(s)
2026-05-25 20:11:43.796 +02:00 [INF] Map "d5c08240-0436-454a-8993-362abf5bc477": window light drew 1/1 beam(s)
2026-05-25 20:11:43.866 +02:00 [INF] Map "d5c08240-0436-454a-8993-362abf5bc477": window light drew 1/1 beam(s)
2026-05-25 20:11:43.913 +02:00 [INF] Map "d5c08240-0436-454a-8993-362abf5bc477": window light drew 1/1 beam(s)
2026-05-25 20:11:43.960 +02:00 [INF] Map "d5c08240-0436-454a-8993-362abf5bc477": window light drew 1/1 beam(s)
2026-05-25 20:11:44.005 +02:00 [INF] Map "d5c08240-0436-454a-8993-362abf5bc477": window light drew 1/1 beam(s)
2026-05-25 20:11:44.051 +02:00 [INF] Map "d5c08240-0436-454a-8993-362abf5bc477": window light drew 1/1 beam(s)
2026-05-25 20:11:44.098 +02:00 [INF] Map "d5c08240-0436-454a-8993-362abf5bc477": window light drew 1/1 beam(s)
2026-05-25 20:11:44.144 +02:00 [INF] Map "d5c08240-0436-454a-8993-362abf5bc477": window light drew 1/1 beam(s)
2026-05-25 20:11:44.190 +02:00 [INF] Map "d5c08240-0436-454a-8993-362abf5bc477": window light drew 1/1 beam(s)
2026-05-25 20:11:44.249 +02:00 [INF] Map "d5c08240-0436-454a-8993-362abf5bc477": window light drew 1/1 beam(s)
2026-05-25 20:11:44.295 +02:00 [INF] Map "d5c08240-0436-454a-8993-362abf5bc477": window light drew 1/1 beam(s)
2026-05-25 20:11:44.342 +02:00 [INF] Map "d5c08240-0436-454a-8993-362abf5bc477": window light drew 1/1 beam(s)
2026-05-25 20:11:44.390 +02:00 [INF] Map "d5c08240-0436-454a-8993-362abf5bc477": window light drew 1/1 beam(s)
2026-05-25 20:11:44.435 +02:00 [INF] Map "d5c08240-0436-454a-8993-362abf5bc477": window light drew 1/1 beam(s)
2026-05-25 20:11:44.482 +02:00 [INF] Map "d5c08240-0436-454a-8993-362abf5bc477": window light drew 1/1 beam(s)
2026-05-25 20:11:44.528 +02:00 [INF] Map "d5c08240-0436-454a-8993-362abf5bc477": window light drew 1/1 beam(s)
2026-05-25 20:11:44.574 +02:00 [INF] Map "d5c08240-0436-454a-8993-362abf5bc477": window light drew 1/1 beam(s)
2026-05-25 20:11:44.633 +02:00 [INF] Map "d5c08240-0436-454a-8993-362abf5bc477": window light drew 1/1 beam(s)
2026-05-25 20:11:44.679 +02:00 [INF] Map "d5c08240-0436-454a-8993-362abf5bc477": window light drew 1/1 beam(s)
2026-05-25 20:11:44.726 +02:00 [INF] Map "d5c08240-0436-454a-8993-362abf5bc477": window light drew 1/1 beam(s)
2026-05-25 20:11:44.772 +02:00 [INF] Map "d5c08240-0436-454a-8993-362abf5bc477": window light drew 1/1 beam(s)
2026-05-25 20:11:44.818 +02:00 [INF] Map "d5c08240-0436-454a-8993-362abf5bc477": window light drew 1/1 beam(s)
2026-05-25 20:11:44.863 +02:00 [INF] Map "d5c08240-0436-454a-8993-362abf5bc477": window light drew 1/1 beam(s)
2026-05-25 20:11:44.909 +02:00 [INF] Map "d5c08240-0436-454a-8993-362abf5bc477": window light drew 1/1 beam(s)
2026-05-25 20:11:44.956 +02:00 [INF] Map "d5c08240-0436-454a-8993-362abf5bc477": window light drew 1/1 beam(s)
2026-05-25 20:11:45.016 +02:00 [INF] Map "d5c08240-0436-454a-8993-362abf5bc477": window light drew 1/1 beam(s)
2026-05-25 20:11:45.063 +02:00 [INF] Map "d5c08240-0436-454a-8993-362abf5bc477": window light drew 1/1 beam(s)
2026-05-25 20:11:45.110 +02:00 [INF] Map "d5c08240-0436-454a-8993-362abf5bc477": window light drew 1/1 beam(s)
2026-05-25 20:11:45.155 +02:00 [INF] Map "d5c08240-0436-454a-8993-362abf5bc477": window light drew 1/1 beam(s)
2026-05-25 20:11:45.201 +02:00 [INF] Map "d5c08240-0436-454a-8993-362abf5bc477": window light drew 1/1 beam(s)
2026-05-25 20:11:45.247 +02:00 [INF] Map "d5c08240-0436-454a-8993-362abf5bc477": window light drew 1/1 beam(s)
2026-05-25 20:11:45.293 +02:00 [INF] Map "d5c08240-0436-454a-8993-362abf5bc477": window light drew 1/1 beam(s)
2026-05-25 20:11:45.338 +02:00 [INF] Map "d5c08240-0436-454a-8993-362abf5bc477": window light drew 1/1 beam(s)
2026-05-25 20:11:45.398 +02:00 [INF] Map "d5c08240-0436-454a-8993-362abf5bc477": window light drew 1/1 beam(s)
2026-05-25 20:11:45.444 +02:00 [INF] Map "d5c08240-0436-454a-8993-362abf5bc477": window light drew 1/1 beam(s)
2026-05-25 20:11:45.489 +02:00 [INF] Map "d5c08240-0436-454a-8993-362abf5bc477": window light drew 1/1 beam(s)
2026-05-25 20:11:45.535 +02:00 [INF] Map "d5c08240-0436-454a-8993-362abf5bc477": window light drew 1/1 beam(s)
2026-05-25 20:11:45.581 +02:00 [INF] Map "d5c08240-0436-454a-8993-362abf5bc477": window light drew 1/1 beam(s)
2026-05-25 20:11:45.628 +02:00 [INF] Map "d5c08240-0436-454a-8993-362abf5bc477": window light drew 1/1 beam(s)
2026-05-25 20:11:45.677 +02:00 [INF] Map "d5c08240-0436-454a-8993-362abf5bc477": window light drew 1/1 beam(s)
2026-05-25 20:11:45.722 +02:00 [INF] Map "d5c08240-0436-454a-8993-362abf5bc477": window light drew 1/1 beam(s)
2026-05-25 20:11:45.781 +02:00 [INF] Map "d5c08240-0436-454a-8993-362abf5bc477": window light drew 1/1 beam(s)
2026-05-25 20:11:45.826 +02:00 [INF] Map "d5c08240-0436-454a-8993-362abf5bc477": window light drew 1/1 beam(s)
2026-05-25 20:11:45.871 +02:00 [INF] Map "d5c08240-0436-454a-8993-362abf5bc477": window light drew 1/1 beam(s)
2026-05-25 20:11:45.916 +02:00 [INF] Map "d5c08240-0436-454a-8993-362abf5bc477": window light drew 1/1 beam(s)
2026-05-25 20:11:45.962 +02:00 [INF] Map "d5c08240-0436-454a-8993-362abf5bc477": window light drew 1/1 beam(s)
2026-05-25 20:11:46.008 +02:00 [INF] Map "d5c08240-0436-454a-8993-362abf5bc477": window light drew 1/1 beam(s)
2026-05-25 20:11:46.053 +02:00 [INF] Map "d5c08240-0436-454a-8993-362abf5bc477": window light drew 1/1 beam(s)
2026-05-25 20:11:46.099 +02:00 [INF] Map "d5c08240-0436-454a-8993-362abf5bc477": window light drew 1/1 beam(s)
2026-05-25 20:11:46.158 +02:00 [INF] Map "d5c08240-0436-454a-8993-362abf5bc477": window light drew 1/1 beam(s)
2026-05-25 20:11:46.203 +02:00 [INF] Map "d5c08240-0436-454a-8993-362abf5bc477": window light drew 1/1 beam(s)
2026-05-25 20:11:46.250 +02:00 [INF] Map "d5c08240-0436-454a-8993-362abf5bc477": window light drew 1/1 beam(s)
2026-05-25 20:11:46.295 +02:00 [INF] Map "d5c08240-0436-454a-8993-362abf5bc477": window light drew 1/1 beam(s)
2026-05-25 20:11:46.341 +02:00 [INF] Map "d5c08240-0436-454a-8993-362abf5bc477": window light drew 1/1 beam(s)
2026-05-25 20:11:46.386 +02:00 [INF] Map "d5c08240-0436-454a-8993-362abf5bc477": window light drew 1/1 beam(s)
2026-05-25 20:11:46.432 +02:00 [INF] Map "d5c08240-0436-454a-8993-362abf5bc477": window light drew 1/1 beam(s)
2026-05-25 20:11:46.477 +02:00 [INF] Map "d5c08240-0436-454a-8993-362abf5bc477": window light drew 1/1 beam(s)
2026-05-25 20:11:46.536 +02:00 [INF] Map "d5c08240-0436-454a-8993-362abf5bc477": window light drew 1/1 beam(s)
2026-05-25 20:11:46.582 +02:00 [INF] Map "d5c08240-0436-454a-8993-362abf5bc477": window light drew 1/1 beam(s)
2026-05-25 20:11:46.628 +02:00 [INF] Map "d5c08240-0436-454a-8993-362abf5bc477": window light drew 1/1 beam(s)
2026-05-25 20:11:46.673 +02:00 [INF] Map "d5c08240-0436-454a-8993-362abf5bc477": window light drew 1/1 beam(s)
2026-05-25 20:11:46.718 +02:00 [INF] Map "d5c08240-0436-454a-8993-362abf5bc477": window light drew 1/1 beam(s)
2026-05-25 20:11:46.763 +02:00 [INF] Map "d5c08240-0436-454a-8993-362abf5bc477": window light drew 1/1 beam(s)
2026-05-25 20:11:46.808 +02:00 [INF] Map "d5c08240-0436-454a-8993-362abf5bc477": window light drew 1/1 beam(s)
2026-05-25 20:11:46.853 +02:00 [INF] Map "d5c08240-0436-454a-8993-362abf5bc477": window light drew 1/1 beam(s)
2026-05-25 20:11:46.912 +02:00 [INF] Map "d5c08240-0436-454a-8993-362abf5bc477": window light drew 1/1 beam(s)
2026-05-25 20:11:46.958 +02:00 [INF] Map "d5c08240-0436-454a-8993-362abf5bc477": window light drew 1/1 beam(s)
2026-05-25 20:11:47.003 +02:00 [INF] Map "d5c08240-0436-454a-8993-362abf5bc477": window light drew 1/1 beam(s)
2026-05-25 20:11:47.049 +02:00 [INF] Map "d5c08240-0436-454a-8993-362abf5bc477": window light drew 1/1 beam(s)
2026-05-25 20:11:47.094 +02:00 [INF] Map "d5c08240-0436-454a-8993-362abf5bc477": window light drew 1/1 beam(s)
2026-05-25 20:11:47.140 +02:00 [INF] Map "d5c08240-0436-454a-8993-362abf5bc477": window light drew 1/1 beam(s)
2026-05-25 20:11:47.185 +02:00 [INF] Map "d5c08240-0436-454a-8993-362abf5bc477": window light drew 1/1 beam(s)
2026-05-25 20:11:47.232 +02:00 [INF] Map "d5c08240-0436-454a-8993-362abf5bc477": window light drew 1/1 beam(s)
2026-05-25 20:11:47.293 +02:00 [INF] Map "d5c08240-0436-454a-8993-362abf5bc477": window light drew 1/1 beam(s)
2026-05-25 20:11:47.339 +02:00 [INF] Map "d5c08240-0436-454a-8993-362abf5bc477": window light drew 1/1 beam(s)
2026-05-25 20:11:47.387 +02:00 [INF] Map "d5c08240-0436-454a-8993-362abf5bc477": window light drew 1/1 beam(s)
2026-05-25 20:11:47.436 +02:00 [INF] Map "d5c08240-0436-454a-8993-362abf5bc477": window light drew 1/1 beam(s)
2026-05-25 20:11:47.486 +02:00 [INF] Map "d5c08240-0436-454a-8993-362abf5bc477": window light drew 1/1 beam(s)
2026-05-25 20:11:47.531 +02:00 [INF] Map "d5c08240-0436-454a-8993-362abf5bc477": window light drew 1/1 beam(s)
2026-05-25 20:11:47.577 +02:00 [INF] Map "d5c08240-0436-454a-8993-362abf5bc477": window light drew 1/1 beam(s)
2026-05-25 20:11:47.623 +02:00 [INF] Map "d5c08240-0436-454a-8993-362abf5bc477": window light drew 1/1 beam(s)
2026-05-25 20:11:47.681 +02:00 [INF] Map "d5c08240-0436-454a-8993-362abf5bc477": window light drew 1/1 beam(s)
2026-05-25 20:11:47.727 +02:00 [INF] Map "d5c08240-0436-454a-8993-362abf5bc477": window light drew 1/1 beam(s)
2026-05-25 20:11:47.772 +02:00 [INF] Map "d5c08240-0436-454a-8993-362abf5bc477": window light drew 1/1 beam(s)
2026-05-25 20:11:47.818 +02:00 [INF] Map "d5c08240-0436-454a-8993-362abf5bc477": window light drew 1/1 beam(s)
2026-05-25 20:11:47.864 +02:00 [INF] Map "d5c08240-0436-454a-8993-362abf5bc477": window light drew 1/1 beam(s)
2026-05-25 20:11:47.909 +02:00 [INF] Map "d5c08240-0436-454a-8993-362abf5bc477": window light drew 1/1 beam(s)
2026-05-25 20:11:47.955 +02:00 [INF] Map "d5c08240-0436-454a-8993-362abf5bc477": window light drew 1/1 beam(s)
2026-05-25 20:11:48.001 +02:00 [INF] Map "d5c08240-0436-454a-8993-362abf5bc477": window light drew 1/1 beam(s)
2026-05-25 20:11:48.060 +02:00 [INF] Map "d5c08240-0436-454a-8993-362abf5bc477": window light drew 1/1 beam(s)
2026-05-25 20:11:48.107 +02:00 [INF] Map "d5c08240-0436-454a-8993-362abf5bc477": window light drew 1/1 beam(s)
2026-05-25 20:11:48.152 +02:00 [INF] Map "d5c08240-0436-454a-8993-362abf5bc477": window light drew 1/1 beam(s)
2026-05-25 20:11:48.197 +02:00 [INF] Map "d5c08240-0436-454a-8993-362abf5bc477": window light drew 1/1 beam(s)
2026-05-25 20:11:48.244 +02:00 [INF] Map "d5c08240-0436-454a-8993-362abf5bc477": window light drew 1/1 beam(s)
2026-05-25 20:11:48.291 +02:00 [INF] Map "d5c08240-0436-454a-8993-362abf5bc477": window light drew 1/1 beam(s)
2026-05-25 20:11:48.322 +02:00 [INF] Map "d5c08240-0436-454a-8993-362abf5bc477": window light drew 1/1 beam(s)
2026-05-25 20:11:48.350 +02:00 [INF] Map "d5c08240-0436-454a-8993-362abf5bc477": window light drew 1/1 beam(s)
2026-05-25 20:11:48.416 +02:00 [INF] Map "d5c08240-0436-454a-8993-362abf5bc477": window light drew 1/1 beam(s)
2026-05-25 20:11:48.464 +02:00 [INF] Map "d5c08240-0436-454a-8993-362abf5bc477": window light drew 1/1 beam(s)
2026-05-25 20:11:48.510 +02:00 [INF] Map "d5c08240-0436-454a-8993-362abf5bc477": window light drew 1/1 beam(s)
2026-05-25 20:11:48.534 +02:00 [INF] Map "d5c08240-0436-454a-8993-362abf5bc477": window light drew 1/1 beam(s)
2026-05-25 20:11:48.558 +02:00 [INF] Map "d5c08240-0436-454a-8993-362abf5bc477": window light drew 1/1 beam(s)
2026-05-25 20:11:48.582 +02:00 [INF] Map "d5c08240-0436-454a-8993-362abf5bc477": window light drew 1/1 beam(s)
2026-05-25 20:11:48.608 +02:00 [INF] Map "d5c08240-0436-454a-8993-362abf5bc477": window light drew 1/1 beam(s)
2026-05-25 20:11:48.633 +02:00 [INF] Map "d5c08240-0436-454a-8993-362abf5bc477": window light drew 1/1 beam(s)
2026-05-25 20:11:48.673 +02:00 [INF] Map "d5c08240-0436-454a-8993-362abf5bc477": window light drew 1/1 beam(s)
2026-05-25 20:11:48.697 +02:00 [INF] Map "d5c08240-0436-454a-8993-362abf5bc477": window light drew 1/1 beam(s)
2026-05-25 20:11:48.721 +02:00 [INF] Map "d5c08240-0436-454a-8993-362abf5bc477": window light drew 1/1 beam(s)
2026-05-25 20:11:48.745 +02:00 [INF] Map "d5c08240-0436-454a-8993-362abf5bc477": window light drew 1/1 beam(s)
2026-05-25 20:11:48.770 +02:00 [INF] Map "d5c08240-0436-454a-8993-362abf5bc477": window light drew 1/1 beam(s)
2026-05-25 20:11:48.794 +02:00 [INF] Map "d5c08240-0436-454a-8993-362abf5bc477": window light drew 1/1 beam(s)
2026-05-25 20:11:48.819 +02:00 [INF] Map "d5c08240-0436-454a-8993-362abf5bc477": window light drew 1/1 beam(s)
2026-05-25 20:11:48.843 +02:00 [INF] Map "d5c08240-0436-454a-8993-362abf5bc477": window light drew 1/1 beam(s)
2026-05-25 20:11:48.881 +02:00 [INF] Map "d5c08240-0436-454a-8993-362abf5bc477": window light drew 1/1 beam(s)
2026-05-25 20:11:48.908 +02:00 [INF] Map "d5c08240-0436-454a-8993-362abf5bc477": window light drew 1/1 beam(s)
2026-05-25 20:11:48.932 +02:00 [INF] Map "d5c08240-0436-454a-8993-362abf5bc477": window light drew 1/1 beam(s)
2026-05-25 20:11:48.957 +02:00 [INF] Map "d5c08240-0436-454a-8993-362abf5bc477": window light drew 1/1 beam(s)
2026-05-25 20:11:48.982 +02:00 [INF] Map "d5c08240-0436-454a-8993-362abf5bc477": window light drew 1/1 beam(s)
2026-05-25 20:11:49.007 +02:00 [INF] Map "d5c08240-0436-454a-8993-362abf5bc477": window light drew 1/1 beam(s)
2026-05-25 20:11:49.033 +02:00 [INF] Map "d5c08240-0436-454a-8993-362abf5bc477": window light drew 1/1 beam(s)
2026-05-25 20:11:49.060 +02:00 [INF] Map "d5c08240-0436-454a-8993-362abf5bc477": window light drew 1/1 beam(s)
2026-05-25 20:11:49.099 +02:00 [INF] Map "d5c08240-0436-454a-8993-362abf5bc477": window light drew 1/1 beam(s)
2026-05-25 20:11:49.124 +02:00 [INF] Map "d5c08240-0436-454a-8993-362abf5bc477": window light drew 1/1 beam(s)
2026-05-25 20:11:49.149 +02:00 [INF] Map "d5c08240-0436-454a-8993-362abf5bc477": window light drew 1/1 beam(s)
2026-05-25 20:11:49.176 +02:00 [INF] Map "d5c08240-0436-454a-8993-362abf5bc477": window light drew 1/1 beam(s)
2026-05-25 20:11:49.202 +02:00 [INF] Map "d5c08240-0436-454a-8993-362abf5bc477": window light drew 1/1 beam(s)
2026-05-25 20:11:49.227 +02:00 [INF] Map "d5c08240-0436-454a-8993-362abf5bc477": window light drew 1/1 beam(s)
2026-05-25 20:11:49.288 +02:00 [INF] Map "d5c08240-0436-454a-8993-362abf5bc477": window light drew 1/1 beam(s)
2026-05-25 20:11:49.337 +02:00 [INF] Map "d5c08240-0436-454a-8993-362abf5bc477": window light drew 1/1 beam(s)
2026-05-25 20:11:49.396 +02:00 [INF] Map "d5c08240-0436-454a-8993-362abf5bc477": window light drew 1/1 beam(s)
2026-05-25 20:11:49.447 +02:00 [INF] Map "d5c08240-0436-454a-8993-362abf5bc477": window light drew 1/1 beam(s)
2026-05-25 20:11:49.492 +02:00 [INF] Map "d5c08240-0436-454a-8993-362abf5bc477": window light drew 1/1 beam(s)
2026-05-25 20:11:49.542 +02:00 [INF] Map "d5c08240-0436-454a-8993-362abf5bc477": window light drew 1/1 beam(s)
2026-05-25 20:11:49.590 +02:00 [INF] Map "d5c08240-0436-454a-8993-362abf5bc477": window light drew 1/1 beam(s)
2026-05-25 20:11:49.634 +02:00 [INF] Map "d5c08240-0436-454a-8993-362abf5bc477": window light drew 1/1 beam(s)
2026-05-25 20:11:49.679 +02:00 [INF] Map "d5c08240-0436-454a-8993-362abf5bc477": window light drew 1/1 beam(s)
2026-05-25 20:11:49.724 +02:00 [INF] Map "d5c08240-0436-454a-8993-362abf5bc477": window light drew 1/1 beam(s)
2026-05-25 20:11:49.782 +02:00 [INF] Map "d5c08240-0436-454a-8993-362abf5bc477": window light drew 1/1 beam(s)
2026-05-25 20:11:49.828 +02:00 [INF] Map "d5c08240-0436-454a-8993-362abf5bc477": window light drew 1/1 beam(s)
2026-05-25 20:11:49.873 +02:00 [INF] Map "d5c08240-0436-454a-8993-362abf5bc477": window light drew 1/1 beam(s)
2026-05-25 20:11:49.919 +02:00 [INF] Map "d5c08240-0436-454a-8993-362abf5bc477": window light drew 1/1 beam(s)
2026-05-25 20:11:49.964 +02:00 [INF] Map "d5c08240-0436-454a-8993-362abf5bc477": window light drew 1/1 beam(s)
2026-05-25 20:11:50.009 +02:00 [INF] Map "d5c08240-0436-454a-8993-362abf5bc477": window light drew 1/1 beam(s)
2026-05-25 20:11:50.054 +02:00 [INF] Map "d5c08240-0436-454a-8993-362abf5bc477": window light drew 1/1 beam(s)
2026-05-25 20:11:50.099 +02:00 [INF] Map "d5c08240-0436-454a-8993-362abf5bc477": window light drew 1/1 beam(s)
2026-05-25 20:11:50.157 +02:00 [INF] Map "d5c08240-0436-454a-8993-362abf5bc477": window light drew 1/1 beam(s)
2026-05-25 20:11:50.201 +02:00 [INF] Map "d5c08240-0436-454a-8993-362abf5bc477": window light drew 1/1 beam(s)
2026-05-25 20:11:50.246 +02:00 [INF] Map "d5c08240-0436-454a-8993-362abf5bc477": window light drew 1/1 beam(s)
2026-05-25 20:11:50.293 +02:00 [INF] Map "d5c08240-0436-454a-8993-362abf5bc477": window light drew 1/1 beam(s)
2026-05-25 20:11:50.339 +02:00 [INF] Map "d5c08240-0436-454a-8993-362abf5bc477": window light drew 1/1 beam(s)
2026-05-25 20:11:50.385 +02:00 [INF] Map "d5c08240-0436-454a-8993-362abf5bc477": window light drew 1/1 beam(s)
2026-05-25 20:11:50.430 +02:00 [INF] Map "d5c08240-0436-454a-8993-362abf5bc477": window light drew 1/1 beam(s)
2026-05-25 20:11:50.477 +02:00 [INF] Map "d5c08240-0436-454a-8993-362abf5bc477": window light drew 1/1 beam(s)
2026-05-25 20:11:50.536 +02:00 [INF] Map "d5c08240-0436-454a-8993-362abf5bc477": window light drew 1/1 beam(s)
2026-05-25 20:11:50.582 +02:00 [INF] Map "d5c08240-0436-454a-8993-362abf5bc477": window light drew 1/1 beam(s)
2026-05-25 20:11:50.628 +02:00 [INF] Map "d5c08240-0436-454a-8993-362abf5bc477": window light drew 1/1 beam(s)
2026-05-25 20:11:50.673 +02:00 [INF] Map "d5c08240-0436-454a-8993-362abf5bc477": window light drew 1/1 beam(s)
2026-05-25 20:11:50.718 +02:00 [INF] Map "d5c08240-0436-454a-8993-362abf5bc477": window light drew 1/1 beam(s)
2026-05-25 20:11:50.764 +02:00 [INF] Map "d5c08240-0436-454a-8993-362abf5bc477": window light drew 1/1 beam(s)
2026-05-25 20:11:50.809 +02:00 [INF] Map "d5c08240-0436-454a-8993-362abf5bc477": window light drew 1/1 beam(s)
2026-05-25 20:11:50.855 +02:00 [INF] Map "d5c08240-0436-454a-8993-362abf5bc477": window light drew 1/1 beam(s)
2026-05-25 20:11:50.914 +02:00 [INF] Map "d5c08240-0436-454a-8993-362abf5bc477": window light drew 1/1 beam(s)
2026-05-25 20:11:50.959 +02:00 [INF] Map "d5c08240-0436-454a-8993-362abf5bc477": window light drew 1/1 beam(s)
2026-05-25 20:11:51.005 +02:00 [INF] Map "d5c08240-0436-454a-8993-362abf5bc477": window light drew 1/1 beam(s)
2026-05-25 20:11:51.051 +02:00 [INF] Map "d5c08240-0436-454a-8993-362abf5bc477": window light drew 1/1 beam(s)
2026-05-25 20:11:51.097 +02:00 [INF] Map "d5c08240-0436-454a-8993-362abf5bc477": window light drew 1/1 beam(s)
2026-05-25 20:11:51.143 +02:00 [INF] Map "d5c08240-0436-454a-8993-362abf5bc477": window light drew 1/1 beam(s)
2026-05-25 20:11:51.188 +02:00 [INF] Map "d5c08240-0436-454a-8993-362abf5bc477": window light drew 1/1 beam(s)
2026-05-25 20:11:51.233 +02:00 [INF] Map "d5c08240-0436-454a-8993-362abf5bc477": window light drew 1/1 beam(s)
2026-05-25 20:11:51.295 +02:00 [INF] Map "d5c08240-0436-454a-8993-362abf5bc477": window light drew 1/1 beam(s)
2026-05-25 20:11:51.341 +02:00 [INF] Map "d5c08240-0436-454a-8993-362abf5bc477": window light drew 1/1 beam(s)
2026-05-25 20:11:51.390 +02:00 [INF] Map "d5c08240-0436-454a-8993-362abf5bc477": window light drew 1/1 beam(s)
2026-05-25 20:11:51.439 +02:00 [INF] Map "d5c08240-0436-454a-8993-362abf5bc477": window light drew 1/1 beam(s)
2026-05-25 20:11:51.487 +02:00 [INF] Map "d5c08240-0436-454a-8993-362abf5bc477": window light drew 1/1 beam(s)
2026-05-25 20:11:51.537 +02:00 [INF] Map "d5c08240-0436-454a-8993-362abf5bc477": window light drew 1/1 beam(s)
2026-05-25 20:11:51.584 +02:00 [INF] Map "d5c08240-0436-454a-8993-362abf5bc477": window light drew 1/1 beam(s)
2026-05-25 20:11:51.630 +02:00 [INF] Map "d5c08240-0436-454a-8993-362abf5bc477": window light drew 1/1 beam(s)
2026-05-25 20:11:51.687 +02:00 [INF] Map "d5c08240-0436-454a-8993-362abf5bc477": window light drew 1/1 beam(s)
2026-05-25 20:11:51.732 +02:00 [INF] Map "d5c08240-0436-454a-8993-362abf5bc477": window light drew 1/1 beam(s)
2026-05-25 20:11:51.777 +02:00 [INF] Map "d5c08240-0436-454a-8993-362abf5bc477": window light drew 1/1 beam(s)
2026-05-25 20:11:51.824 +02:00 [INF] Map "d5c08240-0436-454a-8993-362abf5bc477": window light drew 1/1 beam(s)
2026-05-25 20:11:51.870 +02:00 [INF] Map "d5c08240-0436-454a-8993-362abf5bc477": window light drew 1/1 beam(s)
2026-05-25 20:11:51.915 +02:00 [INF] Map "d5c08240-0436-454a-8993-362abf5bc477": window light drew 1/1 beam(s)
2026-05-25 20:11:51.962 +02:00 [INF] Map "d5c08240-0436-454a-8993-362abf5bc477": window light drew 1/1 beam(s)
2026-05-25 20:11:52.006 +02:00 [INF] Map "d5c08240-0436-454a-8993-362abf5bc477": window light drew 1/1 beam(s)
2026-05-25 20:11:52.064 +02:00 [INF] Map "d5c08240-0436-454a-8993-362abf5bc477": window light drew 1/1 beam(s)
2026-05-25 20:11:52.110 +02:00 [INF] Map "d5c08240-0436-454a-8993-362abf5bc477": window light drew 1/1 beam(s)
2026-05-25 20:11:52.156 +02:00 [INF] Map "d5c08240-0436-454a-8993-362abf5bc477": window light drew 1/1 beam(s)
2026-05-25 20:11:52.202 +02:00 [INF] Map "d5c08240-0436-454a-8993-362abf5bc477": window light drew 1/1 beam(s)
2026-05-25 20:11:52.248 +02:00 [INF] Map "d5c08240-0436-454a-8993-362abf5bc477": window light drew 1/1 beam(s)
2026-05-25 20:11:52.294 +02:00 [INF] Map "d5c08240-0436-454a-8993-362abf5bc477": window light drew 1/1 beam(s)
2026-05-25 20:11:52.339 +02:00 [INF] Map "d5c08240-0436-454a-8993-362abf5bc477": window light drew 1/1 beam(s)
2026-05-25 20:11:52.385 +02:00 [INF] Map "d5c08240-0436-454a-8993-362abf5bc477": window light drew 1/1 beam(s)
2026-05-25 20:11:52.483 +02:00 [INF] Map "d5c08240-0436-454a-8993-362abf5bc477": window light drew 1/1 beam(s)
2026-05-25 20:11:52.521 +02:00 [INF] Map "d5c08240-0436-454a-8993-362abf5bc477": window light drew 1/1 beam(s)
2026-05-25 20:11:52.551 +02:00 [INF] Map "d5c08240-0436-454a-8993-362abf5bc477": window light drew 1/1 beam(s)
2026-05-25 20:11:52.576 +02:00 [INF] Map "d5c08240-0436-454a-8993-362abf5bc477": window light drew 1/1 beam(s)
2026-05-25 20:11:52.603 +02:00 [INF] Map "d5c08240-0436-454a-8993-362abf5bc477": window light drew 1/1 beam(s)
2026-05-25 20:11:52.629 +02:00 [INF] Map "d5c08240-0436-454a-8993-362abf5bc477": window light drew 1/1 beam(s)
2026-05-25 20:11:52.654 +02:00 [INF] Map "d5c08240-0436-454a-8993-362abf5bc477": window light drew 1/1 beam(s)
2026-05-25 20:11:52.679 +02:00 [INF] Map "d5c08240-0436-454a-8993-362abf5bc477": window light drew 1/1 beam(s)
2026-05-25 20:11:52.768 +02:00 [INF] Map "d5c08240-0436-454a-8993-362abf5bc477": window light drew 1/1 beam(s)
2026-05-25 20:11:52.815 +02:00 [INF] Map "d5c08240-0436-454a-8993-362abf5bc477": window light drew 1/1 beam(s)
2026-05-25 20:11:52.866 +02:00 [INF] Map "d5c08240-0436-454a-8993-362abf5bc477": window light drew 1/1 beam(s)
2026-05-25 20:11:52.912 +02:00 [INF] Map "d5c08240-0436-454a-8993-362abf5bc477": window light drew 1/1 beam(s)
2026-05-25 20:11:52.958 +02:00 [INF] Map "d5c08240-0436-454a-8993-362abf5bc477": window light drew 1/1 beam(s)
2026-05-25 20:11:53.005 +02:00 [INF] Map "d5c08240-0436-454a-8993-362abf5bc477": window light drew 1/1 beam(s)
2026-05-25 20:11:53.050 +02:00 [INF] Map "d5c08240-0436-454a-8993-362abf5bc477": window light drew 1/1 beam(s)
2026-05-25 20:11:53.097 +02:00 [INF] Map "d5c08240-0436-454a-8993-362abf5bc477": window light drew 1/1 beam(s)
2026-05-25 20:11:53.157 +02:00 [INF] Map "d5c08240-0436-454a-8993-362abf5bc477": window light drew 1/1 beam(s)
2026-05-25 20:11:53.203 +02:00 [INF] Map "d5c08240-0436-454a-8993-362abf5bc477": window light drew 1/1 beam(s)
2026-05-25 20:11:53.257 +02:00 [INF] Map "d5c08240-0436-454a-8993-362abf5bc477": window light drew 1/1 beam(s)
2026-05-25 20:11:53.311 +02:00 [INF] Map "d5c08240-0436-454a-8993-362abf5bc477": window light drew 1/1 beam(s)
2026-05-25 20:11:53.360 +02:00 [INF] Map "d5c08240-0436-454a-8993-362abf5bc477": window light drew 1/1 beam(s)
2026-05-25 20:11:53.412 +02:00 [INF] Map "d5c08240-0436-454a-8993-362abf5bc477": window light drew 1/1 beam(s)
2026-05-25 20:11:53.460 +02:00 [INF] Map "d5c08240-0436-454a-8993-362abf5bc477": window light drew 1/1 beam(s)
2026-05-25 20:11:53.507 +02:00 [INF] Map "d5c08240-0436-454a-8993-362abf5bc477": window light drew 1/1 beam(s)
2026-05-25 20:11:53.569 +02:00 [INF] Map "d5c08240-0436-454a-8993-362abf5bc477": window light drew 1/1 beam(s)
2026-05-25 20:11:53.615 +02:00 [INF] Map "d5c08240-0436-454a-8993-362abf5bc477": window light drew 1/1 beam(s)
2026-05-25 20:11:53.661 +02:00 [INF] Map "d5c08240-0436-454a-8993-362abf5bc477": window light drew 1/1 beam(s)
2026-05-25 20:11:53.708 +02:00 [INF] Map "d5c08240-0436-454a-8993-362abf5bc477": window light drew 1/1 beam(s)
2026-05-25 20:11:53.754 +02:00 [INF] Map "d5c08240-0436-454a-8993-362abf5bc477": window light drew 1/1 beam(s)
2026-05-25 20:11:53.801 +02:00 [INF] Map "d5c08240-0436-454a-8993-362abf5bc477": window light drew 1/1 beam(s)
2026-05-25 20:11:53.846 +02:00 [INF] Map "d5c08240-0436-454a-8993-362abf5bc477": window light drew 1/1 beam(s)
2026-05-25 20:11:53.896 +02:00 [INF] Map "d5c08240-0436-454a-8993-362abf5bc477": window light drew 1/1 beam(s)
2026-05-25 20:11:53.955 +02:00 [INF] Map "d5c08240-0436-454a-8993-362abf5bc477": window light drew 1/1 beam(s)
2026-05-25 20:11:54.000 +02:00 [INF] Map "d5c08240-0436-454a-8993-362abf5bc477": window light drew 1/1 beam(s)
2026-05-25 20:11:54.045 +02:00 [INF] Map "d5c08240-0436-454a-8993-362abf5bc477": window light drew 1/1 beam(s)
2026-05-25 20:11:54.092 +02:00 [INF] Map "d5c08240-0436-454a-8993-362abf5bc477": window light drew 1/1 beam(s)
2026-05-25 20:11:54.137 +02:00 [INF] Map "d5c08240-0436-454a-8993-362abf5bc477": window light drew 1/1 beam(s)
2026-05-25 20:11:54.182 +02:00 [INF] Map "d5c08240-0436-454a-8993-362abf5bc477": window light drew 1/1 beam(s)
2026-05-25 20:11:54.227 +02:00 [INF] Map "d5c08240-0436-454a-8993-362abf5bc477": window light drew 1/1 beam(s)
2026-05-25 20:11:54.273 +02:00 [INF] Map "d5c08240-0436-454a-8993-362abf5bc477": window light drew 1/1 beam(s)
2026-05-25 20:11:54.333 +02:00 [INF] Map "d5c08240-0436-454a-8993-362abf5bc477": window light drew 1/1 beam(s)
2026-05-25 20:11:54.378 +02:00 [INF] Map "d5c08240-0436-454a-8993-362abf5bc477": window light drew 1/1 beam(s)
2026-05-25 20:11:54.423 +02:00 [INF] Map "d5c08240-0436-454a-8993-362abf5bc477": window light drew 1/1 beam(s)
2026-05-25 20:11:54.468 +02:00 [INF] Map "d5c08240-0436-454a-8993-362abf5bc477": window light drew 1/1 beam(s)
2026-05-25 20:11:54.513 +02:00 [INF] Map "d5c08240-0436-454a-8993-362abf5bc477": window light drew 1/1 beam(s)
2026-05-25 20:11:54.560 +02:00 [INF] Map "d5c08240-0436-454a-8993-362abf5bc477": window light drew 1/1 beam(s)
2026-05-25 20:11:54.605 +02:00 [INF] Map "d5c08240-0436-454a-8993-362abf5bc477": window light drew 1/1 beam(s)
2026-05-25 20:11:54.649 +02:00 [INF] Map "d5c08240-0436-454a-8993-362abf5bc477": window light drew 1/1 beam(s)
2026-05-25 20:11:54.708 +02:00 [INF] Map "d5c08240-0436-454a-8993-362abf5bc477": window light drew 1/1 beam(s)
2026-05-25 20:11:54.753 +02:00 [INF] Map "d5c08240-0436-454a-8993-362abf5bc477": window light drew 1/1 beam(s)
2026-05-25 20:11:54.798 +02:00 [INF] Map "d5c08240-0436-454a-8993-362abf5bc477": window light drew 1/1 beam(s)
2026-05-25 20:11:54.843 +02:00 [INF] Map "d5c08240-0436-454a-8993-362abf5bc477": window light drew 1/1 beam(s)
2026-05-25 20:11:54.890 +02:00 [INF] Map "d5c08240-0436-454a-8993-362abf5bc477": window light drew 1/1 beam(s)
2026-05-25 20:11:54.935 +02:00 [INF] Map "d5c08240-0436-454a-8993-362abf5bc477": window light drew 1/1 beam(s)
2026-05-25 20:11:54.981 +02:00 [INF] Map "d5c08240-0436-454a-8993-362abf5bc477": window light drew 1/1 beam(s)
2026-05-25 20:11:55.027 +02:00 [INF] Map "d5c08240-0436-454a-8993-362abf5bc477": window light drew 1/1 beam(s)
2026-05-25 20:11:55.085 +02:00 [INF] Map "d5c08240-0436-454a-8993-362abf5bc477": window light drew 1/1 beam(s)
2026-05-25 20:11:55.131 +02:00 [INF] Map "d5c08240-0436-454a-8993-362abf5bc477": window light drew 1/1 beam(s)
2026-05-25 20:11:55.177 +02:00 [INF] Map "d5c08240-0436-454a-8993-362abf5bc477": window light drew 1/1 beam(s)
2026-05-25 20:11:55.229 +02:00 [INF] Map "d5c08240-0436-454a-8993-362abf5bc477": window light drew 1/1 beam(s)
2026-05-25 20:11:55.277 +02:00 [INF] Map "d5c08240-0436-454a-8993-362abf5bc477": window light drew 1/1 beam(s)
2026-05-25 20:11:55.324 +02:00 [INF] Map "d5c08240-0436-454a-8993-362abf5bc477": window light drew 1/1 beam(s)
2026-05-25 20:11:55.370 +02:00 [INF] Map "d5c08240-0436-454a-8993-362abf5bc477": window light drew 1/1 beam(s)
2026-05-25 20:11:55.418 +02:00 [INF] Map "d5c08240-0436-454a-8993-362abf5bc477": window light drew 1/1 beam(s)
2026-05-25 20:11:55.464 +02:00 [INF] Map "d5c08240-0436-454a-8993-362abf5bc477": window light drew 1/1 beam(s)
2026-05-25 20:11:55.509 +02:00 [INF] Map "d5c08240-0436-454a-8993-362abf5bc477": window light drew 1/1 beam(s)
2026-05-25 20:11:55.553 +02:00 [INF] Map "d5c08240-0436-454a-8993-362abf5bc477": window light drew 1/1 beam(s)
2026-05-25 20:11:55.599 +02:00 [INF] Map "d5c08240-0436-454a-8993-362abf5bc477": window light drew 1/1 beam(s)
2026-05-25 20:11:55.644 +02:00 [INF] Map "d5c08240-0436-454a-8993-362abf5bc477": window light drew 1/1 beam(s)
2026-05-25 20:11:55.690 +02:00 [INF] Map "d5c08240-0436-454a-8993-362abf5bc477": window light drew 1/1 beam(s)
2026-05-25 20:11:55.735 +02:00 [INF] Map "d5c08240-0436-454a-8993-362abf5bc477": window light drew 1/1 beam(s)
2026-05-25 20:11:55.780 +02:00 [INF] Map "d5c08240-0436-454a-8993-362abf5bc477": window light drew 1/1 beam(s)
2026-05-25 20:11:55.837 +02:00 [INF] Map "d5c08240-0436-454a-8993-362abf5bc477": window light drew 1/1 beam(s)
2026-05-25 20:11:55.883 +02:00 [INF] Map "d5c08240-0436-454a-8993-362abf5bc477": window light drew 1/1 beam(s)
2026-05-25 20:11:55.928 +02:00 [INF] Map "d5c08240-0436-454a-8993-362abf5bc477": window light drew 1/1 beam(s)
2026-05-25 20:11:55.975 +02:00 [INF] Map "d5c08240-0436-454a-8993-362abf5bc477": window light drew 1/1 beam(s)
2026-05-25 20:11:56.021 +02:00 [INF] Map "d5c08240-0436-454a-8993-362abf5bc477": window light drew 1/1 beam(s)
2026-05-25 20:11:56.067 +02:00 [INF] Map "d5c08240-0436-454a-8993-362abf5bc477": window light drew 1/1 beam(s)
2026-05-25 20:11:56.112 +02:00 [INF] Map "d5c08240-0436-454a-8993-362abf5bc477": window light drew 1/1 beam(s)
2026-05-25 20:11:56.157 +02:00 [INF] Map "d5c08240-0436-454a-8993-362abf5bc477": window light drew 1/1 beam(s)
2026-05-25 20:11:56.216 +02:00 [INF] Map "d5c08240-0436-454a-8993-362abf5bc477": window light drew 1/1 beam(s)
2026-05-25 20:11:56.261 +02:00 [INF] Map "d5c08240-0436-454a-8993-362abf5bc477": window light drew 1/1 beam(s)
2026-05-25 20:11:56.307 +02:00 [INF] Map "d5c08240-0436-454a-8993-362abf5bc477": window light drew 1/1 beam(s)
2026-05-25 20:11:56.352 +02:00 [INF] Map "d5c08240-0436-454a-8993-362abf5bc477": window light drew 1/1 beam(s)
2026-05-25 20:11:56.397 +02:00 [INF] Map "d5c08240-0436-454a-8993-362abf5bc477": window light drew 1/1 beam(s)
2026-05-25 20:11:56.443 +02:00 [INF] Map "d5c08240-0436-454a-8993-362abf5bc477": window light drew 1/1 beam(s)
2026-05-25 20:11:56.488 +02:00 [INF] Map "d5c08240-0436-454a-8993-362abf5bc477": window light drew 1/1 beam(s)
2026-05-25 20:11:56.533 +02:00 [INF] Map "d5c08240-0436-454a-8993-362abf5bc477": window light drew 1/1 beam(s)
2026-05-25 20:11:56.593 +02:00 [INF] Map "d5c08240-0436-454a-8993-362abf5bc477": window light drew 1/1 beam(s)
2026-05-25 20:11:56.639 +02:00 [INF] Map "d5c08240-0436-454a-8993-362abf5bc477": window light drew 1/1 beam(s)
2026-05-25 20:11:56.684 +02:00 [INF] Map "d5c08240-0436-454a-8993-362abf5bc477": window light drew 1/1 beam(s)
2026-05-25 20:11:56.729 +02:00 [INF] Map "d5c08240-0436-454a-8993-362abf5bc477": window light drew 1/1 beam(s)
2026-05-25 20:11:56.775 +02:00 [INF] Map "d5c08240-0436-454a-8993-362abf5bc477": window light drew 1/1 beam(s)
2026-05-25 20:11:56.821 +02:00 [INF] Map "d5c08240-0436-454a-8993-362abf5bc477": window light drew 1/1 beam(s)
2026-05-25 20:11:56.866 +02:00 [INF] Map "d5c08240-0436-454a-8993-362abf5bc477": window light drew 1/1 beam(s)
2026-05-25 20:11:56.913 +02:00 [INF] Map "d5c08240-0436-454a-8993-362abf5bc477": window light drew 1/1 beam(s)
2026-05-25 20:11:56.971 +02:00 [INF] Map "d5c08240-0436-454a-8993-362abf5bc477": window light drew 1/1 beam(s)
2026-05-25 20:11:57.018 +02:00 [INF] Map "d5c08240-0436-454a-8993-362abf5bc477": window light drew 1/1 beam(s)
2026-05-25 20:11:57.064 +02:00 [INF] Map "d5c08240-0436-454a-8993-362abf5bc477": window light drew 1/1 beam(s)
2026-05-25 20:11:57.110 +02:00 [INF] Map "d5c08240-0436-454a-8993-362abf5bc477": window light drew 1/1 beam(s)
2026-05-25 20:11:57.155 +02:00 [INF] Map "d5c08240-0436-454a-8993-362abf5bc477": window light drew 1/1 beam(s)
2026-05-25 20:11:57.200 +02:00 [INF] Map "d5c08240-0436-454a-8993-362abf5bc477": window light drew 1/1 beam(s)
2026-05-25 20:11:57.245 +02:00 [INF] Map "d5c08240-0436-454a-8993-362abf5bc477": window light drew 1/1 beam(s)
2026-05-25 20:11:57.291 +02:00 [INF] Map "d5c08240-0436-454a-8993-362abf5bc477": window light drew 1/1 beam(s)
2026-05-25 20:11:57.358 +02:00 [INF] Map "d5c08240-0436-454a-8993-362abf5bc477": window light drew 1/1 beam(s)
2026-05-25 20:11:57.405 +02:00 [INF] Map "d5c08240-0436-454a-8993-362abf5bc477": window light drew 1/1 beam(s)
2026-05-25 20:11:57.453 +02:00 [INF] Map "d5c08240-0436-454a-8993-362abf5bc477": window light drew 1/1 beam(s)
2026-05-25 20:11:57.499 +02:00 [INF] Map "d5c08240-0436-454a-8993-362abf5bc477": window light drew 1/1 beam(s)
2026-05-25 20:11:57.544 +02:00 [INF] Map "d5c08240-0436-454a-8993-362abf5bc477": window light drew 1/1 beam(s)
2026-05-25 20:11:57.589 +02:00 [INF] Map "d5c08240-0436-454a-8993-362abf5bc477": window light drew 1/1 beam(s)
2026-05-25 20:11:57.634 +02:00 [INF] Map "d5c08240-0436-454a-8993-362abf5bc477": window light drew 1/1 beam(s)
2026-05-25 20:11:57.680 +02:00 [INF] Map "d5c08240-0436-454a-8993-362abf5bc477": window light drew 1/1 beam(s)
2026-05-25 20:11:57.738 +02:00 [INF] Map "d5c08240-0436-454a-8993-362abf5bc477": window light drew 1/1 beam(s)
2026-05-25 20:11:57.783 +02:00 [INF] Map "d5c08240-0436-454a-8993-362abf5bc477": window light drew 1/1 beam(s)
2026-05-25 20:11:57.829 +02:00 [INF] Map "d5c08240-0436-454a-8993-362abf5bc477": window light drew 1/1 beam(s)
2026-05-25 20:11:57.875 +02:00 [INF] Map "d5c08240-0436-454a-8993-362abf5bc477": window light drew 1/1 beam(s)
2026-05-25 20:11:57.920 +02:00 [INF] Map "d5c08240-0436-454a-8993-362abf5bc477": window light drew 1/1 beam(s)
2026-05-25 20:11:57.965 +02:00 [INF] Map "d5c08240-0436-454a-8993-362abf5bc477": window light drew 1/1 beam(s)
2026-05-25 20:11:58.011 +02:00 [INF] Map "d5c08240-0436-454a-8993-362abf5bc477": window light drew 1/1 beam(s)
2026-05-25 20:11:58.057 +02:00 [INF] Map "d5c08240-0436-454a-8993-362abf5bc477": window light drew 1/1 beam(s)
2026-05-25 20:11:58.114 +02:00 [INF] Map "d5c08240-0436-454a-8993-362abf5bc477": window light drew 1/1 beam(s)
2026-05-25 20:11:58.161 +02:00 [INF] Map "d5c08240-0436-454a-8993-362abf5bc477": window light drew 1/1 beam(s)
2026-05-25 20:11:58.207 +02:00 [INF] Map "d5c08240-0436-454a-8993-362abf5bc477": window light drew 1/1 beam(s)
2026-05-25 20:11:58.252 +02:00 [INF] Map "d5c08240-0436-454a-8993-362abf5bc477": window light drew 1/1 beam(s)
2026-05-25 20:11:58.297 +02:00 [INF] Map "d5c08240-0436-454a-8993-362abf5bc477": window light drew 1/1 beam(s)
2026-05-25 20:11:58.344 +02:00 [INF] Map "d5c08240-0436-454a-8993-362abf5bc477": window light drew 1/1 beam(s)
2026-05-25 20:11:58.390 +02:00 [INF] Map "d5c08240-0436-454a-8993-362abf5bc477": window light drew 1/1 beam(s)
2026-05-25 20:11:58.436 +02:00 [INF] Map "d5c08240-0436-454a-8993-362abf5bc477": window light drew 1/1 beam(s)
2026-05-25 20:11:58.494 +02:00 [INF] Map "d5c08240-0436-454a-8993-362abf5bc477": window light drew 1/1 beam(s)
2026-05-25 20:11:58.539 +02:00 [INF] Map "d5c08240-0436-454a-8993-362abf5bc477": window light drew 1/1 beam(s)
2026-05-25 20:11:58.584 +02:00 [INF] Map "d5c08240-0436-454a-8993-362abf5bc477": window light drew 1/1 beam(s)
2026-05-25 20:11:58.629 +02:00 [INF] Map "d5c08240-0436-454a-8993-362abf5bc477": window light drew 1/1 beam(s)
2026-05-25 20:11:58.675 +02:00 [INF] Map "d5c08240-0436-454a-8993-362abf5bc477": window light drew 1/1 beam(s)
2026-05-25 20:11:58.720 +02:00 [INF] Map "d5c08240-0436-454a-8993-362abf5bc477": window light drew 1/1 beam(s)
2026-05-25 20:11:58.765 +02:00 [INF] Map "d5c08240-0436-454a-8993-362abf5bc477": window light drew 1/1 beam(s)
2026-05-25 20:11:58.811 +02:00 [INF] Map "d5c08240-0436-454a-8993-362abf5bc477": window light drew 1/1 beam(s)
2026-05-25 20:11:58.868 +02:00 [INF] Map "d5c08240-0436-454a-8993-362abf5bc477": window light drew 1/1 beam(s)
2026-05-25 20:11:58.914 +02:00 [INF] Map "d5c08240-0436-454a-8993-362abf5bc477": window light drew 1/1 beam(s)
2026-05-25 20:11:58.959 +02:00 [INF] Map "d5c08240-0436-454a-8993-362abf5bc477": window light drew 1/1 beam(s)
2026-05-25 20:11:59.004 +02:00 [INF] Map "d5c08240-0436-454a-8993-362abf5bc477": window light drew 1/1 beam(s)
2026-05-25 20:11:59.050 +02:00 [INF] Map "d5c08240-0436-454a-8993-362abf5bc477": window light drew 1/1 beam(s)
2026-05-25 20:11:59.097 +02:00 [INF] Map "d5c08240-0436-454a-8993-362abf5bc477": window light drew 1/1 beam(s)
2026-05-25 20:11:59.142 +02:00 [INF] Map "d5c08240-0436-454a-8993-362abf5bc477": window light drew 1/1 beam(s)
2026-05-25 20:11:59.187 +02:00 [INF] Map "d5c08240-0436-454a-8993-362abf5bc477": window light drew 1/1 beam(s)
2026-05-25 20:11:59.245 +02:00 [INF] Map "d5c08240-0436-454a-8993-362abf5bc477": window light drew 1/1 beam(s)
2026-05-25 20:11:59.291 +02:00 [INF] Map "d5c08240-0436-454a-8993-362abf5bc477": window light drew 1/1 beam(s)
2026-05-25 20:11:59.337 +02:00 [INF] Map "d5c08240-0436-454a-8993-362abf5bc477": window light drew 1/1 beam(s)
2026-05-25 20:11:59.383 +02:00 [INF] Map "d5c08240-0436-454a-8993-362abf5bc477": window light drew 1/1 beam(s)
2026-05-25 20:11:59.428 +02:00 [INF] Map "d5c08240-0436-454a-8993-362abf5bc477": window light drew 1/1 beam(s)
2026-05-25 20:11:59.477 +02:00 [INF] Map "d5c08240-0436-454a-8993-362abf5bc477": window light drew 1/1 beam(s)
2026-05-25 20:11:59.525 +02:00 [INF] Map "d5c08240-0436-454a-8993-362abf5bc477": window light drew 1/1 beam(s)
2026-05-25 20:11:59.570 +02:00 [INF] Map "d5c08240-0436-454a-8993-362abf5bc477": window light drew 1/1 beam(s)
2026-05-25 20:11:59.628 +02:00 [INF] Map "d5c08240-0436-454a-8993-362abf5bc477": window light drew 1/1 beam(s)
2026-05-25 20:11:59.674 +02:00 [INF] Map "d5c08240-0436-454a-8993-362abf5bc477": window light drew 1/1 beam(s)
2026-05-25 20:11:59.719 +02:00 [INF] Map "d5c08240-0436-454a-8993-362abf5bc477": window light drew 1/1 beam(s)
2026-05-25 20:11:59.764 +02:00 [INF] Map "d5c08240-0436-454a-8993-362abf5bc477": window light drew 1/1 beam(s)
2026-05-25 20:11:59.810 +02:00 [INF] Map "d5c08240-0436-454a-8993-362abf5bc477": window light drew 1/1 beam(s)
2026-05-25 20:11:59.855 +02:00 [INF] Map "d5c08240-0436-454a-8993-362abf5bc477": window light drew 1/1 beam(s)
2026-05-25 20:11:59.901 +02:00 [INF] Map "d5c08240-0436-454a-8993-362abf5bc477": window light drew 1/1 beam(s)
2026-05-25 20:11:59.950 +02:00 [INF] Map "d5c08240-0436-454a-8993-362abf5bc477": window light drew 1/1 beam(s)
2026-05-25 20:12:00.008 +02:00 [INF] Map "d5c08240-0436-454a-8993-362abf5bc477": window light drew 1/1 beam(s)
2026-05-25 20:12:00.053 +02:00 [INF] Map "d5c08240-0436-454a-8993-362abf5bc477": window light drew 1/1 beam(s)
2026-05-25 20:12:00.099 +02:00 [INF] Map "d5c08240-0436-454a-8993-362abf5bc477": window light drew 1/1 beam(s)
2026-05-25 20:12:00.145 +02:00 [INF] Map "d5c08240-0436-454a-8993-362abf5bc477": window light drew 1/1 beam(s)
2026-05-25 20:12:00.190 +02:00 [INF] Map "d5c08240-0436-454a-8993-362abf5bc477": window light drew 1/1 beam(s)
2026-05-25 20:12:00.237 +02:00 [INF] Map "d5c08240-0436-454a-8993-362abf5bc477": window light drew 1/1 beam(s)
2026-05-25 20:12:00.282 +02:00 [INF] Map "d5c08240-0436-454a-8993-362abf5bc477": window light drew 1/1 beam(s)
2026-05-25 20:12:00.328 +02:00 [INF] Map "d5c08240-0436-454a-8993-362abf5bc477": window light drew 1/1 beam(s)
2026-05-25 20:12:00.385 +02:00 [INF] Map "d5c08240-0436-454a-8993-362abf5bc477": window light drew 1/1 beam(s)
2026-05-25 20:12:00.430 +02:00 [INF] Map "d5c08240-0436-454a-8993-362abf5bc477": window light drew 1/1 beam(s)
2026-05-25 20:12:00.475 +02:00 [INF] Map "d5c08240-0436-454a-8993-362abf5bc477": window light drew 1/1 beam(s)
2026-05-25 20:12:00.520 +02:00 [INF] Map "d5c08240-0436-454a-8993-362abf5bc477": window light drew 1/1 beam(s)
2026-05-25 20:12:00.566 +02:00 [INF] Map "d5c08240-0436-454a-8993-362abf5bc477": window light drew 1/1 beam(s)
2026-05-25 20:12:00.610 +02:00 [INF] Map "d5c08240-0436-454a-8993-362abf5bc477": window light drew 1/1 beam(s)
2026-05-25 20:12:00.656 +02:00 [INF] Map "d5c08240-0436-454a-8993-362abf5bc477": window light drew 1/1 beam(s)
2026-05-25 20:12:00.701 +02:00 [INF] Map "d5c08240-0436-454a-8993-362abf5bc477": window light drew 1/1 beam(s)
2026-05-25 20:12:00.760 +02:00 [INF] Map "d5c08240-0436-454a-8993-362abf5bc477": window light drew 1/1 beam(s)
2026-05-25 20:12:00.805 +02:00 [INF] Map "d5c08240-0436-454a-8993-362abf5bc477": window light drew 1/1 beam(s)
2026-05-25 20:12:00.850 +02:00 [INF] Map "d5c08240-0436-454a-8993-362abf5bc477": window light drew 1/1 beam(s)
2026-05-25 20:12:00.895 +02:00 [INF] Map "d5c08240-0436-454a-8993-362abf5bc477": window light drew 1/1 beam(s)
2026-05-25 20:12:00.940 +02:00 [INF] Map "d5c08240-0436-454a-8993-362abf5bc477": window light drew 1/1 beam(s)
2026-05-25 20:12:00.984 +02:00 [INF] Map "d5c08240-0436-454a-8993-362abf5bc477": window light drew 1/1 beam(s)
2026-05-25 20:12:01.029 +02:00 [INF] Map "d5c08240-0436-454a-8993-362abf5bc477": window light drew 1/1 beam(s)
2026-05-25 20:12:01.076 +02:00 [INF] Map "d5c08240-0436-454a-8993-362abf5bc477": window light drew 1/1 beam(s)
2026-05-25 20:12:01.134 +02:00 [INF] Map "d5c08240-0436-454a-8993-362abf5bc477": window light drew 1/1 beam(s)
2026-05-25 20:12:01.179 +02:00 [INF] Map "d5c08240-0436-454a-8993-362abf5bc477": window light drew 1/1 beam(s)
2026-05-25 20:12:01.225 +02:00 [INF] Map "d5c08240-0436-454a-8993-362abf5bc477": window light drew 1/1 beam(s)
2026-05-25 20:12:01.271 +02:00 [INF] Map "d5c08240-0436-454a-8993-362abf5bc477": window light drew 1/1 beam(s)
2026-05-25 20:12:01.320 +02:00 [INF] Map "d5c08240-0436-454a-8993-362abf5bc477": window light drew 1/1 beam(s)
2026-05-25 20:12:01.367 +02:00 [INF] Map "d5c08240-0436-454a-8993-362abf5bc477": window light drew 1/1 beam(s)
2026-05-25 20:12:01.415 +02:00 [INF] Map "d5c08240-0436-454a-8993-362abf5bc477": window light drew 1/1 beam(s)
2026-05-25 20:12:01.461 +02:00 [INF] Map "d5c08240-0436-454a-8993-362abf5bc477": window light drew 1/1 beam(s)
2026-05-25 20:12:01.519 +02:00 [INF] Map "d5c08240-0436-454a-8993-362abf5bc477": window light drew 1/1 beam(s)
2026-05-25 20:12:01.565 +02:00 [INF] Map "d5c08240-0436-454a-8993-362abf5bc477": window light drew 1/1 beam(s)
2026-05-25 20:12:01.610 +02:00 [INF] Map "d5c08240-0436-454a-8993-362abf5bc477": window light drew 1/1 beam(s)
2026-05-25 20:12:01.656 +02:00 [INF] Map "d5c08240-0436-454a-8993-362abf5bc477": window light drew 1/1 beam(s)
2026-05-25 20:12:01.701 +02:00 [INF] Map "d5c08240-0436-454a-8993-362abf5bc477": window light drew 1/1 beam(s)
2026-05-25 20:12:01.747 +02:00 [INF] Map "d5c08240-0436-454a-8993-362abf5bc477": window light drew 1/1 beam(s)
2026-05-25 20:12:01.794 +02:00 [INF] Map "d5c08240-0436-454a-8993-362abf5bc477": window light drew 1/1 beam(s)
2026-05-25 20:12:01.839 +02:00 [INF] Map "d5c08240-0436-454a-8993-362abf5bc477": window light drew 1/1 beam(s)
2026-05-25 20:12:01.898 +02:00 [INF] Map "d5c08240-0436-454a-8993-362abf5bc477": window light drew 1/1 beam(s)
2026-05-25 20:12:01.944 +02:00 [INF] Map "d5c08240-0436-454a-8993-362abf5bc477": window light drew 1/1 beam(s)
2026-05-25 20:12:01.988 +02:00 [INF] Map "d5c08240-0436-454a-8993-362abf5bc477": window light drew 1/1 beam(s)
2026-05-25 20:12:02.034 +02:00 [INF] Map "d5c08240-0436-454a-8993-362abf5bc477": window light drew 1/1 beam(s)
2026-05-25 20:12:02.079 +02:00 [INF] Map "d5c08240-0436-454a-8993-362abf5bc477": window light drew 1/1 beam(s)
2026-05-25 20:12:02.124 +02:00 [INF] Map "d5c08240-0436-454a-8993-362abf5bc477": window light drew 1/1 beam(s)
2026-05-25 20:12:02.170 +02:00 [INF] Map "d5c08240-0436-454a-8993-362abf5bc477": window light drew 1/1 beam(s)
2026-05-25 20:12:02.215 +02:00 [INF] Map "d5c08240-0436-454a-8993-362abf5bc477": window light drew 1/1 beam(s)
2026-05-25 20:12:02.274 +02:00 [INF] Map "d5c08240-0436-454a-8993-362abf5bc477": window light drew 1/1 beam(s)
2026-05-25 20:12:02.320 +02:00 [INF] Map "d5c08240-0436-454a-8993-362abf5bc477": window light drew 1/1 beam(s)
2026-05-25 20:12:02.365 +02:00 [INF] Map "d5c08240-0436-454a-8993-362abf5bc477": window light drew 1/1 beam(s)
2026-05-25 20:12:02.411 +02:00 [INF] Map "d5c08240-0436-454a-8993-362abf5bc477": window light drew 1/1 beam(s)
2026-05-25 20:12:02.457 +02:00 [INF] Map "d5c08240-0436-454a-8993-362abf5bc477": window light drew 1/1 beam(s)
2026-05-25 20:12:02.503 +02:00 [INF] Map "d5c08240-0436-454a-8993-362abf5bc477": window light drew 1/1 beam(s)
2026-05-25 20:12:02.548 +02:00 [INF] Map "d5c08240-0436-454a-8993-362abf5bc477": window light drew 1/1 beam(s)
2026-05-25 20:12:02.593 +02:00 [INF] Map "d5c08240-0436-454a-8993-362abf5bc477": window light drew 1/1 beam(s)
2026-05-25 20:12:02.652 +02:00 [INF] Map "d5c08240-0436-454a-8993-362abf5bc477": window light drew 1/1 beam(s)
2026-05-25 20:12:02.697 +02:00 [INF] Map "d5c08240-0436-454a-8993-362abf5bc477": window light drew 1/1 beam(s)
2026-05-25 20:12:02.743 +02:00 [INF] Map "d5c08240-0436-454a-8993-362abf5bc477": window light drew 1/1 beam(s)
2026-05-25 20:12:02.789 +02:00 [INF] Map "d5c08240-0436-454a-8993-362abf5bc477": window light drew 1/1 beam(s)
2026-05-25 20:12:02.834 +02:00 [INF] Map "d5c08240-0436-454a-8993-362abf5bc477": window light drew 1/1 beam(s)
2026-05-25 20:12:02.879 +02:00 [INF] Map "d5c08240-0436-454a-8993-362abf5bc477": window light drew 1/1 beam(s)
2026-05-25 20:12:02.924 +02:00 [INF] Map "d5c08240-0436-454a-8993-362abf5bc477": window light drew 1/1 beam(s)
2026-05-25 20:12:02.969 +02:00 [INF] Map "d5c08240-0436-454a-8993-362abf5bc477": window light drew 1/1 beam(s)
2026-05-25 20:12:03.027 +02:00 [INF] Map "d5c08240-0436-454a-8993-362abf5bc477": window light drew 1/1 beam(s)
2026-05-25 20:12:03.073 +02:00 [INF] Map "d5c08240-0436-454a-8993-362abf5bc477": window light drew 1/1 beam(s)
2026-05-25 20:12:03.119 +02:00 [INF] Map "d5c08240-0436-454a-8993-362abf5bc477": window light drew 1/1 beam(s)
2026-05-25 20:12:03.164 +02:00 [INF] Map "d5c08240-0436-454a-8993-362abf5bc477": window light drew 1/1 beam(s)
2026-05-25 20:12:03.210 +02:00 [INF] Map "d5c08240-0436-454a-8993-362abf5bc477": window light drew 1/1 beam(s)
2026-05-25 20:12:03.257 +02:00 [INF] Map "d5c08240-0436-454a-8993-362abf5bc477": window light drew 1/1 beam(s)
2026-05-25 20:12:03.303 +02:00 [INF] Map "d5c08240-0436-454a-8993-362abf5bc477": window light drew 1/1 beam(s)
2026-05-25 20:12:03.350 +02:00 [INF] Map "d5c08240-0436-454a-8993-362abf5bc477": window light drew 1/1 beam(s)
2026-05-25 20:12:03.422 +02:00 [INF] Map "d5c08240-0436-454a-8993-362abf5bc477": window light drew 1/1 beam(s)
2026-05-25 20:12:03.472 +02:00 [INF] Map "d5c08240-0436-454a-8993-362abf5bc477": window light drew 1/1 beam(s)
2026-05-25 20:12:03.521 +02:00 [INF] Map "d5c08240-0436-454a-8993-362abf5bc477": window light drew 1/1 beam(s)
2026-05-25 20:12:03.570 +02:00 [INF] Map "d5c08240-0436-454a-8993-362abf5bc477": window light drew 1/1 beam(s)
2026-05-25 20:12:03.617 +02:00 [INF] Map "d5c08240-0436-454a-8993-362abf5bc477": window light drew 1/1 beam(s)
2026-05-25 20:12:03.662 +02:00 [INF] Map "d5c08240-0436-454a-8993-362abf5bc477": window light drew 1/1 beam(s)
2026-05-25 20:12:03.710 +02:00 [INF] Map "d5c08240-0436-454a-8993-362abf5bc477": window light drew 1/1 beam(s)
2026-05-25 20:12:03.755 +02:00 [INF] Map "d5c08240-0436-454a-8993-362abf5bc477": window light drew 1/1 beam(s)
2026-05-25 20:12:03.814 +02:00 [INF] Map "d5c08240-0436-454a-8993-362abf5bc477": window light drew 1/1 beam(s)
2026-05-25 20:12:03.860 +02:00 [INF] Map "d5c08240-0436-454a-8993-362abf5bc477": window light drew 1/1 beam(s)
2026-05-25 20:12:03.906 +02:00 [INF] Map "d5c08240-0436-454a-8993-362abf5bc477": window light drew 1/1 beam(s)
2026-05-25 20:12:03.952 +02:00 [INF] Map "d5c08240-0436-454a-8993-362abf5bc477": window light drew 1/1 beam(s)
2026-05-25 20:12:03.998 +02:00 [INF] Map "d5c08240-0436-454a-8993-362abf5bc477": window light drew 1/1 beam(s)
2026-05-25 20:12:04.044 +02:00 [INF] Map "d5c08240-0436-454a-8993-362abf5bc477": window light drew 1/1 beam(s)
2026-05-25 20:12:04.090 +02:00 [INF] Map "d5c08240-0436-454a-8993-362abf5bc477": window light drew 1/1 beam(s)
2026-05-25 20:12:04.135 +02:00 [INF] Map "d5c08240-0436-454a-8993-362abf5bc477": window light drew 1/1 beam(s)
2026-05-25 20:12:04.195 +02:00 [INF] Map "d5c08240-0436-454a-8993-362abf5bc477": window light drew 1/1 beam(s)
2026-05-25 20:12:04.241 +02:00 [INF] Map "d5c08240-0436-454a-8993-362abf5bc477": window light drew 1/1 beam(s)
2026-05-25 20:12:04.286 +02:00 [INF] Map "d5c08240-0436-454a-8993-362abf5bc477": window light drew 1/1 beam(s)
2026-05-25 20:12:04.332 +02:00 [INF] Map "d5c08240-0436-454a-8993-362abf5bc477": window light drew 1/1 beam(s)
2026-05-25 20:12:04.377 +02:00 [INF] Map "d5c08240-0436-454a-8993-362abf5bc477": window light drew 1/1 beam(s)
2026-05-25 20:12:04.422 +02:00 [INF] Map "d5c08240-0436-454a-8993-362abf5bc477": window light drew 1/1 beam(s)
2026-05-25 20:12:04.467 +02:00 [INF] Map "d5c08240-0436-454a-8993-362abf5bc477": window light drew 1/1 beam(s)
2026-05-25 20:12:04.513 +02:00 [INF] Map "d5c08240-0436-454a-8993-362abf5bc477": window light drew 1/1 beam(s)
2026-05-25 20:12:04.572 +02:00 [INF] Map "d5c08240-0436-454a-8993-362abf5bc477": window light drew 1/1 beam(s)
2026-05-25 20:12:04.617 +02:00 [INF] Map "d5c08240-0436-454a-8993-362abf5bc477": window light drew 1/1 beam(s)
2026-05-25 20:12:04.664 +02:00 [INF] Map "d5c08240-0436-454a-8993-362abf5bc477": window light drew 1/1 beam(s)
2026-05-25 20:12:04.710 +02:00 [INF] Map "d5c08240-0436-454a-8993-362abf5bc477": window light drew 1/1 beam(s)
2026-05-25 20:12:04.755 +02:00 [INF] Map "d5c08240-0436-454a-8993-362abf5bc477": window light drew 1/1 beam(s)
2026-05-25 20:12:04.801 +02:00 [INF] Map "d5c08240-0436-454a-8993-362abf5bc477": window light drew 1/1 beam(s)
2026-05-25 20:12:04.848 +02:00 [INF] Map "d5c08240-0436-454a-8993-362abf5bc477": window light drew 1/1 beam(s)
2026-05-25 20:12:04.894 +02:00 [INF] Map "d5c08240-0436-454a-8993-362abf5bc477": window light drew 1/1 beam(s)
2026-05-25 20:12:04.954 +02:00 [INF] Map "d5c08240-0436-454a-8993-362abf5bc477": window light drew 1/1 beam(s)
2026-05-25 20:12:05.000 +02:00 [INF] Map "d5c08240-0436-454a-8993-362abf5bc477": window light drew 1/1 beam(s)
2026-05-25 20:12:05.046 +02:00 [INF] Map "d5c08240-0436-454a-8993-362abf5bc477": window light drew 1/1 beam(s)
2026-05-25 20:12:05.092 +02:00 [INF] Map "d5c08240-0436-454a-8993-362abf5bc477": window light drew 1/1 beam(s)
2026-05-25 20:12:05.138 +02:00 [INF] Map "d5c08240-0436-454a-8993-362abf5bc477": window light drew 1/1 beam(s)
2026-05-25 20:12:05.183 +02:00 [INF] Map "d5c08240-0436-454a-8993-362abf5bc477": window light drew 1/1 beam(s)
2026-05-25 20:12:05.229 +02:00 [INF] Map "d5c08240-0436-454a-8993-362abf5bc477": window light drew 1/1 beam(s)
2026-05-25 20:12:05.277 +02:00 [INF] Map "d5c08240-0436-454a-8993-362abf5bc477": window light drew 1/1 beam(s)
2026-05-25 20:12:05.344 +02:00 [INF] Map "d5c08240-0436-454a-8993-362abf5bc477": window light drew 1/1 beam(s)
2026-05-25 20:12:05.395 +02:00 [INF] Map "d5c08240-0436-454a-8993-362abf5bc477": window light drew 1/1 beam(s)
2026-05-25 20:12:05.442 +02:00 [INF] Map "d5c08240-0436-454a-8993-362abf5bc477": window light drew 1/1 beam(s)
2026-05-25 20:12:05.488 +02:00 [INF] Map "d5c08240-0436-454a-8993-362abf5bc477": window light drew 1/1 beam(s)
2026-05-25 20:12:05.534 +02:00 [INF] Map "d5c08240-0436-454a-8993-362abf5bc477": window light drew 1/1 beam(s)
2026-05-25 20:12:05.580 +02:00 [INF] Map "d5c08240-0436-454a-8993-362abf5bc477": window light drew 1/1 beam(s)
2026-05-25 20:12:05.626 +02:00 [INF] Map "d5c08240-0436-454a-8993-362abf5bc477": window light drew 1/1 beam(s)
2026-05-25 20:12:05.671 +02:00 [INF] Map "d5c08240-0436-454a-8993-362abf5bc477": window light drew 1/1 beam(s)
2026-05-25 20:12:05.729 +02:00 [INF] Map "d5c08240-0436-454a-8993-362abf5bc477": window light drew 1/1 beam(s)
2026-05-25 20:12:05.774 +02:00 [INF] Map "d5c08240-0436-454a-8993-362abf5bc477": window light drew 1/1 beam(s)
2026-05-25 20:12:05.819 +02:00 [INF] Map "d5c08240-0436-454a-8993-362abf5bc477": window light drew 1/1 beam(s)
2026-05-25 20:12:05.864 +02:00 [INF] Map "d5c08240-0436-454a-8993-362abf5bc477": window light drew 1/1 beam(s)
2026-05-25 20:12:05.911 +02:00 [INF] Map "d5c08240-0436-454a-8993-362abf5bc477": window light drew 1/1 beam(s)
2026-05-25 20:12:05.955 +02:00 [INF] Map "d5c08240-0436-454a-8993-362abf5bc477": window light drew 1/1 beam(s)
2026-05-25 20:12:06.001 +02:00 [INF] Map "d5c08240-0436-454a-8993-362abf5bc477": window light drew 1/1 beam(s)
2026-05-25 20:12:06.047 +02:00 [INF] Map "d5c08240-0436-454a-8993-362abf5bc477": window light drew 1/1 beam(s)
2026-05-25 20:12:06.106 +02:00 [INF] Map "d5c08240-0436-454a-8993-362abf5bc477": window light drew 1/1 beam(s)
2026-05-25 20:12:06.151 +02:00 [INF] Map "d5c08240-0436-454a-8993-362abf5bc477": window light drew 1/1 beam(s)
2026-05-25 20:12:06.196 +02:00 [INF] Map "d5c08240-0436-454a-8993-362abf5bc477": window light drew 1/1 beam(s)
2026-05-25 20:12:06.242 +02:00 [INF] Map "d5c08240-0436-454a-8993-362abf5bc477": window light drew 1/1 beam(s)
2026-05-25 20:12:06.288 +02:00 [INF] Map "d5c08240-0436-454a-8993-362abf5bc477": window light drew 1/1 beam(s)
2026-05-25 20:12:06.334 +02:00 [INF] Map "d5c08240-0436-454a-8993-362abf5bc477": window light drew 1/1 beam(s)
2026-05-25 20:12:06.379 +02:00 [INF] Map "d5c08240-0436-454a-8993-362abf5bc477": window light drew 1/1 beam(s)
2026-05-25 20:12:06.426 +02:00 [INF] Map "d5c08240-0436-454a-8993-362abf5bc477": window light drew 1/1 beam(s)
2026-05-25 20:12:06.486 +02:00 [INF] Map "d5c08240-0436-454a-8993-362abf5bc477": window light drew 1/1 beam(s)
2026-05-25 20:12:06.532 +02:00 [INF] Map "d5c08240-0436-454a-8993-362abf5bc477": window light drew 1/1 beam(s)
2026-05-25 20:12:06.680 +02:00 [INF] Map "d5c08240-0436-454a-8993-362abf5bc477": window light drew 1/1 beam(s)
2026-05-25 20:12:06.706 +02:00 [INF] Map "d5c08240-0436-454a-8993-362abf5bc477": window light drew 1/1 beam(s)
2026-05-25 20:12:06.769 +02:00 [INF] Map "d5c08240-0436-454a-8993-362abf5bc477": window light drew 1/1 beam(s)
2026-05-25 20:12:06.795 +02:00 [INF] Map "d5c08240-0436-454a-8993-362abf5bc477": window light drew 1/1 beam(s)
2026-05-25 20:12:06.833 +02:00 [INF] Map "d5c08240-0436-454a-8993-362abf5bc477": window light drew 1/1 beam(s)
2026-05-25 20:12:06.859 +02:00 [INF] Map "d5c08240-0436-454a-8993-362abf5bc477": window light drew 1/1 beam(s)
2026-05-25 20:12:06.884 +02:00 [INF] Map "d5c08240-0436-454a-8993-362abf5bc477": window light drew 1/1 beam(s)
2026-05-25 20:12:06.911 +02:00 [INF] Map "d5c08240-0436-454a-8993-362abf5bc477": window light drew 1/1 beam(s)
2026-05-25 20:12:06.936 +02:00 [INF] Map "d5c08240-0436-454a-8993-362abf5bc477": window light drew 1/1 beam(s)
2026-05-25 20:12:06.962 +02:00 [INF] Map "d5c08240-0436-454a-8993-362abf5bc477": window light drew 1/1 beam(s)
2026-05-25 20:12:06.989 +02:00 [INF] Map "d5c08240-0436-454a-8993-362abf5bc477": window light drew 1/1 beam(s)
2026-05-25 20:12:07.014 +02:00 [INF] Map "d5c08240-0436-454a-8993-362abf5bc477": window light drew 1/1 beam(s)
2026-05-25 20:12:07.052 +02:00 [INF] Map "d5c08240-0436-454a-8993-362abf5bc477": window light drew 1/1 beam(s)
2026-05-25 20:12:07.077 +02:00 [INF] Map "d5c08240-0436-454a-8993-362abf5bc477": window light drew 1/1 beam(s)
2026-05-25 20:12:07.102 +02:00 [INF] Map "d5c08240-0436-454a-8993-362abf5bc477": window light drew 1/1 beam(s)
2026-05-25 20:12:07.128 +02:00 [INF] Map "d5c08240-0436-454a-8993-362abf5bc477": window light drew 1/1 beam(s)
2026-05-25 20:12:07.154 +02:00 [INF] Map "d5c08240-0436-454a-8993-362abf5bc477": window light drew 1/1 beam(s)
2026-05-25 20:12:07.181 +02:00 [INF] Map "d5c08240-0436-454a-8993-362abf5bc477": window light drew 1/1 beam(s)
2026-05-25 20:12:07.206 +02:00 [INF] Map "d5c08240-0436-454a-8993-362abf5bc477": window light drew 1/1 beam(s)
2026-05-25 20:12:07.232 +02:00 [INF] Map "d5c08240-0436-454a-8993-362abf5bc477": window light drew 1/1 beam(s)
2026-05-25 20:12:07.271 +02:00 [INF] Map "d5c08240-0436-454a-8993-362abf5bc477": window light drew 1/1 beam(s)
2026-05-25 20:12:07.296 +02:00 [INF] Map "d5c08240-0436-454a-8993-362abf5bc477": window light drew 1/1 beam(s)
2026-05-25 20:12:07.323 +02:00 [INF] Map "d5c08240-0436-454a-8993-362abf5bc477": window light drew 1/1 beam(s)
2026-05-25 20:12:07.349 +02:00 [INF] Map "d5c08240-0436-454a-8993-362abf5bc477": window light drew 1/1 beam(s)
2026-05-25 20:12:07.374 +02:00 [INF] Map "d5c08240-0436-454a-8993-362abf5bc477": window light drew 1/1 beam(s)
2026-05-25 20:12:07.471 +02:00 [INF] System window closing (due to user interaction most likely).
2026-05-25 20:12:07.475 +02:00 [INF] Disconnected [354ddfda-2eb1-4fca-926f-ba5802bf0eac].
2026-05-25 20:12:07.476 +02:00 [INF] Updating active permission set to 'default'
2026-05-25 20:12:07.515 +02:00 [INF] Acquiring context lock... (0ms)
2026-05-25 20:12:07.515 +02:00 [INF] Acquired. (0ms)
2026-05-25 20:12:07.516 +02:00 [INF] Beginning context dispose. (0ms)
2026-05-25 20:12:07.516 +02:00 [INF] GC.SuppressFinalize (0ms)
2026-05-25 20:12:07.516 +02:00 [INF] InternalDispose() completed. (0ms)
2026-05-25 20:12:07.516 +02:00 [INF] Clearing instance... (1ms)
2026-05-25 20:12:07.516 +02:00 [INF] Releasing context lock... (1ms)
2026-05-25 20:12:07.516 +02:00 [INF] Released. (1ms)
