2026-05-26 01:23:29.103 +02:00 [INF] Starting Intersect Client v0.8.0.0-custom+32d39132dace1351f63375b261f241297dd35be8-dirty
2026-05-26 01:23:29.325 +02:00 [INF] Discovered service type: Intersect.Plugins.PluginService
2026-05-26 01:23:29.329 +02:00 [WRN] Directory was specified as a plugin directory but does not exist: 'resources\plugins'
2026-05-26 01:23:29.330 +02:00 [INF] Discovered 0 plugins:

2026-05-26 01:23:32.405 +02:00 [INF] Connecting to 127.0.0.1:5400...
2026-05-26 01:23:32.426 +02:00 [INF] Connected [9b6f51c5-530b-42dd-be07-608df165e59c].
2026-05-26 01:23:32.437 +02:00 [INF] Connection approved [9b6f51c5-530b-42dd-be07-608df165e59c].
2026-05-26 01:23:32.525 +02:00 [INF] Updated PermissionSet 'default'
2026-05-26 01:23:39.641 +02:00 [INF] Updated PermissionSet 'admin'
2026-05-26 01:23:39.641 +02:00 [INF] Updating active permission set to 'admin'
2026-05-26 01:23:40.265 +02:00 [WRN] 'Me' is null.
2026-05-26 01:23:40.737 +02:00 [INF] LoadWindowLightZones() called for map "d5c08240-0436-454a-8993-362abf5bc477", JSON length=38302, contains WindowLightZones=true
2026-05-26 01:23:40.738 +02:00 [INF] LoadWindowLightZones() successfully deserialized 1 window light zone(s) for map "d5c08240-0436-454a-8993-362abf5bc477"
2026-05-26 01:23:40.738 +02:00 [INF] Map "d5c08240-0436-454a-8993-362abf5bc477" 'New Map' loaded with 1 window light zone(s)
2026-05-26 01:23:40.903 +02:00 [INF] BuildWindowLightBeams() map "d5c08240-0436-454a-8993-362abf5bc477": WindowLightZones=1
2026-05-26 01:23:40.908 +02:00 [INF] BuildWindowLightBeams() map "d5c08240-0436-454a-8993-362abf5bc477": created 1 beam(s) from 1 zone(s)
2026-05-26 01:23:40.908 +02:00 [INF] Built VBO for map d5c08240-0436-454a-8993-362abf5bc477 'New Map' in 20.5999ms
2026-05-26 01:23:40.934 +02:00 [INF] DrawWindowLightEffects() called for map "d5c08240-0436-454a-8993-362abf5bc477": Renderer=false, Beams=1
2026-05-26 01:23:40.934 +02:00 [INF] Map "d5c08240-0436-454a-8993-362abf5bc477": window light drew 0/1 beam(s), skipped 1
2026-05-26 01:23:40.992 +02:00 [INF] DrawWindowLightEffects() called for map "d5c08240-0436-454a-8993-362abf5bc477": Renderer=false, Beams=1
2026-05-26 01:23:40.993 +02:00 [INF] Map "d5c08240-0436-454a-8993-362abf5bc477": window light drew 0/1 beam(s), skipped 1
2026-05-26 01:23:41.019 +02:00 [INF] DrawWindowLightEffects() called for map "d5c08240-0436-454a-8993-362abf5bc477": Renderer=false, Beams=1
2026-05-26 01:23:41.019 +02:00 [INF] Map "d5c08240-0436-454a-8993-362abf5bc477": window light drew 0/1 beam(s), skipped 1
2026-05-26 01:23:41.044 +02:00 [INF] DrawWindowLightEffects() called for map "d5c08240-0436-454a-8993-362abf5bc477": Renderer=false, Beams=1
2026-05-26 01:23:41.044 +02:00 [INF] Map "d5c08240-0436-454a-8993-362abf5bc477": window light drew 0/1 beam(s), skipped 1
2026-05-26 01:23:41.069 +02:00 [INF] DrawWindowLightEffects() called for map "d5c08240-0436-454a-8993-362abf5bc477": Renderer=false, Beams=1
2026-05-26 01:23:41.069 +02:00 [INF] Map "d5c08240-0436-454a-8993-362abf5bc477": window light drew 0/1 beam(s), skipped 1
2026-05-26 01:23:41.094 +02:00 [INF] DrawWindowLightEffects() called for map "d5c08240-0436-454a-8993-362abf5bc477": Renderer=false, Beams=1
2026-05-26 01:23:41.094 +02:00 [INF] Map "d5c08240-0436-454a-8993-362abf5bc477": window light drew 0/1 beam(s), skipped 1
2026-05-26 01:23:41.119 +02:00 [INF] DrawWindowLightEffects() called for map "d5c08240-0436-454a-8993-362abf5bc477": Renderer=false, Beams=1
2026-05-26 01:23:41.119 +02:00 [INF] Map "d5c08240-0436-454a-8993-362abf5bc477": window light drew 0/1 beam(s), skipped 1
2026-05-26 01:23:41.144 +02:00 [INF] DrawWindowLightEffects() called for map "d5c08240-0436-454a-8993-362abf5bc477": Renderer=false, Beams=1
2026-05-26 01:23:41.144 +02:00 [INF] Map "d5c08240-0436-454a-8993-362abf5bc477": window light drew 0/1 beam(s), skipped 1
2026-05-26 01:23:41.170 +02:00 [INF] DrawWindowLightEffects() called for map "d5c08240-0436-454a-8993-362abf5bc477": Renderer=false, Beams=1
2026-05-26 01:23:41.170 +02:00 [INF] Map "d5c08240-0436-454a-8993-362abf5bc477": window light drew 0/1 beam(s), skipped 1
2026-05-26 01:23:41.195 +02:00 [INF] DrawWindowLightEffects() called for map "d5c08240-0436-454a-8993-362abf5bc477": Renderer=false, Beams=1
2026-05-26 01:23:41.195 +02:00 [INF] Map "d5c08240-0436-454a-8993-362abf5bc477": window light drew 0/1 beam(s), skipped 1
2026-05-26 01:23:41.220 +02:00 [INF] DrawWindowLightEffects() called for map "d5c08240-0436-454a-8993-362abf5bc477": Renderer=false, Beams=1
2026-05-26 01:23:41.220 +02:00 [INF] Map "d5c08240-0436-454a-8993-362abf5bc477": window light drew 0/1 beam(s), skipped 1
2026-05-26 01:23:41.245 +02:00 [INF] DrawWindowLightEffects() called for map "d5c08240-0436-454a-8993-362abf5bc477": Renderer=false, Beams=1
2026-05-26 01:23:41.245 +02:00 [INF] Map "d5c08240-0436-454a-8993-362abf5bc477": window light drew 0/1 beam(s), skipped 1
2026-05-26 01:23:41.270 +02:00 [INF] DrawWindowLightEffects() called for map "d5c08240-0436-454a-8993-362abf5bc477": Renderer=false, Beams=1
2026-05-26 01:23:41.270 +02:00 [INF] Map "d5c08240-0436-454a-8993-362abf5bc477": window light drew 0/1 beam(s), skipped 1
2026-05-26 01:23:41.295 +02:00 [INF] DrawWindowLightEffects() called for map "d5c08240-0436-454a-8993-362abf5bc477": Renderer=false, Beams=1
2026-05-26 01:23:41.296 +02:00 [INF] Map "d5c08240-0436-454a-8993-362abf5bc477": window light drew 0/1 beam(s), skipped 1
2026-05-26 01:23:41.321 +02:00 [INF] DrawWindowLightEffects() called for map "d5c08240-0436-454a-8993-362abf5bc477": Renderer=false, Beams=1
2026-05-26 01:23:41.321 +02:00 [INF] Map "d5c08240-0436-454a-8993-362abf5bc477": window light drew 0/1 beam(s), skipped 1
2026-05-26 01:23:41.346 +02:00 [INF] DrawWindowLightEffects() called for map "d5c08240-0436-454a-8993-362abf5bc477": Renderer=false, Beams=1
2026-05-26 01:23:41.346 +02:00 [INF] Map "d5c08240-0436-454a-8993-362abf5bc477": window light drew 0/1 beam(s), skipped 1
2026-05-26 01:23:41.385 +02:00 [INF] DrawWindowLightEffects() called for map "d5c08240-0436-454a-8993-362abf5bc477": Renderer=false, Beams=1
2026-05-26 01:23:41.385 +02:00 [INF] Map "d5c08240-0436-454a-8993-362abf5bc477": window light drew 0/1 beam(s), skipped 1
2026-05-26 01:23:41.410 +02:00 [INF] DrawWindowLightEffects() called for map "d5c08240-0436-454a-8993-362abf5bc477": Renderer=false, Beams=1
2026-05-26 01:23:41.410 +02:00 [INF] Map "d5c08240-0436-454a-8993-362abf5bc477": window light drew 0/1 beam(s), skipped 1
2026-05-26 01:23:41.435 +02:00 [INF] DrawWindowLightEffects() called for map "d5c08240-0436-454a-8993-362abf5bc477": Renderer=false, Beams=1
2026-05-26 01:23:41.435 +02:00 [INF] Map "d5c08240-0436-454a-8993-362abf5bc477": window light drew 0/1 beam(s), skipped 1
2026-05-26 01:23:41.462 +02:00 [INF] DrawWindowLightEffects() called for map "d5c08240-0436-454a-8993-362abf5bc477": Renderer=false, Beams=1
2026-05-26 01:23:41.462 +02:00 [INF] Map "d5c08240-0436-454a-8993-362abf5bc477": window light drew 0/1 beam(s), skipped 1
2026-05-26 01:23:41.487 +02:00 [INF] DrawWindowLightEffects() called for map "d5c08240-0436-454a-8993-362abf5bc477": Renderer=false, Beams=1
2026-05-26 01:23:41.487 +02:00 [INF] Map "d5c08240-0436-454a-8993-362abf5bc477": window light drew 0/1 beam(s), skipped 1
2026-05-26 01:23:41.511 +02:00 [INF] DrawWindowLightEffects() called for map "d5c08240-0436-454a-8993-362abf5bc477": Renderer=false, Beams=1
2026-05-26 01:23:41.511 +02:00 [INF] Map "d5c08240-0436-454a-8993-362abf5bc477": window light drew 0/1 beam(s), skipped 1
2026-05-26 01:23:41.536 +02:00 [INF] DrawWindowLightEffects() called for map "d5c08240-0436-454a-8993-362abf5bc477": Renderer=false, Beams=1
2026-05-26 01:23:41.536 +02:00 [INF] Map "d5c08240-0436-454a-8993-362abf5bc477": window light drew 0/1 beam(s), skipped 1
2026-05-26 01:23:41.560 +02:00 [INF] DrawWindowLightEffects() called for map "d5c08240-0436-454a-8993-362abf5bc477": Renderer=false, Beams=1
2026-05-26 01:23:41.560 +02:00 [INF] Map "d5c08240-0436-454a-8993-362abf5bc477": window light drew 0/1 beam(s), skipped 1
2026-05-26 01:23:41.600 +02:00 [INF] DrawWindowLightEffects() called for map "d5c08240-0436-454a-8993-362abf5bc477": Renderer=false, Beams=1
2026-05-26 01:23:41.601 +02:00 [INF] Map "d5c08240-0436-454a-8993-362abf5bc477": window light drew 0/1 beam(s), skipped 1
2026-05-26 01:23:41.625 +02:00 [INF] DrawWindowLightEffects() called for map "d5c08240-0436-454a-8993-362abf5bc477": Renderer=false, Beams=1
2026-05-26 01:23:41.625 +02:00 [INF] Map "d5c08240-0436-454a-8993-362abf5bc477": window light drew 0/1 beam(s), skipped 1
2026-05-26 01:23:41.650 +02:00 [INF] DrawWindowLightEffects() called for map "d5c08240-0436-454a-8993-362abf5bc477": Renderer=false, Beams=1
2026-05-26 01:23:41.650 +02:00 [INF] Map "d5c08240-0436-454a-8993-362abf5bc477": window light drew 0/1 beam(s), skipped 1
2026-05-26 01:23:41.675 +02:00 [INF] DrawWindowLightEffects() called for map "d5c08240-0436-454a-8993-362abf5bc477": Renderer=false, Beams=1
2026-05-26 01:23:41.675 +02:00 [INF] Map "d5c08240-0436-454a-8993-362abf5bc477": window light drew 0/1 beam(s), skipped 1
2026-05-26 01:23:41.700 +02:00 [INF] DrawWindowLightEffects() called for map "d5c08240-0436-454a-8993-362abf5bc477": Renderer=false, Beams=1
2026-05-26 01:23:41.700 +02:00 [INF] Map "d5c08240-0436-454a-8993-362abf5bc477": window light drew 0/1 beam(s), skipped 1
2026-05-26 01:23:41.725 +02:00 [INF] DrawWindowLightEffects() called for map "d5c08240-0436-454a-8993-362abf5bc477": Renderer=false, Beams=1
2026-05-26 01:23:41.726 +02:00 [INF] Map "d5c08240-0436-454a-8993-362abf5bc477": window light drew 0/1 beam(s), skipped 1
2026-05-26 01:23:41.751 +02:00 [INF] DrawWindowLightEffects() called for map "d5c08240-0436-454a-8993-362abf5bc477": Renderer=false, Beams=1
2026-05-26 01:23:41.751 +02:00 [INF] Map "d5c08240-0436-454a-8993-362abf5bc477": window light drew 0/1 beam(s), skipped 1
2026-05-26 01:23:41.776 +02:00 [INF] DrawWindowLightEffects() called for map "d5c08240-0436-454a-8993-362abf5bc477": Renderer=false, Beams=1
2026-05-26 01:23:41.776 +02:00 [INF] Map "d5c08240-0436-454a-8993-362abf5bc477": window light drew 0/1 beam(s), skipped 1
2026-05-26 01:23:41.801 +02:00 [INF] DrawWindowLightEffects() called for map "d5c08240-0436-454a-8993-362abf5bc477": Renderer=false, Beams=1
2026-05-26 01:23:41.801 +02:00 [INF] Map "d5c08240-0436-454a-8993-362abf5bc477": window light drew 0/1 beam(s), skipped 1
2026-05-26 01:23:41.839 +02:00 [INF] DrawWindowLightEffects() called for map "d5c08240-0436-454a-8993-362abf5bc477": Renderer=false, Beams=1
2026-05-26 01:23:41.839 +02:00 [INF] Map "d5c08240-0436-454a-8993-362abf5bc477": window light drew 0/1 beam(s), skipped 1
2026-05-26 01:23:41.864 +02:00 [INF] DrawWindowLightEffects() called for map "d5c08240-0436-454a-8993-362abf5bc477": Renderer=false, Beams=1
2026-05-26 01:23:41.864 +02:00 [INF] Map "d5c08240-0436-454a-8993-362abf5bc477": window light drew 0/1 beam(s), skipped 1
2026-05-26 01:23:41.889 +02:00 [INF] DrawWindowLightEffects() called for map "d5c08240-0436-454a-8993-362abf5bc477": Renderer=false, Beams=1
2026-05-26 01:23:41.889 +02:00 [INF] Map "d5c08240-0436-454a-8993-362abf5bc477": window light drew 0/1 beam(s), skipped 1
2026-05-26 01:23:41.915 +02:00 [INF] DrawWindowLightEffects() called for map "d5c08240-0436-454a-8993-362abf5bc477": Renderer=false, Beams=1
2026-05-26 01:23:41.915 +02:00 [INF] Map "d5c08240-0436-454a-8993-362abf5bc477": window light drew 0/1 beam(s), skipped 1
2026-05-26 01:23:41.941 +02:00 [INF] DrawWindowLightEffects() called for map "d5c08240-0436-454a-8993-362abf5bc477": Renderer=false, Beams=1
2026-05-26 01:23:41.941 +02:00 [INF] Map "d5c08240-0436-454a-8993-362abf5bc477": window light drew 0/1 beam(s), skipped 1
2026-05-26 01:23:41.965 +02:00 [INF] DrawWindowLightEffects() called for map "d5c08240-0436-454a-8993-362abf5bc477": Renderer=false, Beams=1
2026-05-26 01:23:41.965 +02:00 [INF] Map "d5c08240-0436-454a-8993-362abf5bc477": window light drew 0/1 beam(s), skipped 1
2026-05-26 01:23:41.988 +02:00 [INF] DrawWindowLightEffects() called for map "d5c08240-0436-454a-8993-362abf5bc477": Renderer=false, Beams=1
2026-05-26 01:23:41.988 +02:00 [INF] Map "d5c08240-0436-454a-8993-362abf5bc477": window light drew 0/1 beam(s), skipped 1
2026-05-26 01:23:42.012 +02:00 [INF] DrawWindowLightEffects() called for map "d5c08240-0436-454a-8993-362abf5bc477": Renderer=false, Beams=1
2026-05-26 01:23:42.012 +02:00 [INF] Map "d5c08240-0436-454a-8993-362abf5bc477": window light drew 0/1 beam(s), skipped 1
2026-05-26 01:23:42.048 +02:00 [INF] DrawWindowLightEffects() called for map "d5c08240-0436-454a-8993-362abf5bc477": Renderer=false, Beams=1
2026-05-26 01:23:42.048 +02:00 [INF] Map "d5c08240-0436-454a-8993-362abf5bc477": window light drew 0/1 beam(s), skipped 1
2026-05-26 01:23:42.072 +02:00 [INF] DrawWindowLightEffects() called for map "d5c08240-0436-454a-8993-362abf5bc477": Renderer=false, Beams=1
2026-05-26 01:23:42.072 +02:00 [INF] Map "d5c08240-0436-454a-8993-362abf5bc477": window light drew 0/1 beam(s), skipped 1
2026-05-26 01:23:42.095 +02:00 [INF] DrawWindowLightEffects() called for map "d5c08240-0436-454a-8993-362abf5bc477": Renderer=false, Beams=1
2026-05-26 01:23:42.095 +02:00 [INF] Map "d5c08240-0436-454a-8993-362abf5bc477": window light drew 0/1 beam(s), skipped 1
2026-05-26 01:23:42.118 +02:00 [INF] DrawWindowLightEffects() called for map "d5c08240-0436-454a-8993-362abf5bc477": Renderer=false, Beams=1
2026-05-26 01:23:42.118 +02:00 [INF] Map "d5c08240-0436-454a-8993-362abf5bc477": window light drew 0/1 beam(s), skipped 1
2026-05-26 01:23:42.142 +02:00 [INF] DrawWindowLightEffects() called for map "d5c08240-0436-454a-8993-362abf5bc477": Renderer=false, Beams=1
2026-05-26 01:23:42.142 +02:00 [INF] Map "d5c08240-0436-454a-8993-362abf5bc477": window light drew 0/1 beam(s), skipped 1
2026-05-26 01:23:42.165 +02:00 [INF] DrawWindowLightEffects() called for map "d5c08240-0436-454a-8993-362abf5bc477": Renderer=false, Beams=1
2026-05-26 01:23:42.165 +02:00 [INF] Map "d5c08240-0436-454a-8993-362abf5bc477": window light drew 0/1 beam(s), skipped 1
2026-05-26 01:23:42.189 +02:00 [INF] DrawWindowLightEffects() called for map "d5c08240-0436-454a-8993-362abf5bc477": Renderer=false, Beams=1
2026-05-26 01:23:42.189 +02:00 [INF] Map "d5c08240-0436-454a-8993-362abf5bc477": window light drew 0/1 beam(s), skipped 1
2026-05-26 01:23:42.212 +02:00 [INF] DrawWindowLightEffects() called for map "d5c08240-0436-454a-8993-362abf5bc477": Renderer=false, Beams=1
2026-05-26 01:23:42.212 +02:00 [INF] Map "d5c08240-0436-454a-8993-362abf5bc477": window light drew 0/1 beam(s), skipped 1
2026-05-26 01:23:42.249 +02:00 [INF] DrawWindowLightEffects() called for map "d5c08240-0436-454a-8993-362abf5bc477": Renderer=false, Beams=1
2026-05-26 01:23:42.249 +02:00 [INF] Map "d5c08240-0436-454a-8993-362abf5bc477": window light drew 0/1 beam(s), skipped 1
2026-05-26 01:23:42.272 +02:00 [INF] DrawWindowLightEffects() called for map "d5c08240-0436-454a-8993-362abf5bc477": Renderer=false, Beams=1
2026-05-26 01:23:42.272 +02:00 [INF] Map "d5c08240-0436-454a-8993-362abf5bc477": window light drew 0/1 beam(s), skipped 1
2026-05-26 01:23:42.296 +02:00 [INF] DrawWindowLightEffects() called for map "d5c08240-0436-454a-8993-362abf5bc477": Renderer=false, Beams=1
2026-05-26 01:23:42.296 +02:00 [INF] Map "d5c08240-0436-454a-8993-362abf5bc477": window light drew 0/1 beam(s), skipped 1
2026-05-26 01:23:42.319 +02:00 [INF] DrawWindowLightEffects() called for map "d5c08240-0436-454a-8993-362abf5bc477": Renderer=false, Beams=1
2026-05-26 01:23:42.319 +02:00 [INF] Map "d5c08240-0436-454a-8993-362abf5bc477": window light drew 0/1 beam(s), skipped 1
2026-05-26 01:23:42.344 +02:00 [INF] DrawWindowLightEffects() called for map "d5c08240-0436-454a-8993-362abf5bc477": Renderer=false, Beams=1
2026-05-26 01:23:42.344 +02:00 [INF] Map "d5c08240-0436-454a-8993-362abf5bc477": window light drew 0/1 beam(s), skipped 1
2026-05-26 01:23:42.368 +02:00 [INF] DrawWindowLightEffects() called for map "d5c08240-0436-454a-8993-362abf5bc477": Renderer=false, Beams=1
2026-05-26 01:23:42.368 +02:00 [INF] Map "d5c08240-0436-454a-8993-362abf5bc477": window light drew 0/1 beam(s), skipped 1
2026-05-26 01:23:42.392 +02:00 [INF] DrawWindowLightEffects() called for map "d5c08240-0436-454a-8993-362abf5bc477": Renderer=false, Beams=1
2026-05-26 01:23:42.392 +02:00 [INF] Map "d5c08240-0436-454a-8993-362abf5bc477": window light drew 0/1 beam(s), skipped 1
2026-05-26 01:23:42.416 +02:00 [INF] DrawWindowLightEffects() called for map "d5c08240-0436-454a-8993-362abf5bc477": Renderer=false, Beams=1
2026-05-26 01:23:42.416 +02:00 [INF] Map "d5c08240-0436-454a-8993-362abf5bc477": window light drew 0/1 beam(s), skipped 1
2026-05-26 01:23:42.452 +02:00 [INF] DrawWindowLightEffects() called for map "d5c08240-0436-454a-8993-362abf5bc477": Renderer=false, Beams=1
2026-05-26 01:23:42.452 +02:00 [INF] Map "d5c08240-0436-454a-8993-362abf5bc477": window light drew 0/1 beam(s), skipped 1
2026-05-26 01:23:42.476 +02:00 [INF] DrawWindowLightEffects() called for map "d5c08240-0436-454a-8993-362abf5bc477": Renderer=false, Beams=1
2026-05-26 01:23:42.476 +02:00 [INF] Map "d5c08240-0436-454a-8993-362abf5bc477": window light drew 0/1 beam(s), skipped 1
2026-05-26 01:23:42.500 +02:00 [INF] DrawWindowLightEffects() called for map "d5c08240-0436-454a-8993-362abf5bc477": Renderer=false, Beams=1
2026-05-26 01:23:42.500 +02:00 [INF] Map "d5c08240-0436-454a-8993-362abf5bc477": window light drew 0/1 beam(s), skipped 1
2026-05-26 01:23:42.524 +02:00 [INF] DrawWindowLightEffects() called for map "d5c08240-0436-454a-8993-362abf5bc477": Renderer=false, Beams=1
2026-05-26 01:23:42.524 +02:00 [INF] Map "d5c08240-0436-454a-8993-362abf5bc477": window light drew 0/1 beam(s), skipped 1
2026-05-26 01:23:42.547 +02:00 [INF] DrawWindowLightEffects() called for map "d5c08240-0436-454a-8993-362abf5bc477": Renderer=false, Beams=1
2026-05-26 01:23:42.547 +02:00 [INF] Map "d5c08240-0436-454a-8993-362abf5bc477": window light drew 0/1 beam(s), skipped 1
2026-05-26 01:23:42.570 +02:00 [INF] DrawWindowLightEffects() called for map "d5c08240-0436-454a-8993-362abf5bc477": Renderer=false, Beams=1
2026-05-26 01:23:42.570 +02:00 [INF] Map "d5c08240-0436-454a-8993-362abf5bc477": window light drew 0/1 beam(s), skipped 1
2026-05-26 01:23:42.593 +02:00 [INF] DrawWindowLightEffects() called for map "d5c08240-0436-454a-8993-362abf5bc477": Renderer=false, Beams=1
2026-05-26 01:23:42.593 +02:00 [INF] Map "d5c08240-0436-454a-8993-362abf5bc477": window light drew 0/1 beam(s), skipped 1
2026-05-26 01:23:42.616 +02:00 [INF] DrawWindowLightEffects() called for map "d5c08240-0436-454a-8993-362abf5bc477": Renderer=false, Beams=1
2026-05-26 01:23:42.616 +02:00 [INF] Map "d5c08240-0436-454a-8993-362abf5bc477": window light drew 0/1 beam(s), skipped 1
2026-05-26 01:23:42.639 +02:00 [INF] DrawWindowLightEffects() called for map "d5c08240-0436-454a-8993-362abf5bc477": Renderer=false, Beams=1
2026-05-26 01:23:42.639 +02:00 [INF] Map "d5c08240-0436-454a-8993-362abf5bc477": window light drew 0/1 beam(s), skipped 1
2026-05-26 01:23:42.676 +02:00 [INF] DrawWindowLightEffects() called for map "d5c08240-0436-454a-8993-362abf5bc477": Renderer=false, Beams=1
2026-05-26 01:23:42.676 +02:00 [INF] Map "d5c08240-0436-454a-8993-362abf5bc477": window light drew 0/1 beam(s), skipped 1
2026-05-26 01:23:42.699 +02:00 [INF] DrawWindowLightEffects() called for map "d5c08240-0436-454a-8993-362abf5bc477": Renderer=false, Beams=1
2026-05-26 01:23:42.699 +02:00 [INF] Map "d5c08240-0436-454a-8993-362abf5bc477": window light drew 0/1 beam(s), skipped 1
2026-05-26 01:23:42.723 +02:00 [INF] DrawWindowLightEffects() called for map "d5c08240-0436-454a-8993-362abf5bc477": Renderer=false, Beams=1
2026-05-26 01:23:42.723 +02:00 [INF] Map "d5c08240-0436-454a-8993-362abf5bc477": window light drew 0/1 beam(s), skipped 1
2026-05-26 01:23:42.747 +02:00 [INF] DrawWindowLightEffects() called for map "d5c08240-0436-454a-8993-362abf5bc477": Renderer=false, Beams=1
2026-05-26 01:23:42.747 +02:00 [INF] Map "d5c08240-0436-454a-8993-362abf5bc477": window light drew 0/1 beam(s), skipped 1
2026-05-26 01:23:42.770 +02:00 [INF] DrawWindowLightEffects() called for map "d5c08240-0436-454a-8993-362abf5bc477": Renderer=false, Beams=1
2026-05-26 01:23:42.770 +02:00 [INF] Map "d5c08240-0436-454a-8993-362abf5bc477": window light drew 0/1 beam(s), skipped 1
2026-05-26 01:23:42.794 +02:00 [INF] DrawWindowLightEffects() called for map "d5c08240-0436-454a-8993-362abf5bc477": Renderer=false, Beams=1
2026-05-26 01:23:42.794 +02:00 [INF] Map "d5c08240-0436-454a-8993-362abf5bc477": window light drew 0/1 beam(s), skipped 1
2026-05-26 01:23:42.818 +02:00 [INF] DrawWindowLightEffects() called for map "d5c08240-0436-454a-8993-362abf5bc477": Renderer=false, Beams=1
2026-05-26 01:23:42.818 +02:00 [INF] Map "d5c08240-0436-454a-8993-362abf5bc477": window light drew 0/1 beam(s), skipped 1
2026-05-26 01:23:42.855 +02:00 [INF] DrawWindowLightEffects() called for map "d5c08240-0436-454a-8993-362abf5bc477": Renderer=false, Beams=1
2026-05-26 01:23:42.855 +02:00 [INF] Map "d5c08240-0436-454a-8993-362abf5bc477": window light drew 0/1 beam(s), skipped 1
2026-05-26 01:23:42.878 +02:00 [INF] DrawWindowLightEffects() called for map "d5c08240-0436-454a-8993-362abf5bc477": Renderer=false, Beams=1
2026-05-26 01:23:42.878 +02:00 [INF] Map "d5c08240-0436-454a-8993-362abf5bc477": window light drew 0/1 beam(s), skipped 1
2026-05-26 01:23:42.902 +02:00 [INF] DrawWindowLightEffects() called for map "d5c08240-0436-454a-8993-362abf5bc477": Renderer=false, Beams=1
2026-05-26 01:23:42.902 +02:00 [INF] Map "d5c08240-0436-454a-8993-362abf5bc477": window light drew 0/1 beam(s), skipped 1
2026-05-26 01:23:42.925 +02:00 [INF] DrawWindowLightEffects() called for map "d5c08240-0436-454a-8993-362abf5bc477": Renderer=false, Beams=1
2026-05-26 01:23:42.925 +02:00 [INF] Map "d5c08240-0436-454a-8993-362abf5bc477": window light drew 0/1 beam(s), skipped 1
2026-05-26 01:23:42.948 +02:00 [INF] DrawWindowLightEffects() called for map "d5c08240-0436-454a-8993-362abf5bc477": Renderer=false, Beams=1
2026-05-26 01:23:42.948 +02:00 [INF] Map "d5c08240-0436-454a-8993-362abf5bc477": window light drew 0/1 beam(s), skipped 1
2026-05-26 01:23:42.977 +02:00 [INF] DrawWindowLightEffects() called for map "d5c08240-0436-454a-8993-362abf5bc477": Renderer=false, Beams=1
2026-05-26 01:23:42.977 +02:00 [INF] Map "d5c08240-0436-454a-8993-362abf5bc477": window light drew 0/1 beam(s), skipped 1
2026-05-26 01:23:43.020 +02:00 [INF] DrawWindowLightEffects() called for map "d5c08240-0436-454a-8993-362abf5bc477": Renderer=false, Beams=1
2026-05-26 01:23:43.020 +02:00 [INF] Map "d5c08240-0436-454a-8993-362abf5bc477": window light drew 0/1 beam(s), skipped 1
2026-05-26 01:23:43.057 +02:00 [INF] DrawWindowLightEffects() called for map "d5c08240-0436-454a-8993-362abf5bc477": Renderer=false, Beams=1
2026-05-26 01:23:43.057 +02:00 [INF] Map "d5c08240-0436-454a-8993-362abf5bc477": window light drew 0/1 beam(s), skipped 1
2026-05-26 01:23:43.083 +02:00 [INF] DrawWindowLightEffects() called for map "d5c08240-0436-454a-8993-362abf5bc477": Renderer=false, Beams=1
2026-05-26 01:23:43.083 +02:00 [INF] Map "d5c08240-0436-454a-8993-362abf5bc477": window light drew 0/1 beam(s), skipped 1
2026-05-26 01:23:43.107 +02:00 [INF] DrawWindowLightEffects() called for map "d5c08240-0436-454a-8993-362abf5bc477": Renderer=false, Beams=1
2026-05-26 01:23:43.108 +02:00 [INF] Map "d5c08240-0436-454a-8993-362abf5bc477": window light drew 0/1 beam(s), skipped 1
2026-05-26 01:23:43.131 +02:00 [INF] DrawWindowLightEffects() called for map "d5c08240-0436-454a-8993-362abf5bc477": Renderer=false, Beams=1
2026-05-26 01:23:43.131 +02:00 [INF] Map "d5c08240-0436-454a-8993-362abf5bc477": window light drew 0/1 beam(s), skipped 1
2026-05-26 01:23:43.156 +02:00 [INF] DrawWindowLightEffects() called for map "d5c08240-0436-454a-8993-362abf5bc477": Renderer=false, Beams=1
2026-05-26 01:23:43.156 +02:00 [INF] Map "d5c08240-0436-454a-8993-362abf5bc477": window light drew 0/1 beam(s), skipped 1
2026-05-26 01:23:43.181 +02:00 [INF] DrawWindowLightEffects() called for map "d5c08240-0436-454a-8993-362abf5bc477": Renderer=false, Beams=1
2026-05-26 01:23:43.181 +02:00 [INF] Map "d5c08240-0436-454a-8993-362abf5bc477": window light drew 0/1 beam(s), skipped 1
2026-05-26 01:23:43.205 +02:00 [INF] DrawWindowLightEffects() called for map "d5c08240-0436-454a-8993-362abf5bc477": Renderer=false, Beams=1
2026-05-26 01:23:43.205 +02:00 [INF] Map "d5c08240-0436-454a-8993-362abf5bc477": window light drew 0/1 beam(s), skipped 1
2026-05-26 01:23:43.231 +02:00 [INF] DrawWindowLightEffects() called for map "d5c08240-0436-454a-8993-362abf5bc477": Renderer=false, Beams=1
2026-05-26 01:23:43.231 +02:00 [INF] Map "d5c08240-0436-454a-8993-362abf5bc477": window light drew 0/1 beam(s), skipped 1
2026-05-26 01:23:43.255 +02:00 [INF] DrawWindowLightEffects() called for map "d5c08240-0436-454a-8993-362abf5bc477": Renderer=false, Beams=1
2026-05-26 01:23:43.256 +02:00 [INF] Map "d5c08240-0436-454a-8993-362abf5bc477": window light drew 0/1 beam(s), skipped 1
2026-05-26 01:23:43.280 +02:00 [INF] DrawWindowLightEffects() called for map "d5c08240-0436-454a-8993-362abf5bc477": Renderer=false, Beams=1
2026-05-26 01:23:43.280 +02:00 [INF] Map "d5c08240-0436-454a-8993-362abf5bc477": window light drew 0/1 beam(s), skipped 1
2026-05-26 01:23:43.306 +02:00 [INF] DrawWindowLightEffects() called for map "d5c08240-0436-454a-8993-362abf5bc477": Renderer=false, Beams=1
2026-05-26 01:23:43.306 +02:00 [INF] Map "d5c08240-0436-454a-8993-362abf5bc477": window light drew 0/1 beam(s), skipped 1
2026-05-26 01:23:43.330 +02:00 [INF] DrawWindowLightEffects() called for map "d5c08240-0436-454a-8993-362abf5bc477": Renderer=false, Beams=1
2026-05-26 01:23:43.330 +02:00 [INF] Map "d5c08240-0436-454a-8993-362abf5bc477": window light drew 0/1 beam(s), skipped 1
2026-05-26 01:23:43.354 +02:00 [INF] DrawWindowLightEffects() called for map "d5c08240-0436-454a-8993-362abf5bc477": Renderer=false, Beams=1
2026-05-26 01:23:43.354 +02:00 [INF] Map "d5c08240-0436-454a-8993-362abf5bc477": window light drew 0/1 beam(s), skipped 1
2026-05-26 01:23:43.377 +02:00 [INF] DrawWindowLightEffects() called for map "d5c08240-0436-454a-8993-362abf5bc477": Renderer=false, Beams=1
2026-05-26 01:23:43.377 +02:00 [INF] Map "d5c08240-0436-454a-8993-362abf5bc477": window light drew 0/1 beam(s), skipped 1
2026-05-26 01:23:43.401 +02:00 [INF] DrawWindowLightEffects() called for map "d5c08240-0436-454a-8993-362abf5bc477": Renderer=false, Beams=1
2026-05-26 01:23:43.401 +02:00 [INF] Map "d5c08240-0436-454a-8993-362abf5bc477": window light drew 0/1 beam(s), skipped 1
2026-05-26 01:23:43.425 +02:00 [INF] DrawWindowLightEffects() called for map "d5c08240-0436-454a-8993-362abf5bc477": Renderer=false, Beams=1
2026-05-26 01:23:43.425 +02:00 [INF] Map "d5c08240-0436-454a-8993-362abf5bc477": window light drew 0/1 beam(s), skipped 1
2026-05-26 01:23:43.449 +02:00 [INF] DrawWindowLightEffects() called for map "d5c08240-0436-454a-8993-362abf5bc477": Renderer=false, Beams=1
2026-05-26 01:23:43.449 +02:00 [INF] Map "d5c08240-0436-454a-8993-362abf5bc477": window light drew 0/1 beam(s), skipped 1
2026-05-26 01:23:43.474 +02:00 [INF] DrawWindowLightEffects() called for map "d5c08240-0436-454a-8993-362abf5bc477": Renderer=false, Beams=1
2026-05-26 01:23:43.474 +02:00 [INF] Map "d5c08240-0436-454a-8993-362abf5bc477": window light drew 0/1 beam(s), skipped 1
2026-05-26 01:23:43.499 +02:00 [INF] DrawWindowLightEffects() called for map "d5c08240-0436-454a-8993-362abf5bc477": Renderer=false, Beams=1
2026-05-26 01:23:43.499 +02:00 [INF] Map "d5c08240-0436-454a-8993-362abf5bc477": window light drew 0/1 beam(s), skipped 1
2026-05-26 01:23:43.523 +02:00 [INF] DrawWindowLightEffects() called for map "d5c08240-0436-454a-8993-362abf5bc477": Renderer=false, Beams=1
2026-05-26 01:23:43.523 +02:00 [INF] Map "d5c08240-0436-454a-8993-362abf5bc477": window light drew 0/1 beam(s), skipped 1
2026-05-26 01:23:43.547 +02:00 [INF] DrawWindowLightEffects() called for map "d5c08240-0436-454a-8993-362abf5bc477": Renderer=false, Beams=1
2026-05-26 01:23:43.547 +02:00 [INF] Map "d5c08240-0436-454a-8993-362abf5bc477": window light drew 0/1 beam(s), skipped 1
2026-05-26 01:23:43.571 +02:00 [INF] DrawWindowLightEffects() called for map "d5c08240-0436-454a-8993-362abf5bc477": Renderer=false, Beams=1
2026-05-26 01:23:43.571 +02:00 [INF] Map "d5c08240-0436-454a-8993-362abf5bc477": window light drew 0/1 beam(s), skipped 1
2026-05-26 01:23:43.595 +02:00 [INF] DrawWindowLightEffects() called for map "d5c08240-0436-454a-8993-362abf5bc477": Renderer=false, Beams=1
2026-05-26 01:23:43.595 +02:00 [INF] Map "d5c08240-0436-454a-8993-362abf5bc477": window light drew 0/1 beam(s), skipped 1
2026-05-26 01:23:43.619 +02:00 [INF] DrawWindowLightEffects() called for map "d5c08240-0436-454a-8993-362abf5bc477": Renderer=false, Beams=1
2026-05-26 01:23:43.619 +02:00 [INF] Map "d5c08240-0436-454a-8993-362abf5bc477": window light drew 0/1 beam(s), skipped 1
2026-05-26 01:23:43.642 +02:00 [INF] DrawWindowLightEffects() called for map "d5c08240-0436-454a-8993-362abf5bc477": Renderer=false, Beams=1
2026-05-26 01:23:43.642 +02:00 [INF] Map "d5c08240-0436-454a-8993-362abf5bc477": window light drew 0/1 beam(s), skipped 1
2026-05-26 01:23:43.666 +02:00 [INF] DrawWindowLightEffects() called for map "d5c08240-0436-454a-8993-362abf5bc477": Renderer=false, Beams=1
2026-05-26 01:23:43.667 +02:00 [INF] Map "d5c08240-0436-454a-8993-362abf5bc477": window light drew 0/1 beam(s), skipped 1
2026-05-26 01:23:43.691 +02:00 [INF] DrawWindowLightEffects() called for map "d5c08240-0436-454a-8993-362abf5bc477": Renderer=false, Beams=1
2026-05-26 01:23:43.691 +02:00 [INF] Map "d5c08240-0436-454a-8993-362abf5bc477": window light drew 0/1 beam(s), skipped 1
2026-05-26 01:23:43.715 +02:00 [INF] DrawWindowLightEffects() called for map "d5c08240-0436-454a-8993-362abf5bc477": Renderer=false, Beams=1
2026-05-26 01:23:43.715 +02:00 [INF] Map "d5c08240-0436-454a-8993-362abf5bc477": window light drew 0/1 beam(s), skipped 1
2026-05-26 01:23:43.738 +02:00 [INF] DrawWindowLightEffects() called for map "d5c08240-0436-454a-8993-362abf5bc477": Renderer=false, Beams=1
2026-05-26 01:23:43.738 +02:00 [INF] Map "d5c08240-0436-454a-8993-362abf5bc477": window light drew 0/1 beam(s), skipped 1
2026-05-26 01:23:43.762 +02:00 [INF] DrawWindowLightEffects() called for map "d5c08240-0436-454a-8993-362abf5bc477": Renderer=false, Beams=1
2026-05-26 01:23:43.762 +02:00 [INF] Map "d5c08240-0436-454a-8993-362abf5bc477": window light drew 0/1 beam(s), skipped 1
2026-05-26 01:23:43.786 +02:00 [INF] DrawWindowLightEffects() called for map "d5c08240-0436-454a-8993-362abf5bc477": Renderer=false, Beams=1
2026-05-26 01:23:43.786 +02:00 [INF] Map "d5c08240-0436-454a-8993-362abf5bc477": window light drew 0/1 beam(s), skipped 1
2026-05-26 01:23:43.809 +02:00 [INF] DrawWindowLightEffects() called for map "d5c08240-0436-454a-8993-362abf5bc477": Renderer=false, Beams=1
2026-05-26 01:23:43.809 +02:00 [INF] Map "d5c08240-0436-454a-8993-362abf5bc477": window light drew 0/1 beam(s), skipped 1
2026-05-26 01:23:43.833 +02:00 [INF] DrawWindowLightEffects() called for map "d5c08240-0436-454a-8993-362abf5bc477": Renderer=false, Beams=1
2026-05-26 01:23:43.833 +02:00 [INF] Map "d5c08240-0436-454a-8993-362abf5bc477": window light drew 0/1 beam(s), skipped 1
2026-05-26 01:23:43.857 +02:00 [INF] DrawWindowLightEffects() called for map "d5c08240-0436-454a-8993-362abf5bc477": Renderer=false, Beams=1
2026-05-26 01:23:43.857 +02:00 [INF] Map "d5c08240-0436-454a-8993-362abf5bc477": window light drew 0/1 beam(s), skipped 1
2026-05-26 01:23:43.881 +02:00 [INF] DrawWindowLightEffects() called for map "d5c08240-0436-454a-8993-362abf5bc477": Renderer=false, Beams=1
2026-05-26 01:23:43.881 +02:00 [INF] Map "d5c08240-0436-454a-8993-362abf5bc477": window light drew 0/1 beam(s), skipped 1
2026-05-26 01:23:43.905 +02:00 [INF] DrawWindowLightEffects() called for map "d5c08240-0436-454a-8993-362abf5bc477": Renderer=false, Beams=1
2026-05-26 01:23:43.905 +02:00 [INF] Map "d5c08240-0436-454a-8993-362abf5bc477": window light drew 0/1 beam(s), skipped 1
2026-05-26 01:23:43.928 +02:00 [INF] DrawWindowLightEffects() called for map "d5c08240-0436-454a-8993-362abf5bc477": Renderer=false, Beams=1
2026-05-26 01:23:43.928 +02:00 [INF] Map "d5c08240-0436-454a-8993-362abf5bc477": window light drew 0/1 beam(s), skipped 1
2026-05-26 01:23:43.952 +02:00 [INF] DrawWindowLightEffects() called for map "d5c08240-0436-454a-8993-362abf5bc477": Renderer=false, Beams=1
2026-05-26 01:23:43.952 +02:00 [INF] Map "d5c08240-0436-454a-8993-362abf5bc477": window light drew 0/1 beam(s), skipped 1
2026-05-26 01:23:43.976 +02:00 [INF] DrawWindowLightEffects() called for map "d5c08240-0436-454a-8993-362abf5bc477": Renderer=false, Beams=1
2026-05-26 01:23:43.976 +02:00 [INF] Map "d5c08240-0436-454a-8993-362abf5bc477": window light drew 0/1 beam(s), skipped 1
2026-05-26 01:23:44.000 +02:00 [INF] DrawWindowLightEffects() called for map "d5c08240-0436-454a-8993-362abf5bc477": Renderer=false, Beams=1
2026-05-26 01:23:44.000 +02:00 [INF] Map "d5c08240-0436-454a-8993-362abf5bc477": window light drew 0/1 beam(s), skipped 1
2026-05-26 01:23:44.023 +02:00 [INF] DrawWindowLightEffects() called for map "d5c08240-0436-454a-8993-362abf5bc477": Renderer=false, Beams=1
2026-05-26 01:23:44.024 +02:00 [INF] Map "d5c08240-0436-454a-8993-362abf5bc477": window light drew 0/1 beam(s), skipped 1
2026-05-26 01:23:44.049 +02:00 [INF] DrawWindowLightEffects() called for map "d5c08240-0436-454a-8993-362abf5bc477": Renderer=false, Beams=1
2026-05-26 01:23:44.049 +02:00 [INF] Map "d5c08240-0436-454a-8993-362abf5bc477": window light drew 0/1 beam(s), skipped 1
2026-05-26 01:23:44.074 +02:00 [INF] DrawWindowLightEffects() called for map "d5c08240-0436-454a-8993-362abf5bc477": Renderer=false, Beams=1
2026-05-26 01:23:44.074 +02:00 [INF] Map "d5c08240-0436-454a-8993-362abf5bc477": window light drew 0/1 beam(s), skipped 1
2026-05-26 01:23:44.098 +02:00 [INF] DrawWindowLightEffects() called for map "d5c08240-0436-454a-8993-362abf5bc477": Renderer=false, Beams=1
2026-05-26 01:23:44.098 +02:00 [INF] Map "d5c08240-0436-454a-8993-362abf5bc477": window light drew 0/1 beam(s), skipped 1
2026-05-26 01:23:44.122 +02:00 [INF] DrawWindowLightEffects() called for map "d5c08240-0436-454a-8993-362abf5bc477": Renderer=false, Beams=1
2026-05-26 01:23:44.122 +02:00 [INF] Map "d5c08240-0436-454a-8993-362abf5bc477": window light drew 0/1 beam(s), skipped 1
2026-05-26 01:23:44.146 +02:00 [INF] DrawWindowLightEffects() called for map "d5c08240-0436-454a-8993-362abf5bc477": Renderer=false, Beams=1
2026-05-26 01:23:44.146 +02:00 [INF] Map "d5c08240-0436-454a-8993-362abf5bc477": window light drew 0/1 beam(s), skipped 1
2026-05-26 01:23:44.169 +02:00 [INF] DrawWindowLightEffects() called for map "d5c08240-0436-454a-8993-362abf5bc477": Renderer=false, Beams=1
2026-05-26 01:23:44.169 +02:00 [INF] Map "d5c08240-0436-454a-8993-362abf5bc477": window light drew 0/1 beam(s), skipped 1
2026-05-26 01:23:44.192 +02:00 [INF] DrawWindowLightEffects() called for map "d5c08240-0436-454a-8993-362abf5bc477": Renderer=false, Beams=1
2026-05-26 01:23:44.193 +02:00 [INF] Map "d5c08240-0436-454a-8993-362abf5bc477": window light drew 0/1 beam(s), skipped 1
2026-05-26 01:23:44.216 +02:00 [INF] DrawWindowLightEffects() called for map "d5c08240-0436-454a-8993-362abf5bc477": Renderer=false, Beams=1
2026-05-26 01:23:44.216 +02:00 [INF] Map "d5c08240-0436-454a-8993-362abf5bc477": window light drew 0/1 beam(s), skipped 1
2026-05-26 01:23:44.241 +02:00 [INF] DrawWindowLightEffects() called for map "d5c08240-0436-454a-8993-362abf5bc477": Renderer=false, Beams=1
2026-05-26 01:23:44.241 +02:00 [INF] Map "d5c08240-0436-454a-8993-362abf5bc477": window light drew 0/1 beam(s), skipped 1
2026-05-26 01:23:44.265 +02:00 [INF] DrawWindowLightEffects() called for map "d5c08240-0436-454a-8993-362abf5bc477": Renderer=false, Beams=1
2026-05-26 01:23:44.265 +02:00 [INF] Map "d5c08240-0436-454a-8993-362abf5bc477": window light drew 0/1 beam(s), skipped 1
2026-05-26 01:23:44.289 +02:00 [INF] DrawWindowLightEffects() called for map "d5c08240-0436-454a-8993-362abf5bc477": Renderer=false, Beams=1
2026-05-26 01:23:44.289 +02:00 [INF] Map "d5c08240-0436-454a-8993-362abf5bc477": window light drew 0/1 beam(s), skipped 1
2026-05-26 01:23:44.313 +02:00 [INF] DrawWindowLightEffects() called for map "d5c08240-0436-454a-8993-362abf5bc477": Renderer=false, Beams=1
2026-05-26 01:23:44.313 +02:00 [INF] Map "d5c08240-0436-454a-8993-362abf5bc477": window light drew 0/1 beam(s), skipped 1
2026-05-26 01:23:44.337 +02:00 [INF] DrawWindowLightEffects() called for map "d5c08240-0436-454a-8993-362abf5bc477": Renderer=false, Beams=1
2026-05-26 01:23:44.337 +02:00 [INF] Map "d5c08240-0436-454a-8993-362abf5bc477": window light drew 0/1 beam(s), skipped 1
2026-05-26 01:23:44.362 +02:00 [INF] DrawWindowLightEffects() called for map "d5c08240-0436-454a-8993-362abf5bc477": Renderer=false, Beams=1
2026-05-26 01:23:44.362 +02:00 [INF] Map "d5c08240-0436-454a-8993-362abf5bc477": window light drew 0/1 beam(s), skipped 1
2026-05-26 01:23:44.386 +02:00 [INF] DrawWindowLightEffects() called for map "d5c08240-0436-454a-8993-362abf5bc477": Renderer=false, Beams=1
2026-05-26 01:23:44.386 +02:00 [INF] Map "d5c08240-0436-454a-8993-362abf5bc477": window light drew 0/1 beam(s), skipped 1
2026-05-26 01:23:44.410 +02:00 [INF] DrawWindowLightEffects() called for map "d5c08240-0436-454a-8993-362abf5bc477": Renderer=false, Beams=1
2026-05-26 01:23:44.410 +02:00 [INF] Map "d5c08240-0436-454a-8993-362abf5bc477": window light drew 0/1 beam(s), skipped 1
2026-05-26 01:23:44.436 +02:00 [INF] DrawWindowLightEffects() called for map "d5c08240-0436-454a-8993-362abf5bc477": Renderer=false, Beams=1
2026-05-26 01:23:44.436 +02:00 [INF] Map "d5c08240-0436-454a-8993-362abf5bc477": window light drew 0/1 beam(s), skipped 1
2026-05-26 01:23:44.460 +02:00 [INF] DrawWindowLightEffects() called for map "d5c08240-0436-454a-8993-362abf5bc477": Renderer=false, Beams=1
2026-05-26 01:23:44.460 +02:00 [INF] Map "d5c08240-0436-454a-8993-362abf5bc477": window light drew 0/1 beam(s), skipped 1
2026-05-26 01:23:44.483 +02:00 [INF] DrawWindowLightEffects() called for map "d5c08240-0436-454a-8993-362abf5bc477": Renderer=false, Beams=1
2026-05-26 01:23:44.483 +02:00 [INF] Map "d5c08240-0436-454a-8993-362abf5bc477": window light drew 0/1 beam(s), skipped 1
2026-05-26 01:23:44.507 +02:00 [INF] DrawWindowLightEffects() called for map "d5c08240-0436-454a-8993-362abf5bc477": Renderer=false, Beams=1
2026-05-26 01:23:44.507 +02:00 [INF] Map "d5c08240-0436-454a-8993-362abf5bc477": window light drew 0/1 beam(s), skipped 1
2026-05-26 01:23:44.531 +02:00 [INF] DrawWindowLightEffects() called for map "d5c08240-0436-454a-8993-362abf5bc477": Renderer=false, Beams=1
2026-05-26 01:23:44.531 +02:00 [INF] Map "d5c08240-0436-454a-8993-362abf5bc477": window light drew 0/1 beam(s), skipped 1
2026-05-26 01:23:44.554 +02:00 [INF] DrawWindowLightEffects() called for map "d5c08240-0436-454a-8993-362abf5bc477": Renderer=false, Beams=1
2026-05-26 01:23:44.554 +02:00 [INF] Map "d5c08240-0436-454a-8993-362abf5bc477": window light drew 0/1 beam(s), skipped 1
2026-05-26 01:23:44.578 +02:00 [INF] DrawWindowLightEffects() called for map "d5c08240-0436-454a-8993-362abf5bc477": Renderer=false, Beams=1
2026-05-26 01:23:44.578 +02:00 [INF] Map "d5c08240-0436-454a-8993-362abf5bc477": window light drew 0/1 beam(s), skipped 1
2026-05-26 01:23:44.602 +02:00 [INF] DrawWindowLightEffects() called for map "d5c08240-0436-454a-8993-362abf5bc477": Renderer=false, Beams=1
2026-05-26 01:23:44.602 +02:00 [INF] Map "d5c08240-0436-454a-8993-362abf5bc477": window light drew 0/1 beam(s), skipped 1
2026-05-26 01:23:44.626 +02:00 [INF] DrawWindowLightEffects() called for map "d5c08240-0436-454a-8993-362abf5bc477": Renderer=false, Beams=1
2026-05-26 01:23:44.627 +02:00 [INF] Map "d5c08240-0436-454a-8993-362abf5bc477": window light drew 0/1 beam(s), skipped 1
2026-05-26 01:23:44.652 +02:00 [INF] DrawWindowLightEffects() called for map "d5c08240-0436-454a-8993-362abf5bc477": Renderer=false, Beams=1
2026-05-26 01:23:44.652 +02:00 [INF] Map "d5c08240-0436-454a-8993-362abf5bc477": window light drew 0/1 beam(s), skipped 1
2026-05-26 01:23:44.676 +02:00 [INF] DrawWindowLightEffects() called for map "d5c08240-0436-454a-8993-362abf5bc477": Renderer=false, Beams=1
2026-05-26 01:23:44.676 +02:00 [INF] Map "d5c08240-0436-454a-8993-362abf5bc477": window light drew 0/1 beam(s), skipped 1
2026-05-26 01:23:44.700 +02:00 [INF] DrawWindowLightEffects() called for map "d5c08240-0436-454a-8993-362abf5bc477": Renderer=false, Beams=1
2026-05-26 01:23:44.700 +02:00 [INF] Map "d5c08240-0436-454a-8993-362abf5bc477": window light drew 0/1 beam(s), skipped 1
2026-05-26 01:23:44.724 +02:00 [INF] DrawWindowLightEffects() called for map "d5c08240-0436-454a-8993-362abf5bc477": Renderer=false, Beams=1
2026-05-26 01:23:44.724 +02:00 [INF] Map "d5c08240-0436-454a-8993-362abf5bc477": window light drew 0/1 beam(s), skipped 1
2026-05-26 01:23:44.748 +02:00 [INF] DrawWindowLightEffects() called for map "d5c08240-0436-454a-8993-362abf5bc477": Renderer=false, Beams=1
2026-05-26 01:23:44.748 +02:00 [INF] Map "d5c08240-0436-454a-8993-362abf5bc477": window light drew 0/1 beam(s), skipped 1
2026-05-26 01:23:44.771 +02:00 [INF] DrawWindowLightEffects() called for map "d5c08240-0436-454a-8993-362abf5bc477": Renderer=false, Beams=1
2026-05-26 01:23:44.771 +02:00 [INF] Map "d5c08240-0436-454a-8993-362abf5bc477": window light drew 0/1 beam(s), skipped 1
2026-05-26 01:23:44.795 +02:00 [INF] DrawWindowLightEffects() called for map "d5c08240-0436-454a-8993-362abf5bc477": Renderer=false, Beams=1
2026-05-26 01:23:44.795 +02:00 [INF] Map "d5c08240-0436-454a-8993-362abf5bc477": window light drew 0/1 beam(s), skipped 1
2026-05-26 01:23:44.819 +02:00 [INF] DrawWindowLightEffects() called for map "d5c08240-0436-454a-8993-362abf5bc477": Renderer=false, Beams=1
2026-05-26 01:23:44.819 +02:00 [INF] Map "d5c08240-0436-454a-8993-362abf5bc477": window light drew 0/1 beam(s), skipped 1
2026-05-26 01:23:44.843 +02:00 [INF] DrawWindowLightEffects() called for map "d5c08240-0436-454a-8993-362abf5bc477": Renderer=false, Beams=1
2026-05-26 01:23:44.843 +02:00 [INF] Map "d5c08240-0436-454a-8993-362abf5bc477": window light drew 0/1 beam(s), skipped 1
2026-05-26 01:23:44.867 +02:00 [INF] DrawWindowLightEffects() called for map "d5c08240-0436-454a-8993-362abf5bc477": Renderer=false, Beams=1
2026-05-26 01:23:44.867 +02:00 [INF] Map "d5c08240-0436-454a-8993-362abf5bc477": window light drew 0/1 beam(s), skipped 1
2026-05-26 01:23:44.891 +02:00 [INF] DrawWindowLightEffects() called for map "d5c08240-0436-454a-8993-362abf5bc477": Renderer=false, Beams=1
2026-05-26 01:23:44.891 +02:00 [INF] Map "d5c08240-0436-454a-8993-362abf5bc477": window light drew 0/1 beam(s), skipped 1
2026-05-26 01:23:44.914 +02:00 [INF] DrawWindowLightEffects() called for map "d5c08240-0436-454a-8993-362abf5bc477": Renderer=false, Beams=1
2026-05-26 01:23:44.914 +02:00 [INF] Map "d5c08240-0436-454a-8993-362abf5bc477": window light drew 0/1 beam(s), skipped 1
2026-05-26 01:23:44.938 +02:00 [INF] DrawWindowLightEffects() called for map "d5c08240-0436-454a-8993-362abf5bc477": Renderer=false, Beams=1
2026-05-26 01:23:44.938 +02:00 [INF] Map "d5c08240-0436-454a-8993-362abf5bc477": window light drew 0/1 beam(s), skipped 1
2026-05-26 01:23:44.961 +02:00 [INF] DrawWindowLightEffects() called for map "d5c08240-0436-454a-8993-362abf5bc477": Renderer=false, Beams=1
2026-05-26 01:23:44.961 +02:00 [INF] Map "d5c08240-0436-454a-8993-362abf5bc477": window light drew 0/1 beam(s), skipped 1
2026-05-26 01:23:44.985 +02:00 [INF] DrawWindowLightEffects() called for map "d5c08240-0436-454a-8993-362abf5bc477": Renderer=false, Beams=1
2026-05-26 01:23:44.985 +02:00 [INF] Map "d5c08240-0436-454a-8993-362abf5bc477": window light drew 0/1 beam(s), skipped 1
2026-05-26 01:23:45.010 +02:00 [INF] DrawWindowLightEffects() called for map "d5c08240-0436-454a-8993-362abf5bc477": Renderer=false, Beams=1
2026-05-26 01:23:45.010 +02:00 [INF] Map "d5c08240-0436-454a-8993-362abf5bc477": window light drew 0/1 beam(s), skipped 1
2026-05-26 01:23:45.033 +02:00 [INF] DrawWindowLightEffects() called for map "d5c08240-0436-454a-8993-362abf5bc477": Renderer=false, Beams=1
2026-05-26 01:23:45.033 +02:00 [INF] Map "d5c08240-0436-454a-8993-362abf5bc477": window light drew 0/1 beam(s), skipped 1
2026-05-26 01:23:45.057 +02:00 [INF] DrawWindowLightEffects() called for map "d5c08240-0436-454a-8993-362abf5bc477": Renderer=false, Beams=1
2026-05-26 01:23:45.058 +02:00 [INF] Map "d5c08240-0436-454a-8993-362abf5bc477": window light drew 0/1 beam(s), skipped 1
2026-05-26 01:23:45.081 +02:00 [INF] DrawWindowLightEffects() called for map "d5c08240-0436-454a-8993-362abf5bc477": Renderer=false, Beams=1
2026-05-26 01:23:45.081 +02:00 [INF] Map "d5c08240-0436-454a-8993-362abf5bc477": window light drew 0/1 beam(s), skipped 1
2026-05-26 01:23:45.107 +02:00 [INF] DrawWindowLightEffects() called for map "d5c08240-0436-454a-8993-362abf5bc477": Renderer=false, Beams=1
2026-05-26 01:23:45.107 +02:00 [INF] Map "d5c08240-0436-454a-8993-362abf5bc477": window light drew 0/1 beam(s), skipped 1
2026-05-26 01:23:45.134 +02:00 [INF] DrawWindowLightEffects() called for map "d5c08240-0436-454a-8993-362abf5bc477": Renderer=false, Beams=1
2026-05-26 01:23:45.134 +02:00 [INF] Map "d5c08240-0436-454a-8993-362abf5bc477": window light drew 0/1 beam(s), skipped 1
2026-05-26 01:23:45.158 +02:00 [INF] DrawWindowLightEffects() called for map "d5c08240-0436-454a-8993-362abf5bc477": Renderer=false, Beams=1
2026-05-26 01:23:45.158 +02:00 [INF] Map "d5c08240-0436-454a-8993-362abf5bc477": window light drew 0/1 beam(s), skipped 1
2026-05-26 01:23:45.190 +02:00 [WRN] Window light shader resource 'Intersect.Client.Resources.Shaders.windowlight.mgfxo' could not be loaded. Window light visuals will be skipped.
System.Exception: This MGFX effect was built for a different platform!
   at Microsoft.Xna.Framework.Graphics.Effect.ReadHeader(Byte[] effectCode, Int32 index)
   at Microsoft.Xna.Framework.Graphics.Effect..ctor(GraphicsDevice graphicsDevice, Byte[] effectCode, Int32 index, Int32 count)
   at Microsoft.Xna.Framework.Graphics.Effect..ctor(GraphicsDevice graphicsDevice, Byte[] effectCode)
   at Intersect.Client.MonoGame.Graphics.MonoRenderer.GetWindowLightShader() in F:\game code engine\Intersect_New\Intersect.Client.Core\MonoGame\Graphics\MonoRenderer.WindowLight.cs:line 242
2026-05-26 01:23:45.190 +02:00 [WRN] DrawWindowLightEffect: early return - shader is null
2026-05-26 01:23:45.191 +02:00 [INF] DrawWindowLightEffects() called for map "d5c08240-0436-454a-8993-362abf5bc477": Renderer=false, Beams=1
2026-05-26 01:23:45.191 +02:00 [INF] DrawWindowLightEffects() beam "6b7d8043-ed03-4400-b93f-168701db817b": sourceMask=true, opacity=1
2026-05-26 01:23:45.192 +02:00 [INF] DrawWindowLightEffects() beam "6b7d8043-ed03-4400-b93f-168701db817b": geometry=(528,464)-(528,639.36)
2026-05-26 01:23:45.192 +02:00 [WRN] DrawWindowLightEffect: early return - shader is null
2026-05-26 01:23:45.192 +02:00 [INF] DrawWindowLightEffects() beam "6b7d8043-ed03-4400-b93f-168701db817b": DrawWindowLightEffect returned false
2026-05-26 01:23:45.192 +02:00 [INF] Map "d5c08240-0436-454a-8993-362abf5bc477": window light drew 1/1 beam(s), skipped 0
2026-05-26 01:23:45.218 +02:00 [WRN] DrawWindowLightEffect: early return - shader is null
2026-05-26 01:23:45.218 +02:00 [INF] DrawWindowLightEffects() called for map "d5c08240-0436-454a-8993-362abf5bc477": Renderer=false, Beams=1
2026-05-26 01:23:45.218 +02:00 [INF] DrawWindowLightEffects() beam "6b7d8043-ed03-4400-b93f-168701db817b": sourceMask=true, opacity=1
2026-05-26 01:23:45.219 +02:00 [INF] DrawWindowLightEffects() beam "6b7d8043-ed03-4400-b93f-168701db817b": geometry=(528,464)-(528,639.36)
2026-05-26 01:23:45.219 +02:00 [WRN] DrawWindowLightEffect: early return - shader is null
2026-05-26 01:23:45.219 +02:00 [INF] DrawWindowLightEffects() beam "6b7d8043-ed03-4400-b93f-168701db817b": DrawWindowLightEffect returned false
2026-05-26 01:23:45.219 +02:00 [INF] Map "d5c08240-0436-454a-8993-362abf5bc477": window light drew 1/1 beam(s), skipped 0
2026-05-26 01:23:45.245 +02:00 [WRN] DrawWindowLightEffect: early return - shader is null
2026-05-26 01:23:45.245 +02:00 [INF] DrawWindowLightEffects() called for map "d5c08240-0436-454a-8993-362abf5bc477": Renderer=false, Beams=1
2026-05-26 01:23:45.245 +02:00 [INF] DrawWindowLightEffects() beam "6b7d8043-ed03-4400-b93f-168701db817b": sourceMask=true, opacity=1
2026-05-26 01:23:45.246 +02:00 [INF] DrawWindowLightEffects() beam "6b7d8043-ed03-4400-b93f-168701db817b": geometry=(528,464)-(528,639.36)
2026-05-26 01:23:45.246 +02:00 [WRN] DrawWindowLightEffect: early return - shader is null
2026-05-26 01:23:45.246 +02:00 [INF] DrawWindowLightEffects() beam "6b7d8043-ed03-4400-b93f-168701db817b": DrawWindowLightEffect returned false
2026-05-26 01:23:45.246 +02:00 [INF] Map "d5c08240-0436-454a-8993-362abf5bc477": window light drew 1/1 beam(s), skipped 0
2026-05-26 01:23:45.271 +02:00 [WRN] DrawWindowLightEffect: early return - shader is null
2026-05-26 01:23:45.272 +02:00 [INF] DrawWindowLightEffects() called for map "d5c08240-0436-454a-8993-362abf5bc477": Renderer=false, Beams=1
2026-05-26 01:23:45.272 +02:00 [INF] DrawWindowLightEffects() beam "6b7d8043-ed03-4400-b93f-168701db817b": sourceMask=true, opacity=1
2026-05-26 01:23:45.273 +02:00 [INF] DrawWindowLightEffects() beam "6b7d8043-ed03-4400-b93f-168701db817b": geometry=(528,464)-(528,639.36)
2026-05-26 01:23:45.273 +02:00 [WRN] DrawWindowLightEffect: early return - shader is null
2026-05-26 01:23:45.273 +02:00 [INF] DrawWindowLightEffects() beam "6b7d8043-ed03-4400-b93f-168701db817b": DrawWindowLightEffect returned false
2026-05-26 01:23:45.273 +02:00 [INF] Map "d5c08240-0436-454a-8993-362abf5bc477": window light drew 1/1 beam(s), skipped 0
2026-05-26 01:23:45.298 +02:00 [WRN] DrawWindowLightEffect: early return - shader is null
2026-05-26 01:23:45.298 +02:00 [INF] DrawWindowLightEffects() called for map "d5c08240-0436-454a-8993-362abf5bc477": Renderer=false, Beams=1
2026-05-26 01:23:45.298 +02:00 [INF] DrawWindowLightEffects() beam "6b7d8043-ed03-4400-b93f-168701db817b": sourceMask=true, opacity=1
2026-05-26 01:23:45.299 +02:00 [INF] DrawWindowLightEffects() beam "6b7d8043-ed03-4400-b93f-168701db817b": geometry=(528,464)-(528,639.36)
2026-05-26 01:23:45.299 +02:00 [WRN] DrawWindowLightEffect: early return - shader is null
2026-05-26 01:23:45.299 +02:00 [INF] DrawWindowLightEffects() beam "6b7d8043-ed03-4400-b93f-168701db817b": DrawWindowLightEffect returned false
2026-05-26 01:23:45.299 +02:00 [INF] Map "d5c08240-0436-454a-8993-362abf5bc477": window light drew 1/1 beam(s), skipped 0
2026-05-26 01:23:45.325 +02:00 [WRN] DrawWindowLightEffect: early return - shader is null
2026-05-26 01:23:45.325 +02:00 [INF] DrawWindowLightEffects() called for map "d5c08240-0436-454a-8993-362abf5bc477": Renderer=false, Beams=1
2026-05-26 01:23:45.325 +02:00 [INF] DrawWindowLightEffects() beam "6b7d8043-ed03-4400-b93f-168701db817b": sourceMask=true, opacity=1
2026-05-26 01:23:45.326 +02:00 [INF] DrawWindowLightEffects() beam "6b7d8043-ed03-4400-b93f-168701db817b": geometry=(528,464)-(528,639.36)
2026-05-26 01:23:45.326 +02:00 [WRN] DrawWindowLightEffect: early return - shader is null
2026-05-26 01:23:45.326 +02:00 [INF] DrawWindowLightEffects() beam "6b7d8043-ed03-4400-b93f-168701db817b": DrawWindowLightEffect returned false
2026-05-26 01:23:45.326 +02:00 [INF] Map "d5c08240-0436-454a-8993-362abf5bc477": window light drew 1/1 beam(s), skipped 0
2026-05-26 01:23:45.351 +02:00 [WRN] DrawWindowLightEffect: early return - shader is null
2026-05-26 01:23:45.351 +02:00 [INF] DrawWindowLightEffects() called for map "d5c08240-0436-454a-8993-362abf5bc477": Renderer=false, Beams=1
2026-05-26 01:23:45.351 +02:00 [INF] DrawWindowLightEffects() beam "6b7d8043-ed03-4400-b93f-168701db817b": sourceMask=true, opacity=1
2026-05-26 01:23:45.352 +02:00 [INF] DrawWindowLightEffects() beam "6b7d8043-ed03-4400-b93f-168701db817b": geometry=(528,464)-(528,639.36)
2026-05-26 01:23:45.352 +02:00 [WRN] DrawWindowLightEffect: early return - shader is null
2026-05-26 01:23:45.352 +02:00 [INF] DrawWindowLightEffects() beam "6b7d8043-ed03-4400-b93f-168701db817b": DrawWindowLightEffect returned false
2026-05-26 01:23:45.352 +02:00 [INF] Map "d5c08240-0436-454a-8993-362abf5bc477": window light drew 1/1 beam(s), skipped 0
2026-05-26 01:23:45.378 +02:00 [WRN] DrawWindowLightEffect: early return - shader is null
2026-05-26 01:23:45.378 +02:00 [INF] DrawWindowLightEffects() called for map "d5c08240-0436-454a-8993-362abf5bc477": Renderer=false, Beams=1
2026-05-26 01:23:45.378 +02:00 [INF] DrawWindowLightEffects() beam "6b7d8043-ed03-4400-b93f-168701db817b": sourceMask=true, opacity=1
2026-05-26 01:23:45.379 +02:00 [INF] DrawWindowLightEffects() beam "6b7d8043-ed03-4400-b93f-168701db817b": geometry=(528,464)-(528,639.36)
2026-05-26 01:23:45.379 +02:00 [WRN] DrawWindowLightEffect: early return - shader is null
2026-05-26 01:23:45.379 +02:00 [INF] DrawWindowLightEffects() beam "6b7d8043-ed03-4400-b93f-168701db817b": DrawWindowLightEffect returned false
2026-05-26 01:23:45.379 +02:00 [INF] Map "d5c08240-0436-454a-8993-362abf5bc477": window light drew 1/1 beam(s), skipped 0
2026-05-26 01:23:45.405 +02:00 [WRN] DrawWindowLightEffect: early return - shader is null
2026-05-26 01:23:45.405 +02:00 [INF] DrawWindowLightEffects() called for map "d5c08240-0436-454a-8993-362abf5bc477": Renderer=false, Beams=1
2026-05-26 01:23:45.405 +02:00 [INF] DrawWindowLightEffects() beam "6b7d8043-ed03-4400-b93f-168701db817b": sourceMask=true, opacity=1
2026-05-26 01:23:45.406 +02:00 [INF] DrawWindowLightEffects() beam "6b7d8043-ed03-4400-b93f-168701db817b": geometry=(528,464)-(528,639.36)
2026-05-26 01:23:45.406 +02:00 [WRN] DrawWindowLightEffect: early return - shader is null
2026-05-26 01:23:45.406 +02:00 [INF] DrawWindowLightEffects() beam "6b7d8043-ed03-4400-b93f-168701db817b": DrawWindowLightEffect returned false
2026-05-26 01:23:45.406 +02:00 [INF] Map "d5c08240-0436-454a-8993-362abf5bc477": window light drew 1/1 beam(s), skipped 0
2026-05-26 01:23:45.432 +02:00 [WRN] DrawWindowLightEffect: early return - shader is null
2026-05-26 01:23:45.432 +02:00 [INF] DrawWindowLightEffects() called for map "d5c08240-0436-454a-8993-362abf5bc477": Renderer=false, Beams=1
2026-05-26 01:23:45.432 +02:00 [INF] DrawWindowLightEffects() beam "6b7d8043-ed03-4400-b93f-168701db817b": sourceMask=true, opacity=1
2026-05-26 01:23:45.433 +02:00 [INF] DrawWindowLightEffects() beam "6b7d8043-ed03-4400-b93f-168701db817b": geometry=(528,464)-(528,639.36)
2026-05-26 01:23:45.433 +02:00 [WRN] DrawWindowLightEffect: early return - shader is null
2026-05-26 01:23:45.433 +02:00 [INF] DrawWindowLightEffects() beam "6b7d8043-ed03-4400-b93f-168701db817b": DrawWindowLightEffect returned false
2026-05-26 01:23:45.433 +02:00 [INF] Map "d5c08240-0436-454a-8993-362abf5bc477": window light drew 1/1 beam(s), skipped 0
2026-05-26 01:23:45.458 +02:00 [WRN] DrawWindowLightEffect: early return - shader is null
2026-05-26 01:23:45.458 +02:00 [INF] DrawWindowLightEffects() called for map "d5c08240-0436-454a-8993-362abf5bc477": Renderer=false, Beams=1
2026-05-26 01:23:45.458 +02:00 [INF] DrawWindowLightEffects() beam "6b7d8043-ed03-4400-b93f-168701db817b": sourceMask=true, opacity=1
2026-05-26 01:23:45.460 +02:00 [INF] DrawWindowLightEffects() beam "6b7d8043-ed03-4400-b93f-168701db817b": geometry=(528,464)-(528,639.36)
2026-05-26 01:23:45.460 +02:00 [WRN] DrawWindowLightEffect: early return - shader is null
2026-05-26 01:23:45.460 +02:00 [INF] DrawWindowLightEffects() beam "6b7d8043-ed03-4400-b93f-168701db817b": DrawWindowLightEffect returned false
2026-05-26 01:23:45.460 +02:00 [INF] Map "d5c08240-0436-454a-8993-362abf5bc477": window light drew 1/1 beam(s), skipped 0
2026-05-26 01:23:45.485 +02:00 [WRN] DrawWindowLightEffect: early return - shader is null
2026-05-26 01:23:45.485 +02:00 [INF] DrawWindowLightEffects() called for map "d5c08240-0436-454a-8993-362abf5bc477": Renderer=false, Beams=1
2026-05-26 01:23:45.485 +02:00 [INF] DrawWindowLightEffects() beam "6b7d8043-ed03-4400-b93f-168701db817b": sourceMask=true, opacity=1
2026-05-26 01:23:45.486 +02:00 [INF] DrawWindowLightEffects() beam "6b7d8043-ed03-4400-b93f-168701db817b": geometry=(528,464)-(528,639.36)
2026-05-26 01:23:45.486 +02:00 [WRN] DrawWindowLightEffect: early return - shader is null
2026-05-26 01:23:45.486 +02:00 [INF] DrawWindowLightEffects() beam "6b7d8043-ed03-4400-b93f-168701db817b": DrawWindowLightEffect returned false
2026-05-26 01:23:45.486 +02:00 [INF] Map "d5c08240-0436-454a-8993-362abf5bc477": window light drew 1/1 beam(s), skipped 0
2026-05-26 01:23:45.511 +02:00 [WRN] DrawWindowLightEffect: early return - shader is null
2026-05-26 01:23:45.511 +02:00 [INF] DrawWindowLightEffects() called for map "d5c08240-0436-454a-8993-362abf5bc477": Renderer=false, Beams=1
2026-05-26 01:23:45.511 +02:00 [INF] DrawWindowLightEffects() beam "6b7d8043-ed03-4400-b93f-168701db817b": sourceMask=true, opacity=1
2026-05-26 01:23:45.512 +02:00 [INF] DrawWindowLightEffects() beam "6b7d8043-ed03-4400-b93f-168701db817b": geometry=(528,464)-(528,639.36)
2026-05-26 01:23:45.512 +02:00 [WRN] DrawWindowLightEffect: early return - shader is null
2026-05-26 01:23:45.512 +02:00 [INF] DrawWindowLightEffects() beam "6b7d8043-ed03-4400-b93f-168701db817b": DrawWindowLightEffect returned false
2026-05-26 01:23:45.512 +02:00 [INF] Map "d5c08240-0436-454a-8993-362abf5bc477": window light drew 1/1 beam(s), skipped 0
2026-05-26 01:23:45.537 +02:00 [WRN] DrawWindowLightEffect: early return - shader is null
2026-05-26 01:23:45.537 +02:00 [INF] DrawWindowLightEffects() called for map "d5c08240-0436-454a-8993-362abf5bc477": Renderer=false, Beams=1
2026-05-26 01:23:45.537 +02:00 [INF] DrawWindowLightEffects() beam "6b7d8043-ed03-4400-b93f-168701db817b": sourceMask=true, opacity=1
2026-05-26 01:23:45.539 +02:00 [INF] DrawWindowLightEffects() beam "6b7d8043-ed03-4400-b93f-168701db817b": geometry=(528,464)-(528,639.36)
2026-05-26 01:23:45.539 +02:00 [WRN] DrawWindowLightEffect: early return - shader is null
2026-05-26 01:23:45.539 +02:00 [INF] DrawWindowLightEffects() beam "6b7d8043-ed03-4400-b93f-168701db817b": DrawWindowLightEffect returned false
2026-05-26 01:23:45.539 +02:00 [INF] Map "d5c08240-0436-454a-8993-362abf5bc477": window light drew 1/1 beam(s), skipped 0
2026-05-26 01:23:45.564 +02:00 [WRN] DrawWindowLightEffect: early return - shader is null
2026-05-26 01:23:45.564 +02:00 [INF] DrawWindowLightEffects() called for map "d5c08240-0436-454a-8993-362abf5bc477": Renderer=false, Beams=1
2026-05-26 01:23:45.564 +02:00 [INF] DrawWindowLightEffects() beam "6b7d8043-ed03-4400-b93f-168701db817b": sourceMask=true, opacity=1
2026-05-26 01:23:45.565 +02:00 [INF] DrawWindowLightEffects() beam "6b7d8043-ed03-4400-b93f-168701db817b": geometry=(528,464)-(528,639.36)
2026-05-26 01:23:45.565 +02:00 [WRN] DrawWindowLightEffect: early return - shader is null
2026-05-26 01:23:45.565 +02:00 [INF] DrawWindowLightEffects() beam "6b7d8043-ed03-4400-b93f-168701db817b": DrawWindowLightEffect returned false
2026-05-26 01:23:45.565 +02:00 [INF] Map "d5c08240-0436-454a-8993-362abf5bc477": window light drew 1/1 beam(s), skipped 0
2026-05-26 01:23:45.590 +02:00 [WRN] DrawWindowLightEffect: early return - shader is null
2026-05-26 01:23:45.590 +02:00 [INF] DrawWindowLightEffects() called for map "d5c08240-0436-454a-8993-362abf5bc477": Renderer=false, Beams=1
2026-05-26 01:23:45.590 +02:00 [INF] DrawWindowLightEffects() beam "6b7d8043-ed03-4400-b93f-168701db817b": sourceMask=true, opacity=1
2026-05-26 01:23:45.591 +02:00 [INF] DrawWindowLightEffects() beam "6b7d8043-ed03-4400-b93f-168701db817b": geometry=(528,464)-(528,639.36)
2026-05-26 01:23:45.591 +02:00 [WRN] DrawWindowLightEffect: early return - shader is null
2026-05-26 01:23:45.591 +02:00 [INF] DrawWindowLightEffects() beam "6b7d8043-ed03-4400-b93f-168701db817b": DrawWindowLightEffect returned false
2026-05-26 01:23:45.591 +02:00 [INF] Map "d5c08240-0436-454a-8993-362abf5bc477": window light drew 1/1 beam(s), skipped 0
2026-05-26 01:23:45.616 +02:00 [WRN] DrawWindowLightEffect: early return - shader is null
2026-05-26 01:23:45.616 +02:00 [INF] DrawWindowLightEffects() called for map "d5c08240-0436-454a-8993-362abf5bc477": Renderer=false, Beams=1
2026-05-26 01:23:45.616 +02:00 [INF] DrawWindowLightEffects() beam "6b7d8043-ed03-4400-b93f-168701db817b": sourceMask=true, opacity=1
2026-05-26 01:23:45.618 +02:00 [INF] DrawWindowLightEffects() beam "6b7d8043-ed03-4400-b93f-168701db817b": geometry=(528,464)-(528,639.36)
2026-05-26 01:23:45.618 +02:00 [WRN] DrawWindowLightEffect: early return - shader is null
2026-05-26 01:23:45.618 +02:00 [INF] DrawWindowLightEffects() beam "6b7d8043-ed03-4400-b93f-168701db817b": DrawWindowLightEffect returned false
2026-05-26 01:23:45.618 +02:00 [INF] Map "d5c08240-0436-454a-8993-362abf5bc477": window light drew 1/1 beam(s), skipped 0
2026-05-26 01:23:45.644 +02:00 [WRN] DrawWindowLightEffect: early return - shader is null
2026-05-26 01:23:45.644 +02:00 [INF] DrawWindowLightEffects() called for map "d5c08240-0436-454a-8993-362abf5bc477": Renderer=false, Beams=1
2026-05-26 01:23:45.644 +02:00 [INF] DrawWindowLightEffects() beam "6b7d8043-ed03-4400-b93f-168701db817b": sourceMask=true, opacity=1
2026-05-26 01:23:45.645 +02:00 [INF] DrawWindowLightEffects() beam "6b7d8043-ed03-4400-b93f-168701db817b": geometry=(528,464)-(528,639.36)
2026-05-26 01:23:45.645 +02:00 [WRN] DrawWindowLightEffect: early return - shader is null
2026-05-26 01:23:45.645 +02:00 [INF] DrawWindowLightEffects() beam "6b7d8043-ed03-4400-b93f-168701db817b": DrawWindowLightEffect returned false
2026-05-26 01:23:45.645 +02:00 [INF] Map "d5c08240-0436-454a-8993-362abf5bc477": window light drew 1/1 beam(s), skipped 0
2026-05-26 01:23:45.671 +02:00 [WRN] DrawWindowLightEffect: early return - shader is null
2026-05-26 01:23:45.671 +02:00 [INF] DrawWindowLightEffects() called for map "d5c08240-0436-454a-8993-362abf5bc477": Renderer=false, Beams=1
2026-05-26 01:23:45.671 +02:00 [INF] DrawWindowLightEffects() beam "6b7d8043-ed03-4400-b93f-168701db817b": sourceMask=true, opacity=1
2026-05-26 01:23:45.672 +02:00 [INF] DrawWindowLightEffects() beam "6b7d8043-ed03-4400-b93f-168701db817b": geometry=(528,464)-(528,639.36)
2026-05-26 01:23:45.673 +02:00 [WRN] DrawWindowLightEffect: early return - shader is null
2026-05-26 01:23:45.673 +02:00 [INF] DrawWindowLightEffects() beam "6b7d8043-ed03-4400-b93f-168701db817b": DrawWindowLightEffect returned false
2026-05-26 01:23:45.673 +02:00 [INF] Map "d5c08240-0436-454a-8993-362abf5bc477": window light drew 1/1 beam(s), skipped 0
2026-05-26 01:23:45.698 +02:00 [WRN] DrawWindowLightEffect: early return - shader is null
2026-05-26 01:23:45.698 +02:00 [INF] DrawWindowLightEffects() called for map "d5c08240-0436-454a-8993-362abf5bc477": Renderer=false, Beams=1
2026-05-26 01:23:45.698 +02:00 [INF] DrawWindowLightEffects() beam "6b7d8043-ed03-4400-b93f-168701db817b": sourceMask=true, opacity=1
2026-05-26 01:23:45.699 +02:00 [INF] DrawWindowLightEffects() beam "6b7d8043-ed03-4400-b93f-168701db817b": geometry=(528,464)-(528,639.36)
2026-05-26 01:23:45.699 +02:00 [WRN] DrawWindowLightEffect: early return - shader is null
2026-05-26 01:23:45.699 +02:00 [INF] DrawWindowLightEffects() beam "6b7d8043-ed03-4400-b93f-168701db817b": DrawWindowLightEffect returned false
2026-05-26 01:23:45.699 +02:00 [INF] Map "d5c08240-0436-454a-8993-362abf5bc477": window light drew 1/1 beam(s), skipped 0
2026-05-26 01:23:45.725 +02:00 [WRN] DrawWindowLightEffect: early return - shader is null
2026-05-26 01:23:45.725 +02:00 [INF] DrawWindowLightEffects() called for map "d5c08240-0436-454a-8993-362abf5bc477": Renderer=false, Beams=1
2026-05-26 01:23:45.725 +02:00 [INF] DrawWindowLightEffects() beam "6b7d8043-ed03-4400-b93f-168701db817b": sourceMask=true, opacity=1
2026-05-26 01:23:45.726 +02:00 [INF] DrawWindowLightEffects() beam "6b7d8043-ed03-4400-b93f-168701db817b": geometry=(528,464)-(528,639.36)
2026-05-26 01:23:45.726 +02:00 [WRN] DrawWindowLightEffect: early return - shader is null
2026-05-26 01:23:45.726 +02:00 [INF] DrawWindowLightEffects() beam "6b7d8043-ed03-4400-b93f-168701db817b": DrawWindowLightEffect returned false
2026-05-26 01:23:45.726 +02:00 [INF] Map "d5c08240-0436-454a-8993-362abf5bc477": window light drew 1/1 beam(s), skipped 0
2026-05-26 01:23:45.751 +02:00 [WRN] DrawWindowLightEffect: early return - shader is null
2026-05-26 01:23:45.751 +02:00 [INF] DrawWindowLightEffects() called for map "d5c08240-0436-454a-8993-362abf5bc477": Renderer=false, Beams=1
2026-05-26 01:23:45.751 +02:00 [INF] DrawWindowLightEffects() beam "6b7d8043-ed03-4400-b93f-168701db817b": sourceMask=true, opacity=1
2026-05-26 01:23:45.752 +02:00 [INF] DrawWindowLightEffects() beam "6b7d8043-ed03-4400-b93f-168701db817b": geometry=(528,464)-(528,639.36)
2026-05-26 01:23:45.752 +02:00 [WRN] DrawWindowLightEffect: early return - shader is null
2026-05-26 01:23:45.752 +02:00 [INF] DrawWindowLightEffects() beam "6b7d8043-ed03-4400-b93f-168701db817b": DrawWindowLightEffect returned false
2026-05-26 01:23:45.752 +02:00 [INF] Map "d5c08240-0436-454a-8993-362abf5bc477": window light drew 1/1 beam(s), skipped 0
2026-05-26 01:23:45.777 +02:00 [WRN] DrawWindowLightEffect: early return - shader is null
2026-05-26 01:23:45.778 +02:00 [INF] DrawWindowLightEffects() called for map "d5c08240-0436-454a-8993-362abf5bc477": Renderer=false, Beams=1
2026-05-26 01:23:45.778 +02:00 [INF] DrawWindowLightEffects() beam "6b7d8043-ed03-4400-b93f-168701db817b": sourceMask=true, opacity=1
2026-05-26 01:23:45.779 +02:00 [INF] DrawWindowLightEffects() beam "6b7d8043-ed03-4400-b93f-168701db817b": geometry=(528,464)-(528,639.36)
2026-05-26 01:23:45.779 +02:00 [WRN] DrawWindowLightEffect: early return - shader is null
2026-05-26 01:23:45.779 +02:00 [INF] DrawWindowLightEffects() beam "6b7d8043-ed03-4400-b93f-168701db817b": DrawWindowLightEffect returned false
2026-05-26 01:23:45.779 +02:00 [INF] Map "d5c08240-0436-454a-8993-362abf5bc477": window light drew 1/1 beam(s), skipped 0
2026-05-26 01:23:45.805 +02:00 [WRN] DrawWindowLightEffect: early return - shader is null
2026-05-26 01:23:45.805 +02:00 [INF] DrawWindowLightEffects() called for map "d5c08240-0436-454a-8993-362abf5bc477": Renderer=false, Beams=1
2026-05-26 01:23:45.805 +02:00 [INF] DrawWindowLightEffects() beam "6b7d8043-ed03-4400-b93f-168701db817b": sourceMask=true, opacity=1
2026-05-26 01:23:45.806 +02:00 [INF] DrawWindowLightEffects() beam "6b7d8043-ed03-4400-b93f-168701db817b": geometry=(528,464)-(528,639.36)
2026-05-26 01:23:45.806 +02:00 [WRN] DrawWindowLightEffect: early return - shader is null
2026-05-26 01:23:45.806 +02:00 [INF] DrawWindowLightEffects() beam "6b7d8043-ed03-4400-b93f-168701db817b": DrawWindowLightEffect returned false
2026-05-26 01:23:45.806 +02:00 [INF] Map "d5c08240-0436-454a-8993-362abf5bc477": window light drew 1/1 beam(s), skipped 0
2026-05-26 01:23:45.831 +02:00 [WRN] DrawWindowLightEffect: early return - shader is null
2026-05-26 01:23:45.831 +02:00 [INF] DrawWindowLightEffects() called for map "d5c08240-0436-454a-8993-362abf5bc477": Renderer=false, Beams=1
2026-05-26 01:23:45.831 +02:00 [INF] DrawWindowLightEffects() beam "6b7d8043-ed03-4400-b93f-168701db817b": sourceMask=true, opacity=1
2026-05-26 01:23:45.833 +02:00 [INF] DrawWindowLightEffects() beam "6b7d8043-ed03-4400-b93f-168701db817b": geometry=(528,464)-(528,639.36)
2026-05-26 01:23:45.833 +02:00 [WRN] DrawWindowLightEffect: early return - shader is null
2026-05-26 01:23:45.833 +02:00 [INF] DrawWindowLightEffects() beam "6b7d8043-ed03-4400-b93f-168701db817b": DrawWindowLightEffect returned false
2026-05-26 01:23:45.833 +02:00 [INF] Map "d5c08240-0436-454a-8993-362abf5bc477": window light drew 1/1 beam(s), skipped 0
2026-05-26 01:23:45.859 +02:00 [WRN] DrawWindowLightEffect: early return - shader is null
2026-05-26 01:23:45.859 +02:00 [INF] DrawWindowLightEffects() called for map "d5c08240-0436-454a-8993-362abf5bc477": Renderer=false, Beams=1
2026-05-26 01:23:45.859 +02:00 [INF] DrawWindowLightEffects() beam "6b7d8043-ed03-4400-b93f-168701db817b": sourceMask=true, opacity=1
2026-05-26 01:23:45.860 +02:00 [INF] DrawWindowLightEffects() beam "6b7d8043-ed03-4400-b93f-168701db817b": geometry=(528,464)-(528,639.36)
2026-05-26 01:23:45.860 +02:00 [WRN] DrawWindowLightEffect: early return - shader is null
2026-05-26 01:23:45.860 +02:00 [INF] DrawWindowLightEffects() beam "6b7d8043-ed03-4400-b93f-168701db817b": DrawWindowLightEffect returned false
2026-05-26 01:23:45.860 +02:00 [INF] Map "d5c08240-0436-454a-8993-362abf5bc477": window light drew 1/1 beam(s), skipped 0
2026-05-26 01:23:45.885 +02:00 [WRN] DrawWindowLightEffect: early return - shader is null
2026-05-26 01:23:45.885 +02:00 [INF] DrawWindowLightEffects() called for map "d5c08240-0436-454a-8993-362abf5bc477": Renderer=false, Beams=1
2026-05-26 01:23:45.885 +02:00 [INF] DrawWindowLightEffects() beam "6b7d8043-ed03-4400-b93f-168701db817b": sourceMask=true, opacity=1
2026-05-26 01:23:45.886 +02:00 [INF] DrawWindowLightEffects() beam "6b7d8043-ed03-4400-b93f-168701db817b": geometry=(528,464)-(528,639.36)
2026-05-26 01:23:45.886 +02:00 [WRN] DrawWindowLightEffect: early return - shader is null
2026-05-26 01:23:45.886 +02:00 [INF] DrawWindowLightEffects() beam "6b7d8043-ed03-4400-b93f-168701db817b": DrawWindowLightEffect returned false
2026-05-26 01:23:45.886 +02:00 [INF] Map "d5c08240-0436-454a-8993-362abf5bc477": window light drew 1/1 beam(s), skipped 0
2026-05-26 01:23:45.911 +02:00 [WRN] DrawWindowLightEffect: early return - shader is null
2026-05-26 01:23:45.911 +02:00 [INF] DrawWindowLightEffects() called for map "d5c08240-0436-454a-8993-362abf5bc477": Renderer=false, Beams=1
2026-05-26 01:23:45.911 +02:00 [INF] DrawWindowLightEffects() beam "6b7d8043-ed03-4400-b93f-168701db817b": sourceMask=true, opacity=1
2026-05-26 01:23:45.912 +02:00 [INF] DrawWindowLightEffects() beam "6b7d8043-ed03-4400-b93f-168701db817b": geometry=(528,464)-(528,639.36)
2026-05-26 01:23:45.912 +02:00 [WRN] DrawWindowLightEffect: early return - shader is null
2026-05-26 01:23:45.912 +02:00 [INF] DrawWindowLightEffects() beam "6b7d8043-ed03-4400-b93f-168701db817b": DrawWindowLightEffect returned false
2026-05-26 01:23:45.912 +02:00 [INF] Map "d5c08240-0436-454a-8993-362abf5bc477": window light drew 1/1 beam(s), skipped 0
2026-05-26 01:23:45.937 +02:00 [WRN] DrawWindowLightEffect: early return - shader is null
2026-05-26 01:23:45.937 +02:00 [INF] DrawWindowLightEffects() called for map "d5c08240-0436-454a-8993-362abf5bc477": Renderer=false, Beams=1
2026-05-26 01:23:45.937 +02:00 [INF] DrawWindowLightEffects() beam "6b7d8043-ed03-4400-b93f-168701db817b": sourceMask=true, opacity=1
2026-05-26 01:23:45.938 +02:00 [INF] DrawWindowLightEffects() beam "6b7d8043-ed03-4400-b93f-168701db817b": geometry=(528,464)-(528,639.36)
2026-05-26 01:23:45.938 +02:00 [WRN] DrawWindowLightEffect: early return - shader is null
2026-05-26 01:23:45.938 +02:00 [INF] DrawWindowLightEffects() beam "6b7d8043-ed03-4400-b93f-168701db817b": DrawWindowLightEffect returned false
2026-05-26 01:23:45.938 +02:00 [INF] Map "d5c08240-0436-454a-8993-362abf5bc477": window light drew 1/1 beam(s), skipped 0
2026-05-26 01:23:45.963 +02:00 [WRN] DrawWindowLightEffect: early return - shader is null
2026-05-26 01:23:45.963 +02:00 [INF] DrawWindowLightEffects() called for map "d5c08240-0436-454a-8993-362abf5bc477": Renderer=false, Beams=1
2026-05-26 01:23:45.963 +02:00 [INF] DrawWindowLightEffects() beam "6b7d8043-ed03-4400-b93f-168701db817b": sourceMask=true, opacity=1
2026-05-26 01:23:45.964 +02:00 [INF] DrawWindowLightEffects() beam "6b7d8043-ed03-4400-b93f-168701db817b": geometry=(528,464)-(528,639.36)
2026-05-26 01:23:45.964 +02:00 [WRN] DrawWindowLightEffect: early return - shader is null
2026-05-26 01:23:45.964 +02:00 [INF] DrawWindowLightEffects() beam "6b7d8043-ed03-4400-b93f-168701db817b": DrawWindowLightEffect returned false
2026-05-26 01:23:45.964 +02:00 [INF] Map "d5c08240-0436-454a-8993-362abf5bc477": window light drew 1/1 beam(s), skipped 0
2026-05-26 01:23:45.989 +02:00 [WRN] DrawWindowLightEffect: early return - shader is null
2026-05-26 01:23:45.989 +02:00 [INF] DrawWindowLightEffects() called for map "d5c08240-0436-454a-8993-362abf5bc477": Renderer=false, Beams=1
2026-05-26 01:23:45.990 +02:00 [INF] DrawWindowLightEffects() beam "6b7d8043-ed03-4400-b93f-168701db817b": sourceMask=true, opacity=1
2026-05-26 01:23:45.991 +02:00 [INF] DrawWindowLightEffects() beam "6b7d8043-ed03-4400-b93f-168701db817b": geometry=(528,464)-(528,639.36)
2026-05-26 01:23:45.991 +02:00 [WRN] DrawWindowLightEffect: early return - shader is null
2026-05-26 01:23:45.991 +02:00 [INF] DrawWindowLightEffects() beam "6b7d8043-ed03-4400-b93f-168701db817b": DrawWindowLightEffect returned false
2026-05-26 01:23:45.991 +02:00 [INF] Map "d5c08240-0436-454a-8993-362abf5bc477": window light drew 1/1 beam(s), skipped 0
2026-05-26 01:23:46.016 +02:00 [WRN] DrawWindowLightEffect: early return - shader is null
2026-05-26 01:23:46.016 +02:00 [INF] DrawWindowLightEffects() called for map "d5c08240-0436-454a-8993-362abf5bc477": Renderer=false, Beams=1
2026-05-26 01:23:46.016 +02:00 [INF] DrawWindowLightEffects() beam "6b7d8043-ed03-4400-b93f-168701db817b": sourceMask=true, opacity=1
2026-05-26 01:23:46.017 +02:00 [INF] DrawWindowLightEffects() beam "6b7d8043-ed03-4400-b93f-168701db817b": geometry=(528,464)-(528,639.36)
2026-05-26 01:23:46.017 +02:00 [WRN] DrawWindowLightEffect: early return - shader is null
2026-05-26 01:23:46.017 +02:00 [INF] DrawWindowLightEffects() beam "6b7d8043-ed03-4400-b93f-168701db817b": DrawWindowLightEffect returned false
2026-05-26 01:23:46.017 +02:00 [INF] Map "d5c08240-0436-454a-8993-362abf5bc477": window light drew 1/1 beam(s), skipped 0
2026-05-26 01:23:46.042 +02:00 [WRN] DrawWindowLightEffect: early return - shader is null
2026-05-26 01:23:46.042 +02:00 [INF] DrawWindowLightEffects() called for map "d5c08240-0436-454a-8993-362abf5bc477": Renderer=false, Beams=1
2026-05-26 01:23:46.042 +02:00 [INF] DrawWindowLightEffects() beam "6b7d8043-ed03-4400-b93f-168701db817b": sourceMask=true, opacity=1
2026-05-26 01:23:46.044 +02:00 [INF] DrawWindowLightEffects() beam "6b7d8043-ed03-4400-b93f-168701db817b": geometry=(528,464)-(528,639.36)
2026-05-26 01:23:46.044 +02:00 [WRN] DrawWindowLightEffect: early return - shader is null
2026-05-26 01:23:46.044 +02:00 [INF] DrawWindowLightEffects() beam "6b7d8043-ed03-4400-b93f-168701db817b": DrawWindowLightEffect returned false
2026-05-26 01:23:46.044 +02:00 [INF] Map "d5c08240-0436-454a-8993-362abf5bc477": window light drew 1/1 beam(s), skipped 0
2026-05-26 01:23:46.069 +02:00 [WRN] DrawWindowLightEffect: early return - shader is null
2026-05-26 01:23:46.069 +02:00 [INF] DrawWindowLightEffects() called for map "d5c08240-0436-454a-8993-362abf5bc477": Renderer=false, Beams=1
2026-05-26 01:23:46.069 +02:00 [INF] DrawWindowLightEffects() beam "6b7d8043-ed03-4400-b93f-168701db817b": sourceMask=true, opacity=1
2026-05-26 01:23:46.071 +02:00 [INF] DrawWindowLightEffects() beam "6b7d8043-ed03-4400-b93f-168701db817b": geometry=(528,464)-(528,639.36)
2026-05-26 01:23:46.071 +02:00 [WRN] DrawWindowLightEffect: early return - shader is null
2026-05-26 01:23:46.071 +02:00 [INF] DrawWindowLightEffects() beam "6b7d8043-ed03-4400-b93f-168701db817b": DrawWindowLightEffect returned false
2026-05-26 01:23:46.071 +02:00 [INF] Map "d5c08240-0436-454a-8993-362abf5bc477": window light drew 1/1 beam(s), skipped 0
2026-05-26 01:23:46.096 +02:00 [WRN] DrawWindowLightEffect: early return - shader is null
2026-05-26 01:23:46.096 +02:00 [INF] DrawWindowLightEffects() called for map "d5c08240-0436-454a-8993-362abf5bc477": Renderer=false, Beams=1
2026-05-26 01:23:46.096 +02:00 [INF] DrawWindowLightEffects() beam "6b7d8043-ed03-4400-b93f-168701db817b": sourceMask=true, opacity=1
2026-05-26 01:23:46.097 +02:00 [INF] DrawWindowLightEffects() beam "6b7d8043-ed03-4400-b93f-168701db817b": geometry=(528,464)-(528,639.36)
2026-05-26 01:23:46.097 +02:00 [WRN] DrawWindowLightEffect: early return - shader is null
2026-05-26 01:23:46.097 +02:00 [INF] DrawWindowLightEffects() beam "6b7d8043-ed03-4400-b93f-168701db817b": DrawWindowLightEffect returned false
2026-05-26 01:23:46.097 +02:00 [INF] Map "d5c08240-0436-454a-8993-362abf5bc477": window light drew 1/1 beam(s), skipped 0
2026-05-26 01:23:46.122 +02:00 [WRN] DrawWindowLightEffect: early return - shader is null
2026-05-26 01:23:46.122 +02:00 [INF] DrawWindowLightEffects() called for map "d5c08240-0436-454a-8993-362abf5bc477": Renderer=false, Beams=1
2026-05-26 01:23:46.122 +02:00 [INF] DrawWindowLightEffects() beam "6b7d8043-ed03-4400-b93f-168701db817b": sourceMask=true, opacity=1
2026-05-26 01:23:46.123 +02:00 [INF] DrawWindowLightEffects() beam "6b7d8043-ed03-4400-b93f-168701db817b": geometry=(528,464)-(528,639.36)
2026-05-26 01:23:46.123 +02:00 [WRN] DrawWindowLightEffect: early return - shader is null
2026-05-26 01:23:46.123 +02:00 [INF] DrawWindowLightEffects() beam "6b7d8043-ed03-4400-b93f-168701db817b": DrawWindowLightEffect returned false
2026-05-26 01:23:46.123 +02:00 [INF] Map "d5c08240-0436-454a-8993-362abf5bc477": window light drew 1/1 beam(s), skipped 0
2026-05-26 01:23:46.149 +02:00 [WRN] DrawWindowLightEffect: early return - shader is null
2026-05-26 01:23:46.149 +02:00 [INF] DrawWindowLightEffects() called for map "d5c08240-0436-454a-8993-362abf5bc477": Renderer=false, Beams=1
2026-05-26 01:23:46.149 +02:00 [INF] DrawWindowLightEffects() beam "6b7d8043-ed03-4400-b93f-168701db817b": sourceMask=true, opacity=1
2026-05-26 01:23:46.150 +02:00 [INF] DrawWindowLightEffects() beam "6b7d8043-ed03-4400-b93f-168701db817b": geometry=(528,464)-(528,639.36)
2026-05-26 01:23:46.150 +02:00 [WRN] DrawWindowLightEffect: early return - shader is null
2026-05-26 01:23:46.150 +02:00 [INF] DrawWindowLightEffects() beam "6b7d8043-ed03-4400-b93f-168701db817b": DrawWindowLightEffect returned false
2026-05-26 01:23:46.150 +02:00 [INF] Map "d5c08240-0436-454a-8993-362abf5bc477": window light drew 1/1 beam(s), skipped 0
2026-05-26 01:23:46.175 +02:00 [WRN] DrawWindowLightEffect: early return - shader is null
2026-05-26 01:23:46.175 +02:00 [INF] DrawWindowLightEffects() called for map "d5c08240-0436-454a-8993-362abf5bc477": Renderer=false, Beams=1
2026-05-26 01:23:46.175 +02:00 [INF] DrawWindowLightEffects() beam "6b7d8043-ed03-4400-b93f-168701db817b": sourceMask=true, opacity=1
2026-05-26 01:23:46.177 +02:00 [INF] DrawWindowLightEffects() beam "6b7d8043-ed03-4400-b93f-168701db817b": geometry=(528,464)-(528,639.36)
2026-05-26 01:23:46.177 +02:00 [WRN] DrawWindowLightEffect: early return - shader is null
2026-05-26 01:23:46.177 +02:00 [INF] DrawWindowLightEffects() beam "6b7d8043-ed03-4400-b93f-168701db817b": DrawWindowLightEffect returned false
2026-05-26 01:23:46.177 +02:00 [INF] Map "d5c08240-0436-454a-8993-362abf5bc477": window light drew 1/1 beam(s), skipped 0
2026-05-26 01:23:46.202 +02:00 [WRN] DrawWindowLightEffect: early return - shader is null
2026-05-26 01:23:46.202 +02:00 [INF] DrawWindowLightEffects() called for map "d5c08240-0436-454a-8993-362abf5bc477": Renderer=false, Beams=1
2026-05-26 01:23:46.202 +02:00 [INF] DrawWindowLightEffects() beam "6b7d8043-ed03-4400-b93f-168701db817b": sourceMask=true, opacity=1
2026-05-26 01:23:46.203 +02:00 [INF] DrawWindowLightEffects() beam "6b7d8043-ed03-4400-b93f-168701db817b": geometry=(528,464)-(528,639.36)
2026-05-26 01:23:46.203 +02:00 [WRN] DrawWindowLightEffect: early return - shader is null
2026-05-26 01:23:46.203 +02:00 [INF] DrawWindowLightEffects() beam "6b7d8043-ed03-4400-b93f-168701db817b": DrawWindowLightEffect returned false
2026-05-26 01:23:46.203 +02:00 [INF] Map "d5c08240-0436-454a-8993-362abf5bc477": window light drew 1/1 beam(s), skipped 0
2026-05-26 01:23:46.228 +02:00 [WRN] DrawWindowLightEffect: early return - shader is null
2026-05-26 01:23:46.228 +02:00 [INF] DrawWindowLightEffects() called for map "d5c08240-0436-454a-8993-362abf5bc477": Renderer=false, Beams=1
2026-05-26 01:23:46.228 +02:00 [INF] DrawWindowLightEffects() beam "6b7d8043-ed03-4400-b93f-168701db817b": sourceMask=true, opacity=1
2026-05-26 01:23:46.229 +02:00 [INF] DrawWindowLightEffects() beam "6b7d8043-ed03-4400-b93f-168701db817b": geometry=(528,464)-(528,639.36)
2026-05-26 01:23:46.229 +02:00 [WRN] DrawWindowLightEffect: early return - shader is null
2026-05-26 01:23:46.229 +02:00 [INF] DrawWindowLightEffects() beam "6b7d8043-ed03-4400-b93f-168701db817b": DrawWindowLightEffect returned false
2026-05-26 01:23:46.229 +02:00 [INF] Map "d5c08240-0436-454a-8993-362abf5bc477": window light drew 1/1 beam(s), skipped 0
2026-05-26 01:23:46.254 +02:00 [WRN] DrawWindowLightEffect: early return - shader is null
2026-05-26 01:23:46.254 +02:00 [INF] DrawWindowLightEffects() called for map "d5c08240-0436-454a-8993-362abf5bc477": Renderer=false, Beams=1
2026-05-26 01:23:46.254 +02:00 [INF] DrawWindowLightEffects() beam "6b7d8043-ed03-4400-b93f-168701db817b": sourceMask=true, opacity=1
2026-05-26 01:23:46.256 +02:00 [INF] DrawWindowLightEffects() beam "6b7d8043-ed03-4400-b93f-168701db817b": geometry=(528,464)-(528,639.36)
2026-05-26 01:23:46.256 +02:00 [WRN] DrawWindowLightEffect: early return - shader is null
2026-05-26 01:23:46.256 +02:00 [INF] DrawWindowLightEffects() beam "6b7d8043-ed03-4400-b93f-168701db817b": DrawWindowLightEffect returned false
2026-05-26 01:23:46.256 +02:00 [INF] Map "d5c08240-0436-454a-8993-362abf5bc477": window light drew 1/1 beam(s), skipped 0
2026-05-26 01:23:46.282 +02:00 [WRN] DrawWindowLightEffect: early return - shader is null
2026-05-26 01:23:46.283 +02:00 [INF] DrawWindowLightEffects() called for map "d5c08240-0436-454a-8993-362abf5bc477": Renderer=false, Beams=1
2026-05-26 01:23:46.283 +02:00 [INF] DrawWindowLightEffects() beam "6b7d8043-ed03-4400-b93f-168701db817b": sourceMask=true, opacity=1
2026-05-26 01:23:46.284 +02:00 [INF] DrawWindowLightEffects() beam "6b7d8043-ed03-4400-b93f-168701db817b": geometry=(528,464)-(528,639.36)
2026-05-26 01:23:46.284 +02:00 [WRN] DrawWindowLightEffect: early return - shader is null
2026-05-26 01:23:46.284 +02:00 [INF] DrawWindowLightEffects() beam "6b7d8043-ed03-4400-b93f-168701db817b": DrawWindowLightEffect returned false
2026-05-26 01:23:46.284 +02:00 [INF] Map "d5c08240-0436-454a-8993-362abf5bc477": window light drew 1/1 beam(s), skipped 0
2026-05-26 01:23:46.309 +02:00 [WRN] DrawWindowLightEffect: early return - shader is null
2026-05-26 01:23:46.309 +02:00 [INF] DrawWindowLightEffects() called for map "d5c08240-0436-454a-8993-362abf5bc477": Renderer=false, Beams=1
2026-05-26 01:23:46.309 +02:00 [INF] DrawWindowLightEffects() beam "6b7d8043-ed03-4400-b93f-168701db817b": sourceMask=true, opacity=1
2026-05-26 01:23:46.310 +02:00 [INF] DrawWindowLightEffects() beam "6b7d8043-ed03-4400-b93f-168701db817b": geometry=(528,464)-(528,639.36)
2026-05-26 01:23:46.310 +02:00 [WRN] DrawWindowLightEffect: early return - shader is null
2026-05-26 01:23:46.310 +02:00 [INF] DrawWindowLightEffects() beam "6b7d8043-ed03-4400-b93f-168701db817b": DrawWindowLightEffect returned false
2026-05-26 01:23:46.310 +02:00 [INF] Map "d5c08240-0436-454a-8993-362abf5bc477": window light drew 1/1 beam(s), skipped 0
2026-05-26 01:23:46.336 +02:00 [WRN] DrawWindowLightEffect: early return - shader is null
2026-05-26 01:23:46.336 +02:00 [INF] DrawWindowLightEffects() called for map "d5c08240-0436-454a-8993-362abf5bc477": Renderer=false, Beams=1
2026-05-26 01:23:46.336 +02:00 [INF] DrawWindowLightEffects() beam "6b7d8043-ed03-4400-b93f-168701db817b": sourceMask=true, opacity=1
2026-05-26 01:23:46.337 +02:00 [INF] DrawWindowLightEffects() beam "6b7d8043-ed03-4400-b93f-168701db817b": geometry=(528,464)-(528,639.36)
2026-05-26 01:23:46.337 +02:00 [WRN] DrawWindowLightEffect: early return - shader is null
2026-05-26 01:23:46.337 +02:00 [INF] DrawWindowLightEffects() beam "6b7d8043-ed03-4400-b93f-168701db817b": DrawWindowLightEffect returned false
2026-05-26 01:23:46.337 +02:00 [INF] Map "d5c08240-0436-454a-8993-362abf5bc477": window light drew 1/1 beam(s), skipped 0
2026-05-26 01:23:46.362 +02:00 [WRN] DrawWindowLightEffect: early return - shader is null
2026-05-26 01:23:46.362 +02:00 [INF] DrawWindowLightEffects() called for map "d5c08240-0436-454a-8993-362abf5bc477": Renderer=false, Beams=1
2026-05-26 01:23:46.362 +02:00 [INF] DrawWindowLightEffects() beam "6b7d8043-ed03-4400-b93f-168701db817b": sourceMask=true, opacity=1
2026-05-26 01:23:46.363 +02:00 [INF] DrawWindowLightEffects() beam "6b7d8043-ed03-4400-b93f-168701db817b": geometry=(528,464)-(528,639.36)
2026-05-26 01:23:46.363 +02:00 [WRN] DrawWindowLightEffect: early return - shader is null
2026-05-26 01:23:46.363 +02:00 [INF] DrawWindowLightEffects() beam "6b7d8043-ed03-4400-b93f-168701db817b": DrawWindowLightEffect returned false
2026-05-26 01:23:46.363 +02:00 [INF] Map "d5c08240-0436-454a-8993-362abf5bc477": window light drew 1/1 beam(s), skipped 0
2026-05-26 01:23:46.389 +02:00 [WRN] DrawWindowLightEffect: early return - shader is null
2026-05-26 01:23:46.389 +02:00 [INF] DrawWindowLightEffects() called for map "d5c08240-0436-454a-8993-362abf5bc477": Renderer=false, Beams=1
2026-05-26 01:23:46.389 +02:00 [INF] DrawWindowLightEffects() beam "6b7d8043-ed03-4400-b93f-168701db817b": sourceMask=true, opacity=1
2026-05-26 01:23:46.390 +02:00 [INF] DrawWindowLightEffects() beam "6b7d8043-ed03-4400-b93f-168701db817b": geometry=(528,464)-(528,639.36)
2026-05-26 01:23:46.390 +02:00 [WRN] DrawWindowLightEffect: early return - shader is null
2026-05-26 01:23:46.390 +02:00 [INF] DrawWindowLightEffects() beam "6b7d8043-ed03-4400-b93f-168701db817b": DrawWindowLightEffect returned false
2026-05-26 01:23:46.390 +02:00 [INF] Map "d5c08240-0436-454a-8993-362abf5bc477": window light drew 1/1 beam(s), skipped 0
2026-05-26 01:23:46.415 +02:00 [WRN] DrawWindowLightEffect: early return - shader is null
2026-05-26 01:23:46.415 +02:00 [INF] DrawWindowLightEffects() called for map "d5c08240-0436-454a-8993-362abf5bc477": Renderer=false, Beams=1
2026-05-26 01:23:46.415 +02:00 [INF] DrawWindowLightEffects() beam "6b7d8043-ed03-4400-b93f-168701db817b": sourceMask=true, opacity=1
2026-05-26 01:23:46.417 +02:00 [INF] DrawWindowLightEffects() beam "6b7d8043-ed03-4400-b93f-168701db817b": geometry=(528,464)-(528,639.36)
2026-05-26 01:23:46.417 +02:00 [WRN] DrawWindowLightEffect: early return - shader is null
2026-05-26 01:23:46.417 +02:00 [INF] DrawWindowLightEffects() beam "6b7d8043-ed03-4400-b93f-168701db817b": DrawWindowLightEffect returned false
2026-05-26 01:23:46.417 +02:00 [INF] Map "d5c08240-0436-454a-8993-362abf5bc477": window light drew 1/1 beam(s), skipped 0
2026-05-26 01:23:46.442 +02:00 [WRN] DrawWindowLightEffect: early return - shader is null
2026-05-26 01:23:46.442 +02:00 [INF] DrawWindowLightEffects() called for map "d5c08240-0436-454a-8993-362abf5bc477": Renderer=false, Beams=1
2026-05-26 01:23:46.442 +02:00 [INF] DrawWindowLightEffects() beam "6b7d8043-ed03-4400-b93f-168701db817b": sourceMask=true, opacity=1
2026-05-26 01:23:46.443 +02:00 [INF] DrawWindowLightEffects() beam "6b7d8043-ed03-4400-b93f-168701db817b": geometry=(528,464)-(528,639.36)
2026-05-26 01:23:46.443 +02:00 [WRN] DrawWindowLightEffect: early return - shader is null
2026-05-26 01:23:46.443 +02:00 [INF] DrawWindowLightEffects() beam "6b7d8043-ed03-4400-b93f-168701db817b": DrawWindowLightEffect returned false
2026-05-26 01:23:46.443 +02:00 [INF] Map "d5c08240-0436-454a-8993-362abf5bc477": window light drew 1/1 beam(s), skipped 0
2026-05-26 01:23:46.469 +02:00 [WRN] DrawWindowLightEffect: early return - shader is null
2026-05-26 01:23:46.469 +02:00 [INF] DrawWindowLightEffects() called for map "d5c08240-0436-454a-8993-362abf5bc477": Renderer=false, Beams=1
2026-05-26 01:23:46.469 +02:00 [INF] DrawWindowLightEffects() beam "6b7d8043-ed03-4400-b93f-168701db817b": sourceMask=true, opacity=1
2026-05-26 01:23:46.470 +02:00 [INF] DrawWindowLightEffects() beam "6b7d8043-ed03-4400-b93f-168701db817b": geometry=(528,464)-(528,639.36)
2026-05-26 01:23:46.470 +02:00 [WRN] DrawWindowLightEffect: early return - shader is null
2026-05-26 01:23:46.470 +02:00 [INF] DrawWindowLightEffects() beam "6b7d8043-ed03-4400-b93f-168701db817b": DrawWindowLightEffect returned false
2026-05-26 01:23:46.470 +02:00 [INF] Map "d5c08240-0436-454a-8993-362abf5bc477": window light drew 1/1 beam(s), skipped 0
2026-05-26 01:23:46.497 +02:00 [WRN] DrawWindowLightEffect: early return - shader is null
2026-05-26 01:23:46.497 +02:00 [INF] DrawWindowLightEffects() called for map "d5c08240-0436-454a-8993-362abf5bc477": Renderer=false, Beams=1
2026-05-26 01:23:46.497 +02:00 [INF] DrawWindowLightEffects() beam "6b7d8043-ed03-4400-b93f-168701db817b": sourceMask=true, opacity=1
2026-05-26 01:23:46.498 +02:00 [INF] DrawWindowLightEffects() beam "6b7d8043-ed03-4400-b93f-168701db817b": geometry=(528,464)-(528,639.36)
2026-05-26 01:23:46.498 +02:00 [WRN] DrawWindowLightEffect: early return - shader is null
2026-05-26 01:23:46.498 +02:00 [INF] DrawWindowLightEffects() beam "6b7d8043-ed03-4400-b93f-168701db817b": DrawWindowLightEffect returned false
2026-05-26 01:23:46.498 +02:00 [INF] Map "d5c08240-0436-454a-8993-362abf5bc477": window light drew 1/1 beam(s), skipped 0
2026-05-26 01:23:46.524 +02:00 [WRN] DrawWindowLightEffect: early return - shader is null
2026-05-26 01:23:46.524 +02:00 [INF] DrawWindowLightEffects() called for map "d5c08240-0436-454a-8993-362abf5bc477": Renderer=false, Beams=1
2026-05-26 01:23:46.524 +02:00 [INF] DrawWindowLightEffects() beam "6b7d8043-ed03-4400-b93f-168701db817b": sourceMask=true, opacity=1
2026-05-26 01:23:46.525 +02:00 [INF] DrawWindowLightEffects() beam "6b7d8043-ed03-4400-b93f-168701db817b": geometry=(528,464)-(528,639.36)
2026-05-26 01:23:46.525 +02:00 [WRN] DrawWindowLightEffect: early return - shader is null
2026-05-26 01:23:46.525 +02:00 [INF] DrawWindowLightEffects() beam "6b7d8043-ed03-4400-b93f-168701db817b": DrawWindowLightEffect returned false
2026-05-26 01:23:46.525 +02:00 [INF] Map "d5c08240-0436-454a-8993-362abf5bc477": window light drew 1/1 beam(s), skipped 0
2026-05-26 01:23:46.551 +02:00 [WRN] DrawWindowLightEffect: early return - shader is null
2026-05-26 01:23:46.551 +02:00 [INF] DrawWindowLightEffects() called for map "d5c08240-0436-454a-8993-362abf5bc477": Renderer=false, Beams=1
2026-05-26 01:23:46.551 +02:00 [INF] DrawWindowLightEffects() beam "6b7d8043-ed03-4400-b93f-168701db817b": sourceMask=true, opacity=1
2026-05-26 01:23:46.552 +02:00 [INF] DrawWindowLightEffects() beam "6b7d8043-ed03-4400-b93f-168701db817b": geometry=(528,464)-(528,639.36)
2026-05-26 01:23:46.552 +02:00 [WRN] DrawWindowLightEffect: early return - shader is null
2026-05-26 01:23:46.552 +02:00 [INF] DrawWindowLightEffects() beam "6b7d8043-ed03-4400-b93f-168701db817b": DrawWindowLightEffect returned false
2026-05-26 01:23:46.552 +02:00 [INF] Map "d5c08240-0436-454a-8993-362abf5bc477": window light drew 1/1 beam(s), skipped 0
2026-05-26 01:23:46.577 +02:00 [WRN] DrawWindowLightEffect: early return - shader is null
2026-05-26 01:23:46.577 +02:00 [INF] DrawWindowLightEffects() called for map "d5c08240-0436-454a-8993-362abf5bc477": Renderer=false, Beams=1
2026-05-26 01:23:46.577 +02:00 [INF] DrawWindowLightEffects() beam "6b7d8043-ed03-4400-b93f-168701db817b": sourceMask=true, opacity=1
2026-05-26 01:23:46.579 +02:00 [INF] DrawWindowLightEffects() beam "6b7d8043-ed03-4400-b93f-168701db817b": geometry=(528,464)-(528,639.36)
2026-05-26 01:23:46.579 +02:00 [WRN] DrawWindowLightEffect: early return - shader is null
2026-05-26 01:23:46.579 +02:00 [INF] DrawWindowLightEffects() beam "6b7d8043-ed03-4400-b93f-168701db817b": DrawWindowLightEffect returned false
2026-05-26 01:23:46.579 +02:00 [INF] Map "d5c08240-0436-454a-8993-362abf5bc477": window light drew 1/1 beam(s), skipped 0
2026-05-26 01:23:46.604 +02:00 [WRN] DrawWindowLightEffect: early return - shader is null
2026-05-26 01:23:46.604 +02:00 [INF] DrawWindowLightEffects() called for map "d5c08240-0436-454a-8993-362abf5bc477": Renderer=false, Beams=1
2026-05-26 01:23:46.604 +02:00 [INF] DrawWindowLightEffects() beam "6b7d8043-ed03-4400-b93f-168701db817b": sourceMask=true, opacity=1
2026-05-26 01:23:46.605 +02:00 [INF] DrawWindowLightEffects() beam "6b7d8043-ed03-4400-b93f-168701db817b": geometry=(528,464)-(528,639.36)
2026-05-26 01:23:46.605 +02:00 [WRN] DrawWindowLightEffect: early return - shader is null
2026-05-26 01:23:46.605 +02:00 [INF] DrawWindowLightEffects() beam "6b7d8043-ed03-4400-b93f-168701db817b": DrawWindowLightEffect returned false
2026-05-26 01:23:46.605 +02:00 [INF] Map "d5c08240-0436-454a-8993-362abf5bc477": window light drew 1/1 beam(s), skipped 0
2026-05-26 01:23:46.631 +02:00 [WRN] DrawWindowLightEffect: early return - shader is null
2026-05-26 01:23:46.631 +02:00 [INF] DrawWindowLightEffects() called for map "d5c08240-0436-454a-8993-362abf5bc477": Renderer=false, Beams=1
2026-05-26 01:23:46.631 +02:00 [INF] DrawWindowLightEffects() beam "6b7d8043-ed03-4400-b93f-168701db817b": sourceMask=true, opacity=1
2026-05-26 01:23:46.632 +02:00 [INF] DrawWindowLightEffects() beam "6b7d8043-ed03-4400-b93f-168701db817b": geometry=(528,464)-(528,639.36)
2026-05-26 01:23:46.632 +02:00 [WRN] DrawWindowLightEffect: early return - shader is null
2026-05-26 01:23:46.632 +02:00 [INF] DrawWindowLightEffects() beam "6b7d8043-ed03-4400-b93f-168701db817b": DrawWindowLightEffect returned false
2026-05-26 01:23:46.632 +02:00 [INF] Map "d5c08240-0436-454a-8993-362abf5bc477": window light drew 1/1 beam(s), skipped 0
2026-05-26 01:23:46.659 +02:00 [WRN] DrawWindowLightEffect: early return - shader is null
2026-05-26 01:23:46.659 +02:00 [INF] DrawWindowLightEffects() called for map "d5c08240-0436-454a-8993-362abf5bc477": Renderer=false, Beams=1
2026-05-26 01:23:46.659 +02:00 [INF] DrawWindowLightEffects() beam "6b7d8043-ed03-4400-b93f-168701db817b": sourceMask=true, opacity=1
2026-05-26 01:23:46.660 +02:00 [INF] DrawWindowLightEffects() beam "6b7d8043-ed03-4400-b93f-168701db817b": geometry=(528,464)-(528,639.36)
2026-05-26 01:23:46.660 +02:00 [WRN] DrawWindowLightEffect: early return - shader is null
2026-05-26 01:23:46.660 +02:00 [INF] DrawWindowLightEffects() beam "6b7d8043-ed03-4400-b93f-168701db817b": DrawWindowLightEffect returned false
2026-05-26 01:23:46.660 +02:00 [INF] Map "d5c08240-0436-454a-8993-362abf5bc477": window light drew 1/1 beam(s), skipped 0
2026-05-26 01:23:46.686 +02:00 [WRN] DrawWindowLightEffect: early return - shader is null
2026-05-26 01:23:46.686 +02:00 [INF] DrawWindowLightEffects() called for map "d5c08240-0436-454a-8993-362abf5bc477": Renderer=false, Beams=1
2026-05-26 01:23:46.686 +02:00 [INF] DrawWindowLightEffects() beam "6b7d8043-ed03-4400-b93f-168701db817b": sourceMask=true, opacity=1
2026-05-26 01:23:46.687 +02:00 [INF] DrawWindowLightEffects() beam "6b7d8043-ed03-4400-b93f-168701db817b": geometry=(528,464)-(528,639.36)
2026-05-26 01:23:46.688 +02:00 [WRN] DrawWindowLightEffect: early return - shader is null
2026-05-26 01:23:46.688 +02:00 [INF] DrawWindowLightEffects() beam "6b7d8043-ed03-4400-b93f-168701db817b": DrawWindowLightEffect returned false
2026-05-26 01:23:46.688 +02:00 [INF] Map "d5c08240-0436-454a-8993-362abf5bc477": window light drew 1/1 beam(s), skipped 0
2026-05-26 01:23:46.714 +02:00 [WRN] DrawWindowLightEffect: early return - shader is null
2026-05-26 01:23:46.714 +02:00 [INF] DrawWindowLightEffects() called for map "d5c08240-0436-454a-8993-362abf5bc477": Renderer=false, Beams=1
2026-05-26 01:23:46.714 +02:00 [INF] DrawWindowLightEffects() beam "6b7d8043-ed03-4400-b93f-168701db817b": sourceMask=true, opacity=1
2026-05-26 01:23:46.715 +02:00 [INF] DrawWindowLightEffects() beam "6b7d8043-ed03-4400-b93f-168701db817b": geometry=(528,464)-(528,639.36)
2026-05-26 01:23:46.715 +02:00 [WRN] DrawWindowLightEffect: early return - shader is null
2026-05-26 01:23:46.715 +02:00 [INF] DrawWindowLightEffects() beam "6b7d8043-ed03-4400-b93f-168701db817b": DrawWindowLightEffect returned false
2026-05-26 01:23:46.715 +02:00 [INF] Map "d5c08240-0436-454a-8993-362abf5bc477": window light drew 1/1 beam(s), skipped 0
2026-05-26 01:23:46.741 +02:00 [WRN] DrawWindowLightEffect: early return - shader is null
2026-05-26 01:23:46.741 +02:00 [INF] DrawWindowLightEffects() called for map "d5c08240-0436-454a-8993-362abf5bc477": Renderer=false, Beams=1
2026-05-26 01:23:46.741 +02:00 [INF] DrawWindowLightEffects() beam "6b7d8043-ed03-4400-b93f-168701db817b": sourceMask=true, opacity=1
2026-05-26 01:23:46.742 +02:00 [INF] DrawWindowLightEffects() beam "6b7d8043-ed03-4400-b93f-168701db817b": geometry=(528,464)-(528,639.36)
2026-05-26 01:23:46.742 +02:00 [WRN] DrawWindowLightEffect: early return - shader is null
2026-05-26 01:23:46.742 +02:00 [INF] DrawWindowLightEffects() beam "6b7d8043-ed03-4400-b93f-168701db817b": DrawWindowLightEffect returned false
2026-05-26 01:23:46.742 +02:00 [INF] Map "d5c08240-0436-454a-8993-362abf5bc477": window light drew 1/1 beam(s), skipped 0
2026-05-26 01:23:46.767 +02:00 [WRN] DrawWindowLightEffect: early return - shader is null
2026-05-26 01:23:46.767 +02:00 [INF] DrawWindowLightEffects() called for map "d5c08240-0436-454a-8993-362abf5bc477": Renderer=false, Beams=1
2026-05-26 01:23:46.767 +02:00 [INF] DrawWindowLightEffects() beam "6b7d8043-ed03-4400-b93f-168701db817b": sourceMask=true, opacity=1
2026-05-26 01:23:46.769 +02:00 [INF] DrawWindowLightEffects() beam "6b7d8043-ed03-4400-b93f-168701db817b": geometry=(528,464)-(528,639.36)
2026-05-26 01:23:46.769 +02:00 [WRN] DrawWindowLightEffect: early return - shader is null
2026-05-26 01:23:46.769 +02:00 [INF] DrawWindowLightEffects() beam "6b7d8043-ed03-4400-b93f-168701db817b": DrawWindowLightEffect returned false
2026-05-26 01:23:46.769 +02:00 [INF] Map "d5c08240-0436-454a-8993-362abf5bc477": window light drew 1/1 beam(s), skipped 0
2026-05-26 01:23:46.794 +02:00 [WRN] DrawWindowLightEffect: early return - shader is null
2026-05-26 01:23:46.795 +02:00 [INF] DrawWindowLightEffects() called for map "d5c08240-0436-454a-8993-362abf5bc477": Renderer=false, Beams=1
2026-05-26 01:23:46.795 +02:00 [INF] DrawWindowLightEffects() beam "6b7d8043-ed03-4400-b93f-168701db817b": sourceMask=true, opacity=1
2026-05-26 01:23:46.796 +02:00 [INF] DrawWindowLightEffects() beam "6b7d8043-ed03-4400-b93f-168701db817b": geometry=(528,464)-(528,639.36)
2026-05-26 01:23:46.796 +02:00 [WRN] DrawWindowLightEffect: early return - shader is null
2026-05-26 01:23:46.796 +02:00 [INF] DrawWindowLightEffects() beam "6b7d8043-ed03-4400-b93f-168701db817b": DrawWindowLightEffect returned false
2026-05-26 01:23:46.796 +02:00 [INF] Map "d5c08240-0436-454a-8993-362abf5bc477": window light drew 1/1 beam(s), skipped 0
2026-05-26 01:23:46.822 +02:00 [WRN] DrawWindowLightEffect: early return - shader is null
2026-05-26 01:23:46.822 +02:00 [INF] DrawWindowLightEffects() called for map "d5c08240-0436-454a-8993-362abf5bc477": Renderer=false, Beams=1
2026-05-26 01:23:46.822 +02:00 [INF] DrawWindowLightEffects() beam "6b7d8043-ed03-4400-b93f-168701db817b": sourceMask=true, opacity=1
2026-05-26 01:23:46.823 +02:00 [INF] DrawWindowLightEffects() beam "6b7d8043-ed03-4400-b93f-168701db817b": geometry=(528,464)-(528,639.36)
2026-05-26 01:23:46.823 +02:00 [WRN] DrawWindowLightEffect: early return - shader is null
2026-05-26 01:23:46.823 +02:00 [INF] DrawWindowLightEffects() beam "6b7d8043-ed03-4400-b93f-168701db817b": DrawWindowLightEffect returned false
2026-05-26 01:23:46.823 +02:00 [INF] Map "d5c08240-0436-454a-8993-362abf5bc477": window light drew 1/1 beam(s), skipped 0
2026-05-26 01:23:46.849 +02:00 [WRN] DrawWindowLightEffect: early return - shader is null
2026-05-26 01:23:46.849 +02:00 [INF] DrawWindowLightEffects() called for map "d5c08240-0436-454a-8993-362abf5bc477": Renderer=false, Beams=1
2026-05-26 01:23:46.849 +02:00 [INF] DrawWindowLightEffects() beam "6b7d8043-ed03-4400-b93f-168701db817b": sourceMask=true, opacity=1
2026-05-26 01:23:46.850 +02:00 [INF] DrawWindowLightEffects() beam "6b7d8043-ed03-4400-b93f-168701db817b": geometry=(528,464)-(528,639.36)
2026-05-26 01:23:46.850 +02:00 [WRN] DrawWindowLightEffect: early return - shader is null
2026-05-26 01:23:46.850 +02:00 [INF] DrawWindowLightEffects() beam "6b7d8043-ed03-4400-b93f-168701db817b": DrawWindowLightEffect returned false
2026-05-26 01:23:46.850 +02:00 [INF] Map "d5c08240-0436-454a-8993-362abf5bc477": window light drew 1/1 beam(s), skipped 0
2026-05-26 01:23:46.875 +02:00 [WRN] DrawWindowLightEffect: early return - shader is null
2026-05-26 01:23:46.875 +02:00 [INF] DrawWindowLightEffects() called for map "d5c08240-0436-454a-8993-362abf5bc477": Renderer=false, Beams=1
2026-05-26 01:23:46.875 +02:00 [INF] DrawWindowLightEffects() beam "6b7d8043-ed03-4400-b93f-168701db817b": sourceMask=true, opacity=1
2026-05-26 01:23:46.876 +02:00 [INF] DrawWindowLightEffects() beam "6b7d8043-ed03-4400-b93f-168701db817b": geometry=(528,464)-(528,639.36)
2026-05-26 01:23:46.876 +02:00 [WRN] DrawWindowLightEffect: early return - shader is null
2026-05-26 01:23:46.876 +02:00 [INF] DrawWindowLightEffects() beam "6b7d8043-ed03-4400-b93f-168701db817b": DrawWindowLightEffect returned false
2026-05-26 01:23:46.876 +02:00 [INF] Map "d5c08240-0436-454a-8993-362abf5bc477": window light drew 1/1 beam(s), skipped 0
2026-05-26 01:23:46.902 +02:00 [WRN] DrawWindowLightEffect: early return - shader is null
2026-05-26 01:23:46.902 +02:00 [INF] DrawWindowLightEffects() called for map "d5c08240-0436-454a-8993-362abf5bc477": Renderer=false, Beams=1
2026-05-26 01:23:46.902 +02:00 [INF] DrawWindowLightEffects() beam "6b7d8043-ed03-4400-b93f-168701db817b": sourceMask=true, opacity=1
2026-05-26 01:23:46.903 +02:00 [INF] DrawWindowLightEffects() beam "6b7d8043-ed03-4400-b93f-168701db817b": geometry=(528,464)-(528,639.36)
2026-05-26 01:23:46.903 +02:00 [WRN] DrawWindowLightEffect: early return - shader is null
2026-05-26 01:23:46.903 +02:00 [INF] DrawWindowLightEffects() beam "6b7d8043-ed03-4400-b93f-168701db817b": DrawWindowLightEffect returned false
2026-05-26 01:23:46.903 +02:00 [INF] Map "d5c08240-0436-454a-8993-362abf5bc477": window light drew 1/1 beam(s), skipped 0
2026-05-26 01:23:46.929 +02:00 [WRN] DrawWindowLightEffect: early return - shader is null
2026-05-26 01:23:46.929 +02:00 [INF] DrawWindowLightEffects() called for map "d5c08240-0436-454a-8993-362abf5bc477": Renderer=false, Beams=1
2026-05-26 01:23:46.929 +02:00 [INF] DrawWindowLightEffects() beam "6b7d8043-ed03-4400-b93f-168701db817b": sourceMask=true, opacity=1
2026-05-26 01:23:46.930 +02:00 [INF] DrawWindowLightEffects() beam "6b7d8043-ed03-4400-b93f-168701db817b": geometry=(528,464)-(528,639.36)
2026-05-26 01:23:46.930 +02:00 [WRN] DrawWindowLightEffect: early return - shader is null
2026-05-26 01:23:46.930 +02:00 [INF] DrawWindowLightEffects() beam "6b7d8043-ed03-4400-b93f-168701db817b": DrawWindowLightEffect returned false
2026-05-26 01:23:46.930 +02:00 [INF] Map "d5c08240-0436-454a-8993-362abf5bc477": window light drew 1/1 beam(s), skipped 0
2026-05-26 01:23:46.956 +02:00 [WRN] DrawWindowLightEffect: early return - shader is null
2026-05-26 01:23:46.956 +02:00 [INF] DrawWindowLightEffects() called for map "d5c08240-0436-454a-8993-362abf5bc477": Renderer=false, Beams=1
2026-05-26 01:23:46.956 +02:00 [INF] DrawWindowLightEffects() beam "6b7d8043-ed03-4400-b93f-168701db817b": sourceMask=true, opacity=1
2026-05-26 01:23:46.958 +02:00 [INF] DrawWindowLightEffects() beam "6b7d8043-ed03-4400-b93f-168701db817b": geometry=(528,464)-(528,639.36)
2026-05-26 01:23:46.958 +02:00 [WRN] DrawWindowLightEffect: early return - shader is null
2026-05-26 01:23:46.958 +02:00 [INF] DrawWindowLightEffects() beam "6b7d8043-ed03-4400-b93f-168701db817b": DrawWindowLightEffect returned false
2026-05-26 01:23:46.958 +02:00 [INF] Map "d5c08240-0436-454a-8993-362abf5bc477": window light drew 1/1 beam(s), skipped 0
2026-05-26 01:23:46.983 +02:00 [WRN] DrawWindowLightEffect: early return - shader is null
2026-05-26 01:23:46.983 +02:00 [INF] DrawWindowLightEffects() called for map "d5c08240-0436-454a-8993-362abf5bc477": Renderer=false, Beams=1
2026-05-26 01:23:46.983 +02:00 [INF] DrawWindowLightEffects() beam "6b7d8043-ed03-4400-b93f-168701db817b": sourceMask=true, opacity=1
2026-05-26 01:23:46.984 +02:00 [INF] DrawWindowLightEffects() beam "6b7d8043-ed03-4400-b93f-168701db817b": geometry=(528,464)-(528,639.36)
2026-05-26 01:23:46.984 +02:00 [WRN] DrawWindowLightEffect: early return - shader is null
2026-05-26 01:23:46.984 +02:00 [INF] DrawWindowLightEffects() beam "6b7d8043-ed03-4400-b93f-168701db817b": DrawWindowLightEffect returned false
2026-05-26 01:23:46.984 +02:00 [INF] Map "d5c08240-0436-454a-8993-362abf5bc477": window light drew 1/1 beam(s), skipped 0
2026-05-26 01:23:47.009 +02:00 [WRN] DrawWindowLightEffect: early return - shader is null
2026-05-26 01:23:47.009 +02:00 [INF] DrawWindowLightEffects() called for map "d5c08240-0436-454a-8993-362abf5bc477": Renderer=false, Beams=1
2026-05-26 01:23:47.010 +02:00 [INF] DrawWindowLightEffects() beam "6b7d8043-ed03-4400-b93f-168701db817b": sourceMask=true, opacity=1
2026-05-26 01:23:47.011 +02:00 [INF] DrawWindowLightEffects() beam "6b7d8043-ed03-4400-b93f-168701db817b": geometry=(528,464)-(528,639.36)
2026-05-26 01:23:47.011 +02:00 [WRN] DrawWindowLightEffect: early return - shader is null
2026-05-26 01:23:47.011 +02:00 [INF] DrawWindowLightEffects() beam "6b7d8043-ed03-4400-b93f-168701db817b": DrawWindowLightEffect returned false
2026-05-26 01:23:47.011 +02:00 [INF] Map "d5c08240-0436-454a-8993-362abf5bc477": window light drew 1/1 beam(s), skipped 0
2026-05-26 01:23:47.036 +02:00 [WRN] DrawWindowLightEffect: early return - shader is null
2026-05-26 01:23:47.036 +02:00 [INF] DrawWindowLightEffects() called for map "d5c08240-0436-454a-8993-362abf5bc477": Renderer=false, Beams=1
2026-05-26 01:23:47.036 +02:00 [INF] DrawWindowLightEffects() beam "6b7d8043-ed03-4400-b93f-168701db817b": sourceMask=true, opacity=1
2026-05-26 01:23:47.037 +02:00 [INF] DrawWindowLightEffects() beam "6b7d8043-ed03-4400-b93f-168701db817b": geometry=(528,464)-(528,639.36)
2026-05-26 01:23:47.037 +02:00 [WRN] DrawWindowLightEffect: early return - shader is null
2026-05-26 01:23:47.037 +02:00 [INF] DrawWindowLightEffects() beam "6b7d8043-ed03-4400-b93f-168701db817b": DrawWindowLightEffect returned false
2026-05-26 01:23:47.037 +02:00 [INF] Map "d5c08240-0436-454a-8993-362abf5bc477": window light drew 1/1 beam(s), skipped 0
2026-05-26 01:23:47.063 +02:00 [WRN] DrawWindowLightEffect: early return - shader is null
2026-05-26 01:23:47.063 +02:00 [INF] DrawWindowLightEffects() called for map "d5c08240-0436-454a-8993-362abf5bc477": Renderer=false, Beams=1
2026-05-26 01:23:47.063 +02:00 [INF] DrawWindowLightEffects() beam "6b7d8043-ed03-4400-b93f-168701db817b": sourceMask=true, opacity=1
2026-05-26 01:23:47.064 +02:00 [INF] DrawWindowLightEffects() beam "6b7d8043-ed03-4400-b93f-168701db817b": geometry=(528,464)-(528,639.36)
2026-05-26 01:23:47.064 +02:00 [WRN] DrawWindowLightEffect: early return - shader is null
2026-05-26 01:23:47.064 +02:00 [INF] DrawWindowLightEffects() beam "6b7d8043-ed03-4400-b93f-168701db817b": DrawWindowLightEffect returned false
2026-05-26 01:23:47.064 +02:00 [INF] Map "d5c08240-0436-454a-8993-362abf5bc477": window light drew 1/1 beam(s), skipped 0
2026-05-26 01:23:47.090 +02:00 [WRN] DrawWindowLightEffect: early return - shader is null
2026-05-26 01:23:47.090 +02:00 [INF] DrawWindowLightEffects() called for map "d5c08240-0436-454a-8993-362abf5bc477": Renderer=false, Beams=1
2026-05-26 01:23:47.090 +02:00 [INF] DrawWindowLightEffects() beam "6b7d8043-ed03-4400-b93f-168701db817b": sourceMask=true, opacity=1
2026-05-26 01:23:47.091 +02:00 [INF] DrawWindowLightEffects() beam "6b7d8043-ed03-4400-b93f-168701db817b": geometry=(528,464)-(528,639.36)
2026-05-26 01:23:47.091 +02:00 [WRN] DrawWindowLightEffect: early return - shader is null
2026-05-26 01:23:47.091 +02:00 [INF] DrawWindowLightEffects() beam "6b7d8043-ed03-4400-b93f-168701db817b": DrawWindowLightEffect returned false
2026-05-26 01:23:47.091 +02:00 [INF] Map "d5c08240-0436-454a-8993-362abf5bc477": window light drew 1/1 beam(s), skipped 0
2026-05-26 01:23:47.116 +02:00 [WRN] DrawWindowLightEffect: early return - shader is null
2026-05-26 01:23:47.116 +02:00 [INF] DrawWindowLightEffects() called for map "d5c08240-0436-454a-8993-362abf5bc477": Renderer=false, Beams=1
2026-05-26 01:23:47.116 +02:00 [INF] DrawWindowLightEffects() beam "6b7d8043-ed03-4400-b93f-168701db817b": sourceMask=true, opacity=1
2026-05-26 01:23:47.117 +02:00 [INF] DrawWindowLightEffects() beam "6b7d8043-ed03-4400-b93f-168701db817b": geometry=(528,464)-(528,639.36)
2026-05-26 01:23:47.117 +02:00 [WRN] DrawWindowLightEffect: early return - shader is null
2026-05-26 01:23:47.117 +02:00 [INF] DrawWindowLightEffects() beam "6b7d8043-ed03-4400-b93f-168701db817b": DrawWindowLightEffect returned false
2026-05-26 01:23:47.117 +02:00 [INF] Map "d5c08240-0436-454a-8993-362abf5bc477": window light drew 1/1 beam(s), skipped 0
2026-05-26 01:23:47.144 +02:00 [WRN] DrawWindowLightEffect: early return - shader is null
2026-05-26 01:23:47.144 +02:00 [INF] DrawWindowLightEffects() called for map "d5c08240-0436-454a-8993-362abf5bc477": Renderer=false, Beams=1
2026-05-26 01:23:47.144 +02:00 [INF] DrawWindowLightEffects() beam "6b7d8043-ed03-4400-b93f-168701db817b": sourceMask=true, opacity=1
2026-05-26 01:23:47.145 +02:00 [INF] DrawWindowLightEffects() beam "6b7d8043-ed03-4400-b93f-168701db817b": geometry=(528,464)-(528,639.36)
2026-05-26 01:23:47.145 +02:00 [WRN] DrawWindowLightEffect: early return - shader is null
2026-05-26 01:23:47.145 +02:00 [INF] DrawWindowLightEffects() beam "6b7d8043-ed03-4400-b93f-168701db817b": DrawWindowLightEffect returned false
2026-05-26 01:23:47.145 +02:00 [INF] Map "d5c08240-0436-454a-8993-362abf5bc477": window light drew 1/1 beam(s), skipped 0
2026-05-26 01:23:47.171 +02:00 [WRN] DrawWindowLightEffect: early return - shader is null
2026-05-26 01:23:47.171 +02:00 [INF] DrawWindowLightEffects() called for map "d5c08240-0436-454a-8993-362abf5bc477": Renderer=false, Beams=1
2026-05-26 01:23:47.171 +02:00 [INF] DrawWindowLightEffects() beam "6b7d8043-ed03-4400-b93f-168701db817b": sourceMask=true, opacity=1
2026-05-26 01:23:47.173 +02:00 [INF] DrawWindowLightEffects() beam "6b7d8043-ed03-4400-b93f-168701db817b": geometry=(528,464)-(528,639.36)
2026-05-26 01:23:47.173 +02:00 [WRN] DrawWindowLightEffect: early return - shader is null
2026-05-26 01:23:47.173 +02:00 [INF] DrawWindowLightEffects() beam "6b7d8043-ed03-4400-b93f-168701db817b": DrawWindowLightEffect returned false
2026-05-26 01:23:47.173 +02:00 [INF] Map "d5c08240-0436-454a-8993-362abf5bc477": window light drew 1/1 beam(s), skipped 0
2026-05-26 01:23:47.198 +02:00 [WRN] DrawWindowLightEffect: early return - shader is null
2026-05-26 01:23:47.198 +02:00 [INF] DrawWindowLightEffects() called for map "d5c08240-0436-454a-8993-362abf5bc477": Renderer=false, Beams=1
2026-05-26 01:23:47.198 +02:00 [INF] DrawWindowLightEffects() beam "6b7d8043-ed03-4400-b93f-168701db817b": sourceMask=true, opacity=1
2026-05-26 01:23:47.199 +02:00 [INF] DrawWindowLightEffects() beam "6b7d8043-ed03-4400-b93f-168701db817b": geometry=(528,464)-(528,639.36)
2026-05-26 01:23:47.199 +02:00 [WRN] DrawWindowLightEffect: early return - shader is null
2026-05-26 01:23:47.199 +02:00 [INF] DrawWindowLightEffects() beam "6b7d8043-ed03-4400-b93f-168701db817b": DrawWindowLightEffect returned false
2026-05-26 01:23:47.199 +02:00 [INF] Map "d5c08240-0436-454a-8993-362abf5bc477": window light drew 1/1 beam(s), skipped 0
2026-05-26 01:23:47.224 +02:00 [WRN] DrawWindowLightEffect: early return - shader is null
2026-05-26 01:23:47.225 +02:00 [INF] DrawWindowLightEffects() called for map "d5c08240-0436-454a-8993-362abf5bc477": Renderer=false, Beams=1
2026-05-26 01:23:47.225 +02:00 [INF] DrawWindowLightEffects() beam "6b7d8043-ed03-4400-b93f-168701db817b": sourceMask=true, opacity=1
2026-05-26 01:23:47.226 +02:00 [INF] DrawWindowLightEffects() beam "6b7d8043-ed03-4400-b93f-168701db817b": geometry=(528,464)-(528,639.36)
2026-05-26 01:23:47.226 +02:00 [WRN] DrawWindowLightEffect: early return - shader is null
2026-05-26 01:23:47.226 +02:00 [INF] DrawWindowLightEffects() beam "6b7d8043-ed03-4400-b93f-168701db817b": DrawWindowLightEffect returned false
2026-05-26 01:23:47.226 +02:00 [INF] Map "d5c08240-0436-454a-8993-362abf5bc477": window light drew 1/1 beam(s), skipped 0
2026-05-26 01:23:47.251 +02:00 [WRN] DrawWindowLightEffect: early return - shader is null
2026-05-26 01:23:47.251 +02:00 [INF] DrawWindowLightEffects() called for map "d5c08240-0436-454a-8993-362abf5bc477": Renderer=false, Beams=1
2026-05-26 01:23:47.251 +02:00 [INF] DrawWindowLightEffects() beam "6b7d8043-ed03-4400-b93f-168701db817b": sourceMask=true, opacity=1
2026-05-26 01:23:47.252 +02:00 [INF] DrawWindowLightEffects() beam "6b7d8043-ed03-4400-b93f-168701db817b": geometry=(528,464)-(528,639.36)
2026-05-26 01:23:47.252 +02:00 [WRN] DrawWindowLightEffect: early return - shader is null
2026-05-26 01:23:47.252 +02:00 [INF] DrawWindowLightEffects() beam "6b7d8043-ed03-4400-b93f-168701db817b": DrawWindowLightEffect returned false
2026-05-26 01:23:47.252 +02:00 [INF] Map "d5c08240-0436-454a-8993-362abf5bc477": window light drew 1/1 beam(s), skipped 0
2026-05-26 01:23:47.277 +02:00 [WRN] DrawWindowLightEffect: early return - shader is null
2026-05-26 01:23:47.277 +02:00 [INF] DrawWindowLightEffects() called for map "d5c08240-0436-454a-8993-362abf5bc477": Renderer=false, Beams=1
2026-05-26 01:23:47.277 +02:00 [INF] DrawWindowLightEffects() beam "6b7d8043-ed03-4400-b93f-168701db817b": sourceMask=true, opacity=1
2026-05-26 01:23:47.279 +02:00 [INF] DrawWindowLightEffects() beam "6b7d8043-ed03-4400-b93f-168701db817b": geometry=(528,464)-(528,639.36)
2026-05-26 01:23:47.279 +02:00 [WRN] DrawWindowLightEffect: early return - shader is null
2026-05-26 01:23:47.279 +02:00 [INF] DrawWindowLightEffects() beam "6b7d8043-ed03-4400-b93f-168701db817b": DrawWindowLightEffect returned false
2026-05-26 01:23:47.279 +02:00 [INF] Map "d5c08240-0436-454a-8993-362abf5bc477": window light drew 1/1 beam(s), skipped 0
2026-05-26 01:23:47.303 +02:00 [WRN] DrawWindowLightEffect: early return - shader is null
2026-05-26 01:23:47.303 +02:00 [INF] DrawWindowLightEffects() called for map "d5c08240-0436-454a-8993-362abf5bc477": Renderer=false, Beams=1
2026-05-26 01:23:47.303 +02:00 [INF] DrawWindowLightEffects() beam "6b7d8043-ed03-4400-b93f-168701db817b": sourceMask=true, opacity=1
2026-05-26 01:23:47.305 +02:00 [INF] DrawWindowLightEffects() beam "6b7d8043-ed03-4400-b93f-168701db817b": geometry=(528,464)-(528,639.36)
2026-05-26 01:23:47.305 +02:00 [WRN] DrawWindowLightEffect: early return - shader is null
2026-05-26 01:23:47.305 +02:00 [INF] DrawWindowLightEffects() beam "6b7d8043-ed03-4400-b93f-168701db817b": DrawWindowLightEffect returned false
2026-05-26 01:23:47.305 +02:00 [INF] Map "d5c08240-0436-454a-8993-362abf5bc477": window light drew 1/1 beam(s), skipped 0
2026-05-26 01:23:47.330 +02:00 [WRN] DrawWindowLightEffect: early return - shader is null
2026-05-26 01:23:47.330 +02:00 [INF] DrawWindowLightEffects() called for map "d5c08240-0436-454a-8993-362abf5bc477": Renderer=false, Beams=1
2026-05-26 01:23:47.330 +02:00 [INF] DrawWindowLightEffects() beam "6b7d8043-ed03-4400-b93f-168701db817b": sourceMask=true, opacity=1
2026-05-26 01:23:47.331 +02:00 [INF] DrawWindowLightEffects() beam "6b7d8043-ed03-4400-b93f-168701db817b": geometry=(528,464)-(528,639.36)
2026-05-26 01:23:47.331 +02:00 [WRN] DrawWindowLightEffect: early return - shader is null
2026-05-26 01:23:47.331 +02:00 [INF] DrawWindowLightEffects() beam "6b7d8043-ed03-4400-b93f-168701db817b": DrawWindowLightEffect returned false
2026-05-26 01:23:47.331 +02:00 [INF] Map "d5c08240-0436-454a-8993-362abf5bc477": window light drew 1/1 beam(s), skipped 0
2026-05-26 01:23:47.357 +02:00 [WRN] DrawWindowLightEffect: early return - shader is null
2026-05-26 01:23:47.357 +02:00 [INF] DrawWindowLightEffects() called for map "d5c08240-0436-454a-8993-362abf5bc477": Renderer=false, Beams=1
2026-05-26 01:23:47.357 +02:00 [INF] DrawWindowLightEffects() beam "6b7d8043-ed03-4400-b93f-168701db817b": sourceMask=true, opacity=1
2026-05-26 01:23:47.359 +02:00 [INF] DrawWindowLightEffects() beam "6b7d8043-ed03-4400-b93f-168701db817b": geometry=(528,464)-(528,639.36)
2026-05-26 01:23:47.359 +02:00 [WRN] DrawWindowLightEffect: early return - shader is null
2026-05-26 01:23:47.359 +02:00 [INF] DrawWindowLightEffects() beam "6b7d8043-ed03-4400-b93f-168701db817b": DrawWindowLightEffect returned false
2026-05-26 01:23:47.359 +02:00 [INF] Map "d5c08240-0436-454a-8993-362abf5bc477": window light drew 1/1 beam(s), skipped 0
2026-05-26 01:23:47.384 +02:00 [WRN] DrawWindowLightEffect: early return - shader is null
2026-05-26 01:23:47.384 +02:00 [INF] DrawWindowLightEffects() called for map "d5c08240-0436-454a-8993-362abf5bc477": Renderer=false, Beams=1
2026-05-26 01:23:47.384 +02:00 [INF] DrawWindowLightEffects() beam "6b7d8043-ed03-4400-b93f-168701db817b": sourceMask=true, opacity=1
2026-05-26 01:23:47.385 +02:00 [INF] DrawWindowLightEffects() beam "6b7d8043-ed03-4400-b93f-168701db817b": geometry=(528,464)-(528,639.36)
2026-05-26 01:23:47.385 +02:00 [WRN] DrawWindowLightEffect: early return - shader is null
2026-05-26 01:23:47.385 +02:00 [INF] DrawWindowLightEffects() beam "6b7d8043-ed03-4400-b93f-168701db817b": DrawWindowLightEffect returned false
2026-05-26 01:23:47.385 +02:00 [INF] Map "d5c08240-0436-454a-8993-362abf5bc477": window light drew 1/1 beam(s), skipped 0
2026-05-26 01:23:47.411 +02:00 [WRN] DrawWindowLightEffect: early return - shader is null
2026-05-26 01:23:47.411 +02:00 [INF] DrawWindowLightEffects() called for map "d5c08240-0436-454a-8993-362abf5bc477": Renderer=false, Beams=1
2026-05-26 01:23:47.411 +02:00 [INF] DrawWindowLightEffects() beam "6b7d8043-ed03-4400-b93f-168701db817b": sourceMask=true, opacity=1
2026-05-26 01:23:47.412 +02:00 [INF] DrawWindowLightEffects() beam "6b7d8043-ed03-4400-b93f-168701db817b": geometry=(528,464)-(528,639.36)
2026-05-26 01:23:47.412 +02:00 [WRN] DrawWindowLightEffect: early return - shader is null
2026-05-26 01:23:47.412 +02:00 [INF] DrawWindowLightEffects() beam "6b7d8043-ed03-4400-b93f-168701db817b": DrawWindowLightEffect returned false
2026-05-26 01:23:47.412 +02:00 [INF] Map "d5c08240-0436-454a-8993-362abf5bc477": window light drew 1/1 beam(s), skipped 0
2026-05-26 01:23:47.438 +02:00 [WRN] DrawWindowLightEffect: early return - shader is null
2026-05-26 01:23:47.438 +02:00 [INF] DrawWindowLightEffects() called for map "d5c08240-0436-454a-8993-362abf5bc477": Renderer=false, Beams=1
2026-05-26 01:23:47.438 +02:00 [INF] DrawWindowLightEffects() beam "6b7d8043-ed03-4400-b93f-168701db817b": sourceMask=true, opacity=1
2026-05-26 01:23:47.440 +02:00 [INF] DrawWindowLightEffects() beam "6b7d8043-ed03-4400-b93f-168701db817b": geometry=(528,464)-(528,639.36)
2026-05-26 01:23:47.440 +02:00 [WRN] DrawWindowLightEffect: early return - shader is null
2026-05-26 01:23:47.440 +02:00 [INF] DrawWindowLightEffects() beam "6b7d8043-ed03-4400-b93f-168701db817b": DrawWindowLightEffect returned false
2026-05-26 01:23:47.440 +02:00 [INF] Map "d5c08240-0436-454a-8993-362abf5bc477": window light drew 1/1 beam(s), skipped 0
2026-05-26 01:23:47.465 +02:00 [WRN] DrawWindowLightEffect: early return - shader is null
2026-05-26 01:23:47.465 +02:00 [INF] DrawWindowLightEffects() called for map "d5c08240-0436-454a-8993-362abf5bc477": Renderer=false, Beams=1
2026-05-26 01:23:47.465 +02:00 [INF] DrawWindowLightEffects() beam "6b7d8043-ed03-4400-b93f-168701db817b": sourceMask=true, opacity=1
2026-05-26 01:23:47.467 +02:00 [INF] DrawWindowLightEffects() beam "6b7d8043-ed03-4400-b93f-168701db817b": geometry=(528,464)-(528,639.36)
2026-05-26 01:23:47.467 +02:00 [WRN] DrawWindowLightEffect: early return - shader is null
2026-05-26 01:23:47.467 +02:00 [INF] DrawWindowLightEffects() beam "6b7d8043-ed03-4400-b93f-168701db817b": DrawWindowLightEffect returned false
2026-05-26 01:23:47.467 +02:00 [INF] Map "d5c08240-0436-454a-8993-362abf5bc477": window light drew 1/1 beam(s), skipped 0
2026-05-26 01:23:47.493 +02:00 [WRN] DrawWindowLightEffect: early return - shader is null
2026-05-26 01:23:47.493 +02:00 [INF] DrawWindowLightEffects() called for map "d5c08240-0436-454a-8993-362abf5bc477": Renderer=false, Beams=1
2026-05-26 01:23:47.493 +02:00 [INF] DrawWindowLightEffects() beam "6b7d8043-ed03-4400-b93f-168701db817b": sourceMask=true, opacity=1
2026-05-26 01:23:47.494 +02:00 [INF] DrawWindowLightEffects() beam "6b7d8043-ed03-4400-b93f-168701db817b": geometry=(528,464)-(528,639.36)
2026-05-26 01:23:47.494 +02:00 [WRN] DrawWindowLightEffect: early return - shader is null
2026-05-26 01:23:47.494 +02:00 [INF] DrawWindowLightEffects() beam "6b7d8043-ed03-4400-b93f-168701db817b": DrawWindowLightEffect returned false
2026-05-26 01:23:47.494 +02:00 [INF] Map "d5c08240-0436-454a-8993-362abf5bc477": window light drew 1/1 beam(s), skipped 0
2026-05-26 01:23:47.520 +02:00 [WRN] DrawWindowLightEffect: early return - shader is null
2026-05-26 01:23:47.520 +02:00 [INF] DrawWindowLightEffects() called for map "d5c08240-0436-454a-8993-362abf5bc477": Renderer=false, Beams=1
2026-05-26 01:23:47.520 +02:00 [INF] DrawWindowLightEffects() beam "6b7d8043-ed03-4400-b93f-168701db817b": sourceMask=true, opacity=1
2026-05-26 01:23:47.521 +02:00 [INF] DrawWindowLightEffects() beam "6b7d8043-ed03-4400-b93f-168701db817b": geometry=(528,464)-(528,639.36)
2026-05-26 01:23:47.522 +02:00 [WRN] DrawWindowLightEffect: early return - shader is null
2026-05-26 01:23:47.522 +02:00 [INF] DrawWindowLightEffects() beam "6b7d8043-ed03-4400-b93f-168701db817b": DrawWindowLightEffect returned false
2026-05-26 01:23:47.522 +02:00 [INF] Map "d5c08240-0436-454a-8993-362abf5bc477": window light drew 1/1 beam(s), skipped 0
2026-05-26 01:23:47.548 +02:00 [WRN] DrawWindowLightEffect: early return - shader is null
2026-05-26 01:23:47.548 +02:00 [INF] DrawWindowLightEffects() called for map "d5c08240-0436-454a-8993-362abf5bc477": Renderer=false, Beams=1
2026-05-26 01:23:47.548 +02:00 [INF] DrawWindowLightEffects() beam "6b7d8043-ed03-4400-b93f-168701db817b": sourceMask=true, opacity=1
2026-05-26 01:23:47.549 +02:00 [INF] DrawWindowLightEffects() beam "6b7d8043-ed03-4400-b93f-168701db817b": geometry=(528,464)-(528,639.36)
2026-05-26 01:23:47.549 +02:00 [WRN] DrawWindowLightEffect: early return - shader is null
2026-05-26 01:23:47.549 +02:00 [INF] DrawWindowLightEffects() beam "6b7d8043-ed03-4400-b93f-168701db817b": DrawWindowLightEffect returned false
2026-05-26 01:23:47.549 +02:00 [INF] Map "d5c08240-0436-454a-8993-362abf5bc477": window light drew 1/1 beam(s), skipped 0
2026-05-26 01:23:47.575 +02:00 [WRN] DrawWindowLightEffect: early return - shader is null
2026-05-26 01:23:47.575 +02:00 [INF] DrawWindowLightEffects() called for map "d5c08240-0436-454a-8993-362abf5bc477": Renderer=false, Beams=1
2026-05-26 01:23:47.575 +02:00 [INF] DrawWindowLightEffects() beam "6b7d8043-ed03-4400-b93f-168701db817b": sourceMask=true, opacity=1
2026-05-26 01:23:47.577 +02:00 [INF] DrawWindowLightEffects() beam "6b7d8043-ed03-4400-b93f-168701db817b": geometry=(528,464)-(528,639.36)
2026-05-26 01:23:47.577 +02:00 [WRN] DrawWindowLightEffect: early return - shader is null
2026-05-26 01:23:47.577 +02:00 [INF] DrawWindowLightEffects() beam "6b7d8043-ed03-4400-b93f-168701db817b": DrawWindowLightEffect returned false
2026-05-26 01:23:47.577 +02:00 [INF] Map "d5c08240-0436-454a-8993-362abf5bc477": window light drew 1/1 beam(s), skipped 0
2026-05-26 01:23:47.603 +02:00 [WRN] DrawWindowLightEffect: early return - shader is null
2026-05-26 01:23:47.603 +02:00 [INF] DrawWindowLightEffects() called for map "d5c08240-0436-454a-8993-362abf5bc477": Renderer=false, Beams=1
2026-05-26 01:23:47.603 +02:00 [INF] DrawWindowLightEffects() beam "6b7d8043-ed03-4400-b93f-168701db817b": sourceMask=true, opacity=1
2026-05-26 01:23:47.604 +02:00 [INF] DrawWindowLightEffects() beam "6b7d8043-ed03-4400-b93f-168701db817b": geometry=(528,464)-(528,639.36)
2026-05-26 01:23:47.604 +02:00 [WRN] DrawWindowLightEffect: early return - shader is null
2026-05-26 01:23:47.604 +02:00 [INF] DrawWindowLightEffects() beam "6b7d8043-ed03-4400-b93f-168701db817b": DrawWindowLightEffect returned false
2026-05-26 01:23:47.604 +02:00 [INF] Map "d5c08240-0436-454a-8993-362abf5bc477": window light drew 1/1 beam(s), skipped 0
2026-05-26 01:23:47.633 +02:00 [WRN] DrawWindowLightEffect: early return - shader is null
2026-05-26 01:23:47.633 +02:00 [INF] DrawWindowLightEffects() called for map "d5c08240-0436-454a-8993-362abf5bc477": Renderer=false, Beams=1
2026-05-26 01:23:47.633 +02:00 [INF] DrawWindowLightEffects() beam "6b7d8043-ed03-4400-b93f-168701db817b": sourceMask=true, opacity=1
2026-05-26 01:23:47.635 +02:00 [INF] DrawWindowLightEffects() beam "6b7d8043-ed03-4400-b93f-168701db817b": geometry=(528,464)-(528,639.36)
2026-05-26 01:23:47.635 +02:00 [WRN] DrawWindowLightEffect: early return - shader is null
2026-05-26 01:23:47.635 +02:00 [INF] DrawWindowLightEffects() beam "6b7d8043-ed03-4400-b93f-168701db817b": DrawWindowLightEffect returned false
2026-05-26 01:23:47.635 +02:00 [INF] Map "d5c08240-0436-454a-8993-362abf5bc477": window light drew 1/1 beam(s), skipped 0
2026-05-26 01:23:47.663 +02:00 [WRN] DrawWindowLightEffect: early return - shader is null
2026-05-26 01:23:47.663 +02:00 [INF] DrawWindowLightEffects() called for map "d5c08240-0436-454a-8993-362abf5bc477": Renderer=false, Beams=1
2026-05-26 01:23:47.663 +02:00 [INF] DrawWindowLightEffects() beam "6b7d8043-ed03-4400-b93f-168701db817b": sourceMask=true, opacity=1
2026-05-26 01:23:47.664 +02:00 [INF] DrawWindowLightEffects() beam "6b7d8043-ed03-4400-b93f-168701db817b": geometry=(528,464)-(528,639.36)
2026-05-26 01:23:47.664 +02:00 [WRN] DrawWindowLightEffect: early return - shader is null
2026-05-26 01:23:47.664 +02:00 [INF] DrawWindowLightEffects() beam "6b7d8043-ed03-4400-b93f-168701db817b": DrawWindowLightEffect returned false
2026-05-26 01:23:47.664 +02:00 [INF] Map "d5c08240-0436-454a-8993-362abf5bc477": window light drew 1/1 beam(s), skipped 0
2026-05-26 01:23:47.689 +02:00 [WRN] DrawWindowLightEffect: early return - shader is null
2026-05-26 01:23:47.689 +02:00 [INF] DrawWindowLightEffects() called for map "d5c08240-0436-454a-8993-362abf5bc477": Renderer=false, Beams=1
2026-05-26 01:23:47.689 +02:00 [INF] DrawWindowLightEffects() beam "6b7d8043-ed03-4400-b93f-168701db817b": sourceMask=true, opacity=1
2026-05-26 01:23:47.691 +02:00 [INF] DrawWindowLightEffects() beam "6b7d8043-ed03-4400-b93f-168701db817b": geometry=(528,464)-(528,639.36)
2026-05-26 01:23:47.691 +02:00 [WRN] DrawWindowLightEffect: early return - shader is null
2026-05-26 01:23:47.691 +02:00 [INF] DrawWindowLightEffects() beam "6b7d8043-ed03-4400-b93f-168701db817b": DrawWindowLightEffect returned false
2026-05-26 01:23:47.691 +02:00 [INF] Map "d5c08240-0436-454a-8993-362abf5bc477": window light drew 1/1 beam(s), skipped 0
2026-05-26 01:23:47.716 +02:00 [WRN] DrawWindowLightEffect: early return - shader is null
2026-05-26 01:23:47.716 +02:00 [INF] DrawWindowLightEffects() called for map "d5c08240-0436-454a-8993-362abf5bc477": Renderer=false, Beams=1
2026-05-26 01:23:47.716 +02:00 [INF] DrawWindowLightEffects() beam "6b7d8043-ed03-4400-b93f-168701db817b": sourceMask=true, opacity=1
2026-05-26 01:23:47.717 +02:00 [INF] DrawWindowLightEffects() beam "6b7d8043-ed03-4400-b93f-168701db817b": geometry=(528,464)-(528,639.36)
2026-05-26 01:23:47.718 +02:00 [WRN] DrawWindowLightEffect: early return - shader is null
2026-05-26 01:23:47.718 +02:00 [INF] DrawWindowLightEffects() beam "6b7d8043-ed03-4400-b93f-168701db817b": DrawWindowLightEffect returned false
2026-05-26 01:23:47.718 +02:00 [INF] Map "d5c08240-0436-454a-8993-362abf5bc477": window light drew 1/1 beam(s), skipped 0
2026-05-26 01:23:47.743 +02:00 [WRN] DrawWindowLightEffect: early return - shader is null
2026-05-26 01:23:47.743 +02:00 [INF] DrawWindowLightEffects() called for map "d5c08240-0436-454a-8993-362abf5bc477": Renderer=false, Beams=1
2026-05-26 01:23:47.743 +02:00 [INF] DrawWindowLightEffects() beam "6b7d8043-ed03-4400-b93f-168701db817b": sourceMask=true, opacity=1
2026-05-26 01:23:47.745 +02:00 [INF] DrawWindowLightEffects() beam "6b7d8043-ed03-4400-b93f-168701db817b": geometry=(528,464)-(528,639.36)
2026-05-26 01:23:47.745 +02:00 [WRN] DrawWindowLightEffect: early return - shader is null
2026-05-26 01:23:47.745 +02:00 [INF] DrawWindowLightEffects() beam "6b7d8043-ed03-4400-b93f-168701db817b": DrawWindowLightEffect returned false
2026-05-26 01:23:47.745 +02:00 [INF] Map "d5c08240-0436-454a-8993-362abf5bc477": window light drew 1/1 beam(s), skipped 0
2026-05-26 01:23:47.772 +02:00 [WRN] DrawWindowLightEffect: early return - shader is null
2026-05-26 01:23:47.772 +02:00 [INF] DrawWindowLightEffects() called for map "d5c08240-0436-454a-8993-362abf5bc477": Renderer=false, Beams=1
2026-05-26 01:23:47.772 +02:00 [INF] DrawWindowLightEffects() beam "6b7d8043-ed03-4400-b93f-168701db817b": sourceMask=true, opacity=1
2026-05-26 01:23:47.774 +02:00 [INF] DrawWindowLightEffects() beam "6b7d8043-ed03-4400-b93f-168701db817b": geometry=(528,464)-(528,639.36)
2026-05-26 01:23:47.774 +02:00 [WRN] DrawWindowLightEffect: early return - shader is null
2026-05-26 01:23:47.774 +02:00 [INF] DrawWindowLightEffects() beam "6b7d8043-ed03-4400-b93f-168701db817b": DrawWindowLightEffect returned false
2026-05-26 01:23:47.774 +02:00 [INF] Map "d5c08240-0436-454a-8993-362abf5bc477": window light drew 1/1 beam(s), skipped 0
2026-05-26 01:23:47.801 +02:00 [WRN] DrawWindowLightEffect: early return - shader is null
2026-05-26 01:23:47.801 +02:00 [INF] DrawWindowLightEffects() called for map "d5c08240-0436-454a-8993-362abf5bc477": Renderer=false, Beams=1
2026-05-26 01:23:47.801 +02:00 [INF] DrawWindowLightEffects() beam "6b7d8043-ed03-4400-b93f-168701db817b": sourceMask=true, opacity=1
2026-05-26 01:23:47.803 +02:00 [INF] DrawWindowLightEffects() beam "6b7d8043-ed03-4400-b93f-168701db817b": geometry=(528,464)-(528,639.36)
2026-05-26 01:23:47.803 +02:00 [WRN] DrawWindowLightEffect: early return - shader is null
2026-05-26 01:23:47.803 +02:00 [INF] DrawWindowLightEffects() beam "6b7d8043-ed03-4400-b93f-168701db817b": DrawWindowLightEffect returned false
2026-05-26 01:23:47.803 +02:00 [INF] Map "d5c08240-0436-454a-8993-362abf5bc477": window light drew 1/1 beam(s), skipped 0
2026-05-26 01:23:47.830 +02:00 [WRN] DrawWindowLightEffect: early return - shader is null
2026-05-26 01:23:47.830 +02:00 [INF] DrawWindowLightEffects() called for map "d5c08240-0436-454a-8993-362abf5bc477": Renderer=false, Beams=1
2026-05-26 01:23:47.830 +02:00 [INF] DrawWindowLightEffects() beam "6b7d8043-ed03-4400-b93f-168701db817b": sourceMask=true, opacity=1
2026-05-26 01:23:47.832 +02:00 [INF] DrawWindowLightEffects() beam "6b7d8043-ed03-4400-b93f-168701db817b": geometry=(528,464)-(528,639.36)
2026-05-26 01:23:47.832 +02:00 [WRN] DrawWindowLightEffect: early return - shader is null
2026-05-26 01:23:47.832 +02:00 [INF] DrawWindowLightEffects() beam "6b7d8043-ed03-4400-b93f-168701db817b": DrawWindowLightEffect returned false
2026-05-26 01:23:47.832 +02:00 [INF] Map "d5c08240-0436-454a-8993-362abf5bc477": window light drew 1/1 beam(s), skipped 0
2026-05-26 01:23:47.862 +02:00 [WRN] DrawWindowLightEffect: early return - shader is null
2026-05-26 01:23:47.862 +02:00 [INF] DrawWindowLightEffects() called for map "d5c08240-0436-454a-8993-362abf5bc477": Renderer=false, Beams=1
2026-05-26 01:23:47.862 +02:00 [INF] DrawWindowLightEffects() beam "6b7d8043-ed03-4400-b93f-168701db817b": sourceMask=true, opacity=1
2026-05-26 01:23:47.864 +02:00 [INF] DrawWindowLightEffects() beam "6b7d8043-ed03-4400-b93f-168701db817b": geometry=(528,464)-(528,639.36)
2026-05-26 01:23:47.864 +02:00 [WRN] DrawWindowLightEffect: early return - shader is null
2026-05-26 01:23:47.864 +02:00 [INF] DrawWindowLightEffects() beam "6b7d8043-ed03-4400-b93f-168701db817b": DrawWindowLightEffect returned false
2026-05-26 01:23:47.864 +02:00 [INF] Map "d5c08240-0436-454a-8993-362abf5bc477": window light drew 1/1 beam(s), skipped 0
2026-05-26 01:23:47.894 +02:00 [WRN] DrawWindowLightEffect: early return - shader is null
2026-05-26 01:23:47.894 +02:00 [INF] DrawWindowLightEffects() called for map "d5c08240-0436-454a-8993-362abf5bc477": Renderer=false, Beams=1
2026-05-26 01:23:47.894 +02:00 [INF] DrawWindowLightEffects() beam "6b7d8043-ed03-4400-b93f-168701db817b": sourceMask=true, opacity=1
2026-05-26 01:23:47.895 +02:00 [INF] DrawWindowLightEffects() beam "6b7d8043-ed03-4400-b93f-168701db817b": geometry=(528,464)-(528,639.36)
2026-05-26 01:23:47.895 +02:00 [WRN] DrawWindowLightEffect: early return - shader is null
2026-05-26 01:23:47.895 +02:00 [INF] DrawWindowLightEffects() beam "6b7d8043-ed03-4400-b93f-168701db817b": DrawWindowLightEffect returned false
2026-05-26 01:23:47.895 +02:00 [INF] Map "d5c08240-0436-454a-8993-362abf5bc477": window light drew 1/1 beam(s), skipped 0
2026-05-26 01:23:47.920 +02:00 [WRN] DrawWindowLightEffect: early return - shader is null
2026-05-26 01:23:47.920 +02:00 [INF] DrawWindowLightEffects() called for map "d5c08240-0436-454a-8993-362abf5bc477": Renderer=false, Beams=1
2026-05-26 01:23:47.920 +02:00 [INF] DrawWindowLightEffects() beam "6b7d8043-ed03-4400-b93f-168701db817b": sourceMask=true, opacity=1
2026-05-26 01:23:47.922 +02:00 [INF] DrawWindowLightEffects() beam "6b7d8043-ed03-4400-b93f-168701db817b": geometry=(528,464)-(528,639.36)
2026-05-26 01:23:47.922 +02:00 [WRN] DrawWindowLightEffect: early return - shader is null
2026-05-26 01:23:47.922 +02:00 [INF] DrawWindowLightEffects() beam "6b7d8043-ed03-4400-b93f-168701db817b": DrawWindowLightEffect returned false
2026-05-26 01:23:47.922 +02:00 [INF] Map "d5c08240-0436-454a-8993-362abf5bc477": window light drew 1/1 beam(s), skipped 0
2026-05-26 01:23:47.947 +02:00 [WRN] DrawWindowLightEffect: early return - shader is null
2026-05-26 01:23:47.947 +02:00 [INF] DrawWindowLightEffects() called for map "d5c08240-0436-454a-8993-362abf5bc477": Renderer=false, Beams=1
2026-05-26 01:23:47.947 +02:00 [INF] DrawWindowLightEffects() beam "6b7d8043-ed03-4400-b93f-168701db817b": sourceMask=true, opacity=1
2026-05-26 01:23:47.948 +02:00 [INF] DrawWindowLightEffects() beam "6b7d8043-ed03-4400-b93f-168701db817b": geometry=(528,464)-(528,639.36)
2026-05-26 01:23:47.948 +02:00 [WRN] DrawWindowLightEffect: early return - shader is null
2026-05-26 01:23:47.948 +02:00 [INF] DrawWindowLightEffects() beam "6b7d8043-ed03-4400-b93f-168701db817b": DrawWindowLightEffect returned false
2026-05-26 01:23:47.948 +02:00 [INF] Map "d5c08240-0436-454a-8993-362abf5bc477": window light drew 1/1 beam(s), skipped 0
2026-05-26 01:23:47.974 +02:00 [WRN] DrawWindowLightEffect: early return - shader is null
2026-05-26 01:23:47.974 +02:00 [INF] DrawWindowLightEffects() called for map "d5c08240-0436-454a-8993-362abf5bc477": Renderer=false, Beams=1
2026-05-26 01:23:47.974 +02:00 [INF] DrawWindowLightEffects() beam "6b7d8043-ed03-4400-b93f-168701db817b": sourceMask=true, opacity=1
2026-05-26 01:23:47.975 +02:00 [INF] DrawWindowLightEffects() beam "6b7d8043-ed03-4400-b93f-168701db817b": geometry=(528,464)-(528,639.36)
2026-05-26 01:23:47.975 +02:00 [WRN] DrawWindowLightEffect: early return - shader is null
2026-05-26 01:23:47.975 +02:00 [INF] DrawWindowLightEffects() beam "6b7d8043-ed03-4400-b93f-168701db817b": DrawWindowLightEffect returned false
2026-05-26 01:23:47.975 +02:00 [INF] Map "d5c08240-0436-454a-8993-362abf5bc477": window light drew 1/1 beam(s), skipped 0
2026-05-26 01:23:48.005 +02:00 [WRN] DrawWindowLightEffect: early return - shader is null
2026-05-26 01:23:48.005 +02:00 [INF] DrawWindowLightEffects() called for map "d5c08240-0436-454a-8993-362abf5bc477": Renderer=false, Beams=1
2026-05-26 01:23:48.005 +02:00 [INF] DrawWindowLightEffects() beam "6b7d8043-ed03-4400-b93f-168701db817b": sourceMask=true, opacity=1
2026-05-26 01:23:48.006 +02:00 [INF] DrawWindowLightEffects() beam "6b7d8043-ed03-4400-b93f-168701db817b": geometry=(528,464)-(528,639.36)
2026-05-26 01:23:48.006 +02:00 [WRN] DrawWindowLightEffect: early return - shader is null
2026-05-26 01:23:48.006 +02:00 [INF] DrawWindowLightEffects() beam "6b7d8043-ed03-4400-b93f-168701db817b": DrawWindowLightEffect returned false
2026-05-26 01:23:48.006 +02:00 [INF] Map "d5c08240-0436-454a-8993-362abf5bc477": window light drew 1/1 beam(s), skipped 0
2026-05-26 01:23:48.031 +02:00 [WRN] DrawWindowLightEffect: early return - shader is null
2026-05-26 01:23:48.031 +02:00 [INF] DrawWindowLightEffects() called for map "d5c08240-0436-454a-8993-362abf5bc477": Renderer=false, Beams=1
2026-05-26 01:23:48.031 +02:00 [INF] DrawWindowLightEffects() beam "6b7d8043-ed03-4400-b93f-168701db817b": sourceMask=true, opacity=1
2026-05-26 01:23:48.033 +02:00 [INF] DrawWindowLightEffects() beam "6b7d8043-ed03-4400-b93f-168701db817b": geometry=(528,464)-(528,639.36)
2026-05-26 01:23:48.033 +02:00 [WRN] DrawWindowLightEffect: early return - shader is null
2026-05-26 01:23:48.033 +02:00 [INF] DrawWindowLightEffects() beam "6b7d8043-ed03-4400-b93f-168701db817b": DrawWindowLightEffect returned false
2026-05-26 01:23:48.033 +02:00 [INF] Map "d5c08240-0436-454a-8993-362abf5bc477": window light drew 1/1 beam(s), skipped 0
2026-05-26 01:23:48.058 +02:00 [WRN] DrawWindowLightEffect: early return - shader is null
2026-05-26 01:23:48.058 +02:00 [INF] DrawWindowLightEffects() called for map "d5c08240-0436-454a-8993-362abf5bc477": Renderer=false, Beams=1
2026-05-26 01:23:48.058 +02:00 [INF] DrawWindowLightEffects() beam "6b7d8043-ed03-4400-b93f-168701db817b": sourceMask=true, opacity=1
2026-05-26 01:23:48.059 +02:00 [INF] DrawWindowLightEffects() beam "6b7d8043-ed03-4400-b93f-168701db817b": geometry=(528,464)-(528,639.36)
2026-05-26 01:23:48.059 +02:00 [WRN] DrawWindowLightEffect: early return - shader is null
2026-05-26 01:23:48.059 +02:00 [INF] DrawWindowLightEffects() beam "6b7d8043-ed03-4400-b93f-168701db817b": DrawWindowLightEffect returned false
2026-05-26 01:23:48.059 +02:00 [INF] Map "d5c08240-0436-454a-8993-362abf5bc477": window light drew 1/1 beam(s), skipped 0
2026-05-26 01:23:48.108 +02:00 [WRN] DrawWindowLightEffect: early return - shader is null
2026-05-26 01:23:48.108 +02:00 [INF] DrawWindowLightEffects() called for map "d5c08240-0436-454a-8993-362abf5bc477": Renderer=false, Beams=1
2026-05-26 01:23:48.108 +02:00 [INF] DrawWindowLightEffects() beam "6b7d8043-ed03-4400-b93f-168701db817b": sourceMask=true, opacity=1
2026-05-26 01:23:48.109 +02:00 [INF] DrawWindowLightEffects() beam "6b7d8043-ed03-4400-b93f-168701db817b": geometry=(528,464)-(528,639.36)
2026-05-26 01:23:48.110 +02:00 [WRN] DrawWindowLightEffect: early return - shader is null
2026-05-26 01:23:48.110 +02:00 [INF] DrawWindowLightEffects() beam "6b7d8043-ed03-4400-b93f-168701db817b": DrawWindowLightEffect returned false
2026-05-26 01:23:48.110 +02:00 [INF] Map "d5c08240-0436-454a-8993-362abf5bc477": window light drew 1/1 beam(s), skipped 0
2026-05-26 01:23:48.157 +02:00 [WRN] DrawWindowLightEffect: early return - shader is null
2026-05-26 01:23:48.158 +02:00 [INF] DrawWindowLightEffects() called for map "d5c08240-0436-454a-8993-362abf5bc477": Renderer=false, Beams=1
2026-05-26 01:23:48.158 +02:00 [INF] DrawWindowLightEffects() beam "6b7d8043-ed03-4400-b93f-168701db817b": sourceMask=true, opacity=1
2026-05-26 01:23:48.159 +02:00 [INF] DrawWindowLightEffects() beam "6b7d8043-ed03-4400-b93f-168701db817b": geometry=(528,464)-(528,639.36)
2026-05-26 01:23:48.159 +02:00 [WRN] DrawWindowLightEffect: early return - shader is null
2026-05-26 01:23:48.159 +02:00 [INF] DrawWindowLightEffects() beam "6b7d8043-ed03-4400-b93f-168701db817b": DrawWindowLightEffect returned false
2026-05-26 01:23:48.159 +02:00 [INF] Map "d5c08240-0436-454a-8993-362abf5bc477": window light drew 1/1 beam(s), skipped 0
2026-05-26 01:23:48.205 +02:00 [WRN] DrawWindowLightEffect: early return - shader is null
2026-05-26 01:23:48.205 +02:00 [INF] DrawWindowLightEffects() called for map "d5c08240-0436-454a-8993-362abf5bc477": Renderer=false, Beams=1
2026-05-26 01:23:48.205 +02:00 [INF] DrawWindowLightEffects() beam "6b7d8043-ed03-4400-b93f-168701db817b": sourceMask=true, opacity=1
2026-05-26 01:23:48.207 +02:00 [INF] DrawWindowLightEffects() beam "6b7d8043-ed03-4400-b93f-168701db817b": geometry=(528,464)-(528,639.36)
2026-05-26 01:23:48.207 +02:00 [WRN] DrawWindowLightEffect: early return - shader is null
2026-05-26 01:23:48.207 +02:00 [INF] DrawWindowLightEffects() beam "6b7d8043-ed03-4400-b93f-168701db817b": DrawWindowLightEffect returned false
2026-05-26 01:23:48.207 +02:00 [INF] Map "d5c08240-0436-454a-8993-362abf5bc477": window light drew 1/1 beam(s), skipped 0
2026-05-26 01:23:48.252 +02:00 [WRN] DrawWindowLightEffect: early return - shader is null
2026-05-26 01:23:48.252 +02:00 [INF] DrawWindowLightEffects() called for map "d5c08240-0436-454a-8993-362abf5bc477": Renderer=false, Beams=1
2026-05-26 01:23:48.252 +02:00 [INF] DrawWindowLightEffects() beam "6b7d8043-ed03-4400-b93f-168701db817b": sourceMask=true, opacity=1
2026-05-26 01:23:48.254 +02:00 [INF] DrawWindowLightEffects() beam "6b7d8043-ed03-4400-b93f-168701db817b": geometry=(528,464)-(528,639.36)
2026-05-26 01:23:48.254 +02:00 [WRN] DrawWindowLightEffect: early return - shader is null
2026-05-26 01:23:48.254 +02:00 [INF] DrawWindowLightEffects() beam "6b7d8043-ed03-4400-b93f-168701db817b": DrawWindowLightEffect returned false
2026-05-26 01:23:48.254 +02:00 [INF] Map "d5c08240-0436-454a-8993-362abf5bc477": window light drew 1/1 beam(s), skipped 0
2026-05-26 01:23:48.299 +02:00 [WRN] DrawWindowLightEffect: early return - shader is null
2026-05-26 01:23:48.299 +02:00 [INF] DrawWindowLightEffects() called for map "d5c08240-0436-454a-8993-362abf5bc477": Renderer=false, Beams=1
2026-05-26 01:23:48.299 +02:00 [INF] DrawWindowLightEffects() beam "6b7d8043-ed03-4400-b93f-168701db817b": sourceMask=true, opacity=1
2026-05-26 01:23:48.301 +02:00 [INF] DrawWindowLightEffects() beam "6b7d8043-ed03-4400-b93f-168701db817b": geometry=(528,464)-(528,639.36)
2026-05-26 01:23:48.301 +02:00 [WRN] DrawWindowLightEffect: early return - shader is null
2026-05-26 01:23:48.301 +02:00 [INF] DrawWindowLightEffects() beam "6b7d8043-ed03-4400-b93f-168701db817b": DrawWindowLightEffect returned false
2026-05-26 01:23:48.301 +02:00 [INF] Map "d5c08240-0436-454a-8993-362abf5bc477": window light drew 1/1 beam(s), skipped 0
2026-05-26 01:23:48.348 +02:00 [WRN] DrawWindowLightEffect: early return - shader is null
2026-05-26 01:23:48.348 +02:00 [INF] DrawWindowLightEffects() called for map "d5c08240-0436-454a-8993-362abf5bc477": Renderer=false, Beams=1
2026-05-26 01:23:48.348 +02:00 [INF] DrawWindowLightEffects() beam "6b7d8043-ed03-4400-b93f-168701db817b": sourceMask=true, opacity=1
2026-05-26 01:23:48.349 +02:00 [INF] DrawWindowLightEffects() beam "6b7d8043-ed03-4400-b93f-168701db817b": geometry=(528,464)-(528,639.36)
2026-05-26 01:23:48.349 +02:00 [WRN] DrawWindowLightEffect: early return - shader is null
2026-05-26 01:23:48.349 +02:00 [INF] DrawWindowLightEffects() beam "6b7d8043-ed03-4400-b93f-168701db817b": DrawWindowLightEffect returned false
2026-05-26 01:23:48.349 +02:00 [INF] Map "d5c08240-0436-454a-8993-362abf5bc477": window light drew 1/1 beam(s), skipped 0
2026-05-26 01:23:48.396 +02:00 [WRN] DrawWindowLightEffect: early return - shader is null
2026-05-26 01:23:48.396 +02:00 [INF] DrawWindowLightEffects() called for map "d5c08240-0436-454a-8993-362abf5bc477": Renderer=false, Beams=1
2026-05-26 01:23:48.396 +02:00 [INF] DrawWindowLightEffects() beam "6b7d8043-ed03-4400-b93f-168701db817b": sourceMask=true, opacity=1
2026-05-26 01:23:48.397 +02:00 [INF] DrawWindowLightEffects() beam "6b7d8043-ed03-4400-b93f-168701db817b": geometry=(528,464)-(528,639.36)
2026-05-26 01:23:48.397 +02:00 [WRN] DrawWindowLightEffect: early return - shader is null
2026-05-26 01:23:48.397 +02:00 [INF] DrawWindowLightEffects() beam "6b7d8043-ed03-4400-b93f-168701db817b": DrawWindowLightEffect returned false
2026-05-26 01:23:48.397 +02:00 [INF] Map "d5c08240-0436-454a-8993-362abf5bc477": window light drew 1/1 beam(s), skipped 0
2026-05-26 01:23:48.443 +02:00 [WRN] DrawWindowLightEffect: early return - shader is null
2026-05-26 01:23:48.443 +02:00 [INF] DrawWindowLightEffects() called for map "d5c08240-0436-454a-8993-362abf5bc477": Renderer=false, Beams=1
2026-05-26 01:23:48.443 +02:00 [INF] DrawWindowLightEffects() beam "6b7d8043-ed03-4400-b93f-168701db817b": sourceMask=true, opacity=1
2026-05-26 01:23:48.445 +02:00 [INF] DrawWindowLightEffects() beam "6b7d8043-ed03-4400-b93f-168701db817b": geometry=(528,464)-(528,639.36)
2026-05-26 01:23:48.445 +02:00 [WRN] DrawWindowLightEffect: early return - shader is null
2026-05-26 01:23:48.445 +02:00 [INF] DrawWindowLightEffects() beam "6b7d8043-ed03-4400-b93f-168701db817b": DrawWindowLightEffect returned false
2026-05-26 01:23:48.445 +02:00 [INF] Map "d5c08240-0436-454a-8993-362abf5bc477": window light drew 1/1 beam(s), skipped 0
2026-05-26 01:23:48.493 +02:00 [WRN] DrawWindowLightEffect: early return - shader is null
2026-05-26 01:23:48.493 +02:00 [INF] DrawWindowLightEffects() called for map "d5c08240-0436-454a-8993-362abf5bc477": Renderer=false, Beams=1
2026-05-26 01:23:48.493 +02:00 [INF] DrawWindowLightEffects() beam "6b7d8043-ed03-4400-b93f-168701db817b": sourceMask=true, opacity=1
2026-05-26 01:23:48.495 +02:00 [INF] DrawWindowLightEffects() beam "6b7d8043-ed03-4400-b93f-168701db817b": geometry=(528,464)-(528,639.36)
2026-05-26 01:23:48.495 +02:00 [WRN] DrawWindowLightEffect: early return - shader is null
2026-05-26 01:23:48.495 +02:00 [INF] DrawWindowLightEffects() beam "6b7d8043-ed03-4400-b93f-168701db817b": DrawWindowLightEffect returned false
2026-05-26 01:23:48.495 +02:00 [INF] Map "d5c08240-0436-454a-8993-362abf5bc477": window light drew 1/1 beam(s), skipped 0
2026-05-26 01:23:48.541 +02:00 [WRN] DrawWindowLightEffect: early return - shader is null
2026-05-26 01:23:48.541 +02:00 [INF] DrawWindowLightEffects() called for map "d5c08240-0436-454a-8993-362abf5bc477": Renderer=false, Beams=1
2026-05-26 01:23:48.541 +02:00 [INF] DrawWindowLightEffects() beam "6b7d8043-ed03-4400-b93f-168701db817b": sourceMask=true, opacity=1
2026-05-26 01:23:48.543 +02:00 [INF] DrawWindowLightEffects() beam "6b7d8043-ed03-4400-b93f-168701db817b": geometry=(528,464)-(528,639.36)
2026-05-26 01:23:48.543 +02:00 [WRN] DrawWindowLightEffect: early return - shader is null
2026-05-26 01:23:48.543 +02:00 [INF] DrawWindowLightEffects() beam "6b7d8043-ed03-4400-b93f-168701db817b": DrawWindowLightEffect returned false
2026-05-26 01:23:48.543 +02:00 [INF] Map "d5c08240-0436-454a-8993-362abf5bc477": window light drew 1/1 beam(s), skipped 0
2026-05-26 01:23:48.589 +02:00 [WRN] DrawWindowLightEffect: early return - shader is null
2026-05-26 01:23:48.589 +02:00 [INF] DrawWindowLightEffects() called for map "d5c08240-0436-454a-8993-362abf5bc477": Renderer=false, Beams=1
2026-05-26 01:23:48.589 +02:00 [INF] DrawWindowLightEffects() beam "6b7d8043-ed03-4400-b93f-168701db817b": sourceMask=true, opacity=1
2026-05-26 01:23:48.591 +02:00 [INF] DrawWindowLightEffects() beam "6b7d8043-ed03-4400-b93f-168701db817b": geometry=(528,464)-(528,639.36)
2026-05-26 01:23:48.591 +02:00 [WRN] DrawWindowLightEffect: early return - shader is null
2026-05-26 01:23:48.591 +02:00 [INF] DrawWindowLightEffects() beam "6b7d8043-ed03-4400-b93f-168701db817b": DrawWindowLightEffect returned false
2026-05-26 01:23:48.591 +02:00 [INF] Map "d5c08240-0436-454a-8993-362abf5bc477": window light drew 1/1 beam(s), skipped 0
2026-05-26 01:23:48.639 +02:00 [WRN] DrawWindowLightEffect: early return - shader is null
2026-05-26 01:23:48.639 +02:00 [INF] DrawWindowLightEffects() called for map "d5c08240-0436-454a-8993-362abf5bc477": Renderer=false, Beams=1
2026-05-26 01:23:48.639 +02:00 [INF] DrawWindowLightEffects() beam "6b7d8043-ed03-4400-b93f-168701db817b": sourceMask=true, opacity=1
2026-05-26 01:23:48.641 +02:00 [INF] DrawWindowLightEffects() beam "6b7d8043-ed03-4400-b93f-168701db817b": geometry=(528,464)-(528,639.36)
2026-05-26 01:23:48.641 +02:00 [WRN] DrawWindowLightEffect: early return - shader is null
2026-05-26 01:23:48.641 +02:00 [INF] DrawWindowLightEffects() beam "6b7d8043-ed03-4400-b93f-168701db817b": DrawWindowLightEffect returned false
2026-05-26 01:23:48.641 +02:00 [INF] Map "d5c08240-0436-454a-8993-362abf5bc477": window light drew 1/1 beam(s), skipped 0
2026-05-26 01:23:48.688 +02:00 [WRN] DrawWindowLightEffect: early return - shader is null
2026-05-26 01:23:48.688 +02:00 [INF] DrawWindowLightEffects() called for map "d5c08240-0436-454a-8993-362abf5bc477": Renderer=false, Beams=1
2026-05-26 01:23:48.688 +02:00 [INF] DrawWindowLightEffects() beam "6b7d8043-ed03-4400-b93f-168701db817b": sourceMask=true, opacity=1
2026-05-26 01:23:48.690 +02:00 [INF] DrawWindowLightEffects() beam "6b7d8043-ed03-4400-b93f-168701db817b": geometry=(528,464)-(528,639.36)
2026-05-26 01:23:48.690 +02:00 [WRN] DrawWindowLightEffect: early return - shader is null
2026-05-26 01:23:48.690 +02:00 [INF] DrawWindowLightEffects() beam "6b7d8043-ed03-4400-b93f-168701db817b": DrawWindowLightEffect returned false
2026-05-26 01:23:48.690 +02:00 [INF] Map "d5c08240-0436-454a-8993-362abf5bc477": window light drew 1/1 beam(s), skipped 0
2026-05-26 01:23:48.740 +02:00 [WRN] DrawWindowLightEffect: early return - shader is null
2026-05-26 01:23:48.740 +02:00 [INF] DrawWindowLightEffects() called for map "d5c08240-0436-454a-8993-362abf5bc477": Renderer=false, Beams=1
2026-05-26 01:23:48.740 +02:00 [INF] DrawWindowLightEffects() beam "6b7d8043-ed03-4400-b93f-168701db817b": sourceMask=true, opacity=1
2026-05-26 01:23:48.741 +02:00 [INF] DrawWindowLightEffects() beam "6b7d8043-ed03-4400-b93f-168701db817b": geometry=(528,464)-(528,639.36)
2026-05-26 01:23:48.741 +02:00 [WRN] DrawWindowLightEffect: early return - shader is null
2026-05-26 01:23:48.741 +02:00 [INF] DrawWindowLightEffects() beam "6b7d8043-ed03-4400-b93f-168701db817b": DrawWindowLightEffect returned false
2026-05-26 01:23:48.741 +02:00 [INF] Map "d5c08240-0436-454a-8993-362abf5bc477": window light drew 1/1 beam(s), skipped 0
2026-05-26 01:23:48.790 +02:00 [WRN] DrawWindowLightEffect: early return - shader is null
2026-05-26 01:23:48.790 +02:00 [INF] DrawWindowLightEffects() called for map "d5c08240-0436-454a-8993-362abf5bc477": Renderer=false, Beams=1
2026-05-26 01:23:48.790 +02:00 [INF] DrawWindowLightEffects() beam "6b7d8043-ed03-4400-b93f-168701db817b": sourceMask=true, opacity=1
2026-05-26 01:23:48.792 +02:00 [INF] DrawWindowLightEffects() beam "6b7d8043-ed03-4400-b93f-168701db817b": geometry=(528,464)-(528,639.36)
2026-05-26 01:23:48.792 +02:00 [WRN] DrawWindowLightEffect: early return - shader is null
2026-05-26 01:23:48.792 +02:00 [INF] DrawWindowLightEffects() beam "6b7d8043-ed03-4400-b93f-168701db817b": DrawWindowLightEffect returned false
2026-05-26 01:23:48.792 +02:00 [INF] Map "d5c08240-0436-454a-8993-362abf5bc477": window light drew 1/1 beam(s), skipped 0
2026-05-26 01:23:48.839 +02:00 [WRN] DrawWindowLightEffect: early return - shader is null
2026-05-26 01:23:48.839 +02:00 [INF] DrawWindowLightEffects() called for map "d5c08240-0436-454a-8993-362abf5bc477": Renderer=false, Beams=1
2026-05-26 01:23:48.839 +02:00 [INF] DrawWindowLightEffects() beam "6b7d8043-ed03-4400-b93f-168701db817b": sourceMask=true, opacity=1
2026-05-26 01:23:48.841 +02:00 [INF] DrawWindowLightEffects() beam "6b7d8043-ed03-4400-b93f-168701db817b": geometry=(528,464)-(528,639.36)
2026-05-26 01:23:48.841 +02:00 [WRN] DrawWindowLightEffect: early return - shader is null
2026-05-26 01:23:48.841 +02:00 [INF] DrawWindowLightEffects() beam "6b7d8043-ed03-4400-b93f-168701db817b": DrawWindowLightEffect returned false
2026-05-26 01:23:48.841 +02:00 [INF] Map "d5c08240-0436-454a-8993-362abf5bc477": window light drew 1/1 beam(s), skipped 0
2026-05-26 01:23:48.887 +02:00 [WRN] DrawWindowLightEffect: early return - shader is null
2026-05-26 01:23:48.887 +02:00 [INF] DrawWindowLightEffects() called for map "d5c08240-0436-454a-8993-362abf5bc477": Renderer=false, Beams=1
2026-05-26 01:23:48.887 +02:00 [INF] DrawWindowLightEffects() beam "6b7d8043-ed03-4400-b93f-168701db817b": sourceMask=true, opacity=1
2026-05-26 01:23:48.889 +02:00 [INF] DrawWindowLightEffects() beam "6b7d8043-ed03-4400-b93f-168701db817b": geometry=(528,464)-(528,639.36)
2026-05-26 01:23:48.889 +02:00 [WRN] DrawWindowLightEffect: early return - shader is null
2026-05-26 01:23:48.889 +02:00 [INF] DrawWindowLightEffects() beam "6b7d8043-ed03-4400-b93f-168701db817b": DrawWindowLightEffect returned false
2026-05-26 01:23:48.889 +02:00 [INF] Map "d5c08240-0436-454a-8993-362abf5bc477": window light drew 1/1 beam(s), skipped 0
2026-05-26 01:23:48.936 +02:00 [WRN] DrawWindowLightEffect: early return - shader is null
2026-05-26 01:23:48.936 +02:00 [INF] DrawWindowLightEffects() called for map "d5c08240-0436-454a-8993-362abf5bc477": Renderer=false, Beams=1
2026-05-26 01:23:48.936 +02:00 [INF] DrawWindowLightEffects() beam "6b7d8043-ed03-4400-b93f-168701db817b": sourceMask=true, opacity=1
2026-05-26 01:23:48.937 +02:00 [INF] DrawWindowLightEffects() beam "6b7d8043-ed03-4400-b93f-168701db817b": geometry=(528,464)-(528,639.36)
2026-05-26 01:23:48.937 +02:00 [WRN] DrawWindowLightEffect: early return - shader is null
2026-05-26 01:23:48.937 +02:00 [INF] DrawWindowLightEffects() beam "6b7d8043-ed03-4400-b93f-168701db817b": DrawWindowLightEffect returned false
2026-05-26 01:23:48.937 +02:00 [INF] Map "d5c08240-0436-454a-8993-362abf5bc477": window light drew 1/1 beam(s), skipped 0
2026-05-26 01:23:48.983 +02:00 [WRN] DrawWindowLightEffect: early return - shader is null
2026-05-26 01:23:48.983 +02:00 [INF] DrawWindowLightEffects() called for map "d5c08240-0436-454a-8993-362abf5bc477": Renderer=false, Beams=1
2026-05-26 01:23:48.983 +02:00 [INF] DrawWindowLightEffects() beam "6b7d8043-ed03-4400-b93f-168701db817b": sourceMask=true, opacity=1
2026-05-26 01:23:48.984 +02:00 [INF] DrawWindowLightEffects() beam "6b7d8043-ed03-4400-b93f-168701db817b": geometry=(528,464)-(528,639.36)
2026-05-26 01:23:48.984 +02:00 [WRN] DrawWindowLightEffect: early return - shader is null
2026-05-26 01:23:48.984 +02:00 [INF] DrawWindowLightEffects() beam "6b7d8043-ed03-4400-b93f-168701db817b": DrawWindowLightEffect returned false
2026-05-26 01:23:48.984 +02:00 [INF] Map "d5c08240-0436-454a-8993-362abf5bc477": window light drew 1/1 beam(s), skipped 0
2026-05-26 01:23:49.030 +02:00 [WRN] DrawWindowLightEffect: early return - shader is null
2026-05-26 01:23:49.030 +02:00 [INF] DrawWindowLightEffects() called for map "d5c08240-0436-454a-8993-362abf5bc477": Renderer=false, Beams=1
2026-05-26 01:23:49.030 +02:00 [INF] DrawWindowLightEffects() beam "6b7d8043-ed03-4400-b93f-168701db817b": sourceMask=true, opacity=1
2026-05-26 01:23:49.032 +02:00 [INF] DrawWindowLightEffects() beam "6b7d8043-ed03-4400-b93f-168701db817b": geometry=(528,464)-(528,639.36)
2026-05-26 01:23:49.032 +02:00 [WRN] DrawWindowLightEffect: early return - shader is null
2026-05-26 01:23:49.032 +02:00 [INF] DrawWindowLightEffects() beam "6b7d8043-ed03-4400-b93f-168701db817b": DrawWindowLightEffect returned false
2026-05-26 01:23:49.032 +02:00 [INF] Map "d5c08240-0436-454a-8993-362abf5bc477": window light drew 1/1 beam(s), skipped 0
2026-05-26 01:23:49.078 +02:00 [WRN] DrawWindowLightEffect: early return - shader is null
2026-05-26 01:23:49.078 +02:00 [INF] DrawWindowLightEffects() called for map "d5c08240-0436-454a-8993-362abf5bc477": Renderer=false, Beams=1
2026-05-26 01:23:49.078 +02:00 [INF] DrawWindowLightEffects() beam "6b7d8043-ed03-4400-b93f-168701db817b": sourceMask=true, opacity=1
2026-05-26 01:23:49.079 +02:00 [INF] DrawWindowLightEffects() beam "6b7d8043-ed03-4400-b93f-168701db817b": geometry=(528,464)-(528,639.36)
2026-05-26 01:23:49.079 +02:00 [WRN] DrawWindowLightEffect: early return - shader is null
2026-05-26 01:23:49.079 +02:00 [INF] DrawWindowLightEffects() beam "6b7d8043-ed03-4400-b93f-168701db817b": DrawWindowLightEffect returned false
2026-05-26 01:23:49.079 +02:00 [INF] Map "d5c08240-0436-454a-8993-362abf5bc477": window light drew 1/1 beam(s), skipped 0
2026-05-26 01:23:49.126 +02:00 [WRN] DrawWindowLightEffect: early return - shader is null
2026-05-26 01:23:49.126 +02:00 [INF] DrawWindowLightEffects() called for map "d5c08240-0436-454a-8993-362abf5bc477": Renderer=false, Beams=1
2026-05-26 01:23:49.126 +02:00 [INF] DrawWindowLightEffects() beam "6b7d8043-ed03-4400-b93f-168701db817b": sourceMask=true, opacity=1
2026-05-26 01:23:49.127 +02:00 [INF] DrawWindowLightEffects() beam "6b7d8043-ed03-4400-b93f-168701db817b": geometry=(528,464)-(528,639.36)
2026-05-26 01:23:49.127 +02:00 [WRN] DrawWindowLightEffect: early return - shader is null
2026-05-26 01:23:49.127 +02:00 [INF] DrawWindowLightEffects() beam "6b7d8043-ed03-4400-b93f-168701db817b": DrawWindowLightEffect returned false
2026-05-26 01:23:49.127 +02:00 [INF] Map "d5c08240-0436-454a-8993-362abf5bc477": window light drew 1/1 beam(s), skipped 0
2026-05-26 01:23:49.173 +02:00 [WRN] DrawWindowLightEffect: early return - shader is null
2026-05-26 01:23:49.173 +02:00 [INF] DrawWindowLightEffects() called for map "d5c08240-0436-454a-8993-362abf5bc477": Renderer=false, Beams=1
2026-05-26 01:23:49.173 +02:00 [INF] DrawWindowLightEffects() beam "6b7d8043-ed03-4400-b93f-168701db817b": sourceMask=true, opacity=1
2026-05-26 01:23:49.175 +02:00 [INF] DrawWindowLightEffects() beam "6b7d8043-ed03-4400-b93f-168701db817b": geometry=(528,464)-(528,639.36)
2026-05-26 01:23:49.175 +02:00 [WRN] DrawWindowLightEffect: early return - shader is null
2026-05-26 01:23:49.175 +02:00 [INF] DrawWindowLightEffects() beam "6b7d8043-ed03-4400-b93f-168701db817b": DrawWindowLightEffect returned false
2026-05-26 01:23:49.175 +02:00 [INF] Map "d5c08240-0436-454a-8993-362abf5bc477": window light drew 1/1 beam(s), skipped 0
2026-05-26 01:23:49.230 +02:00 [WRN] DrawWindowLightEffect: early return - shader is null
2026-05-26 01:23:49.230 +02:00 [INF] DrawWindowLightEffects() called for map "d5c08240-0436-454a-8993-362abf5bc477": Renderer=false, Beams=1
2026-05-26 01:23:49.230 +02:00 [INF] DrawWindowLightEffects() beam "6b7d8043-ed03-4400-b93f-168701db817b": sourceMask=true, opacity=1
2026-05-26 01:23:49.231 +02:00 [INF] DrawWindowLightEffects() beam "6b7d8043-ed03-4400-b93f-168701db817b": geometry=(528,464)-(528,639.36)
2026-05-26 01:23:49.231 +02:00 [WRN] DrawWindowLightEffect: early return - shader is null
2026-05-26 01:23:49.231 +02:00 [INF] DrawWindowLightEffects() beam "6b7d8043-ed03-4400-b93f-168701db817b": DrawWindowLightEffect returned false
2026-05-26 01:23:49.231 +02:00 [INF] Map "d5c08240-0436-454a-8993-362abf5bc477": window light drew 1/1 beam(s), skipped 0
2026-05-26 01:23:49.283 +02:00 [WRN] DrawWindowLightEffect: early return - shader is null
2026-05-26 01:23:49.283 +02:00 [INF] DrawWindowLightEffects() called for map "d5c08240-0436-454a-8993-362abf5bc477": Renderer=false, Beams=1
2026-05-26 01:23:49.283 +02:00 [INF] DrawWindowLightEffects() beam "6b7d8043-ed03-4400-b93f-168701db817b": sourceMask=true, opacity=1
2026-05-26 01:23:49.285 +02:00 [INF] DrawWindowLightEffects() beam "6b7d8043-ed03-4400-b93f-168701db817b": geometry=(528,464)-(528,639.36)
2026-05-26 01:23:49.285 +02:00 [WRN] DrawWindowLightEffect: early return - shader is null
2026-05-26 01:23:49.285 +02:00 [INF] DrawWindowLightEffects() beam "6b7d8043-ed03-4400-b93f-168701db817b": DrawWindowLightEffect returned false
2026-05-26 01:23:49.285 +02:00 [INF] Map "d5c08240-0436-454a-8993-362abf5bc477": window light drew 1/1 beam(s), skipped 0
2026-05-26 01:23:49.333 +02:00 [WRN] DrawWindowLightEffect: early return - shader is null
2026-05-26 01:23:49.333 +02:00 [INF] DrawWindowLightEffects() called for map "d5c08240-0436-454a-8993-362abf5bc477": Renderer=false, Beams=1
2026-05-26 01:23:49.333 +02:00 [INF] DrawWindowLightEffects() beam "6b7d8043-ed03-4400-b93f-168701db817b": sourceMask=true, opacity=1
2026-05-26 01:23:49.335 +02:00 [INF] DrawWindowLightEffects() beam "6b7d8043-ed03-4400-b93f-168701db817b": geometry=(528,464)-(528,639.36)
2026-05-26 01:23:49.335 +02:00 [WRN] DrawWindowLightEffect: early return - shader is null
2026-05-26 01:23:49.335 +02:00 [INF] DrawWindowLightEffects() beam "6b7d8043-ed03-4400-b93f-168701db817b": DrawWindowLightEffect returned false
2026-05-26 01:23:49.335 +02:00 [INF] Map "d5c08240-0436-454a-8993-362abf5bc477": window light drew 1/1 beam(s), skipped 0
2026-05-26 01:23:49.381 +02:00 [WRN] DrawWindowLightEffect: early return - shader is null
2026-05-26 01:23:49.381 +02:00 [INF] DrawWindowLightEffects() called for map "d5c08240-0436-454a-8993-362abf5bc477": Renderer=false, Beams=1
2026-05-26 01:23:49.381 +02:00 [INF] DrawWindowLightEffects() beam "6b7d8043-ed03-4400-b93f-168701db817b": sourceMask=true, opacity=1
2026-05-26 01:23:49.382 +02:00 [INF] DrawWindowLightEffects() beam "6b7d8043-ed03-4400-b93f-168701db817b": geometry=(528,464)-(528,639.36)
2026-05-26 01:23:49.382 +02:00 [WRN] DrawWindowLightEffect: early return - shader is null
2026-05-26 01:23:49.382 +02:00 [INF] DrawWindowLightEffects() beam "6b7d8043-ed03-4400-b93f-168701db817b": DrawWindowLightEffect returned false
2026-05-26 01:23:49.382 +02:00 [INF] Map "d5c08240-0436-454a-8993-362abf5bc477": window light drew 1/1 beam(s), skipped 0
2026-05-26 01:23:49.428 +02:00 [WRN] DrawWindowLightEffect: early return - shader is null
2026-05-26 01:23:49.428 +02:00 [INF] DrawWindowLightEffects() called for map "d5c08240-0436-454a-8993-362abf5bc477": Renderer=false, Beams=1
2026-05-26 01:23:49.428 +02:00 [INF] DrawWindowLightEffects() beam "6b7d8043-ed03-4400-b93f-168701db817b": sourceMask=true, opacity=1
2026-05-26 01:23:49.429 +02:00 [INF] DrawWindowLightEffects() beam "6b7d8043-ed03-4400-b93f-168701db817b": geometry=(528,464)-(528,639.36)
2026-05-26 01:23:49.430 +02:00 [WRN] DrawWindowLightEffect: early return - shader is null
2026-05-26 01:23:49.430 +02:00 [INF] DrawWindowLightEffects() beam "6b7d8043-ed03-4400-b93f-168701db817b": DrawWindowLightEffect returned false
2026-05-26 01:23:49.430 +02:00 [INF] Map "d5c08240-0436-454a-8993-362abf5bc477": window light drew 1/1 beam(s), skipped 0
2026-05-26 01:23:49.476 +02:00 [WRN] DrawWindowLightEffect: early return - shader is null
2026-05-26 01:23:49.476 +02:00 [INF] DrawWindowLightEffects() called for map "d5c08240-0436-454a-8993-362abf5bc477": Renderer=false, Beams=1
2026-05-26 01:23:49.476 +02:00 [INF] DrawWindowLightEffects() beam "6b7d8043-ed03-4400-b93f-168701db817b": sourceMask=true, opacity=1
2026-05-26 01:23:49.478 +02:00 [INF] DrawWindowLightEffects() beam "6b7d8043-ed03-4400-b93f-168701db817b": geometry=(528,464)-(528,639.36)
2026-05-26 01:23:49.478 +02:00 [WRN] DrawWindowLightEffect: early return - shader is null
2026-05-26 01:23:49.478 +02:00 [INF] DrawWindowLightEffects() beam "6b7d8043-ed03-4400-b93f-168701db817b": DrawWindowLightEffect returned false
2026-05-26 01:23:49.478 +02:00 [INF] Map "d5c08240-0436-454a-8993-362abf5bc477": window light drew 1/1 beam(s), skipped 0
2026-05-26 01:23:49.526 +02:00 [WRN] DrawWindowLightEffect: early return - shader is null
2026-05-26 01:23:49.526 +02:00 [INF] DrawWindowLightEffects() called for map "d5c08240-0436-454a-8993-362abf5bc477": Renderer=false, Beams=1
2026-05-26 01:23:49.526 +02:00 [INF] DrawWindowLightEffects() beam "6b7d8043-ed03-4400-b93f-168701db817b": sourceMask=true, opacity=1
2026-05-26 01:23:49.527 +02:00 [INF] DrawWindowLightEffects() beam "6b7d8043-ed03-4400-b93f-168701db817b": geometry=(528,464)-(528,639.36)
2026-05-26 01:23:49.527 +02:00 [WRN] DrawWindowLightEffect: early return - shader is null
2026-05-26 01:23:49.527 +02:00 [INF] DrawWindowLightEffects() beam "6b7d8043-ed03-4400-b93f-168701db817b": DrawWindowLightEffect returned false
2026-05-26 01:23:49.527 +02:00 [INF] Map "d5c08240-0436-454a-8993-362abf5bc477": window light drew 1/1 beam(s), skipped 0
2026-05-26 01:23:49.573 +02:00 [WRN] DrawWindowLightEffect: early return - shader is null
2026-05-26 01:23:49.573 +02:00 [INF] DrawWindowLightEffects() called for map "d5c08240-0436-454a-8993-362abf5bc477": Renderer=false, Beams=1
2026-05-26 01:23:49.573 +02:00 [INF] DrawWindowLightEffects() beam "6b7d8043-ed03-4400-b93f-168701db817b": sourceMask=true, opacity=1
2026-05-26 01:23:49.574 +02:00 [INF] DrawWindowLightEffects() beam "6b7d8043-ed03-4400-b93f-168701db817b": geometry=(528,464)-(528,639.36)
2026-05-26 01:23:49.574 +02:00 [WRN] DrawWindowLightEffect: early return - shader is null
2026-05-26 01:23:49.574 +02:00 [INF] DrawWindowLightEffects() beam "6b7d8043-ed03-4400-b93f-168701db817b": DrawWindowLightEffect returned false
2026-05-26 01:23:49.574 +02:00 [INF] Map "d5c08240-0436-454a-8993-362abf5bc477": window light drew 1/1 beam(s), skipped 0
2026-05-26 01:23:49.619 +02:00 [WRN] DrawWindowLightEffect: early return - shader is null
2026-05-26 01:23:49.619 +02:00 [INF] DrawWindowLightEffects() called for map "d5c08240-0436-454a-8993-362abf5bc477": Renderer=false, Beams=1
2026-05-26 01:23:49.619 +02:00 [INF] DrawWindowLightEffects() beam "6b7d8043-ed03-4400-b93f-168701db817b": sourceMask=true, opacity=1
2026-05-26 01:23:49.620 +02:00 [INF] DrawWindowLightEffects() beam "6b7d8043-ed03-4400-b93f-168701db817b": geometry=(528,464)-(528,639.36)
2026-05-26 01:23:49.620 +02:00 [WRN] DrawWindowLightEffect: early return - shader is null
2026-05-26 01:23:49.620 +02:00 [INF] DrawWindowLightEffects() beam "6b7d8043-ed03-4400-b93f-168701db817b": DrawWindowLightEffect returned false
2026-05-26 01:23:49.620 +02:00 [INF] Map "d5c08240-0436-454a-8993-362abf5bc477": window light drew 1/1 beam(s), skipped 0
2026-05-26 01:23:49.665 +02:00 [WRN] DrawWindowLightEffect: early return - shader is null
2026-05-26 01:23:49.665 +02:00 [INF] DrawWindowLightEffects() called for map "d5c08240-0436-454a-8993-362abf5bc477": Renderer=false, Beams=1
2026-05-26 01:23:49.665 +02:00 [INF] DrawWindowLightEffects() beam "6b7d8043-ed03-4400-b93f-168701db817b": sourceMask=true, opacity=1
2026-05-26 01:23:49.667 +02:00 [INF] DrawWindowLightEffects() beam "6b7d8043-ed03-4400-b93f-168701db817b": geometry=(528,464)-(528,639.36)
2026-05-26 01:23:49.667 +02:00 [WRN] DrawWindowLightEffect: early return - shader is null
2026-05-26 01:23:49.667 +02:00 [INF] DrawWindowLightEffects() beam "6b7d8043-ed03-4400-b93f-168701db817b": DrawWindowLightEffect returned false
2026-05-26 01:23:49.667 +02:00 [INF] Map "d5c08240-0436-454a-8993-362abf5bc477": window light drew 1/1 beam(s), skipped 0
2026-05-26 01:23:49.712 +02:00 [WRN] DrawWindowLightEffect: early return - shader is null
2026-05-26 01:23:49.712 +02:00 [INF] DrawWindowLightEffects() called for map "d5c08240-0436-454a-8993-362abf5bc477": Renderer=false, Beams=1
2026-05-26 01:23:49.713 +02:00 [INF] DrawWindowLightEffects() beam "6b7d8043-ed03-4400-b93f-168701db817b": sourceMask=true, opacity=1
2026-05-26 01:23:49.714 +02:00 [INF] DrawWindowLightEffects() beam "6b7d8043-ed03-4400-b93f-168701db817b": geometry=(528,464)-(528,639.36)
2026-05-26 01:23:49.714 +02:00 [WRN] DrawWindowLightEffect: early return - shader is null
2026-05-26 01:23:49.714 +02:00 [INF] DrawWindowLightEffects() beam "6b7d8043-ed03-4400-b93f-168701db817b": DrawWindowLightEffect returned false
2026-05-26 01:23:49.714 +02:00 [INF] Map "d5c08240-0436-454a-8993-362abf5bc477": window light drew 1/1 beam(s), skipped 0
2026-05-26 01:23:49.760 +02:00 [WRN] DrawWindowLightEffect: early return - shader is null
2026-05-26 01:23:49.760 +02:00 [INF] DrawWindowLightEffects() called for map "d5c08240-0436-454a-8993-362abf5bc477": Renderer=false, Beams=1
2026-05-26 01:23:49.760 +02:00 [INF] DrawWindowLightEffects() beam "6b7d8043-ed03-4400-b93f-168701db817b": sourceMask=true, opacity=1
2026-05-26 01:23:49.761 +02:00 [INF] DrawWindowLightEffects() beam "6b7d8043-ed03-4400-b93f-168701db817b": geometry=(528,464)-(528,639.36)
2026-05-26 01:23:49.761 +02:00 [WRN] DrawWindowLightEffect: early return - shader is null
2026-05-26 01:23:49.761 +02:00 [INF] DrawWindowLightEffects() beam "6b7d8043-ed03-4400-b93f-168701db817b": DrawWindowLightEffect returned false
2026-05-26 01:23:49.761 +02:00 [INF] Map "d5c08240-0436-454a-8993-362abf5bc477": window light drew 1/1 beam(s), skipped 0
2026-05-26 01:23:49.806 +02:00 [WRN] DrawWindowLightEffect: early return - shader is null
2026-05-26 01:23:49.806 +02:00 [INF] DrawWindowLightEffects() called for map "d5c08240-0436-454a-8993-362abf5bc477": Renderer=false, Beams=1
2026-05-26 01:23:49.806 +02:00 [INF] DrawWindowLightEffects() beam "6b7d8043-ed03-4400-b93f-168701db817b": sourceMask=true, opacity=1
2026-05-26 01:23:49.807 +02:00 [INF] DrawWindowLightEffects() beam "6b7d8043-ed03-4400-b93f-168701db817b": geometry=(528,464)-(528,639.36)
2026-05-26 01:23:49.807 +02:00 [WRN] DrawWindowLightEffect: early return - shader is null
2026-05-26 01:23:49.807 +02:00 [INF] DrawWindowLightEffects() beam "6b7d8043-ed03-4400-b93f-168701db817b": DrawWindowLightEffect returned false
2026-05-26 01:23:49.807 +02:00 [INF] Map "d5c08240-0436-454a-8993-362abf5bc477": window light drew 1/1 beam(s), skipped 0
2026-05-26 01:23:49.853 +02:00 [WRN] DrawWindowLightEffect: early return - shader is null
2026-05-26 01:23:49.853 +02:00 [INF] DrawWindowLightEffects() called for map "d5c08240-0436-454a-8993-362abf5bc477": Renderer=false, Beams=1
2026-05-26 01:23:49.853 +02:00 [INF] DrawWindowLightEffects() beam "6b7d8043-ed03-4400-b93f-168701db817b": sourceMask=true, opacity=1
2026-05-26 01:23:49.854 +02:00 [INF] DrawWindowLightEffects() beam "6b7d8043-ed03-4400-b93f-168701db817b": geometry=(528,464)-(528,639.36)
2026-05-26 01:23:49.854 +02:00 [WRN] DrawWindowLightEffect: early return - shader is null
2026-05-26 01:23:49.854 +02:00 [INF] DrawWindowLightEffects() beam "6b7d8043-ed03-4400-b93f-168701db817b": DrawWindowLightEffect returned false
2026-05-26 01:23:49.854 +02:00 [INF] Map "d5c08240-0436-454a-8993-362abf5bc477": window light drew 1/1 beam(s), skipped 0
2026-05-26 01:23:49.900 +02:00 [WRN] DrawWindowLightEffect: early return - shader is null
2026-05-26 01:23:49.900 +02:00 [INF] DrawWindowLightEffects() called for map "d5c08240-0436-454a-8993-362abf5bc477": Renderer=false, Beams=1
2026-05-26 01:23:49.900 +02:00 [INF] DrawWindowLightEffects() beam "6b7d8043-ed03-4400-b93f-168701db817b": sourceMask=true, opacity=1
2026-05-26 01:23:49.902 +02:00 [INF] DrawWindowLightEffects() beam "6b7d8043-ed03-4400-b93f-168701db817b": geometry=(528,464)-(528,639.36)
2026-05-26 01:23:49.902 +02:00 [WRN] DrawWindowLightEffect: early return - shader is null
2026-05-26 01:23:49.902 +02:00 [INF] DrawWindowLightEffects() beam "6b7d8043-ed03-4400-b93f-168701db817b": DrawWindowLightEffect returned false
2026-05-26 01:23:49.902 +02:00 [INF] Map "d5c08240-0436-454a-8993-362abf5bc477": window light drew 1/1 beam(s), skipped 0
2026-05-26 01:23:49.947 +02:00 [WRN] DrawWindowLightEffect: early return - shader is null
2026-05-26 01:23:49.947 +02:00 [INF] DrawWindowLightEffects() called for map "d5c08240-0436-454a-8993-362abf5bc477": Renderer=false, Beams=1
2026-05-26 01:23:49.947 +02:00 [INF] DrawWindowLightEffects() beam "6b7d8043-ed03-4400-b93f-168701db817b": sourceMask=true, opacity=1
2026-05-26 01:23:49.948 +02:00 [INF] DrawWindowLightEffects() beam "6b7d8043-ed03-4400-b93f-168701db817b": geometry=(528,464)-(528,639.36)
2026-05-26 01:23:49.948 +02:00 [WRN] DrawWindowLightEffect: early return - shader is null
2026-05-26 01:23:49.948 +02:00 [INF] DrawWindowLightEffects() beam "6b7d8043-ed03-4400-b93f-168701db817b": DrawWindowLightEffect returned false
2026-05-26 01:23:49.948 +02:00 [INF] Map "d5c08240-0436-454a-8993-362abf5bc477": window light drew 1/1 beam(s), skipped 0
2026-05-26 01:23:49.994 +02:00 [WRN] DrawWindowLightEffect: early return - shader is null
2026-05-26 01:23:49.994 +02:00 [INF] DrawWindowLightEffects() called for map "d5c08240-0436-454a-8993-362abf5bc477": Renderer=false, Beams=1
2026-05-26 01:23:49.994 +02:00 [INF] DrawWindowLightEffects() beam "6b7d8043-ed03-4400-b93f-168701db817b": sourceMask=true, opacity=1
2026-05-26 01:23:49.996 +02:00 [INF] DrawWindowLightEffects() beam "6b7d8043-ed03-4400-b93f-168701db817b": geometry=(528,464)-(528,639.36)
2026-05-26 01:23:49.996 +02:00 [WRN] DrawWindowLightEffect: early return - shader is null
2026-05-26 01:23:49.996 +02:00 [INF] DrawWindowLightEffects() beam "6b7d8043-ed03-4400-b93f-168701db817b": DrawWindowLightEffect returned false
2026-05-26 01:23:49.996 +02:00 [INF] Map "d5c08240-0436-454a-8993-362abf5bc477": window light drew 1/1 beam(s), skipped 0
2026-05-26 01:23:50.042 +02:00 [WRN] DrawWindowLightEffect: early return - shader is null
2026-05-26 01:23:50.042 +02:00 [INF] DrawWindowLightEffects() called for map "d5c08240-0436-454a-8993-362abf5bc477": Renderer=false, Beams=1
2026-05-26 01:23:50.042 +02:00 [INF] DrawWindowLightEffects() beam "6b7d8043-ed03-4400-b93f-168701db817b": sourceMask=true, opacity=1
2026-05-26 01:23:50.043 +02:00 [INF] DrawWindowLightEffects() beam "6b7d8043-ed03-4400-b93f-168701db817b": geometry=(528,464)-(528,639.36)
2026-05-26 01:23:50.043 +02:00 [WRN] DrawWindowLightEffect: early return - shader is null
2026-05-26 01:23:50.043 +02:00 [INF] DrawWindowLightEffects() beam "6b7d8043-ed03-4400-b93f-168701db817b": DrawWindowLightEffect returned false
2026-05-26 01:23:50.043 +02:00 [INF] Map "d5c08240-0436-454a-8993-362abf5bc477": window light drew 1/1 beam(s), skipped 0
2026-05-26 01:23:50.089 +02:00 [WRN] DrawWindowLightEffect: early return - shader is null
2026-05-26 01:23:50.089 +02:00 [INF] DrawWindowLightEffects() called for map "d5c08240-0436-454a-8993-362abf5bc477": Renderer=false, Beams=1
2026-05-26 01:23:50.089 +02:00 [INF] DrawWindowLightEffects() beam "6b7d8043-ed03-4400-b93f-168701db817b": sourceMask=true, opacity=1
2026-05-26 01:23:50.091 +02:00 [INF] DrawWindowLightEffects() beam "6b7d8043-ed03-4400-b93f-168701db817b": geometry=(528,464)-(528,639.36)
2026-05-26 01:23:50.091 +02:00 [WRN] DrawWindowLightEffect: early return - shader is null
2026-05-26 01:23:50.091 +02:00 [INF] DrawWindowLightEffects() beam "6b7d8043-ed03-4400-b93f-168701db817b": DrawWindowLightEffect returned false
2026-05-26 01:23:50.091 +02:00 [INF] Map "d5c08240-0436-454a-8993-362abf5bc477": window light drew 1/1 beam(s), skipped 0
2026-05-26 01:23:50.137 +02:00 [WRN] DrawWindowLightEffect: early return - shader is null
2026-05-26 01:23:50.137 +02:00 [INF] DrawWindowLightEffects() called for map "d5c08240-0436-454a-8993-362abf5bc477": Renderer=false, Beams=1
2026-05-26 01:23:50.137 +02:00 [INF] DrawWindowLightEffects() beam "6b7d8043-ed03-4400-b93f-168701db817b": sourceMask=true, opacity=1
2026-05-26 01:23:50.140 +02:00 [INF] DrawWindowLightEffects() beam "6b7d8043-ed03-4400-b93f-168701db817b": geometry=(528,464)-(528,639.36)
2026-05-26 01:23:50.140 +02:00 [WRN] DrawWindowLightEffect: early return - shader is null
2026-05-26 01:23:50.140 +02:00 [INF] DrawWindowLightEffects() beam "6b7d8043-ed03-4400-b93f-168701db817b": DrawWindowLightEffect returned false
2026-05-26 01:23:50.140 +02:00 [INF] Map "d5c08240-0436-454a-8993-362abf5bc477": window light drew 1/1 beam(s), skipped 0
2026-05-26 01:23:50.186 +02:00 [WRN] DrawWindowLightEffect: early return - shader is null
2026-05-26 01:23:50.186 +02:00 [INF] DrawWindowLightEffects() called for map "d5c08240-0436-454a-8993-362abf5bc477": Renderer=false, Beams=1
2026-05-26 01:23:50.186 +02:00 [INF] DrawWindowLightEffects() beam "6b7d8043-ed03-4400-b93f-168701db817b": sourceMask=true, opacity=1
2026-05-26 01:23:50.187 +02:00 [INF] DrawWindowLightEffects() beam "6b7d8043-ed03-4400-b93f-168701db817b": geometry=(528,464)-(528,639.36)
2026-05-26 01:23:50.187 +02:00 [WRN] DrawWindowLightEffect: early return - shader is null
2026-05-26 01:23:50.187 +02:00 [INF] DrawWindowLightEffects() beam "6b7d8043-ed03-4400-b93f-168701db817b": DrawWindowLightEffect returned false
2026-05-26 01:23:50.187 +02:00 [INF] Map "d5c08240-0436-454a-8993-362abf5bc477": window light drew 1/1 beam(s), skipped 0
2026-05-26 01:23:50.234 +02:00 [WRN] DrawWindowLightEffect: early return - shader is null
2026-05-26 01:23:50.234 +02:00 [INF] DrawWindowLightEffects() called for map "d5c08240-0436-454a-8993-362abf5bc477": Renderer=false, Beams=1
2026-05-26 01:23:50.234 +02:00 [INF] DrawWindowLightEffects() beam "6b7d8043-ed03-4400-b93f-168701db817b": sourceMask=true, opacity=1
2026-05-26 01:23:50.235 +02:00 [INF] DrawWindowLightEffects() beam "6b7d8043-ed03-4400-b93f-168701db817b": geometry=(528,464)-(528,639.36)
2026-05-26 01:23:50.235 +02:00 [WRN] DrawWindowLightEffect: early return - shader is null
2026-05-26 01:23:50.235 +02:00 [INF] DrawWindowLightEffects() beam "6b7d8043-ed03-4400-b93f-168701db817b": DrawWindowLightEffect returned false
2026-05-26 01:23:50.235 +02:00 [INF] Map "d5c08240-0436-454a-8993-362abf5bc477": window light drew 1/1 beam(s), skipped 0
2026-05-26 01:23:50.283 +02:00 [WRN] DrawWindowLightEffect: early return - shader is null
2026-05-26 01:23:50.283 +02:00 [INF] DrawWindowLightEffects() called for map "d5c08240-0436-454a-8993-362abf5bc477": Renderer=false, Beams=1
2026-05-26 01:23:50.283 +02:00 [INF] DrawWindowLightEffects() beam "6b7d8043-ed03-4400-b93f-168701db817b": sourceMask=true, opacity=1
2026-05-26 01:23:50.285 +02:00 [INF] DrawWindowLightEffects() beam "6b7d8043-ed03-4400-b93f-168701db817b": geometry=(528,464)-(528,639.36)
2026-05-26 01:23:50.285 +02:00 [WRN] DrawWindowLightEffect: early return - shader is null
2026-05-26 01:23:50.285 +02:00 [INF] DrawWindowLightEffects() beam "6b7d8043-ed03-4400-b93f-168701db817b": DrawWindowLightEffect returned false
2026-05-26 01:23:50.285 +02:00 [INF] Map "d5c08240-0436-454a-8993-362abf5bc477": window light drew 1/1 beam(s), skipped 0
2026-05-26 01:23:50.332 +02:00 [WRN] DrawWindowLightEffect: early return - shader is null
2026-05-26 01:23:50.332 +02:00 [INF] DrawWindowLightEffects() called for map "d5c08240-0436-454a-8993-362abf5bc477": Renderer=false, Beams=1
2026-05-26 01:23:50.332 +02:00 [INF] DrawWindowLightEffects() beam "6b7d8043-ed03-4400-b93f-168701db817b": sourceMask=true, opacity=1
2026-05-26 01:23:50.333 +02:00 [INF] DrawWindowLightEffects() beam "6b7d8043-ed03-4400-b93f-168701db817b": geometry=(528,464)-(528,639.36)
2026-05-26 01:23:50.333 +02:00 [WRN] DrawWindowLightEffect: early return - shader is null
2026-05-26 01:23:50.333 +02:00 [INF] DrawWindowLightEffects() beam "6b7d8043-ed03-4400-b93f-168701db817b": DrawWindowLightEffect returned false
2026-05-26 01:23:50.333 +02:00 [INF] Map "d5c08240-0436-454a-8993-362abf5bc477": window light drew 1/1 beam(s), skipped 0
2026-05-26 01:23:50.379 +02:00 [WRN] DrawWindowLightEffect: early return - shader is null
2026-05-26 01:23:50.379 +02:00 [INF] DrawWindowLightEffects() called for map "d5c08240-0436-454a-8993-362abf5bc477": Renderer=false, Beams=1
2026-05-26 01:23:50.379 +02:00 [INF] DrawWindowLightEffects() beam "6b7d8043-ed03-4400-b93f-168701db817b": sourceMask=true, opacity=1
2026-05-26 01:23:50.381 +02:00 [INF] DrawWindowLightEffects() beam "6b7d8043-ed03-4400-b93f-168701db817b": geometry=(528,464)-(528,639.36)
2026-05-26 01:23:50.381 +02:00 [WRN] DrawWindowLightEffect: early return - shader is null
2026-05-26 01:23:50.381 +02:00 [INF] DrawWindowLightEffects() beam "6b7d8043-ed03-4400-b93f-168701db817b": DrawWindowLightEffect returned false
2026-05-26 01:23:50.381 +02:00 [INF] Map "d5c08240-0436-454a-8993-362abf5bc477": window light drew 1/1 beam(s), skipped 0
2026-05-26 01:23:50.426 +02:00 [WRN] DrawWindowLightEffect: early return - shader is null
2026-05-26 01:23:50.426 +02:00 [INF] DrawWindowLightEffects() called for map "d5c08240-0436-454a-8993-362abf5bc477": Renderer=false, Beams=1
2026-05-26 01:23:50.426 +02:00 [INF] DrawWindowLightEffects() beam "6b7d8043-ed03-4400-b93f-168701db817b": sourceMask=true, opacity=1
2026-05-26 01:23:50.427 +02:00 [INF] DrawWindowLightEffects() beam "6b7d8043-ed03-4400-b93f-168701db817b": geometry=(528,464)-(528,639.36)
2026-05-26 01:23:50.428 +02:00 [WRN] DrawWindowLightEffect: early return - shader is null
2026-05-26 01:23:50.428 +02:00 [INF] DrawWindowLightEffects() beam "6b7d8043-ed03-4400-b93f-168701db817b": DrawWindowLightEffect returned false
2026-05-26 01:23:50.428 +02:00 [INF] Map "d5c08240-0436-454a-8993-362abf5bc477": window light drew 1/1 beam(s), skipped 0
2026-05-26 01:23:50.473 +02:00 [WRN] DrawWindowLightEffect: early return - shader is null
2026-05-26 01:23:50.473 +02:00 [INF] DrawWindowLightEffects() called for map "d5c08240-0436-454a-8993-362abf5bc477": Renderer=false, Beams=1
2026-05-26 01:23:50.473 +02:00 [INF] DrawWindowLightEffects() beam "6b7d8043-ed03-4400-b93f-168701db817b": sourceMask=true, opacity=1
2026-05-26 01:23:50.475 +02:00 [INF] DrawWindowLightEffects() beam "6b7d8043-ed03-4400-b93f-168701db817b": geometry=(528,464)-(528,639.36)
2026-05-26 01:23:50.475 +02:00 [WRN] DrawWindowLightEffect: early return - shader is null
2026-05-26 01:23:50.475 +02:00 [INF] DrawWindowLightEffects() beam "6b7d8043-ed03-4400-b93f-168701db817b": DrawWindowLightEffect returned false
2026-05-26 01:23:50.475 +02:00 [INF] Map "d5c08240-0436-454a-8993-362abf5bc477": window light drew 1/1 beam(s), skipped 0
2026-05-26 01:23:50.520 +02:00 [WRN] DrawWindowLightEffect: early return - shader is null
2026-05-26 01:23:50.520 +02:00 [INF] DrawWindowLightEffects() called for map "d5c08240-0436-454a-8993-362abf5bc477": Renderer=false, Beams=1
2026-05-26 01:23:50.520 +02:00 [INF] DrawWindowLightEffects() beam "6b7d8043-ed03-4400-b93f-168701db817b": sourceMask=true, opacity=1
2026-05-26 01:23:50.521 +02:00 [INF] DrawWindowLightEffects() beam "6b7d8043-ed03-4400-b93f-168701db817b": geometry=(528,464)-(528,639.36)
2026-05-26 01:23:50.521 +02:00 [WRN] DrawWindowLightEffect: early return - shader is null
2026-05-26 01:23:50.521 +02:00 [INF] DrawWindowLightEffects() beam "6b7d8043-ed03-4400-b93f-168701db817b": DrawWindowLightEffect returned false
2026-05-26 01:23:50.521 +02:00 [INF] Map "d5c08240-0436-454a-8993-362abf5bc477": window light drew 1/1 beam(s), skipped 0
2026-05-26 01:23:50.567 +02:00 [WRN] DrawWindowLightEffect: early return - shader is null
2026-05-26 01:23:50.567 +02:00 [INF] DrawWindowLightEffects() called for map "d5c08240-0436-454a-8993-362abf5bc477": Renderer=false, Beams=1
2026-05-26 01:23:50.567 +02:00 [INF] DrawWindowLightEffects() beam "6b7d8043-ed03-4400-b93f-168701db817b": sourceMask=true, opacity=1
2026-05-26 01:23:50.568 +02:00 [INF] DrawWindowLightEffects() beam "6b7d8043-ed03-4400-b93f-168701db817b": geometry=(528,464)-(528,639.36)
2026-05-26 01:23:50.568 +02:00 [WRN] DrawWindowLightEffect: early return - shader is null
2026-05-26 01:23:50.568 +02:00 [INF] DrawWindowLightEffects() beam "6b7d8043-ed03-4400-b93f-168701db817b": DrawWindowLightEffect returned false
2026-05-26 01:23:50.568 +02:00 [INF] Map "d5c08240-0436-454a-8993-362abf5bc477": window light drew 1/1 beam(s), skipped 0
2026-05-26 01:23:50.613 +02:00 [WRN] DrawWindowLightEffect: early return - shader is null
2026-05-26 01:23:50.613 +02:00 [INF] DrawWindowLightEffects() called for map "d5c08240-0436-454a-8993-362abf5bc477": Renderer=false, Beams=1
2026-05-26 01:23:50.613 +02:00 [INF] DrawWindowLightEffects() beam "6b7d8043-ed03-4400-b93f-168701db817b": sourceMask=true, opacity=1
2026-05-26 01:23:50.615 +02:00 [INF] DrawWindowLightEffects() beam "6b7d8043-ed03-4400-b93f-168701db817b": geometry=(528,464)-(528,639.36)
2026-05-26 01:23:50.615 +02:00 [WRN] DrawWindowLightEffect: early return - shader is null
2026-05-26 01:23:50.615 +02:00 [INF] DrawWindowLightEffects() beam "6b7d8043-ed03-4400-b93f-168701db817b": DrawWindowLightEffect returned false
2026-05-26 01:23:50.615 +02:00 [INF] Map "d5c08240-0436-454a-8993-362abf5bc477": window light drew 1/1 beam(s), skipped 0
2026-05-26 01:23:50.661 +02:00 [WRN] DrawWindowLightEffect: early return - shader is null
2026-05-26 01:23:50.661 +02:00 [INF] DrawWindowLightEffects() called for map "d5c08240-0436-454a-8993-362abf5bc477": Renderer=false, Beams=1
2026-05-26 01:23:50.661 +02:00 [INF] DrawWindowLightEffects() beam "6b7d8043-ed03-4400-b93f-168701db817b": sourceMask=true, opacity=1
2026-05-26 01:23:50.662 +02:00 [INF] DrawWindowLightEffects() beam "6b7d8043-ed03-4400-b93f-168701db817b": geometry=(528,464)-(528,639.36)
2026-05-26 01:23:50.662 +02:00 [WRN] DrawWindowLightEffect: early return - shader is null
2026-05-26 01:23:50.662 +02:00 [INF] DrawWindowLightEffects() beam "6b7d8043-ed03-4400-b93f-168701db817b": DrawWindowLightEffect returned false
2026-05-26 01:23:50.662 +02:00 [INF] Map "d5c08240-0436-454a-8993-362abf5bc477": window light drew 1/1 beam(s), skipped 0
2026-05-26 01:23:50.707 +02:00 [WRN] DrawWindowLightEffect: early return - shader is null
2026-05-26 01:23:50.707 +02:00 [INF] DrawWindowLightEffects() called for map "d5c08240-0436-454a-8993-362abf5bc477": Renderer=false, Beams=1
2026-05-26 01:23:50.707 +02:00 [INF] DrawWindowLightEffects() beam "6b7d8043-ed03-4400-b93f-168701db817b": sourceMask=true, opacity=1
2026-05-26 01:23:50.708 +02:00 [INF] DrawWindowLightEffects() beam "6b7d8043-ed03-4400-b93f-168701db817b": geometry=(528,464)-(528,639.36)
2026-05-26 01:23:50.708 +02:00 [WRN] DrawWindowLightEffect: early return - shader is null
2026-05-26 01:23:50.708 +02:00 [INF] DrawWindowLightEffects() beam "6b7d8043-ed03-4400-b93f-168701db817b": DrawWindowLightEffect returned false
2026-05-26 01:23:50.708 +02:00 [INF] Map "d5c08240-0436-454a-8993-362abf5bc477": window light drew 1/1 beam(s), skipped 0
2026-05-26 01:23:50.754 +02:00 [WRN] DrawWindowLightEffect: early return - shader is null
2026-05-26 01:23:50.754 +02:00 [INF] DrawWindowLightEffects() called for map "d5c08240-0436-454a-8993-362abf5bc477": Renderer=false, Beams=1
2026-05-26 01:23:50.754 +02:00 [INF] DrawWindowLightEffects() beam "6b7d8043-ed03-4400-b93f-168701db817b": sourceMask=true, opacity=1
2026-05-26 01:23:50.755 +02:00 [INF] DrawWindowLightEffects() beam "6b7d8043-ed03-4400-b93f-168701db817b": geometry=(528,464)-(528,639.36)
2026-05-26 01:23:50.755 +02:00 [WRN] DrawWindowLightEffect: early return - shader is null
2026-05-26 01:23:50.755 +02:00 [INF] DrawWindowLightEffects() beam "6b7d8043-ed03-4400-b93f-168701db817b": DrawWindowLightEffect returned false
2026-05-26 01:23:50.755 +02:00 [INF] Map "d5c08240-0436-454a-8993-362abf5bc477": window light drew 1/1 beam(s), skipped 0
2026-05-26 01:23:50.801 +02:00 [WRN] DrawWindowLightEffect: early return - shader is null
2026-05-26 01:23:50.801 +02:00 [INF] DrawWindowLightEffects() called for map "d5c08240-0436-454a-8993-362abf5bc477": Renderer=false, Beams=1
2026-05-26 01:23:50.801 +02:00 [INF] DrawWindowLightEffects() beam "6b7d8043-ed03-4400-b93f-168701db817b": sourceMask=true, opacity=1
2026-05-26 01:23:50.802 +02:00 [INF] DrawWindowLightEffects() beam "6b7d8043-ed03-4400-b93f-168701db817b": geometry=(528,464)-(528,639.36)
2026-05-26 01:23:50.802 +02:00 [WRN] DrawWindowLightEffect: early return - shader is null
2026-05-26 01:23:50.802 +02:00 [INF] DrawWindowLightEffects() beam "6b7d8043-ed03-4400-b93f-168701db817b": DrawWindowLightEffect returned false
2026-05-26 01:23:50.802 +02:00 [INF] Map "d5c08240-0436-454a-8993-362abf5bc477": window light drew 1/1 beam(s), skipped 0
2026-05-26 01:23:50.848 +02:00 [WRN] DrawWindowLightEffect: early return - shader is null
2026-05-26 01:23:50.848 +02:00 [INF] DrawWindowLightEffects() called for map "d5c08240-0436-454a-8993-362abf5bc477": Renderer=false, Beams=1
2026-05-26 01:23:50.848 +02:00 [INF] DrawWindowLightEffects() beam "6b7d8043-ed03-4400-b93f-168701db817b": sourceMask=true, opacity=1
2026-05-26 01:23:50.849 +02:00 [INF] DrawWindowLightEffects() beam "6b7d8043-ed03-4400-b93f-168701db817b": geometry=(528,464)-(528,639.36)
2026-05-26 01:23:50.849 +02:00 [WRN] DrawWindowLightEffect: early return - shader is null
2026-05-26 01:23:50.849 +02:00 [INF] DrawWindowLightEffects() beam "6b7d8043-ed03-4400-b93f-168701db817b": DrawWindowLightEffect returned false
2026-05-26 01:23:50.849 +02:00 [INF] Map "d5c08240-0436-454a-8993-362abf5bc477": window light drew 1/1 beam(s), skipped 0
2026-05-26 01:23:50.895 +02:00 [WRN] DrawWindowLightEffect: early return - shader is null
2026-05-26 01:23:50.895 +02:00 [INF] DrawWindowLightEffects() called for map "d5c08240-0436-454a-8993-362abf5bc477": Renderer=false, Beams=1
2026-05-26 01:23:50.895 +02:00 [INF] DrawWindowLightEffects() beam "6b7d8043-ed03-4400-b93f-168701db817b": sourceMask=true, opacity=1
2026-05-26 01:23:50.896 +02:00 [INF] DrawWindowLightEffects() beam "6b7d8043-ed03-4400-b93f-168701db817b": geometry=(528,464)-(528,639.36)
2026-05-26 01:23:50.896 +02:00 [WRN] DrawWindowLightEffect: early return - shader is null
2026-05-26 01:23:50.896 +02:00 [INF] DrawWindowLightEffects() beam "6b7d8043-ed03-4400-b93f-168701db817b": DrawWindowLightEffect returned false
2026-05-26 01:23:50.896 +02:00 [INF] Map "d5c08240-0436-454a-8993-362abf5bc477": window light drew 1/1 beam(s), skipped 0
2026-05-26 01:23:50.941 +02:00 [WRN] DrawWindowLightEffect: early return - shader is null
2026-05-26 01:23:50.941 +02:00 [INF] DrawWindowLightEffects() called for map "d5c08240-0436-454a-8993-362abf5bc477": Renderer=false, Beams=1
2026-05-26 01:23:50.941 +02:00 [INF] DrawWindowLightEffects() beam "6b7d8043-ed03-4400-b93f-168701db817b": sourceMask=true, opacity=1
2026-05-26 01:23:50.942 +02:00 [INF] DrawWindowLightEffects() beam "6b7d8043-ed03-4400-b93f-168701db817b": geometry=(528,464)-(528,639.36)
2026-05-26 01:23:50.942 +02:00 [WRN] DrawWindowLightEffect: early return - shader is null
2026-05-26 01:23:50.942 +02:00 [INF] DrawWindowLightEffects() beam "6b7d8043-ed03-4400-b93f-168701db817b": DrawWindowLightEffect returned false
2026-05-26 01:23:50.942 +02:00 [INF] Map "d5c08240-0436-454a-8993-362abf5bc477": window light drew 1/1 beam(s), skipped 0
2026-05-26 01:23:50.988 +02:00 [WRN] DrawWindowLightEffect: early return - shader is null
2026-05-26 01:23:50.988 +02:00 [INF] DrawWindowLightEffects() called for map "d5c08240-0436-454a-8993-362abf5bc477": Renderer=false, Beams=1
2026-05-26 01:23:50.988 +02:00 [INF] DrawWindowLightEffects() beam "6b7d8043-ed03-4400-b93f-168701db817b": sourceMask=true, opacity=1
2026-05-26 01:23:50.990 +02:00 [INF] DrawWindowLightEffects() beam "6b7d8043-ed03-4400-b93f-168701db817b": geometry=(528,464)-(528,639.36)
2026-05-26 01:23:50.990 +02:00 [WRN] DrawWindowLightEffect: early return - shader is null
2026-05-26 01:23:50.990 +02:00 [INF] DrawWindowLightEffects() beam "6b7d8043-ed03-4400-b93f-168701db817b": DrawWindowLightEffect returned false
2026-05-26 01:23:50.990 +02:00 [INF] Map "d5c08240-0436-454a-8993-362abf5bc477": window light drew 1/1 beam(s), skipped 0
2026-05-26 01:23:51.035 +02:00 [WRN] DrawWindowLightEffect: early return - shader is null
2026-05-26 01:23:51.035 +02:00 [INF] DrawWindowLightEffects() called for map "d5c08240-0436-454a-8993-362abf5bc477": Renderer=false, Beams=1
2026-05-26 01:23:51.035 +02:00 [INF] DrawWindowLightEffects() beam "6b7d8043-ed03-4400-b93f-168701db817b": sourceMask=true, opacity=1
2026-05-26 01:23:51.037 +02:00 [INF] DrawWindowLightEffects() beam "6b7d8043-ed03-4400-b93f-168701db817b": geometry=(528,464)-(528,639.36)
2026-05-26 01:23:51.037 +02:00 [WRN] DrawWindowLightEffect: early return - shader is null
2026-05-26 01:23:51.037 +02:00 [INF] DrawWindowLightEffects() beam "6b7d8043-ed03-4400-b93f-168701db817b": DrawWindowLightEffect returned false
2026-05-26 01:23:51.037 +02:00 [INF] Map "d5c08240-0436-454a-8993-362abf5bc477": window light drew 1/1 beam(s), skipped 0
2026-05-26 01:23:51.082 +02:00 [WRN] DrawWindowLightEffect: early return - shader is null
2026-05-26 01:23:51.082 +02:00 [INF] DrawWindowLightEffects() called for map "d5c08240-0436-454a-8993-362abf5bc477": Renderer=false, Beams=1
2026-05-26 01:23:51.082 +02:00 [INF] DrawWindowLightEffects() beam "6b7d8043-ed03-4400-b93f-168701db817b": sourceMask=true, opacity=1
2026-05-26 01:23:51.083 +02:00 [INF] DrawWindowLightEffects() beam "6b7d8043-ed03-4400-b93f-168701db817b": geometry=(528,464)-(528,639.36)
2026-05-26 01:23:51.083 +02:00 [WRN] DrawWindowLightEffect: early return - shader is null
2026-05-26 01:23:51.083 +02:00 [INF] DrawWindowLightEffects() beam "6b7d8043-ed03-4400-b93f-168701db817b": DrawWindowLightEffect returned false
2026-05-26 01:23:51.083 +02:00 [INF] Map "d5c08240-0436-454a-8993-362abf5bc477": window light drew 1/1 beam(s), skipped 0
2026-05-26 01:23:51.129 +02:00 [WRN] DrawWindowLightEffect: early return - shader is null
2026-05-26 01:23:51.129 +02:00 [INF] DrawWindowLightEffects() called for map "d5c08240-0436-454a-8993-362abf5bc477": Renderer=false, Beams=1
2026-05-26 01:23:51.129 +02:00 [INF] DrawWindowLightEffects() beam "6b7d8043-ed03-4400-b93f-168701db817b": sourceMask=true, opacity=1
2026-05-26 01:23:51.130 +02:00 [INF] DrawWindowLightEffects() beam "6b7d8043-ed03-4400-b93f-168701db817b": geometry=(528,464)-(528,639.36)
2026-05-26 01:23:51.130 +02:00 [WRN] DrawWindowLightEffect: early return - shader is null
2026-05-26 01:23:51.130 +02:00 [INF] DrawWindowLightEffects() beam "6b7d8043-ed03-4400-b93f-168701db817b": DrawWindowLightEffect returned false
2026-05-26 01:23:51.130 +02:00 [INF] Map "d5c08240-0436-454a-8993-362abf5bc477": window light drew 1/1 beam(s), skipped 0
2026-05-26 01:23:51.177 +02:00 [WRN] DrawWindowLightEffect: early return - shader is null
2026-05-26 01:23:51.177 +02:00 [INF] DrawWindowLightEffects() called for map "d5c08240-0436-454a-8993-362abf5bc477": Renderer=false, Beams=1
2026-05-26 01:23:51.177 +02:00 [INF] DrawWindowLightEffects() beam "6b7d8043-ed03-4400-b93f-168701db817b": sourceMask=true, opacity=1
2026-05-26 01:23:51.178 +02:00 [INF] DrawWindowLightEffects() beam "6b7d8043-ed03-4400-b93f-168701db817b": geometry=(528,464)-(528,639.36)
2026-05-26 01:23:51.178 +02:00 [WRN] DrawWindowLightEffect: early return - shader is null
2026-05-26 01:23:51.178 +02:00 [INF] DrawWindowLightEffects() beam "6b7d8043-ed03-4400-b93f-168701db817b": DrawWindowLightEffect returned false
2026-05-26 01:23:51.178 +02:00 [INF] Map "d5c08240-0436-454a-8993-362abf5bc477": window light drew 1/1 beam(s), skipped 0
2026-05-26 01:23:51.223 +02:00 [WRN] DrawWindowLightEffect: early return - shader is null
2026-05-26 01:23:51.223 +02:00 [INF] DrawWindowLightEffects() called for map "d5c08240-0436-454a-8993-362abf5bc477": Renderer=false, Beams=1
2026-05-26 01:23:51.223 +02:00 [INF] DrawWindowLightEffects() beam "6b7d8043-ed03-4400-b93f-168701db817b": sourceMask=true, opacity=1
2026-05-26 01:23:51.225 +02:00 [INF] DrawWindowLightEffects() beam "6b7d8043-ed03-4400-b93f-168701db817b": geometry=(528,464)-(528,639.36)
2026-05-26 01:23:51.225 +02:00 [WRN] DrawWindowLightEffect: early return - shader is null
2026-05-26 01:23:51.225 +02:00 [INF] DrawWindowLightEffects() beam "6b7d8043-ed03-4400-b93f-168701db817b": DrawWindowLightEffect returned false
2026-05-26 01:23:51.225 +02:00 [INF] Map "d5c08240-0436-454a-8993-362abf5bc477": window light drew 1/1 beam(s), skipped 0
2026-05-26 01:23:51.270 +02:00 [WRN] DrawWindowLightEffect: early return - shader is null
2026-05-26 01:23:51.270 +02:00 [INF] DrawWindowLightEffects() called for map "d5c08240-0436-454a-8993-362abf5bc477": Renderer=false, Beams=1
2026-05-26 01:23:51.270 +02:00 [INF] DrawWindowLightEffects() beam "6b7d8043-ed03-4400-b93f-168701db817b": sourceMask=true, opacity=1
2026-05-26 01:23:51.271 +02:00 [INF] DrawWindowLightEffects() beam "6b7d8043-ed03-4400-b93f-168701db817b": geometry=(528,464)-(528,639.36)
2026-05-26 01:23:51.271 +02:00 [WRN] DrawWindowLightEffect: early return - shader is null
2026-05-26 01:23:51.271 +02:00 [INF] DrawWindowLightEffects() beam "6b7d8043-ed03-4400-b93f-168701db817b": DrawWindowLightEffect returned false
2026-05-26 01:23:51.271 +02:00 [INF] Map "d5c08240-0436-454a-8993-362abf5bc477": window light drew 1/1 beam(s), skipped 0
2026-05-26 01:23:51.318 +02:00 [WRN] DrawWindowLightEffect: early return - shader is null
2026-05-26 01:23:51.318 +02:00 [INF] DrawWindowLightEffects() called for map "d5c08240-0436-454a-8993-362abf5bc477": Renderer=false, Beams=1
2026-05-26 01:23:51.318 +02:00 [INF] DrawWindowLightEffects() beam "6b7d8043-ed03-4400-b93f-168701db817b": sourceMask=true, opacity=1
2026-05-26 01:23:51.319 +02:00 [INF] DrawWindowLightEffects() beam "6b7d8043-ed03-4400-b93f-168701db817b": geometry=(528,464)-(528,639.36)
2026-05-26 01:23:51.319 +02:00 [WRN] DrawWindowLightEffect: early return - shader is null
2026-05-26 01:23:51.319 +02:00 [INF] DrawWindowLightEffects() beam "6b7d8043-ed03-4400-b93f-168701db817b": DrawWindowLightEffect returned false
2026-05-26 01:23:51.319 +02:00 [INF] Map "d5c08240-0436-454a-8993-362abf5bc477": window light drew 1/1 beam(s), skipped 0
2026-05-26 01:23:51.364 +02:00 [WRN] DrawWindowLightEffect: early return - shader is null
2026-05-26 01:23:51.364 +02:00 [INF] DrawWindowLightEffects() called for map "d5c08240-0436-454a-8993-362abf5bc477": Renderer=false, Beams=1
2026-05-26 01:23:51.364 +02:00 [INF] DrawWindowLightEffects() beam "6b7d8043-ed03-4400-b93f-168701db817b": sourceMask=true, opacity=1
2026-05-26 01:23:51.365 +02:00 [INF] DrawWindowLightEffects() beam "6b7d8043-ed03-4400-b93f-168701db817b": geometry=(528,464)-(528,639.36)
2026-05-26 01:23:51.365 +02:00 [WRN] DrawWindowLightEffect: early return - shader is null
2026-05-26 01:23:51.365 +02:00 [INF] DrawWindowLightEffects() beam "6b7d8043-ed03-4400-b93f-168701db817b": DrawWindowLightEffect returned false
2026-05-26 01:23:51.365 +02:00 [INF] Map "d5c08240-0436-454a-8993-362abf5bc477": window light drew 1/1 beam(s), skipped 0
2026-05-26 01:23:51.411 +02:00 [WRN] DrawWindowLightEffect: early return - shader is null
2026-05-26 01:23:51.411 +02:00 [INF] DrawWindowLightEffects() called for map "d5c08240-0436-454a-8993-362abf5bc477": Renderer=false, Beams=1
2026-05-26 01:23:51.411 +02:00 [INF] DrawWindowLightEffects() beam "6b7d8043-ed03-4400-b93f-168701db817b": sourceMask=true, opacity=1
2026-05-26 01:23:51.412 +02:00 [INF] DrawWindowLightEffects() beam "6b7d8043-ed03-4400-b93f-168701db817b": geometry=(528,464)-(528,639.36)
2026-05-26 01:23:51.412 +02:00 [WRN] DrawWindowLightEffect: early return - shader is null
2026-05-26 01:23:51.412 +02:00 [INF] DrawWindowLightEffects() beam "6b7d8043-ed03-4400-b93f-168701db817b": DrawWindowLightEffect returned false
2026-05-26 01:23:51.412 +02:00 [INF] Map "d5c08240-0436-454a-8993-362abf5bc477": window light drew 1/1 beam(s), skipped 0
2026-05-26 01:23:51.458 +02:00 [WRN] DrawWindowLightEffect: early return - shader is null
2026-05-26 01:23:51.458 +02:00 [INF] DrawWindowLightEffects() called for map "d5c08240-0436-454a-8993-362abf5bc477": Renderer=false, Beams=1
2026-05-26 01:23:51.458 +02:00 [INF] DrawWindowLightEffects() beam "6b7d8043-ed03-4400-b93f-168701db817b": sourceMask=true, opacity=1
2026-05-26 01:23:51.460 +02:00 [INF] DrawWindowLightEffects() beam "6b7d8043-ed03-4400-b93f-168701db817b": geometry=(528,464)-(528,639.36)
2026-05-26 01:23:51.460 +02:00 [WRN] DrawWindowLightEffect: early return - shader is null
2026-05-26 01:23:51.460 +02:00 [INF] DrawWindowLightEffects() beam "6b7d8043-ed03-4400-b93f-168701db817b": DrawWindowLightEffect returned false
2026-05-26 01:23:51.460 +02:00 [INF] Map "d5c08240-0436-454a-8993-362abf5bc477": window light drew 1/1 beam(s), skipped 0
2026-05-26 01:23:51.506 +02:00 [WRN] DrawWindowLightEffect: early return - shader is null
2026-05-26 01:23:51.506 +02:00 [INF] DrawWindowLightEffects() called for map "d5c08240-0436-454a-8993-362abf5bc477": Renderer=false, Beams=1
2026-05-26 01:23:51.506 +02:00 [INF] DrawWindowLightEffects() beam "6b7d8043-ed03-4400-b93f-168701db817b": sourceMask=true, opacity=1
2026-05-26 01:23:51.507 +02:00 [INF] DrawWindowLightEffects() beam "6b7d8043-ed03-4400-b93f-168701db817b": geometry=(528,464)-(528,639.36)
2026-05-26 01:23:51.507 +02:00 [WRN] DrawWindowLightEffect: early return - shader is null
2026-05-26 01:23:51.507 +02:00 [INF] DrawWindowLightEffects() beam "6b7d8043-ed03-4400-b93f-168701db817b": DrawWindowLightEffect returned false
2026-05-26 01:23:51.507 +02:00 [INF] Map "d5c08240-0436-454a-8993-362abf5bc477": window light drew 1/1 beam(s), skipped 0
2026-05-26 01:23:51.553 +02:00 [WRN] DrawWindowLightEffect: early return - shader is null
2026-05-26 01:23:51.553 +02:00 [INF] DrawWindowLightEffects() called for map "d5c08240-0436-454a-8993-362abf5bc477": Renderer=false, Beams=1
2026-05-26 01:23:51.553 +02:00 [INF] DrawWindowLightEffects() beam "6b7d8043-ed03-4400-b93f-168701db817b": sourceMask=true, opacity=1
2026-05-26 01:23:51.554 +02:00 [INF] DrawWindowLightEffects() beam "6b7d8043-ed03-4400-b93f-168701db817b": geometry=(528,464)-(528,639.36)
2026-05-26 01:23:51.554 +02:00 [WRN] DrawWindowLightEffect: early return - shader is null
2026-05-26 01:23:51.554 +02:00 [INF] DrawWindowLightEffects() beam "6b7d8043-ed03-4400-b93f-168701db817b": DrawWindowLightEffect returned false
2026-05-26 01:23:51.554 +02:00 [INF] Map "d5c08240-0436-454a-8993-362abf5bc477": window light drew 1/1 beam(s), skipped 0
2026-05-26 01:23:51.599 +02:00 [WRN] DrawWindowLightEffect: early return - shader is null
2026-05-26 01:23:51.599 +02:00 [INF] DrawWindowLightEffects() called for map "d5c08240-0436-454a-8993-362abf5bc477": Renderer=false, Beams=1
2026-05-26 01:23:51.599 +02:00 [INF] DrawWindowLightEffects() beam "6b7d8043-ed03-4400-b93f-168701db817b": sourceMask=true, opacity=1
2026-05-26 01:23:51.601 +02:00 [INF] DrawWindowLightEffects() beam "6b7d8043-ed03-4400-b93f-168701db817b": geometry=(528,464)-(528,639.36)
2026-05-26 01:23:51.601 +02:00 [WRN] DrawWindowLightEffect: early return - shader is null
2026-05-26 01:23:51.601 +02:00 [INF] DrawWindowLightEffects() beam "6b7d8043-ed03-4400-b93f-168701db817b": DrawWindowLightEffect returned false
2026-05-26 01:23:51.601 +02:00 [INF] Map "d5c08240-0436-454a-8993-362abf5bc477": window light drew 1/1 beam(s), skipped 0
2026-05-26 01:23:51.647 +02:00 [WRN] DrawWindowLightEffect: early return - shader is null
2026-05-26 01:23:51.647 +02:00 [INF] DrawWindowLightEffects() called for map "d5c08240-0436-454a-8993-362abf5bc477": Renderer=false, Beams=1
2026-05-26 01:23:51.647 +02:00 [INF] DrawWindowLightEffects() beam "6b7d8043-ed03-4400-b93f-168701db817b": sourceMask=true, opacity=1
2026-05-26 01:23:51.648 +02:00 [INF] DrawWindowLightEffects() beam "6b7d8043-ed03-4400-b93f-168701db817b": geometry=(528,464)-(528,639.36)
2026-05-26 01:23:51.648 +02:00 [WRN] DrawWindowLightEffect: early return - shader is null
2026-05-26 01:23:51.648 +02:00 [INF] DrawWindowLightEffects() beam "6b7d8043-ed03-4400-b93f-168701db817b": DrawWindowLightEffect returned false
2026-05-26 01:23:51.648 +02:00 [INF] Map "d5c08240-0436-454a-8993-362abf5bc477": window light drew 1/1 beam(s), skipped 0
2026-05-26 01:23:51.694 +02:00 [WRN] DrawWindowLightEffect: early return - shader is null
2026-05-26 01:23:51.694 +02:00 [INF] DrawWindowLightEffects() called for map "d5c08240-0436-454a-8993-362abf5bc477": Renderer=false, Beams=1
2026-05-26 01:23:51.694 +02:00 [INF] DrawWindowLightEffects() beam "6b7d8043-ed03-4400-b93f-168701db817b": sourceMask=true, opacity=1
2026-05-26 01:23:51.695 +02:00 [INF] DrawWindowLightEffects() beam "6b7d8043-ed03-4400-b93f-168701db817b": geometry=(528,464)-(528,639.36)
2026-05-26 01:23:51.695 +02:00 [WRN] DrawWindowLightEffect: early return - shader is null
2026-05-26 01:23:51.695 +02:00 [INF] DrawWindowLightEffects() beam "6b7d8043-ed03-4400-b93f-168701db817b": DrawWindowLightEffect returned false
2026-05-26 01:23:51.695 +02:00 [INF] Map "d5c08240-0436-454a-8993-362abf5bc477": window light drew 1/1 beam(s), skipped 0
2026-05-26 01:23:51.740 +02:00 [WRN] DrawWindowLightEffect: early return - shader is null
2026-05-26 01:23:51.740 +02:00 [INF] DrawWindowLightEffects() called for map "d5c08240-0436-454a-8993-362abf5bc477": Renderer=false, Beams=1
2026-05-26 01:23:51.740 +02:00 [INF] DrawWindowLightEffects() beam "6b7d8043-ed03-4400-b93f-168701db817b": sourceMask=true, opacity=1
2026-05-26 01:23:51.741 +02:00 [INF] DrawWindowLightEffects() beam "6b7d8043-ed03-4400-b93f-168701db817b": geometry=(528,464)-(528,639.36)
2026-05-26 01:23:51.741 +02:00 [WRN] DrawWindowLightEffect: early return - shader is null
2026-05-26 01:23:51.741 +02:00 [INF] DrawWindowLightEffects() beam "6b7d8043-ed03-4400-b93f-168701db817b": DrawWindowLightEffect returned false
2026-05-26 01:23:51.741 +02:00 [INF] Map "d5c08240-0436-454a-8993-362abf5bc477": window light drew 1/1 beam(s), skipped 0
2026-05-26 01:23:51.787 +02:00 [WRN] DrawWindowLightEffect: early return - shader is null
2026-05-26 01:23:51.787 +02:00 [INF] DrawWindowLightEffects() called for map "d5c08240-0436-454a-8993-362abf5bc477": Renderer=false, Beams=1
2026-05-26 01:23:51.787 +02:00 [INF] DrawWindowLightEffects() beam "6b7d8043-ed03-4400-b93f-168701db817b": sourceMask=true, opacity=1
2026-05-26 01:23:51.788 +02:00 [INF] DrawWindowLightEffects() beam "6b7d8043-ed03-4400-b93f-168701db817b": geometry=(528,464)-(528,639.36)
2026-05-26 01:23:51.788 +02:00 [WRN] DrawWindowLightEffect: early return - shader is null
2026-05-26 01:23:51.788 +02:00 [INF] DrawWindowLightEffects() beam "6b7d8043-ed03-4400-b93f-168701db817b": DrawWindowLightEffect returned false
2026-05-26 01:23:51.788 +02:00 [INF] Map "d5c08240-0436-454a-8993-362abf5bc477": window light drew 1/1 beam(s), skipped 0
2026-05-26 01:23:51.834 +02:00 [WRN] DrawWindowLightEffect: early return - shader is null
2026-05-26 01:23:51.834 +02:00 [INF] DrawWindowLightEffects() called for map "d5c08240-0436-454a-8993-362abf5bc477": Renderer=false, Beams=1
2026-05-26 01:23:51.834 +02:00 [INF] DrawWindowLightEffects() beam "6b7d8043-ed03-4400-b93f-168701db817b": sourceMask=true, opacity=1
2026-05-26 01:23:51.835 +02:00 [INF] DrawWindowLightEffects() beam "6b7d8043-ed03-4400-b93f-168701db817b": geometry=(528,464)-(528,639.36)
2026-05-26 01:23:51.835 +02:00 [WRN] DrawWindowLightEffect: early return - shader is null
2026-05-26 01:23:51.835 +02:00 [INF] DrawWindowLightEffects() beam "6b7d8043-ed03-4400-b93f-168701db817b": DrawWindowLightEffect returned false
2026-05-26 01:23:51.835 +02:00 [INF] Map "d5c08240-0436-454a-8993-362abf5bc477": window light drew 1/1 beam(s), skipped 0
2026-05-26 01:23:51.880 +02:00 [WRN] DrawWindowLightEffect: early return - shader is null
2026-05-26 01:23:51.880 +02:00 [INF] DrawWindowLightEffects() called for map "d5c08240-0436-454a-8993-362abf5bc477": Renderer=false, Beams=1
2026-05-26 01:23:51.880 +02:00 [INF] DrawWindowLightEffects() beam "6b7d8043-ed03-4400-b93f-168701db817b": sourceMask=true, opacity=1
2026-05-26 01:23:51.882 +02:00 [INF] DrawWindowLightEffects() beam "6b7d8043-ed03-4400-b93f-168701db817b": geometry=(528,464)-(528,639.36)
2026-05-26 01:23:51.882 +02:00 [WRN] DrawWindowLightEffect: early return - shader is null
2026-05-26 01:23:51.882 +02:00 [INF] DrawWindowLightEffects() beam "6b7d8043-ed03-4400-b93f-168701db817b": DrawWindowLightEffect returned false
2026-05-26 01:23:51.882 +02:00 [INF] Map "d5c08240-0436-454a-8993-362abf5bc477": window light drew 1/1 beam(s), skipped 0
2026-05-26 01:23:51.927 +02:00 [WRN] DrawWindowLightEffect: early return - shader is null
2026-05-26 01:23:51.927 +02:00 [INF] DrawWindowLightEffects() called for map "d5c08240-0436-454a-8993-362abf5bc477": Renderer=false, Beams=1
2026-05-26 01:23:51.927 +02:00 [INF] DrawWindowLightEffects() beam "6b7d8043-ed03-4400-b93f-168701db817b": sourceMask=true, opacity=1
2026-05-26 01:23:51.928 +02:00 [INF] DrawWindowLightEffects() beam "6b7d8043-ed03-4400-b93f-168701db817b": geometry=(528,464)-(528,639.36)
2026-05-26 01:23:51.928 +02:00 [WRN] DrawWindowLightEffect: early return - shader is null
2026-05-26 01:23:51.928 +02:00 [INF] DrawWindowLightEffects() beam "6b7d8043-ed03-4400-b93f-168701db817b": DrawWindowLightEffect returned false
2026-05-26 01:23:51.928 +02:00 [INF] Map "d5c08240-0436-454a-8993-362abf5bc477": window light drew 1/1 beam(s), skipped 0
2026-05-26 01:23:51.975 +02:00 [WRN] DrawWindowLightEffect: early return - shader is null
2026-05-26 01:23:51.975 +02:00 [INF] DrawWindowLightEffects() called for map "d5c08240-0436-454a-8993-362abf5bc477": Renderer=false, Beams=1
2026-05-26 01:23:51.975 +02:00 [INF] DrawWindowLightEffects() beam "6b7d8043-ed03-4400-b93f-168701db817b": sourceMask=true, opacity=1
2026-05-26 01:23:51.976 +02:00 [INF] DrawWindowLightEffects() beam "6b7d8043-ed03-4400-b93f-168701db817b": geometry=(528,464)-(528,639.36)
2026-05-26 01:23:51.976 +02:00 [WRN] DrawWindowLightEffect: early return - shader is null
2026-05-26 01:23:51.976 +02:00 [INF] DrawWindowLightEffects() beam "6b7d8043-ed03-4400-b93f-168701db817b": DrawWindowLightEffect returned false
2026-05-26 01:23:51.976 +02:00 [INF] Map "d5c08240-0436-454a-8993-362abf5bc477": window light drew 1/1 beam(s), skipped 0
2026-05-26 01:23:52.022 +02:00 [WRN] DrawWindowLightEffect: early return - shader is null
2026-05-26 01:23:52.022 +02:00 [INF] DrawWindowLightEffects() called for map "d5c08240-0436-454a-8993-362abf5bc477": Renderer=false, Beams=1
2026-05-26 01:23:52.022 +02:00 [INF] DrawWindowLightEffects() beam "6b7d8043-ed03-4400-b93f-168701db817b": sourceMask=true, opacity=1
2026-05-26 01:23:52.023 +02:00 [INF] DrawWindowLightEffects() beam "6b7d8043-ed03-4400-b93f-168701db817b": geometry=(528,464)-(528,639.36)
2026-05-26 01:23:52.023 +02:00 [WRN] DrawWindowLightEffect: early return - shader is null
2026-05-26 01:23:52.023 +02:00 [INF] DrawWindowLightEffects() beam "6b7d8043-ed03-4400-b93f-168701db817b": DrawWindowLightEffect returned false
2026-05-26 01:23:52.023 +02:00 [INF] Map "d5c08240-0436-454a-8993-362abf5bc477": window light drew 1/1 beam(s), skipped 0
2026-05-26 01:23:52.069 +02:00 [WRN] DrawWindowLightEffect: early return - shader is null
2026-05-26 01:23:52.069 +02:00 [INF] DrawWindowLightEffects() called for map "d5c08240-0436-454a-8993-362abf5bc477": Renderer=false, Beams=1
2026-05-26 01:23:52.069 +02:00 [INF] DrawWindowLightEffects() beam "6b7d8043-ed03-4400-b93f-168701db817b": sourceMask=true, opacity=1
2026-05-26 01:23:52.070 +02:00 [INF] DrawWindowLightEffects() beam "6b7d8043-ed03-4400-b93f-168701db817b": geometry=(528,464)-(528,639.36)
2026-05-26 01:23:52.070 +02:00 [WRN] DrawWindowLightEffect: early return - shader is null
2026-05-26 01:23:52.070 +02:00 [INF] DrawWindowLightEffects() beam "6b7d8043-ed03-4400-b93f-168701db817b": DrawWindowLightEffect returned false
2026-05-26 01:23:52.070 +02:00 [INF] Map "d5c08240-0436-454a-8993-362abf5bc477": window light drew 1/1 beam(s), skipped 0
2026-05-26 01:23:52.115 +02:00 [WRN] DrawWindowLightEffect: early return - shader is null
2026-05-26 01:23:52.115 +02:00 [INF] DrawWindowLightEffects() called for map "d5c08240-0436-454a-8993-362abf5bc477": Renderer=false, Beams=1
2026-05-26 01:23:52.115 +02:00 [INF] DrawWindowLightEffects() beam "6b7d8043-ed03-4400-b93f-168701db817b": sourceMask=true, opacity=1
2026-05-26 01:23:52.117 +02:00 [INF] DrawWindowLightEffects() beam "6b7d8043-ed03-4400-b93f-168701db817b": geometry=(528,464)-(528,639.36)
2026-05-26 01:23:52.117 +02:00 [WRN] DrawWindowLightEffect: early return - shader is null
2026-05-26 01:23:52.117 +02:00 [INF] DrawWindowLightEffects() beam "6b7d8043-ed03-4400-b93f-168701db817b": DrawWindowLightEffect returned false
2026-05-26 01:23:52.117 +02:00 [INF] Map "d5c08240-0436-454a-8993-362abf5bc477": window light drew 1/1 beam(s), skipped 0
2026-05-26 01:23:52.162 +02:00 [WRN] DrawWindowLightEffect: early return - shader is null
2026-05-26 01:23:52.163 +02:00 [INF] DrawWindowLightEffects() called for map "d5c08240-0436-454a-8993-362abf5bc477": Renderer=false, Beams=1
2026-05-26 01:23:52.163 +02:00 [INF] DrawWindowLightEffects() beam "6b7d8043-ed03-4400-b93f-168701db817b": sourceMask=true, opacity=1
2026-05-26 01:23:52.164 +02:00 [INF] DrawWindowLightEffects() beam "6b7d8043-ed03-4400-b93f-168701db817b": geometry=(528,464)-(528,639.36)
2026-05-26 01:23:52.164 +02:00 [WRN] DrawWindowLightEffect: early return - shader is null
2026-05-26 01:23:52.164 +02:00 [INF] DrawWindowLightEffects() beam "6b7d8043-ed03-4400-b93f-168701db817b": DrawWindowLightEffect returned false
2026-05-26 01:23:52.164 +02:00 [INF] Map "d5c08240-0436-454a-8993-362abf5bc477": window light drew 1/1 beam(s), skipped 0
2026-05-26 01:23:52.209 +02:00 [WRN] DrawWindowLightEffect: early return - shader is null
2026-05-26 01:23:52.209 +02:00 [INF] DrawWindowLightEffects() called for map "d5c08240-0436-454a-8993-362abf5bc477": Renderer=false, Beams=1
2026-05-26 01:23:52.209 +02:00 [INF] DrawWindowLightEffects() beam "6b7d8043-ed03-4400-b93f-168701db817b": sourceMask=true, opacity=1
2026-05-26 01:23:52.210 +02:00 [INF] DrawWindowLightEffects() beam "6b7d8043-ed03-4400-b93f-168701db817b": geometry=(528,464)-(528,639.36)
2026-05-26 01:23:52.210 +02:00 [WRN] DrawWindowLightEffect: early return - shader is null
2026-05-26 01:23:52.210 +02:00 [INF] DrawWindowLightEffects() beam "6b7d8043-ed03-4400-b93f-168701db817b": DrawWindowLightEffect returned false
2026-05-26 01:23:52.210 +02:00 [INF] Map "d5c08240-0436-454a-8993-362abf5bc477": window light drew 1/1 beam(s), skipped 0
2026-05-26 01:23:52.255 +02:00 [WRN] DrawWindowLightEffect: early return - shader is null
2026-05-26 01:23:52.255 +02:00 [INF] DrawWindowLightEffects() called for map "d5c08240-0436-454a-8993-362abf5bc477": Renderer=false, Beams=1
2026-05-26 01:23:52.255 +02:00 [INF] DrawWindowLightEffects() beam "6b7d8043-ed03-4400-b93f-168701db817b": sourceMask=true, opacity=1
2026-05-26 01:23:52.257 +02:00 [INF] DrawWindowLightEffects() beam "6b7d8043-ed03-4400-b93f-168701db817b": geometry=(528,464)-(528,639.36)
2026-05-26 01:23:52.257 +02:00 [WRN] DrawWindowLightEffect: early return - shader is null
2026-05-26 01:23:52.257 +02:00 [INF] DrawWindowLightEffects() beam "6b7d8043-ed03-4400-b93f-168701db817b": DrawWindowLightEffect returned false
2026-05-26 01:23:52.257 +02:00 [INF] Map "d5c08240-0436-454a-8993-362abf5bc477": window light drew 1/1 beam(s), skipped 0
2026-05-26 01:23:52.303 +02:00 [WRN] DrawWindowLightEffect: early return - shader is null
2026-05-26 01:23:52.303 +02:00 [INF] DrawWindowLightEffects() called for map "d5c08240-0436-454a-8993-362abf5bc477": Renderer=false, Beams=1
2026-05-26 01:23:52.303 +02:00 [INF] DrawWindowLightEffects() beam "6b7d8043-ed03-4400-b93f-168701db817b": sourceMask=true, opacity=1
2026-05-26 01:23:52.304 +02:00 [INF] DrawWindowLightEffects() beam "6b7d8043-ed03-4400-b93f-168701db817b": geometry=(528,464)-(528,639.36)
2026-05-26 01:23:52.304 +02:00 [WRN] DrawWindowLightEffect: early return - shader is null
2026-05-26 01:23:52.304 +02:00 [INF] DrawWindowLightEffects() beam "6b7d8043-ed03-4400-b93f-168701db817b": DrawWindowLightEffect returned false
2026-05-26 01:23:52.304 +02:00 [INF] Map "d5c08240-0436-454a-8993-362abf5bc477": window light drew 1/1 beam(s), skipped 0
2026-05-26 01:23:52.350 +02:00 [WRN] DrawWindowLightEffect: early return - shader is null
2026-05-26 01:23:52.350 +02:00 [INF] DrawWindowLightEffects() called for map "d5c08240-0436-454a-8993-362abf5bc477": Renderer=false, Beams=1
2026-05-26 01:23:52.350 +02:00 [INF] DrawWindowLightEffects() beam "6b7d8043-ed03-4400-b93f-168701db817b": sourceMask=true, opacity=1
2026-05-26 01:23:52.351 +02:00 [INF] DrawWindowLightEffects() beam "6b7d8043-ed03-4400-b93f-168701db817b": geometry=(528,464)-(528,639.36)
2026-05-26 01:23:52.351 +02:00 [WRN] DrawWindowLightEffect: early return - shader is null
2026-05-26 01:23:52.351 +02:00 [INF] DrawWindowLightEffects() beam "6b7d8043-ed03-4400-b93f-168701db817b": DrawWindowLightEffect returned false
2026-05-26 01:23:52.351 +02:00 [INF] Map "d5c08240-0436-454a-8993-362abf5bc477": window light drew 1/1 beam(s), skipped 0
2026-05-26 01:23:52.397 +02:00 [WRN] DrawWindowLightEffect: early return - shader is null
2026-05-26 01:23:52.397 +02:00 [INF] DrawWindowLightEffects() called for map "d5c08240-0436-454a-8993-362abf5bc477": Renderer=false, Beams=1
2026-05-26 01:23:52.397 +02:00 [INF] DrawWindowLightEffects() beam "6b7d8043-ed03-4400-b93f-168701db817b": sourceMask=true, opacity=1
2026-05-26 01:23:52.398 +02:00 [INF] DrawWindowLightEffects() beam "6b7d8043-ed03-4400-b93f-168701db817b": geometry=(528,464)-(528,639.36)
2026-05-26 01:23:52.398 +02:00 [WRN] DrawWindowLightEffect: early return - shader is null
2026-05-26 01:23:52.398 +02:00 [INF] DrawWindowLightEffects() beam "6b7d8043-ed03-4400-b93f-168701db817b": DrawWindowLightEffect returned false
2026-05-26 01:23:52.398 +02:00 [INF] Map "d5c08240-0436-454a-8993-362abf5bc477": window light drew 1/1 beam(s), skipped 0
2026-05-26 01:23:52.444 +02:00 [WRN] DrawWindowLightEffect: early return - shader is null
2026-05-26 01:23:52.444 +02:00 [INF] DrawWindowLightEffects() called for map "d5c08240-0436-454a-8993-362abf5bc477": Renderer=false, Beams=1
2026-05-26 01:23:52.444 +02:00 [INF] DrawWindowLightEffects() beam "6b7d8043-ed03-4400-b93f-168701db817b": sourceMask=true, opacity=1
2026-05-26 01:23:52.445 +02:00 [INF] DrawWindowLightEffects() beam "6b7d8043-ed03-4400-b93f-168701db817b": geometry=(528,464)-(528,639.36)
2026-05-26 01:23:52.445 +02:00 [WRN] DrawWindowLightEffect: early return - shader is null
2026-05-26 01:23:52.445 +02:00 [INF] DrawWindowLightEffects() beam "6b7d8043-ed03-4400-b93f-168701db817b": DrawWindowLightEffect returned false
2026-05-26 01:23:52.445 +02:00 [INF] Map "d5c08240-0436-454a-8993-362abf5bc477": window light drew 1/1 beam(s), skipped 0
2026-05-26 01:23:52.491 +02:00 [WRN] DrawWindowLightEffect: early return - shader is null
2026-05-26 01:23:52.491 +02:00 [INF] DrawWindowLightEffects() called for map "d5c08240-0436-454a-8993-362abf5bc477": Renderer=false, Beams=1
2026-05-26 01:23:52.491 +02:00 [INF] DrawWindowLightEffects() beam "6b7d8043-ed03-4400-b93f-168701db817b": sourceMask=true, opacity=1
2026-05-26 01:23:52.492 +02:00 [INF] DrawWindowLightEffects() beam "6b7d8043-ed03-4400-b93f-168701db817b": geometry=(528,464)-(528,639.36)
2026-05-26 01:23:52.492 +02:00 [WRN] DrawWindowLightEffect: early return - shader is null
2026-05-26 01:23:52.492 +02:00 [INF] DrawWindowLightEffects() beam "6b7d8043-ed03-4400-b93f-168701db817b": DrawWindowLightEffect returned false
2026-05-26 01:23:52.492 +02:00 [INF] Map "d5c08240-0436-454a-8993-362abf5bc477": window light drew 1/1 beam(s), skipped 0
2026-05-26 01:23:52.537 +02:00 [WRN] DrawWindowLightEffect: early return - shader is null
2026-05-26 01:23:52.537 +02:00 [INF] DrawWindowLightEffects() called for map "d5c08240-0436-454a-8993-362abf5bc477": Renderer=false, Beams=1
2026-05-26 01:23:52.537 +02:00 [INF] DrawWindowLightEffects() beam "6b7d8043-ed03-4400-b93f-168701db817b": sourceMask=true, opacity=1
2026-05-26 01:23:52.539 +02:00 [INF] DrawWindowLightEffects() beam "6b7d8043-ed03-4400-b93f-168701db817b": geometry=(528,464)-(528,639.36)
2026-05-26 01:23:52.539 +02:00 [WRN] DrawWindowLightEffect: early return - shader is null
2026-05-26 01:23:52.539 +02:00 [INF] DrawWindowLightEffects() beam "6b7d8043-ed03-4400-b93f-168701db817b": DrawWindowLightEffect returned false
2026-05-26 01:23:52.539 +02:00 [INF] Map "d5c08240-0436-454a-8993-362abf5bc477": window light drew 1/1 beam(s), skipped 0
2026-05-26 01:23:52.584 +02:00 [WRN] DrawWindowLightEffect: early return - shader is null
2026-05-26 01:23:52.584 +02:00 [INF] DrawWindowLightEffects() called for map "d5c08240-0436-454a-8993-362abf5bc477": Renderer=false, Beams=1
2026-05-26 01:23:52.584 +02:00 [INF] DrawWindowLightEffects() beam "6b7d8043-ed03-4400-b93f-168701db817b": sourceMask=true, opacity=1
2026-05-26 01:23:52.586 +02:00 [INF] DrawWindowLightEffects() beam "6b7d8043-ed03-4400-b93f-168701db817b": geometry=(528,464)-(528,639.36)
2026-05-26 01:23:52.586 +02:00 [WRN] DrawWindowLightEffect: early return - shader is null
2026-05-26 01:23:52.586 +02:00 [INF] DrawWindowLightEffects() beam "6b7d8043-ed03-4400-b93f-168701db817b": DrawWindowLightEffect returned false
2026-05-26 01:23:52.586 +02:00 [INF] Map "d5c08240-0436-454a-8993-362abf5bc477": window light drew 1/1 beam(s), skipped 0
2026-05-26 01:23:52.631 +02:00 [WRN] DrawWindowLightEffect: early return - shader is null
2026-05-26 01:23:52.631 +02:00 [INF] DrawWindowLightEffects() called for map "d5c08240-0436-454a-8993-362abf5bc477": Renderer=false, Beams=1
2026-05-26 01:23:52.631 +02:00 [INF] DrawWindowLightEffects() beam "6b7d8043-ed03-4400-b93f-168701db817b": sourceMask=true, opacity=1
2026-05-26 01:23:52.632 +02:00 [INF] DrawWindowLightEffects() beam "6b7d8043-ed03-4400-b93f-168701db817b": geometry=(528,464)-(528,639.36)
2026-05-26 01:23:52.632 +02:00 [WRN] DrawWindowLightEffect: early return - shader is null
2026-05-26 01:23:52.632 +02:00 [INF] DrawWindowLightEffects() beam "6b7d8043-ed03-4400-b93f-168701db817b": DrawWindowLightEffect returned false
2026-05-26 01:23:52.632 +02:00 [INF] Map "d5c08240-0436-454a-8993-362abf5bc477": window light drew 1/1 beam(s), skipped 0
2026-05-26 01:23:52.677 +02:00 [WRN] DrawWindowLightEffect: early return - shader is null
2026-05-26 01:23:52.677 +02:00 [INF] DrawWindowLightEffects() called for map "d5c08240-0436-454a-8993-362abf5bc477": Renderer=false, Beams=1
2026-05-26 01:23:52.677 +02:00 [INF] DrawWindowLightEffects() beam "6b7d8043-ed03-4400-b93f-168701db817b": sourceMask=true, opacity=1
2026-05-26 01:23:52.678 +02:00 [INF] DrawWindowLightEffects() beam "6b7d8043-ed03-4400-b93f-168701db817b": geometry=(528,464)-(528,639.36)
2026-05-26 01:23:52.678 +02:00 [WRN] DrawWindowLightEffect: early return - shader is null
2026-05-26 01:23:52.678 +02:00 [INF] DrawWindowLightEffects() beam "6b7d8043-ed03-4400-b93f-168701db817b": DrawWindowLightEffect returned false
2026-05-26 01:23:52.678 +02:00 [INF] Map "d5c08240-0436-454a-8993-362abf5bc477": window light drew 1/1 beam(s), skipped 0
2026-05-26 01:23:52.724 +02:00 [WRN] DrawWindowLightEffect: early return - shader is null
2026-05-26 01:23:52.724 +02:00 [INF] DrawWindowLightEffects() called for map "d5c08240-0436-454a-8993-362abf5bc477": Renderer=false, Beams=1
2026-05-26 01:23:52.724 +02:00 [INF] DrawWindowLightEffects() beam "6b7d8043-ed03-4400-b93f-168701db817b": sourceMask=true, opacity=1
2026-05-26 01:23:52.725 +02:00 [INF] DrawWindowLightEffects() beam "6b7d8043-ed03-4400-b93f-168701db817b": geometry=(528,464)-(528,639.36)
2026-05-26 01:23:52.725 +02:00 [WRN] DrawWindowLightEffect: early return - shader is null
2026-05-26 01:23:52.725 +02:00 [INF] DrawWindowLightEffects() beam "6b7d8043-ed03-4400-b93f-168701db817b": DrawWindowLightEffect returned false
2026-05-26 01:23:52.725 +02:00 [INF] Map "d5c08240-0436-454a-8993-362abf5bc477": window light drew 1/1 beam(s), skipped 0
2026-05-26 01:23:52.770 +02:00 [WRN] DrawWindowLightEffect: early return - shader is null
2026-05-26 01:23:52.771 +02:00 [INF] DrawWindowLightEffects() called for map "d5c08240-0436-454a-8993-362abf5bc477": Renderer=false, Beams=1
2026-05-26 01:23:52.771 +02:00 [INF] DrawWindowLightEffects() beam "6b7d8043-ed03-4400-b93f-168701db817b": sourceMask=true, opacity=1
2026-05-26 01:23:52.772 +02:00 [INF] DrawWindowLightEffects() beam "6b7d8043-ed03-4400-b93f-168701db817b": geometry=(528,464)-(528,639.36)
2026-05-26 01:23:52.772 +02:00 [WRN] DrawWindowLightEffect: early return - shader is null
2026-05-26 01:23:52.772 +02:00 [INF] DrawWindowLightEffects() beam "6b7d8043-ed03-4400-b93f-168701db817b": DrawWindowLightEffect returned false
2026-05-26 01:23:52.772 +02:00 [INF] Map "d5c08240-0436-454a-8993-362abf5bc477": window light drew 1/1 beam(s), skipped 0
2026-05-26 01:23:52.818 +02:00 [WRN] DrawWindowLightEffect: early return - shader is null
2026-05-26 01:23:52.818 +02:00 [INF] DrawWindowLightEffects() called for map "d5c08240-0436-454a-8993-362abf5bc477": Renderer=false, Beams=1
2026-05-26 01:23:52.818 +02:00 [INF] DrawWindowLightEffects() beam "6b7d8043-ed03-4400-b93f-168701db817b": sourceMask=true, opacity=1
2026-05-26 01:23:52.819 +02:00 [INF] DrawWindowLightEffects() beam "6b7d8043-ed03-4400-b93f-168701db817b": geometry=(528,464)-(528,639.36)
2026-05-26 01:23:52.819 +02:00 [WRN] DrawWindowLightEffect: early return - shader is null
2026-05-26 01:23:52.819 +02:00 [INF] DrawWindowLightEffects() beam "6b7d8043-ed03-4400-b93f-168701db817b": DrawWindowLightEffect returned false
2026-05-26 01:23:52.819 +02:00 [INF] Map "d5c08240-0436-454a-8993-362abf5bc477": window light drew 1/1 beam(s), skipped 0
2026-05-26 01:23:52.866 +02:00 [WRN] DrawWindowLightEffect: early return - shader is null
2026-05-26 01:23:52.866 +02:00 [INF] DrawWindowLightEffects() called for map "d5c08240-0436-454a-8993-362abf5bc477": Renderer=false, Beams=1
2026-05-26 01:23:52.866 +02:00 [INF] DrawWindowLightEffects() beam "6b7d8043-ed03-4400-b93f-168701db817b": sourceMask=true, opacity=1
2026-05-26 01:23:52.868 +02:00 [INF] DrawWindowLightEffects() beam "6b7d8043-ed03-4400-b93f-168701db817b": geometry=(528,464)-(528,639.36)
2026-05-26 01:23:52.868 +02:00 [WRN] DrawWindowLightEffect: early return - shader is null
2026-05-26 01:23:52.868 +02:00 [INF] DrawWindowLightEffects() beam "6b7d8043-ed03-4400-b93f-168701db817b": DrawWindowLightEffect returned false
2026-05-26 01:23:52.868 +02:00 [INF] Map "d5c08240-0436-454a-8993-362abf5bc477": window light drew 1/1 beam(s), skipped 0
2026-05-26 01:23:52.916 +02:00 [WRN] DrawWindowLightEffect: early return - shader is null
2026-05-26 01:23:52.916 +02:00 [INF] DrawWindowLightEffects() called for map "d5c08240-0436-454a-8993-362abf5bc477": Renderer=false, Beams=1
2026-05-26 01:23:52.916 +02:00 [INF] DrawWindowLightEffects() beam "6b7d8043-ed03-4400-b93f-168701db817b": sourceMask=true, opacity=1
2026-05-26 01:23:52.917 +02:00 [INF] DrawWindowLightEffects() beam "6b7d8043-ed03-4400-b93f-168701db817b": geometry=(528,464)-(528,639.36)
2026-05-26 01:23:52.917 +02:00 [WRN] DrawWindowLightEffect: early return - shader is null
2026-05-26 01:23:52.917 +02:00 [INF] DrawWindowLightEffects() beam "6b7d8043-ed03-4400-b93f-168701db817b": DrawWindowLightEffect returned false
2026-05-26 01:23:52.917 +02:00 [INF] Map "d5c08240-0436-454a-8993-362abf5bc477": window light drew 1/1 beam(s), skipped 0
2026-05-26 01:23:52.966 +02:00 [WRN] DrawWindowLightEffect: early return - shader is null
2026-05-26 01:23:52.966 +02:00 [INF] DrawWindowLightEffects() called for map "d5c08240-0436-454a-8993-362abf5bc477": Renderer=false, Beams=1
2026-05-26 01:23:52.966 +02:00 [INF] DrawWindowLightEffects() beam "6b7d8043-ed03-4400-b93f-168701db817b": sourceMask=true, opacity=1
2026-05-26 01:23:52.967 +02:00 [INF] DrawWindowLightEffects() beam "6b7d8043-ed03-4400-b93f-168701db817b": geometry=(528,464)-(528,639.36)
2026-05-26 01:23:52.967 +02:00 [WRN] DrawWindowLightEffect: early return - shader is null
2026-05-26 01:23:52.967 +02:00 [INF] DrawWindowLightEffects() beam "6b7d8043-ed03-4400-b93f-168701db817b": DrawWindowLightEffect returned false
2026-05-26 01:23:52.967 +02:00 [INF] Map "d5c08240-0436-454a-8993-362abf5bc477": window light drew 1/1 beam(s), skipped 0
2026-05-26 01:23:53.018 +02:00 [WRN] DrawWindowLightEffect: early return - shader is null
2026-05-26 01:23:53.018 +02:00 [INF] DrawWindowLightEffects() called for map "d5c08240-0436-454a-8993-362abf5bc477": Renderer=false, Beams=1
2026-05-26 01:23:53.018 +02:00 [INF] DrawWindowLightEffects() beam "6b7d8043-ed03-4400-b93f-168701db817b": sourceMask=true, opacity=1
2026-05-26 01:23:53.020 +02:00 [INF] DrawWindowLightEffects() beam "6b7d8043-ed03-4400-b93f-168701db817b": geometry=(528,464)-(528,639.36)
2026-05-26 01:23:53.020 +02:00 [WRN] DrawWindowLightEffect: early return - shader is null
2026-05-26 01:23:53.020 +02:00 [INF] DrawWindowLightEffects() beam "6b7d8043-ed03-4400-b93f-168701db817b": DrawWindowLightEffect returned false
2026-05-26 01:23:53.020 +02:00 [INF] Map "d5c08240-0436-454a-8993-362abf5bc477": window light drew 1/1 beam(s), skipped 0
2026-05-26 01:23:53.068 +02:00 [WRN] DrawWindowLightEffect: early return - shader is null
2026-05-26 01:23:53.068 +02:00 [INF] DrawWindowLightEffects() called for map "d5c08240-0436-454a-8993-362abf5bc477": Renderer=false, Beams=1
2026-05-26 01:23:53.068 +02:00 [INF] DrawWindowLightEffects() beam "6b7d8043-ed03-4400-b93f-168701db817b": sourceMask=true, opacity=1
2026-05-26 01:23:53.070 +02:00 [INF] DrawWindowLightEffects() beam "6b7d8043-ed03-4400-b93f-168701db817b": geometry=(528,464)-(528,639.36)
2026-05-26 01:23:53.070 +02:00 [WRN] DrawWindowLightEffect: early return - shader is null
2026-05-26 01:23:53.070 +02:00 [INF] DrawWindowLightEffects() beam "6b7d8043-ed03-4400-b93f-168701db817b": DrawWindowLightEffect returned false
2026-05-26 01:23:53.070 +02:00 [INF] Map "d5c08240-0436-454a-8993-362abf5bc477": window light drew 1/1 beam(s), skipped 0
2026-05-26 01:23:53.119 +02:00 [WRN] DrawWindowLightEffect: early return - shader is null
2026-05-26 01:23:53.119 +02:00 [INF] DrawWindowLightEffects() called for map "d5c08240-0436-454a-8993-362abf5bc477": Renderer=false, Beams=1
2026-05-26 01:23:53.119 +02:00 [INF] DrawWindowLightEffects() beam "6b7d8043-ed03-4400-b93f-168701db817b": sourceMask=true, opacity=1
2026-05-26 01:23:53.121 +02:00 [INF] DrawWindowLightEffects() beam "6b7d8043-ed03-4400-b93f-168701db817b": geometry=(528,464)-(528,639.36)
2026-05-26 01:23:53.121 +02:00 [WRN] DrawWindowLightEffect: early return - shader is null
2026-05-26 01:23:53.121 +02:00 [INF] DrawWindowLightEffects() beam "6b7d8043-ed03-4400-b93f-168701db817b": DrawWindowLightEffect returned false
2026-05-26 01:23:53.121 +02:00 [INF] Map "d5c08240-0436-454a-8993-362abf5bc477": window light drew 1/1 beam(s), skipped 0
2026-05-26 01:23:53.169 +02:00 [WRN] DrawWindowLightEffect: early return - shader is null
2026-05-26 01:23:53.169 +02:00 [INF] DrawWindowLightEffects() called for map "d5c08240-0436-454a-8993-362abf5bc477": Renderer=false, Beams=1
2026-05-26 01:23:53.169 +02:00 [INF] DrawWindowLightEffects() beam "6b7d8043-ed03-4400-b93f-168701db817b": sourceMask=true, opacity=1
2026-05-26 01:23:53.170 +02:00 [INF] DrawWindowLightEffects() beam "6b7d8043-ed03-4400-b93f-168701db817b": geometry=(528,464)-(528,639.36)
2026-05-26 01:23:53.170 +02:00 [WRN] DrawWindowLightEffect: early return - shader is null
2026-05-26 01:23:53.170 +02:00 [INF] DrawWindowLightEffects() beam "6b7d8043-ed03-4400-b93f-168701db817b": DrawWindowLightEffect returned false
2026-05-26 01:23:53.170 +02:00 [INF] Map "d5c08240-0436-454a-8993-362abf5bc477": window light drew 1/1 beam(s), skipped 0
2026-05-26 01:23:53.220 +02:00 [WRN] DrawWindowLightEffect: early return - shader is null
2026-05-26 01:23:53.220 +02:00 [INF] DrawWindowLightEffects() called for map "d5c08240-0436-454a-8993-362abf5bc477": Renderer=false, Beams=1
2026-05-26 01:23:53.220 +02:00 [INF] DrawWindowLightEffects() beam "6b7d8043-ed03-4400-b93f-168701db817b": sourceMask=true, opacity=1
2026-05-26 01:23:53.222 +02:00 [INF] DrawWindowLightEffects() beam "6b7d8043-ed03-4400-b93f-168701db817b": geometry=(528,464)-(528,639.36)
2026-05-26 01:23:53.222 +02:00 [WRN] DrawWindowLightEffect: early return - shader is null
2026-05-26 01:23:53.222 +02:00 [INF] DrawWindowLightEffects() beam "6b7d8043-ed03-4400-b93f-168701db817b": DrawWindowLightEffect returned false
2026-05-26 01:23:53.222 +02:00 [INF] Map "d5c08240-0436-454a-8993-362abf5bc477": window light drew 1/1 beam(s), skipped 0
2026-05-26 01:23:53.269 +02:00 [WRN] DrawWindowLightEffect: early return - shader is null
2026-05-26 01:23:53.269 +02:00 [INF] DrawWindowLightEffects() called for map "d5c08240-0436-454a-8993-362abf5bc477": Renderer=false, Beams=1
2026-05-26 01:23:53.269 +02:00 [INF] DrawWindowLightEffects() beam "6b7d8043-ed03-4400-b93f-168701db817b": sourceMask=true, opacity=1
2026-05-26 01:23:53.272 +02:00 [INF] DrawWindowLightEffects() beam "6b7d8043-ed03-4400-b93f-168701db817b": geometry=(528,464)-(528,639.36)
2026-05-26 01:23:53.272 +02:00 [WRN] DrawWindowLightEffect: early return - shader is null
2026-05-26 01:23:53.272 +02:00 [INF] DrawWindowLightEffects() beam "6b7d8043-ed03-4400-b93f-168701db817b": DrawWindowLightEffect returned false
2026-05-26 01:23:53.272 +02:00 [INF] Map "d5c08240-0436-454a-8993-362abf5bc477": window light drew 1/1 beam(s), skipped 0
2026-05-26 01:23:53.320 +02:00 [WRN] DrawWindowLightEffect: early return - shader is null
2026-05-26 01:23:53.320 +02:00 [INF] DrawWindowLightEffects() called for map "d5c08240-0436-454a-8993-362abf5bc477": Renderer=false, Beams=1
2026-05-26 01:23:53.320 +02:00 [INF] DrawWindowLightEffects() beam "6b7d8043-ed03-4400-b93f-168701db817b": sourceMask=true, opacity=1
2026-05-26 01:23:53.322 +02:00 [INF] DrawWindowLightEffects() beam "6b7d8043-ed03-4400-b93f-168701db817b": geometry=(528,464)-(528,639.36)
2026-05-26 01:23:53.322 +02:00 [WRN] DrawWindowLightEffect: early return - shader is null
2026-05-26 01:23:53.322 +02:00 [INF] DrawWindowLightEffects() beam "6b7d8043-ed03-4400-b93f-168701db817b": DrawWindowLightEffect returned false
2026-05-26 01:23:53.322 +02:00 [INF] Map "d5c08240-0436-454a-8993-362abf5bc477": window light drew 1/1 beam(s), skipped 0
2026-05-26 01:23:53.371 +02:00 [WRN] DrawWindowLightEffect: early return - shader is null
2026-05-26 01:23:53.371 +02:00 [INF] DrawWindowLightEffects() called for map "d5c08240-0436-454a-8993-362abf5bc477": Renderer=false, Beams=1
2026-05-26 01:23:53.371 +02:00 [INF] DrawWindowLightEffects() beam "6b7d8043-ed03-4400-b93f-168701db817b": sourceMask=true, opacity=1
2026-05-26 01:23:53.374 +02:00 [INF] DrawWindowLightEffects() beam "6b7d8043-ed03-4400-b93f-168701db817b": geometry=(528,464)-(528,639.36)
2026-05-26 01:23:53.374 +02:00 [WRN] DrawWindowLightEffect: early return - shader is null
2026-05-26 01:23:53.374 +02:00 [INF] DrawWindowLightEffects() beam "6b7d8043-ed03-4400-b93f-168701db817b": DrawWindowLightEffect returned false
2026-05-26 01:23:53.374 +02:00 [INF] Map "d5c08240-0436-454a-8993-362abf5bc477": window light drew 1/1 beam(s), skipped 0
2026-05-26 01:23:53.422 +02:00 [WRN] DrawWindowLightEffect: early return - shader is null
2026-05-26 01:23:53.422 +02:00 [INF] DrawWindowLightEffects() called for map "d5c08240-0436-454a-8993-362abf5bc477": Renderer=false, Beams=1
2026-05-26 01:23:53.423 +02:00 [INF] DrawWindowLightEffects() beam "6b7d8043-ed03-4400-b93f-168701db817b": sourceMask=true, opacity=1
2026-05-26 01:23:53.425 +02:00 [INF] DrawWindowLightEffects() beam "6b7d8043-ed03-4400-b93f-168701db817b": geometry=(528,464)-(528,639.36)
2026-05-26 01:23:53.425 +02:00 [WRN] DrawWindowLightEffect: early return - shader is null
2026-05-26 01:23:53.425 +02:00 [INF] DrawWindowLightEffects() beam "6b7d8043-ed03-4400-b93f-168701db817b": DrawWindowLightEffect returned false
2026-05-26 01:23:53.425 +02:00 [INF] Map "d5c08240-0436-454a-8993-362abf5bc477": window light drew 1/1 beam(s), skipped 0
2026-05-26 01:23:53.474 +02:00 [WRN] DrawWindowLightEffect: early return - shader is null
2026-05-26 01:23:53.474 +02:00 [INF] DrawWindowLightEffects() called for map "d5c08240-0436-454a-8993-362abf5bc477": Renderer=false, Beams=1
2026-05-26 01:23:53.474 +02:00 [INF] DrawWindowLightEffects() beam "6b7d8043-ed03-4400-b93f-168701db817b": sourceMask=true, opacity=1
2026-05-26 01:23:53.475 +02:00 [INF] DrawWindowLightEffects() beam "6b7d8043-ed03-4400-b93f-168701db817b": geometry=(528,464)-(528,639.36)
2026-05-26 01:23:53.475 +02:00 [WRN] DrawWindowLightEffect: early return - shader is null
2026-05-26 01:23:53.475 +02:00 [INF] DrawWindowLightEffects() beam "6b7d8043-ed03-4400-b93f-168701db817b": DrawWindowLightEffect returned false
2026-05-26 01:23:53.475 +02:00 [INF] Map "d5c08240-0436-454a-8993-362abf5bc477": window light drew 1/1 beam(s), skipped 0
2026-05-26 01:23:53.523 +02:00 [WRN] DrawWindowLightEffect: early return - shader is null
2026-05-26 01:23:53.523 +02:00 [INF] DrawWindowLightEffects() called for map "d5c08240-0436-454a-8993-362abf5bc477": Renderer=false, Beams=1
2026-05-26 01:23:53.523 +02:00 [INF] DrawWindowLightEffects() beam "6b7d8043-ed03-4400-b93f-168701db817b": sourceMask=true, opacity=1
2026-05-26 01:23:53.525 +02:00 [INF] DrawWindowLightEffects() beam "6b7d8043-ed03-4400-b93f-168701db817b": geometry=(528,464)-(528,639.36)
2026-05-26 01:23:53.525 +02:00 [WRN] DrawWindowLightEffect: early return - shader is null
2026-05-26 01:23:53.525 +02:00 [INF] DrawWindowLightEffects() beam "6b7d8043-ed03-4400-b93f-168701db817b": DrawWindowLightEffect returned false
2026-05-26 01:23:53.525 +02:00 [INF] Map "d5c08240-0436-454a-8993-362abf5bc477": window light drew 1/1 beam(s), skipped 0
2026-05-26 01:23:53.578 +02:00 [WRN] DrawWindowLightEffect: early return - shader is null
2026-05-26 01:23:53.578 +02:00 [INF] DrawWindowLightEffects() called for map "d5c08240-0436-454a-8993-362abf5bc477": Renderer=false, Beams=1
2026-05-26 01:23:53.578 +02:00 [INF] DrawWindowLightEffects() beam "6b7d8043-ed03-4400-b93f-168701db817b": sourceMask=true, opacity=1
2026-05-26 01:23:53.580 +02:00 [INF] DrawWindowLightEffects() beam "6b7d8043-ed03-4400-b93f-168701db817b": geometry=(528,464)-(528,639.36)
2026-05-26 01:23:53.580 +02:00 [WRN] DrawWindowLightEffect: early return - shader is null
2026-05-26 01:23:53.580 +02:00 [INF] DrawWindowLightEffects() beam "6b7d8043-ed03-4400-b93f-168701db817b": DrawWindowLightEffect returned false
2026-05-26 01:23:53.580 +02:00 [INF] Map "d5c08240-0436-454a-8993-362abf5bc477": window light drew 1/1 beam(s), skipped 0
2026-05-26 01:23:53.633 +02:00 [WRN] DrawWindowLightEffect: early return - shader is null
2026-05-26 01:23:53.633 +02:00 [INF] DrawWindowLightEffects() called for map "d5c08240-0436-454a-8993-362abf5bc477": Renderer=false, Beams=1
2026-05-26 01:23:53.633 +02:00 [INF] DrawWindowLightEffects() beam "6b7d8043-ed03-4400-b93f-168701db817b": sourceMask=true, opacity=1
2026-05-26 01:23:53.635 +02:00 [INF] DrawWindowLightEffects() beam "6b7d8043-ed03-4400-b93f-168701db817b": geometry=(528,464)-(528,639.36)
2026-05-26 01:23:53.635 +02:00 [WRN] DrawWindowLightEffect: early return - shader is null
2026-05-26 01:23:53.635 +02:00 [INF] DrawWindowLightEffects() beam "6b7d8043-ed03-4400-b93f-168701db817b": DrawWindowLightEffect returned false
2026-05-26 01:23:53.635 +02:00 [INF] Map "d5c08240-0436-454a-8993-362abf5bc477": window light drew 1/1 beam(s), skipped 0
2026-05-26 01:23:53.690 +02:00 [WRN] DrawWindowLightEffect: early return - shader is null
2026-05-26 01:23:53.690 +02:00 [INF] DrawWindowLightEffects() called for map "d5c08240-0436-454a-8993-362abf5bc477": Renderer=false, Beams=1
2026-05-26 01:23:53.690 +02:00 [INF] DrawWindowLightEffects() beam "6b7d8043-ed03-4400-b93f-168701db817b": sourceMask=true, opacity=1
2026-05-26 01:23:53.692 +02:00 [INF] DrawWindowLightEffects() beam "6b7d8043-ed03-4400-b93f-168701db817b": geometry=(528,464)-(528,639.36)
2026-05-26 01:23:53.692 +02:00 [WRN] DrawWindowLightEffect: early return - shader is null
2026-05-26 01:23:53.692 +02:00 [INF] DrawWindowLightEffects() beam "6b7d8043-ed03-4400-b93f-168701db817b": DrawWindowLightEffect returned false
2026-05-26 01:23:53.692 +02:00 [INF] Map "d5c08240-0436-454a-8993-362abf5bc477": window light drew 1/1 beam(s), skipped 0
2026-05-26 01:23:53.743 +02:00 [WRN] DrawWindowLightEffect: early return - shader is null
2026-05-26 01:23:53.743 +02:00 [INF] DrawWindowLightEffects() called for map "d5c08240-0436-454a-8993-362abf5bc477": Renderer=false, Beams=1
2026-05-26 01:23:53.743 +02:00 [INF] DrawWindowLightEffects() beam "6b7d8043-ed03-4400-b93f-168701db817b": sourceMask=true, opacity=1
2026-05-26 01:23:53.745 +02:00 [INF] DrawWindowLightEffects() beam "6b7d8043-ed03-4400-b93f-168701db817b": geometry=(528,464)-(528,639.36)
2026-05-26 01:23:53.745 +02:00 [WRN] DrawWindowLightEffect: early return - shader is null
2026-05-26 01:23:53.746 +02:00 [INF] DrawWindowLightEffects() beam "6b7d8043-ed03-4400-b93f-168701db817b": DrawWindowLightEffect returned false
2026-05-26 01:23:53.746 +02:00 [INF] Map "d5c08240-0436-454a-8993-362abf5bc477": window light drew 1/1 beam(s), skipped 0
2026-05-26 01:23:53.802 +02:00 [WRN] DrawWindowLightEffect: early return - shader is null
2026-05-26 01:23:53.802 +02:00 [INF] DrawWindowLightEffects() called for map "d5c08240-0436-454a-8993-362abf5bc477": Renderer=false, Beams=1
2026-05-26 01:23:53.802 +02:00 [INF] DrawWindowLightEffects() beam "6b7d8043-ed03-4400-b93f-168701db817b": sourceMask=true, opacity=1
2026-05-26 01:23:53.804 +02:00 [INF] DrawWindowLightEffects() beam "6b7d8043-ed03-4400-b93f-168701db817b": geometry=(528,464)-(528,639.36)
2026-05-26 01:23:53.804 +02:00 [WRN] DrawWindowLightEffect: early return - shader is null
2026-05-26 01:23:53.804 +02:00 [INF] DrawWindowLightEffects() beam "6b7d8043-ed03-4400-b93f-168701db817b": DrawWindowLightEffect returned false
2026-05-26 01:23:53.804 +02:00 [INF] Map "d5c08240-0436-454a-8993-362abf5bc477": window light drew 1/1 beam(s), skipped 0
2026-05-26 01:23:53.857 +02:00 [WRN] DrawWindowLightEffect: early return - shader is null
2026-05-26 01:23:53.857 +02:00 [INF] DrawWindowLightEffects() called for map "d5c08240-0436-454a-8993-362abf5bc477": Renderer=false, Beams=1
2026-05-26 01:23:53.857 +02:00 [INF] DrawWindowLightEffects() beam "6b7d8043-ed03-4400-b93f-168701db817b": sourceMask=true, opacity=1
2026-05-26 01:23:53.859 +02:00 [INF] DrawWindowLightEffects() beam "6b7d8043-ed03-4400-b93f-168701db817b": geometry=(528,464)-(528,639.36)
2026-05-26 01:23:53.859 +02:00 [WRN] DrawWindowLightEffect: early return - shader is null
2026-05-26 01:23:53.859 +02:00 [INF] DrawWindowLightEffects() beam "6b7d8043-ed03-4400-b93f-168701db817b": DrawWindowLightEffect returned false
2026-05-26 01:23:53.859 +02:00 [INF] Map "d5c08240-0436-454a-8993-362abf5bc477": window light drew 1/1 beam(s), skipped 0
2026-05-26 01:23:53.915 +02:00 [WRN] DrawWindowLightEffect: early return - shader is null
2026-05-26 01:23:53.915 +02:00 [INF] DrawWindowLightEffects() called for map "d5c08240-0436-454a-8993-362abf5bc477": Renderer=false, Beams=1
2026-05-26 01:23:53.915 +02:00 [INF] DrawWindowLightEffects() beam "6b7d8043-ed03-4400-b93f-168701db817b": sourceMask=true, opacity=1
2026-05-26 01:23:53.917 +02:00 [INF] DrawWindowLightEffects() beam "6b7d8043-ed03-4400-b93f-168701db817b": geometry=(528,464)-(528,639.36)
2026-05-26 01:23:53.917 +02:00 [WRN] DrawWindowLightEffect: early return - shader is null
2026-05-26 01:23:53.917 +02:00 [INF] DrawWindowLightEffects() beam "6b7d8043-ed03-4400-b93f-168701db817b": DrawWindowLightEffect returned false
2026-05-26 01:23:53.917 +02:00 [INF] Map "d5c08240-0436-454a-8993-362abf5bc477": window light drew 1/1 beam(s), skipped 0
2026-05-26 01:23:53.966 +02:00 [WRN] DrawWindowLightEffect: early return - shader is null
2026-05-26 01:23:53.966 +02:00 [INF] DrawWindowLightEffects() called for map "d5c08240-0436-454a-8993-362abf5bc477": Renderer=false, Beams=1
2026-05-26 01:23:53.966 +02:00 [INF] DrawWindowLightEffects() beam "6b7d8043-ed03-4400-b93f-168701db817b": sourceMask=true, opacity=1
2026-05-26 01:23:53.967 +02:00 [INF] DrawWindowLightEffects() beam "6b7d8043-ed03-4400-b93f-168701db817b": geometry=(528,464)-(528,639.36)
2026-05-26 01:23:53.967 +02:00 [WRN] DrawWindowLightEffect: early return - shader is null
2026-05-26 01:23:53.967 +02:00 [INF] DrawWindowLightEffects() beam "6b7d8043-ed03-4400-b93f-168701db817b": DrawWindowLightEffect returned false
2026-05-26 01:23:53.967 +02:00 [INF] Map "d5c08240-0436-454a-8993-362abf5bc477": window light drew 1/1 beam(s), skipped 0
2026-05-26 01:23:54.013 +02:00 [WRN] DrawWindowLightEffect: early return - shader is null
2026-05-26 01:23:54.013 +02:00 [INF] DrawWindowLightEffects() called for map "d5c08240-0436-454a-8993-362abf5bc477": Renderer=false, Beams=1
2026-05-26 01:23:54.013 +02:00 [INF] DrawWindowLightEffects() beam "6b7d8043-ed03-4400-b93f-168701db817b": sourceMask=true, opacity=1
2026-05-26 01:23:54.015 +02:00 [INF] DrawWindowLightEffects() beam "6b7d8043-ed03-4400-b93f-168701db817b": geometry=(528,464)-(528,639.36)
2026-05-26 01:23:54.015 +02:00 [WRN] DrawWindowLightEffect: early return - shader is null
2026-05-26 01:23:54.015 +02:00 [INF] DrawWindowLightEffects() beam "6b7d8043-ed03-4400-b93f-168701db817b": DrawWindowLightEffect returned false
2026-05-26 01:23:54.015 +02:00 [INF] Map "d5c08240-0436-454a-8993-362abf5bc477": window light drew 1/1 beam(s), skipped 0
2026-05-26 01:23:54.060 +02:00 [WRN] DrawWindowLightEffect: early return - shader is null
2026-05-26 01:23:54.060 +02:00 [INF] DrawWindowLightEffects() called for map "d5c08240-0436-454a-8993-362abf5bc477": Renderer=false, Beams=1
2026-05-26 01:23:54.060 +02:00 [INF] DrawWindowLightEffects() beam "6b7d8043-ed03-4400-b93f-168701db817b": sourceMask=true, opacity=1
2026-05-26 01:23:54.062 +02:00 [INF] DrawWindowLightEffects() beam "6b7d8043-ed03-4400-b93f-168701db817b": geometry=(528,464)-(528,639.36)
2026-05-26 01:23:54.062 +02:00 [WRN] DrawWindowLightEffect: early return - shader is null
2026-05-26 01:23:54.062 +02:00 [INF] DrawWindowLightEffects() beam "6b7d8043-ed03-4400-b93f-168701db817b": DrawWindowLightEffect returned false
2026-05-26 01:23:54.062 +02:00 [INF] Map "d5c08240-0436-454a-8993-362abf5bc477": window light drew 1/1 beam(s), skipped 0
2026-05-26 01:23:54.109 +02:00 [WRN] DrawWindowLightEffect: early return - shader is null
2026-05-26 01:23:54.109 +02:00 [INF] DrawWindowLightEffects() called for map "d5c08240-0436-454a-8993-362abf5bc477": Renderer=false, Beams=1
2026-05-26 01:23:54.109 +02:00 [INF] DrawWindowLightEffects() beam "6b7d8043-ed03-4400-b93f-168701db817b": sourceMask=true, opacity=1
2026-05-26 01:23:54.110 +02:00 [INF] DrawWindowLightEffects() beam "6b7d8043-ed03-4400-b93f-168701db817b": geometry=(528,464)-(528,639.36)
2026-05-26 01:23:54.110 +02:00 [WRN] DrawWindowLightEffect: early return - shader is null
2026-05-26 01:23:54.110 +02:00 [INF] DrawWindowLightEffects() beam "6b7d8043-ed03-4400-b93f-168701db817b": DrawWindowLightEffect returned false
2026-05-26 01:23:54.110 +02:00 [INF] Map "d5c08240-0436-454a-8993-362abf5bc477": window light drew 1/1 beam(s), skipped 0
2026-05-26 01:23:54.157 +02:00 [WRN] DrawWindowLightEffect: early return - shader is null
2026-05-26 01:23:54.157 +02:00 [INF] DrawWindowLightEffects() called for map "d5c08240-0436-454a-8993-362abf5bc477": Renderer=false, Beams=1
2026-05-26 01:23:54.157 +02:00 [INF] DrawWindowLightEffects() beam "6b7d8043-ed03-4400-b93f-168701db817b": sourceMask=true, opacity=1
2026-05-26 01:23:54.158 +02:00 [INF] DrawWindowLightEffects() beam "6b7d8043-ed03-4400-b93f-168701db817b": geometry=(528,464)-(528,639.36)
2026-05-26 01:23:54.158 +02:00 [WRN] DrawWindowLightEffect: early return - shader is null
2026-05-26 01:23:54.158 +02:00 [INF] DrawWindowLightEffects() beam "6b7d8043-ed03-4400-b93f-168701db817b": DrawWindowLightEffect returned false
2026-05-26 01:23:54.158 +02:00 [INF] Map "d5c08240-0436-454a-8993-362abf5bc477": window light drew 1/1 beam(s), skipped 0
2026-05-26 01:23:54.204 +02:00 [WRN] DrawWindowLightEffect: early return - shader is null
2026-05-26 01:23:54.204 +02:00 [INF] DrawWindowLightEffects() called for map "d5c08240-0436-454a-8993-362abf5bc477": Renderer=false, Beams=1
2026-05-26 01:23:54.204 +02:00 [INF] DrawWindowLightEffects() beam "6b7d8043-ed03-4400-b93f-168701db817b": sourceMask=true, opacity=1
2026-05-26 01:23:54.205 +02:00 [INF] DrawWindowLightEffects() beam "6b7d8043-ed03-4400-b93f-168701db817b": geometry=(528,464)-(528,639.36)
2026-05-26 01:23:54.205 +02:00 [WRN] DrawWindowLightEffect: early return - shader is null
2026-05-26 01:23:54.205 +02:00 [INF] DrawWindowLightEffects() beam "6b7d8043-ed03-4400-b93f-168701db817b": DrawWindowLightEffect returned false
2026-05-26 01:23:54.205 +02:00 [INF] Map "d5c08240-0436-454a-8993-362abf5bc477": window light drew 1/1 beam(s), skipped 0
2026-05-26 01:23:54.251 +02:00 [WRN] DrawWindowLightEffect: early return - shader is null
2026-05-26 01:23:54.251 +02:00 [INF] DrawWindowLightEffects() called for map "d5c08240-0436-454a-8993-362abf5bc477": Renderer=false, Beams=1
2026-05-26 01:23:54.251 +02:00 [INF] DrawWindowLightEffects() beam "6b7d8043-ed03-4400-b93f-168701db817b": sourceMask=true, opacity=1
2026-05-26 01:23:54.252 +02:00 [INF] DrawWindowLightEffects() beam "6b7d8043-ed03-4400-b93f-168701db817b": geometry=(528,464)-(528,639.36)
2026-05-26 01:23:54.252 +02:00 [WRN] DrawWindowLightEffect: early return - shader is null
2026-05-26 01:23:54.252 +02:00 [INF] DrawWindowLightEffects() beam "6b7d8043-ed03-4400-b93f-168701db817b": DrawWindowLightEffect returned false
2026-05-26 01:23:54.252 +02:00 [INF] Map "d5c08240-0436-454a-8993-362abf5bc477": window light drew 1/1 beam(s), skipped 0
2026-05-26 01:23:54.298 +02:00 [WRN] DrawWindowLightEffect: early return - shader is null
2026-05-26 01:23:54.298 +02:00 [INF] DrawWindowLightEffects() called for map "d5c08240-0436-454a-8993-362abf5bc477": Renderer=false, Beams=1
2026-05-26 01:23:54.298 +02:00 [INF] DrawWindowLightEffects() beam "6b7d8043-ed03-4400-b93f-168701db817b": sourceMask=true, opacity=1
2026-05-26 01:23:54.299 +02:00 [INF] DrawWindowLightEffects() beam "6b7d8043-ed03-4400-b93f-168701db817b": geometry=(528,464)-(528,639.36)
2026-05-26 01:23:54.299 +02:00 [WRN] DrawWindowLightEffect: early return - shader is null
2026-05-26 01:23:54.299 +02:00 [INF] DrawWindowLightEffects() beam "6b7d8043-ed03-4400-b93f-168701db817b": DrawWindowLightEffect returned false
2026-05-26 01:23:54.299 +02:00 [INF] Map "d5c08240-0436-454a-8993-362abf5bc477": window light drew 1/1 beam(s), skipped 0
2026-05-26 01:23:54.344 +02:00 [WRN] DrawWindowLightEffect: early return - shader is null
2026-05-26 01:23:54.345 +02:00 [INF] DrawWindowLightEffects() called for map "d5c08240-0436-454a-8993-362abf5bc477": Renderer=false, Beams=1
2026-05-26 01:23:54.345 +02:00 [INF] DrawWindowLightEffects() beam "6b7d8043-ed03-4400-b93f-168701db817b": sourceMask=true, opacity=1
2026-05-26 01:23:54.346 +02:00 [INF] DrawWindowLightEffects() beam "6b7d8043-ed03-4400-b93f-168701db817b": geometry=(528,464)-(528,639.36)
2026-05-26 01:23:54.346 +02:00 [WRN] DrawWindowLightEffect: early return - shader is null
2026-05-26 01:23:54.346 +02:00 [INF] DrawWindowLightEffects() beam "6b7d8043-ed03-4400-b93f-168701db817b": DrawWindowLightEffect returned false
2026-05-26 01:23:54.346 +02:00 [INF] Map "d5c08240-0436-454a-8993-362abf5bc477": window light drew 1/1 beam(s), skipped 0
2026-05-26 01:23:54.391 +02:00 [WRN] DrawWindowLightEffect: early return - shader is null
2026-05-26 01:23:54.391 +02:00 [INF] DrawWindowLightEffects() called for map "d5c08240-0436-454a-8993-362abf5bc477": Renderer=false, Beams=1
2026-05-26 01:23:54.391 +02:00 [INF] DrawWindowLightEffects() beam "6b7d8043-ed03-4400-b93f-168701db817b": sourceMask=true, opacity=1
2026-05-26 01:23:54.392 +02:00 [INF] DrawWindowLightEffects() beam "6b7d8043-ed03-4400-b93f-168701db817b": geometry=(528,464)-(528,639.36)
2026-05-26 01:23:54.392 +02:00 [WRN] DrawWindowLightEffect: early return - shader is null
2026-05-26 01:23:54.392 +02:00 [INF] DrawWindowLightEffects() beam "6b7d8043-ed03-4400-b93f-168701db817b": DrawWindowLightEffect returned false
2026-05-26 01:23:54.392 +02:00 [INF] Map "d5c08240-0436-454a-8993-362abf5bc477": window light drew 1/1 beam(s), skipped 0
2026-05-26 01:23:54.439 +02:00 [WRN] DrawWindowLightEffect: early return - shader is null
2026-05-26 01:23:54.439 +02:00 [INF] DrawWindowLightEffects() called for map "d5c08240-0436-454a-8993-362abf5bc477": Renderer=false, Beams=1
2026-05-26 01:23:54.439 +02:00 [INF] DrawWindowLightEffects() beam "6b7d8043-ed03-4400-b93f-168701db817b": sourceMask=true, opacity=1
2026-05-26 01:23:54.440 +02:00 [INF] DrawWindowLightEffects() beam "6b7d8043-ed03-4400-b93f-168701db817b": geometry=(528,464)-(528,639.36)
2026-05-26 01:23:54.440 +02:00 [WRN] DrawWindowLightEffect: early return - shader is null
2026-05-26 01:23:54.440 +02:00 [INF] DrawWindowLightEffects() beam "6b7d8043-ed03-4400-b93f-168701db817b": DrawWindowLightEffect returned false
2026-05-26 01:23:54.440 +02:00 [INF] Map "d5c08240-0436-454a-8993-362abf5bc477": window light drew 1/1 beam(s), skipped 0
2026-05-26 01:23:54.486 +02:00 [WRN] DrawWindowLightEffect: early return - shader is null
2026-05-26 01:23:54.486 +02:00 [INF] DrawWindowLightEffects() called for map "d5c08240-0436-454a-8993-362abf5bc477": Renderer=false, Beams=1
2026-05-26 01:23:54.486 +02:00 [INF] DrawWindowLightEffects() beam "6b7d8043-ed03-4400-b93f-168701db817b": sourceMask=true, opacity=1
2026-05-26 01:23:54.487 +02:00 [INF] DrawWindowLightEffects() beam "6b7d8043-ed03-4400-b93f-168701db817b": geometry=(528,464)-(528,639.36)
2026-05-26 01:23:54.487 +02:00 [WRN] DrawWindowLightEffect: early return - shader is null
2026-05-26 01:23:54.487 +02:00 [INF] DrawWindowLightEffects() beam "6b7d8043-ed03-4400-b93f-168701db817b": DrawWindowLightEffect returned false
2026-05-26 01:23:54.487 +02:00 [INF] Map "d5c08240-0436-454a-8993-362abf5bc477": window light drew 1/1 beam(s), skipped 0
2026-05-26 01:23:54.533 +02:00 [WRN] DrawWindowLightEffect: early return - shader is null
2026-05-26 01:23:54.534 +02:00 [INF] DrawWindowLightEffects() called for map "d5c08240-0436-454a-8993-362abf5bc477": Renderer=false, Beams=1
2026-05-26 01:23:54.534 +02:00 [INF] DrawWindowLightEffects() beam "6b7d8043-ed03-4400-b93f-168701db817b": sourceMask=true, opacity=1
2026-05-26 01:23:54.535 +02:00 [INF] DrawWindowLightEffects() beam "6b7d8043-ed03-4400-b93f-168701db817b": geometry=(528,464)-(528,639.36)
2026-05-26 01:23:54.535 +02:00 [WRN] DrawWindowLightEffect: early return - shader is null
2026-05-26 01:23:54.535 +02:00 [INF] DrawWindowLightEffects() beam "6b7d8043-ed03-4400-b93f-168701db817b": DrawWindowLightEffect returned false
2026-05-26 01:23:54.535 +02:00 [INF] Map "d5c08240-0436-454a-8993-362abf5bc477": window light drew 1/1 beam(s), skipped 0
2026-05-26 01:23:54.589 +02:00 [WRN] DrawWindowLightEffect: early return - shader is null
2026-05-26 01:23:54.589 +02:00 [INF] DrawWindowLightEffects() called for map "d5c08240-0436-454a-8993-362abf5bc477": Renderer=false, Beams=1
2026-05-26 01:23:54.589 +02:00 [INF] DrawWindowLightEffects() beam "6b7d8043-ed03-4400-b93f-168701db817b": sourceMask=true, opacity=1
2026-05-26 01:23:54.590 +02:00 [INF] DrawWindowLightEffects() beam "6b7d8043-ed03-4400-b93f-168701db817b": geometry=(528,464)-(528,639.36)
2026-05-26 01:23:54.590 +02:00 [WRN] DrawWindowLightEffect: early return - shader is null
2026-05-26 01:23:54.590 +02:00 [INF] DrawWindowLightEffects() beam "6b7d8043-ed03-4400-b93f-168701db817b": DrawWindowLightEffect returned false
2026-05-26 01:23:54.590 +02:00 [INF] Map "d5c08240-0436-454a-8993-362abf5bc477": window light drew 1/1 beam(s), skipped 0
2026-05-26 01:23:54.636 +02:00 [WRN] DrawWindowLightEffect: early return - shader is null
2026-05-26 01:23:54.636 +02:00 [INF] DrawWindowLightEffects() called for map "d5c08240-0436-454a-8993-362abf5bc477": Renderer=false, Beams=1
2026-05-26 01:23:54.636 +02:00 [INF] DrawWindowLightEffects() beam "6b7d8043-ed03-4400-b93f-168701db817b": sourceMask=true, opacity=1
2026-05-26 01:23:54.637 +02:00 [INF] DrawWindowLightEffects() beam "6b7d8043-ed03-4400-b93f-168701db817b": geometry=(528,464)-(528,639.36)
2026-05-26 01:23:54.638 +02:00 [WRN] DrawWindowLightEffect: early return - shader is null
2026-05-26 01:23:54.638 +02:00 [INF] DrawWindowLightEffects() beam "6b7d8043-ed03-4400-b93f-168701db817b": DrawWindowLightEffect returned false
2026-05-26 01:23:54.638 +02:00 [INF] Map "d5c08240-0436-454a-8993-362abf5bc477": window light drew 1/1 beam(s), skipped 0
2026-05-26 01:23:54.684 +02:00 [WRN] DrawWindowLightEffect: early return - shader is null
2026-05-26 01:23:54.684 +02:00 [INF] DrawWindowLightEffects() called for map "d5c08240-0436-454a-8993-362abf5bc477": Renderer=false, Beams=1
2026-05-26 01:23:54.684 +02:00 [INF] DrawWindowLightEffects() beam "6b7d8043-ed03-4400-b93f-168701db817b": sourceMask=true, opacity=1
2026-05-26 01:23:54.685 +02:00 [INF] DrawWindowLightEffects() beam "6b7d8043-ed03-4400-b93f-168701db817b": geometry=(528,464)-(528,639.36)
2026-05-26 01:23:54.685 +02:00 [WRN] DrawWindowLightEffect: early return - shader is null
2026-05-26 01:23:54.685 +02:00 [INF] DrawWindowLightEffects() beam "6b7d8043-ed03-4400-b93f-168701db817b": DrawWindowLightEffect returned false
2026-05-26 01:23:54.685 +02:00 [INF] Map "d5c08240-0436-454a-8993-362abf5bc477": window light drew 1/1 beam(s), skipped 0
2026-05-26 01:23:54.736 +02:00 [WRN] DrawWindowLightEffect: early return - shader is null
2026-05-26 01:23:54.736 +02:00 [INF] DrawWindowLightEffects() called for map "d5c08240-0436-454a-8993-362abf5bc477": Renderer=false, Beams=1
2026-05-26 01:23:54.736 +02:00 [INF] DrawWindowLightEffects() beam "6b7d8043-ed03-4400-b93f-168701db817b": sourceMask=true, opacity=1
2026-05-26 01:23:54.738 +02:00 [INF] DrawWindowLightEffects() beam "6b7d8043-ed03-4400-b93f-168701db817b": geometry=(528,464)-(528,639.36)
2026-05-26 01:23:54.739 +02:00 [WRN] DrawWindowLightEffect: early return - shader is null
2026-05-26 01:23:54.739 +02:00 [INF] DrawWindowLightEffects() beam "6b7d8043-ed03-4400-b93f-168701db817b": DrawWindowLightEffect returned false
2026-05-26 01:23:54.739 +02:00 [INF] Map "d5c08240-0436-454a-8993-362abf5bc477": window light drew 1/1 beam(s), skipped 0
2026-05-26 01:23:54.789 +02:00 [WRN] DrawWindowLightEffect: early return - shader is null
2026-05-26 01:23:54.789 +02:00 [INF] DrawWindowLightEffects() called for map "d5c08240-0436-454a-8993-362abf5bc477": Renderer=false, Beams=1
2026-05-26 01:23:54.789 +02:00 [INF] DrawWindowLightEffects() beam "6b7d8043-ed03-4400-b93f-168701db817b": sourceMask=true, opacity=1
2026-05-26 01:23:54.791 +02:00 [INF] DrawWindowLightEffects() beam "6b7d8043-ed03-4400-b93f-168701db817b": geometry=(528,464)-(528,639.36)
2026-05-26 01:23:54.791 +02:00 [WRN] DrawWindowLightEffect: early return - shader is null
2026-05-26 01:23:54.791 +02:00 [INF] DrawWindowLightEffects() beam "6b7d8043-ed03-4400-b93f-168701db817b": DrawWindowLightEffect returned false
2026-05-26 01:23:54.791 +02:00 [INF] Map "d5c08240-0436-454a-8993-362abf5bc477": window light drew 1/1 beam(s), skipped 0
2026-05-26 01:23:54.837 +02:00 [WRN] DrawWindowLightEffect: early return - shader is null
2026-05-26 01:23:54.837 +02:00 [INF] DrawWindowLightEffects() called for map "d5c08240-0436-454a-8993-362abf5bc477": Renderer=false, Beams=1
2026-05-26 01:23:54.837 +02:00 [INF] DrawWindowLightEffects() beam "6b7d8043-ed03-4400-b93f-168701db817b": sourceMask=true, opacity=1
2026-05-26 01:23:54.838 +02:00 [INF] DrawWindowLightEffects() beam "6b7d8043-ed03-4400-b93f-168701db817b": geometry=(528,464)-(528,639.36)
2026-05-26 01:23:54.838 +02:00 [WRN] DrawWindowLightEffect: early return - shader is null
2026-05-26 01:23:54.838 +02:00 [INF] DrawWindowLightEffects() beam "6b7d8043-ed03-4400-b93f-168701db817b": DrawWindowLightEffect returned false
2026-05-26 01:23:54.838 +02:00 [INF] Map "d5c08240-0436-454a-8993-362abf5bc477": window light drew 1/1 beam(s), skipped 0
2026-05-26 01:23:54.883 +02:00 [WRN] DrawWindowLightEffect: early return - shader is null
2026-05-26 01:23:54.883 +02:00 [INF] DrawWindowLightEffects() called for map "d5c08240-0436-454a-8993-362abf5bc477": Renderer=false, Beams=1
2026-05-26 01:23:54.883 +02:00 [INF] DrawWindowLightEffects() beam "6b7d8043-ed03-4400-b93f-168701db817b": sourceMask=true, opacity=1
2026-05-26 01:23:54.884 +02:00 [INF] DrawWindowLightEffects() beam "6b7d8043-ed03-4400-b93f-168701db817b": geometry=(528,464)-(528,639.36)
2026-05-26 01:23:54.884 +02:00 [WRN] DrawWindowLightEffect: early return - shader is null
2026-05-26 01:23:54.884 +02:00 [INF] DrawWindowLightEffects() beam "6b7d8043-ed03-4400-b93f-168701db817b": DrawWindowLightEffect returned false
2026-05-26 01:23:54.884 +02:00 [INF] Map "d5c08240-0436-454a-8993-362abf5bc477": window light drew 1/1 beam(s), skipped 0
2026-05-26 01:23:54.930 +02:00 [WRN] DrawWindowLightEffect: early return - shader is null
2026-05-26 01:23:54.930 +02:00 [INF] DrawWindowLightEffects() called for map "d5c08240-0436-454a-8993-362abf5bc477": Renderer=false, Beams=1
2026-05-26 01:23:54.930 +02:00 [INF] DrawWindowLightEffects() beam "6b7d8043-ed03-4400-b93f-168701db817b": sourceMask=true, opacity=1
2026-05-26 01:23:54.931 +02:00 [INF] DrawWindowLightEffects() beam "6b7d8043-ed03-4400-b93f-168701db817b": geometry=(528,464)-(528,639.36)
2026-05-26 01:23:54.931 +02:00 [WRN] DrawWindowLightEffect: early return - shader is null
2026-05-26 01:23:54.931 +02:00 [INF] DrawWindowLightEffects() beam "6b7d8043-ed03-4400-b93f-168701db817b": DrawWindowLightEffect returned false
2026-05-26 01:23:54.931 +02:00 [INF] Map "d5c08240-0436-454a-8993-362abf5bc477": window light drew 1/1 beam(s), skipped 0
2026-05-26 01:23:54.977 +02:00 [WRN] DrawWindowLightEffect: early return - shader is null
2026-05-26 01:23:54.977 +02:00 [INF] DrawWindowLightEffects() called for map "d5c08240-0436-454a-8993-362abf5bc477": Renderer=false, Beams=1
2026-05-26 01:23:54.977 +02:00 [INF] DrawWindowLightEffects() beam "6b7d8043-ed03-4400-b93f-168701db817b": sourceMask=true, opacity=1
2026-05-26 01:23:54.979 +02:00 [INF] DrawWindowLightEffects() beam "6b7d8043-ed03-4400-b93f-168701db817b": geometry=(528,464)-(528,639.36)
2026-05-26 01:23:54.979 +02:00 [WRN] DrawWindowLightEffect: early return - shader is null
2026-05-26 01:23:54.979 +02:00 [INF] DrawWindowLightEffects() beam "6b7d8043-ed03-4400-b93f-168701db817b": DrawWindowLightEffect returned false
2026-05-26 01:23:54.979 +02:00 [INF] Map "d5c08240-0436-454a-8993-362abf5bc477": window light drew 1/1 beam(s), skipped 0
2026-05-26 01:23:55.024 +02:00 [WRN] DrawWindowLightEffect: early return - shader is null
2026-05-26 01:23:55.024 +02:00 [INF] DrawWindowLightEffects() called for map "d5c08240-0436-454a-8993-362abf5bc477": Renderer=false, Beams=1
2026-05-26 01:23:55.024 +02:00 [INF] DrawWindowLightEffects() beam "6b7d8043-ed03-4400-b93f-168701db817b": sourceMask=true, opacity=1
2026-05-26 01:23:55.025 +02:00 [INF] DrawWindowLightEffects() beam "6b7d8043-ed03-4400-b93f-168701db817b": geometry=(528,464)-(528,639.36)
2026-05-26 01:23:55.025 +02:00 [WRN] DrawWindowLightEffect: early return - shader is null
2026-05-26 01:23:55.025 +02:00 [INF] DrawWindowLightEffects() beam "6b7d8043-ed03-4400-b93f-168701db817b": DrawWindowLightEffect returned false
2026-05-26 01:23:55.025 +02:00 [INF] Map "d5c08240-0436-454a-8993-362abf5bc477": window light drew 1/1 beam(s), skipped 0
2026-05-26 01:23:55.070 +02:00 [WRN] DrawWindowLightEffect: early return - shader is null
2026-05-26 01:23:55.070 +02:00 [INF] DrawWindowLightEffects() called for map "d5c08240-0436-454a-8993-362abf5bc477": Renderer=false, Beams=1
2026-05-26 01:23:55.070 +02:00 [INF] DrawWindowLightEffects() beam "6b7d8043-ed03-4400-b93f-168701db817b": sourceMask=true, opacity=1
2026-05-26 01:23:55.071 +02:00 [INF] DrawWindowLightEffects() beam "6b7d8043-ed03-4400-b93f-168701db817b": geometry=(528,464)-(528,639.36)
2026-05-26 01:23:55.071 +02:00 [WRN] DrawWindowLightEffect: early return - shader is null
2026-05-26 01:23:55.071 +02:00 [INF] DrawWindowLightEffects() beam "6b7d8043-ed03-4400-b93f-168701db817b": DrawWindowLightEffect returned false
2026-05-26 01:23:55.071 +02:00 [INF] Map "d5c08240-0436-454a-8993-362abf5bc477": window light drew 1/1 beam(s), skipped 0
2026-05-26 01:23:55.117 +02:00 [WRN] DrawWindowLightEffect: early return - shader is null
2026-05-26 01:23:55.117 +02:00 [INF] DrawWindowLightEffects() called for map "d5c08240-0436-454a-8993-362abf5bc477": Renderer=false, Beams=1
2026-05-26 01:23:55.117 +02:00 [INF] DrawWindowLightEffects() beam "6b7d8043-ed03-4400-b93f-168701db817b": sourceMask=true, opacity=1
2026-05-26 01:23:55.118 +02:00 [INF] DrawWindowLightEffects() beam "6b7d8043-ed03-4400-b93f-168701db817b": geometry=(528,464)-(528,639.36)
2026-05-26 01:23:55.118 +02:00 [WRN] DrawWindowLightEffect: early return - shader is null
2026-05-26 01:23:55.118 +02:00 [INF] DrawWindowLightEffects() beam "6b7d8043-ed03-4400-b93f-168701db817b": DrawWindowLightEffect returned false
2026-05-26 01:23:55.118 +02:00 [INF] Map "d5c08240-0436-454a-8993-362abf5bc477": window light drew 1/1 beam(s), skipped 0
2026-05-26 01:23:55.163 +02:00 [WRN] DrawWindowLightEffect: early return - shader is null
2026-05-26 01:23:55.163 +02:00 [INF] DrawWindowLightEffects() called for map "d5c08240-0436-454a-8993-362abf5bc477": Renderer=false, Beams=1
2026-05-26 01:23:55.163 +02:00 [INF] DrawWindowLightEffects() beam "6b7d8043-ed03-4400-b93f-168701db817b": sourceMask=true, opacity=1
2026-05-26 01:23:55.164 +02:00 [INF] DrawWindowLightEffects() beam "6b7d8043-ed03-4400-b93f-168701db817b": geometry=(528,464)-(528,639.36)
2026-05-26 01:23:55.164 +02:00 [WRN] DrawWindowLightEffect: early return - shader is null
2026-05-26 01:23:55.164 +02:00 [INF] DrawWindowLightEffects() beam "6b7d8043-ed03-4400-b93f-168701db817b": DrawWindowLightEffect returned false
2026-05-26 01:23:55.164 +02:00 [INF] Map "d5c08240-0436-454a-8993-362abf5bc477": window light drew 1/1 beam(s), skipped 0
2026-05-26 01:23:55.209 +02:00 [WRN] DrawWindowLightEffect: early return - shader is null
2026-05-26 01:23:55.209 +02:00 [INF] DrawWindowLightEffects() called for map "d5c08240-0436-454a-8993-362abf5bc477": Renderer=false, Beams=1
2026-05-26 01:23:55.209 +02:00 [INF] DrawWindowLightEffects() beam "6b7d8043-ed03-4400-b93f-168701db817b": sourceMask=true, opacity=1
2026-05-26 01:23:55.210 +02:00 [INF] DrawWindowLightEffects() beam "6b7d8043-ed03-4400-b93f-168701db817b": geometry=(528,464)-(528,639.36)
2026-05-26 01:23:55.210 +02:00 [WRN] DrawWindowLightEffect: early return - shader is null
2026-05-26 01:23:55.210 +02:00 [INF] DrawWindowLightEffects() beam "6b7d8043-ed03-4400-b93f-168701db817b": DrawWindowLightEffect returned false
2026-05-26 01:23:55.210 +02:00 [INF] Map "d5c08240-0436-454a-8993-362abf5bc477": window light drew 1/1 beam(s), skipped 0
2026-05-26 01:23:55.257 +02:00 [WRN] DrawWindowLightEffect: early return - shader is null
2026-05-26 01:23:55.257 +02:00 [INF] DrawWindowLightEffects() called for map "d5c08240-0436-454a-8993-362abf5bc477": Renderer=false, Beams=1
2026-05-26 01:23:55.257 +02:00 [INF] DrawWindowLightEffects() beam "6b7d8043-ed03-4400-b93f-168701db817b": sourceMask=true, opacity=1
2026-05-26 01:23:55.259 +02:00 [INF] DrawWindowLightEffects() beam "6b7d8043-ed03-4400-b93f-168701db817b": geometry=(528,464)-(528,639.36)
2026-05-26 01:23:55.259 +02:00 [WRN] DrawWindowLightEffect: early return - shader is null
2026-05-26 01:23:55.259 +02:00 [INF] DrawWindowLightEffects() beam "6b7d8043-ed03-4400-b93f-168701db817b": DrawWindowLightEffect returned false
2026-05-26 01:23:55.259 +02:00 [INF] Map "d5c08240-0436-454a-8993-362abf5bc477": window light drew 1/1 beam(s), skipped 0
2026-05-26 01:23:55.306 +02:00 [WRN] DrawWindowLightEffect: early return - shader is null
2026-05-26 01:23:55.306 +02:00 [INF] DrawWindowLightEffects() called for map "d5c08240-0436-454a-8993-362abf5bc477": Renderer=false, Beams=1
2026-05-26 01:23:55.306 +02:00 [INF] DrawWindowLightEffects() beam "6b7d8043-ed03-4400-b93f-168701db817b": sourceMask=true, opacity=1
2026-05-26 01:23:55.307 +02:00 [INF] DrawWindowLightEffects() beam "6b7d8043-ed03-4400-b93f-168701db817b": geometry=(528,464)-(528,639.36)
2026-05-26 01:23:55.307 +02:00 [WRN] DrawWindowLightEffect: early return - shader is null
2026-05-26 01:23:55.307 +02:00 [INF] DrawWindowLightEffects() beam "6b7d8043-ed03-4400-b93f-168701db817b": DrawWindowLightEffect returned false
2026-05-26 01:23:55.307 +02:00 [INF] Map "d5c08240-0436-454a-8993-362abf5bc477": window light drew 1/1 beam(s), skipped 0
2026-05-26 01:23:55.352 +02:00 [WRN] DrawWindowLightEffect: early return - shader is null
2026-05-26 01:23:55.352 +02:00 [INF] DrawWindowLightEffects() called for map "d5c08240-0436-454a-8993-362abf5bc477": Renderer=false, Beams=1
2026-05-26 01:23:55.352 +02:00 [INF] DrawWindowLightEffects() beam "6b7d8043-ed03-4400-b93f-168701db817b": sourceMask=true, opacity=1
2026-05-26 01:23:55.354 +02:00 [INF] DrawWindowLightEffects() beam "6b7d8043-ed03-4400-b93f-168701db817b": geometry=(528,464)-(528,639.36)
2026-05-26 01:23:55.354 +02:00 [WRN] DrawWindowLightEffect: early return - shader is null
2026-05-26 01:23:55.354 +02:00 [INF] DrawWindowLightEffects() beam "6b7d8043-ed03-4400-b93f-168701db817b": DrawWindowLightEffect returned false
2026-05-26 01:23:55.354 +02:00 [INF] Map "d5c08240-0436-454a-8993-362abf5bc477": window light drew 1/1 beam(s), skipped 0
2026-05-26 01:23:55.399 +02:00 [WRN] DrawWindowLightEffect: early return - shader is null
2026-05-26 01:23:55.399 +02:00 [INF] DrawWindowLightEffects() called for map "d5c08240-0436-454a-8993-362abf5bc477": Renderer=false, Beams=1
2026-05-26 01:23:55.399 +02:00 [INF] DrawWindowLightEffects() beam "6b7d8043-ed03-4400-b93f-168701db817b": sourceMask=true, opacity=1
2026-05-26 01:23:55.401 +02:00 [INF] DrawWindowLightEffects() beam "6b7d8043-ed03-4400-b93f-168701db817b": geometry=(528,464)-(528,639.36)
2026-05-26 01:23:55.401 +02:00 [WRN] DrawWindowLightEffect: early return - shader is null
2026-05-26 01:23:55.401 +02:00 [INF] DrawWindowLightEffects() beam "6b7d8043-ed03-4400-b93f-168701db817b": DrawWindowLightEffect returned false
2026-05-26 01:23:55.401 +02:00 [INF] Map "d5c08240-0436-454a-8993-362abf5bc477": window light drew 1/1 beam(s), skipped 0
2026-05-26 01:23:55.446 +02:00 [WRN] DrawWindowLightEffect: early return - shader is null
2026-05-26 01:23:55.446 +02:00 [INF] DrawWindowLightEffects() called for map "d5c08240-0436-454a-8993-362abf5bc477": Renderer=false, Beams=1
2026-05-26 01:23:55.446 +02:00 [INF] DrawWindowLightEffects() beam "6b7d8043-ed03-4400-b93f-168701db817b": sourceMask=true, opacity=1
2026-05-26 01:23:55.447 +02:00 [INF] DrawWindowLightEffects() beam "6b7d8043-ed03-4400-b93f-168701db817b": geometry=(528,464)-(528,639.36)
2026-05-26 01:23:55.447 +02:00 [WRN] DrawWindowLightEffect: early return - shader is null
2026-05-26 01:23:55.447 +02:00 [INF] DrawWindowLightEffects() beam "6b7d8043-ed03-4400-b93f-168701db817b": DrawWindowLightEffect returned false
2026-05-26 01:23:55.447 +02:00 [INF] Map "d5c08240-0436-454a-8993-362abf5bc477": window light drew 1/1 beam(s), skipped 0
2026-05-26 01:23:55.492 +02:00 [WRN] DrawWindowLightEffect: early return - shader is null
2026-05-26 01:23:55.492 +02:00 [INF] DrawWindowLightEffects() called for map "d5c08240-0436-454a-8993-362abf5bc477": Renderer=false, Beams=1
2026-05-26 01:23:55.492 +02:00 [INF] DrawWindowLightEffects() beam "6b7d8043-ed03-4400-b93f-168701db817b": sourceMask=true, opacity=1
2026-05-26 01:23:55.493 +02:00 [INF] DrawWindowLightEffects() beam "6b7d8043-ed03-4400-b93f-168701db817b": geometry=(528,464)-(528,639.36)
2026-05-26 01:23:55.493 +02:00 [WRN] DrawWindowLightEffect: early return - shader is null
2026-05-26 01:23:55.493 +02:00 [INF] DrawWindowLightEffects() beam "6b7d8043-ed03-4400-b93f-168701db817b": DrawWindowLightEffect returned false
2026-05-26 01:23:55.493 +02:00 [INF] Map "d5c08240-0436-454a-8993-362abf5bc477": window light drew 1/1 beam(s), skipped 0
2026-05-26 01:23:55.540 +02:00 [WRN] DrawWindowLightEffect: early return - shader is null
2026-05-26 01:23:55.540 +02:00 [INF] DrawWindowLightEffects() called for map "d5c08240-0436-454a-8993-362abf5bc477": Renderer=false, Beams=1
2026-05-26 01:23:55.540 +02:00 [INF] DrawWindowLightEffects() beam "6b7d8043-ed03-4400-b93f-168701db817b": sourceMask=true, opacity=1
2026-05-26 01:23:55.541 +02:00 [INF] DrawWindowLightEffects() beam "6b7d8043-ed03-4400-b93f-168701db817b": geometry=(528,464)-(528,639.36)
2026-05-26 01:23:55.541 +02:00 [WRN] DrawWindowLightEffect: early return - shader is null
2026-05-26 01:23:55.541 +02:00 [INF] DrawWindowLightEffects() beam "6b7d8043-ed03-4400-b93f-168701db817b": DrawWindowLightEffect returned false
2026-05-26 01:23:55.541 +02:00 [INF] Map "d5c08240-0436-454a-8993-362abf5bc477": window light drew 1/1 beam(s), skipped 0
2026-05-26 01:23:55.587 +02:00 [WRN] DrawWindowLightEffect: early return - shader is null
2026-05-26 01:23:55.587 +02:00 [INF] DrawWindowLightEffects() called for map "d5c08240-0436-454a-8993-362abf5bc477": Renderer=false, Beams=1
2026-05-26 01:23:55.587 +02:00 [INF] DrawWindowLightEffects() beam "6b7d8043-ed03-4400-b93f-168701db817b": sourceMask=true, opacity=1
2026-05-26 01:23:55.588 +02:00 [INF] DrawWindowLightEffects() beam "6b7d8043-ed03-4400-b93f-168701db817b": geometry=(528,464)-(528,639.36)
2026-05-26 01:23:55.588 +02:00 [WRN] DrawWindowLightEffect: early return - shader is null
2026-05-26 01:23:55.588 +02:00 [INF] DrawWindowLightEffects() beam "6b7d8043-ed03-4400-b93f-168701db817b": DrawWindowLightEffect returned false
2026-05-26 01:23:55.588 +02:00 [INF] Map "d5c08240-0436-454a-8993-362abf5bc477": window light drew 1/1 beam(s), skipped 0
2026-05-26 01:23:55.634 +02:00 [WRN] DrawWindowLightEffect: early return - shader is null
2026-05-26 01:23:55.634 +02:00 [INF] DrawWindowLightEffects() called for map "d5c08240-0436-454a-8993-362abf5bc477": Renderer=false, Beams=1
2026-05-26 01:23:55.634 +02:00 [INF] DrawWindowLightEffects() beam "6b7d8043-ed03-4400-b93f-168701db817b": sourceMask=true, opacity=1
2026-05-26 01:23:55.636 +02:00 [INF] DrawWindowLightEffects() beam "6b7d8043-ed03-4400-b93f-168701db817b": geometry=(528,464)-(528,639.36)
2026-05-26 01:23:55.636 +02:00 [WRN] DrawWindowLightEffect: early return - shader is null
2026-05-26 01:23:55.636 +02:00 [INF] DrawWindowLightEffects() beam "6b7d8043-ed03-4400-b93f-168701db817b": DrawWindowLightEffect returned false
2026-05-26 01:23:55.636 +02:00 [INF] Map "d5c08240-0436-454a-8993-362abf5bc477": window light drew 1/1 beam(s), skipped 0
2026-05-26 01:23:55.681 +02:00 [WRN] DrawWindowLightEffect: early return - shader is null
2026-05-26 01:23:55.681 +02:00 [INF] DrawWindowLightEffects() called for map "d5c08240-0436-454a-8993-362abf5bc477": Renderer=false, Beams=1
2026-05-26 01:23:55.681 +02:00 [INF] DrawWindowLightEffects() beam "6b7d8043-ed03-4400-b93f-168701db817b": sourceMask=true, opacity=1
2026-05-26 01:23:55.683 +02:00 [INF] DrawWindowLightEffects() beam "6b7d8043-ed03-4400-b93f-168701db817b": geometry=(528,464)-(528,639.36)
2026-05-26 01:23:55.683 +02:00 [WRN] DrawWindowLightEffect: early return - shader is null
2026-05-26 01:23:55.683 +02:00 [INF] DrawWindowLightEffects() beam "6b7d8043-ed03-4400-b93f-168701db817b": DrawWindowLightEffect returned false
2026-05-26 01:23:55.683 +02:00 [INF] Map "d5c08240-0436-454a-8993-362abf5bc477": window light drew 1/1 beam(s), skipped 0
2026-05-26 01:23:55.729 +02:00 [WRN] DrawWindowLightEffect: early return - shader is null
2026-05-26 01:23:55.729 +02:00 [INF] DrawWindowLightEffects() called for map "d5c08240-0436-454a-8993-362abf5bc477": Renderer=false, Beams=1
2026-05-26 01:23:55.729 +02:00 [INF] DrawWindowLightEffects() beam "6b7d8043-ed03-4400-b93f-168701db817b": sourceMask=true, opacity=1
2026-05-26 01:23:55.730 +02:00 [INF] DrawWindowLightEffects() beam "6b7d8043-ed03-4400-b93f-168701db817b": geometry=(528,464)-(528,639.36)
2026-05-26 01:23:55.730 +02:00 [WRN] DrawWindowLightEffect: early return - shader is null
2026-05-26 01:23:55.730 +02:00 [INF] DrawWindowLightEffects() beam "6b7d8043-ed03-4400-b93f-168701db817b": DrawWindowLightEffect returned false
2026-05-26 01:23:55.730 +02:00 [INF] Map "d5c08240-0436-454a-8993-362abf5bc477": window light drew 1/1 beam(s), skipped 0
2026-05-26 01:23:55.776 +02:00 [WRN] DrawWindowLightEffect: early return - shader is null
2026-05-26 01:23:55.776 +02:00 [INF] DrawWindowLightEffects() called for map "d5c08240-0436-454a-8993-362abf5bc477": Renderer=false, Beams=1
2026-05-26 01:23:55.776 +02:00 [INF] DrawWindowLightEffects() beam "6b7d8043-ed03-4400-b93f-168701db817b": sourceMask=true, opacity=1
2026-05-26 01:23:55.777 +02:00 [INF] DrawWindowLightEffects() beam "6b7d8043-ed03-4400-b93f-168701db817b": geometry=(528,464)-(528,639.36)
2026-05-26 01:23:55.777 +02:00 [WRN] DrawWindowLightEffect: early return - shader is null
2026-05-26 01:23:55.777 +02:00 [INF] DrawWindowLightEffects() beam "6b7d8043-ed03-4400-b93f-168701db817b": DrawWindowLightEffect returned false
2026-05-26 01:23:55.777 +02:00 [INF] Map "d5c08240-0436-454a-8993-362abf5bc477": window light drew 1/1 beam(s), skipped 0
2026-05-26 01:23:55.823 +02:00 [WRN] DrawWindowLightEffect: early return - shader is null
2026-05-26 01:23:55.823 +02:00 [INF] DrawWindowLightEffects() called for map "d5c08240-0436-454a-8993-362abf5bc477": Renderer=false, Beams=1
2026-05-26 01:23:55.823 +02:00 [INF] DrawWindowLightEffects() beam "6b7d8043-ed03-4400-b93f-168701db817b": sourceMask=true, opacity=1
2026-05-26 01:23:55.824 +02:00 [INF] DrawWindowLightEffects() beam "6b7d8043-ed03-4400-b93f-168701db817b": geometry=(528,464)-(528,639.36)
2026-05-26 01:23:55.824 +02:00 [WRN] DrawWindowLightEffect: early return - shader is null
2026-05-26 01:23:55.824 +02:00 [INF] DrawWindowLightEffects() beam "6b7d8043-ed03-4400-b93f-168701db817b": DrawWindowLightEffect returned false
2026-05-26 01:23:55.824 +02:00 [INF] Map "d5c08240-0436-454a-8993-362abf5bc477": window light drew 1/1 beam(s), skipped 0
2026-05-26 01:23:55.870 +02:00 [WRN] DrawWindowLightEffect: early return - shader is null
2026-05-26 01:23:55.870 +02:00 [INF] DrawWindowLightEffects() called for map "d5c08240-0436-454a-8993-362abf5bc477": Renderer=false, Beams=1
2026-05-26 01:23:55.870 +02:00 [INF] DrawWindowLightEffects() beam "6b7d8043-ed03-4400-b93f-168701db817b": sourceMask=true, opacity=1
2026-05-26 01:23:55.871 +02:00 [INF] DrawWindowLightEffects() beam "6b7d8043-ed03-4400-b93f-168701db817b": geometry=(528,464)-(528,639.36)
2026-05-26 01:23:55.871 +02:00 [WRN] DrawWindowLightEffect: early return - shader is null
2026-05-26 01:23:55.871 +02:00 [INF] DrawWindowLightEffects() beam "6b7d8043-ed03-4400-b93f-168701db817b": DrawWindowLightEffect returned false
2026-05-26 01:23:55.871 +02:00 [INF] Map "d5c08240-0436-454a-8993-362abf5bc477": window light drew 1/1 beam(s), skipped 0
2026-05-26 01:23:55.916 +02:00 [WRN] DrawWindowLightEffect: early return - shader is null
2026-05-26 01:23:55.917 +02:00 [INF] DrawWindowLightEffects() called for map "d5c08240-0436-454a-8993-362abf5bc477": Renderer=false, Beams=1
2026-05-26 01:23:55.917 +02:00 [INF] DrawWindowLightEffects() beam "6b7d8043-ed03-4400-b93f-168701db817b": sourceMask=true, opacity=1
2026-05-26 01:23:55.918 +02:00 [INF] DrawWindowLightEffects() beam "6b7d8043-ed03-4400-b93f-168701db817b": geometry=(528,464)-(528,639.36)
2026-05-26 01:23:55.918 +02:00 [WRN] DrawWindowLightEffect: early return - shader is null
2026-05-26 01:23:55.918 +02:00 [INF] DrawWindowLightEffects() beam "6b7d8043-ed03-4400-b93f-168701db817b": DrawWindowLightEffect returned false
2026-05-26 01:23:55.918 +02:00 [INF] Map "d5c08240-0436-454a-8993-362abf5bc477": window light drew 1/1 beam(s), skipped 0
2026-05-26 01:23:55.963 +02:00 [WRN] DrawWindowLightEffect: early return - shader is null
2026-05-26 01:23:55.963 +02:00 [INF] DrawWindowLightEffects() called for map "d5c08240-0436-454a-8993-362abf5bc477": Renderer=false, Beams=1
2026-05-26 01:23:55.963 +02:00 [INF] DrawWindowLightEffects() beam "6b7d8043-ed03-4400-b93f-168701db817b": sourceMask=true, opacity=1
2026-05-26 01:23:55.965 +02:00 [INF] DrawWindowLightEffects() beam "6b7d8043-ed03-4400-b93f-168701db817b": geometry=(528,464)-(528,639.36)
2026-05-26 01:23:55.965 +02:00 [WRN] DrawWindowLightEffect: early return - shader is null
2026-05-26 01:23:55.965 +02:00 [INF] DrawWindowLightEffects() beam "6b7d8043-ed03-4400-b93f-168701db817b": DrawWindowLightEffect returned false
2026-05-26 01:23:55.965 +02:00 [INF] Map "d5c08240-0436-454a-8993-362abf5bc477": window light drew 1/1 beam(s), skipped 0
2026-05-26 01:23:56.010 +02:00 [WRN] DrawWindowLightEffect: early return - shader is null
2026-05-26 01:23:56.010 +02:00 [INF] DrawWindowLightEffects() called for map "d5c08240-0436-454a-8993-362abf5bc477": Renderer=false, Beams=1
2026-05-26 01:23:56.010 +02:00 [INF] DrawWindowLightEffects() beam "6b7d8043-ed03-4400-b93f-168701db817b": sourceMask=true, opacity=1
2026-05-26 01:23:56.011 +02:00 [INF] DrawWindowLightEffects() beam "6b7d8043-ed03-4400-b93f-168701db817b": geometry=(528,464)-(528,639.36)
2026-05-26 01:23:56.011 +02:00 [WRN] DrawWindowLightEffect: early return - shader is null
2026-05-26 01:23:56.011 +02:00 [INF] DrawWindowLightEffects() beam "6b7d8043-ed03-4400-b93f-168701db817b": DrawWindowLightEffect returned false
2026-05-26 01:23:56.011 +02:00 [INF] Map "d5c08240-0436-454a-8993-362abf5bc477": window light drew 1/1 beam(s), skipped 0
2026-05-26 01:23:56.057 +02:00 [WRN] DrawWindowLightEffect: early return - shader is null
2026-05-26 01:23:56.057 +02:00 [INF] DrawWindowLightEffects() called for map "d5c08240-0436-454a-8993-362abf5bc477": Renderer=false, Beams=1
2026-05-26 01:23:56.057 +02:00 [INF] DrawWindowLightEffects() beam "6b7d8043-ed03-4400-b93f-168701db817b": sourceMask=true, opacity=1
2026-05-26 01:23:56.059 +02:00 [INF] DrawWindowLightEffects() beam "6b7d8043-ed03-4400-b93f-168701db817b": geometry=(528,464)-(528,639.36)
2026-05-26 01:23:56.059 +02:00 [WRN] DrawWindowLightEffect: early return - shader is null
2026-05-26 01:23:56.059 +02:00 [INF] DrawWindowLightEffects() beam "6b7d8043-ed03-4400-b93f-168701db817b": DrawWindowLightEffect returned false
2026-05-26 01:23:56.059 +02:00 [INF] Map "d5c08240-0436-454a-8993-362abf5bc477": window light drew 1/1 beam(s), skipped 0
2026-05-26 01:23:56.104 +02:00 [WRN] DrawWindowLightEffect: early return - shader is null
2026-05-26 01:23:56.104 +02:00 [INF] DrawWindowLightEffects() called for map "d5c08240-0436-454a-8993-362abf5bc477": Renderer=false, Beams=1
2026-05-26 01:23:56.104 +02:00 [INF] DrawWindowLightEffects() beam "6b7d8043-ed03-4400-b93f-168701db817b": sourceMask=true, opacity=1
2026-05-26 01:23:56.105 +02:00 [INF] DrawWindowLightEffects() beam "6b7d8043-ed03-4400-b93f-168701db817b": geometry=(528,464)-(528,639.36)
2026-05-26 01:23:56.105 +02:00 [WRN] DrawWindowLightEffect: early return - shader is null
2026-05-26 01:23:56.105 +02:00 [INF] DrawWindowLightEffects() beam "6b7d8043-ed03-4400-b93f-168701db817b": DrawWindowLightEffect returned false
2026-05-26 01:23:56.105 +02:00 [INF] Map "d5c08240-0436-454a-8993-362abf5bc477": window light drew 1/1 beam(s), skipped 0
2026-05-26 01:23:56.151 +02:00 [WRN] DrawWindowLightEffect: early return - shader is null
2026-05-26 01:23:56.151 +02:00 [INF] DrawWindowLightEffects() called for map "d5c08240-0436-454a-8993-362abf5bc477": Renderer=false, Beams=1
2026-05-26 01:23:56.151 +02:00 [INF] DrawWindowLightEffects() beam "6b7d8043-ed03-4400-b93f-168701db817b": sourceMask=true, opacity=1
2026-05-26 01:23:56.153 +02:00 [INF] DrawWindowLightEffects() beam "6b7d8043-ed03-4400-b93f-168701db817b": geometry=(528,464)-(528,639.36)
2026-05-26 01:23:56.153 +02:00 [WRN] DrawWindowLightEffect: early return - shader is null
2026-05-26 01:23:56.153 +02:00 [INF] DrawWindowLightEffects() beam "6b7d8043-ed03-4400-b93f-168701db817b": DrawWindowLightEffect returned false
2026-05-26 01:23:56.153 +02:00 [INF] Map "d5c08240-0436-454a-8993-362abf5bc477": window light drew 1/1 beam(s), skipped 0
2026-05-26 01:23:56.199 +02:00 [WRN] DrawWindowLightEffect: early return - shader is null
2026-05-26 01:23:56.199 +02:00 [INF] DrawWindowLightEffects() called for map "d5c08240-0436-454a-8993-362abf5bc477": Renderer=false, Beams=1
2026-05-26 01:23:56.199 +02:00 [INF] DrawWindowLightEffects() beam "6b7d8043-ed03-4400-b93f-168701db817b": sourceMask=true, opacity=1
2026-05-26 01:23:56.200 +02:00 [INF] DrawWindowLightEffects() beam "6b7d8043-ed03-4400-b93f-168701db817b": geometry=(528,464)-(528,639.36)
2026-05-26 01:23:56.200 +02:00 [WRN] DrawWindowLightEffect: early return - shader is null
2026-05-26 01:23:56.200 +02:00 [INF] DrawWindowLightEffects() beam "6b7d8043-ed03-4400-b93f-168701db817b": DrawWindowLightEffect returned false
2026-05-26 01:23:56.200 +02:00 [INF] Map "d5c08240-0436-454a-8993-362abf5bc477": window light drew 1/1 beam(s), skipped 0
2026-05-26 01:23:56.246 +02:00 [WRN] DrawWindowLightEffect: early return - shader is null
2026-05-26 01:23:56.246 +02:00 [INF] DrawWindowLightEffects() called for map "d5c08240-0436-454a-8993-362abf5bc477": Renderer=false, Beams=1
2026-05-26 01:23:56.246 +02:00 [INF] DrawWindowLightEffects() beam "6b7d8043-ed03-4400-b93f-168701db817b": sourceMask=true, opacity=1
2026-05-26 01:23:56.247 +02:00 [INF] DrawWindowLightEffects() beam "6b7d8043-ed03-4400-b93f-168701db817b": geometry=(528,464)-(528,639.36)
2026-05-26 01:23:56.247 +02:00 [WRN] DrawWindowLightEffect: early return - shader is null
2026-05-26 01:23:56.247 +02:00 [INF] DrawWindowLightEffects() beam "6b7d8043-ed03-4400-b93f-168701db817b": DrawWindowLightEffect returned false
2026-05-26 01:23:56.247 +02:00 [INF] Map "d5c08240-0436-454a-8993-362abf5bc477": window light drew 1/1 beam(s), skipped 0
2026-05-26 01:23:56.294 +02:00 [WRN] DrawWindowLightEffect: early return - shader is null
2026-05-26 01:23:56.294 +02:00 [INF] DrawWindowLightEffects() called for map "d5c08240-0436-454a-8993-362abf5bc477": Renderer=false, Beams=1
2026-05-26 01:23:56.294 +02:00 [INF] DrawWindowLightEffects() beam "6b7d8043-ed03-4400-b93f-168701db817b": sourceMask=true, opacity=1
2026-05-26 01:23:56.296 +02:00 [INF] DrawWindowLightEffects() beam "6b7d8043-ed03-4400-b93f-168701db817b": geometry=(528,464)-(528,639.36)
2026-05-26 01:23:56.296 +02:00 [WRN] DrawWindowLightEffect: early return - shader is null
2026-05-26 01:23:56.296 +02:00 [INF] DrawWindowLightEffects() beam "6b7d8043-ed03-4400-b93f-168701db817b": DrawWindowLightEffect returned false
2026-05-26 01:23:56.296 +02:00 [INF] Map "d5c08240-0436-454a-8993-362abf5bc477": window light drew 1/1 beam(s), skipped 0
2026-05-26 01:23:56.341 +02:00 [WRN] DrawWindowLightEffect: early return - shader is null
2026-05-26 01:23:56.341 +02:00 [INF] DrawWindowLightEffects() called for map "d5c08240-0436-454a-8993-362abf5bc477": Renderer=false, Beams=1
2026-05-26 01:23:56.341 +02:00 [INF] DrawWindowLightEffects() beam "6b7d8043-ed03-4400-b93f-168701db817b": sourceMask=true, opacity=1
2026-05-26 01:23:56.342 +02:00 [INF] DrawWindowLightEffects() beam "6b7d8043-ed03-4400-b93f-168701db817b": geometry=(528,464)-(528,639.36)
2026-05-26 01:23:56.342 +02:00 [WRN] DrawWindowLightEffect: early return - shader is null
2026-05-26 01:23:56.342 +02:00 [INF] DrawWindowLightEffects() beam "6b7d8043-ed03-4400-b93f-168701db817b": DrawWindowLightEffect returned false
2026-05-26 01:23:56.342 +02:00 [INF] Map "d5c08240-0436-454a-8993-362abf5bc477": window light drew 1/1 beam(s), skipped 0
2026-05-26 01:23:56.388 +02:00 [WRN] DrawWindowLightEffect: early return - shader is null
2026-05-26 01:23:56.388 +02:00 [INF] DrawWindowLightEffects() called for map "d5c08240-0436-454a-8993-362abf5bc477": Renderer=false, Beams=1
2026-05-26 01:23:56.388 +02:00 [INF] DrawWindowLightEffects() beam "6b7d8043-ed03-4400-b93f-168701db817b": sourceMask=true, opacity=1
2026-05-26 01:23:56.389 +02:00 [INF] DrawWindowLightEffects() beam "6b7d8043-ed03-4400-b93f-168701db817b": geometry=(528,464)-(528,639.36)
2026-05-26 01:23:56.389 +02:00 [WRN] DrawWindowLightEffect: early return - shader is null
2026-05-26 01:23:56.389 +02:00 [INF] DrawWindowLightEffects() beam "6b7d8043-ed03-4400-b93f-168701db817b": DrawWindowLightEffect returned false
2026-05-26 01:23:56.389 +02:00 [INF] Map "d5c08240-0436-454a-8993-362abf5bc477": window light drew 1/1 beam(s), skipped 0
2026-05-26 01:23:56.436 +02:00 [WRN] DrawWindowLightEffect: early return - shader is null
2026-05-26 01:23:56.436 +02:00 [INF] DrawWindowLightEffects() called for map "d5c08240-0436-454a-8993-362abf5bc477": Renderer=false, Beams=1
2026-05-26 01:23:56.436 +02:00 [INF] DrawWindowLightEffects() beam "6b7d8043-ed03-4400-b93f-168701db817b": sourceMask=true, opacity=1
2026-05-26 01:23:56.437 +02:00 [INF] DrawWindowLightEffects() beam "6b7d8043-ed03-4400-b93f-168701db817b": geometry=(528,464)-(528,639.36)
2026-05-26 01:23:56.437 +02:00 [WRN] DrawWindowLightEffect: early return - shader is null
2026-05-26 01:23:56.437 +02:00 [INF] DrawWindowLightEffects() beam "6b7d8043-ed03-4400-b93f-168701db817b": DrawWindowLightEffect returned false
2026-05-26 01:23:56.437 +02:00 [INF] Map "d5c08240-0436-454a-8993-362abf5bc477": window light drew 1/1 beam(s), skipped 0
2026-05-26 01:23:56.483 +02:00 [WRN] DrawWindowLightEffect: early return - shader is null
2026-05-26 01:23:56.483 +02:00 [INF] DrawWindowLightEffects() called for map "d5c08240-0436-454a-8993-362abf5bc477": Renderer=false, Beams=1
2026-05-26 01:23:56.483 +02:00 [INF] DrawWindowLightEffects() beam "6b7d8043-ed03-4400-b93f-168701db817b": sourceMask=true, opacity=1
2026-05-26 01:23:56.484 +02:00 [INF] DrawWindowLightEffects() beam "6b7d8043-ed03-4400-b93f-168701db817b": geometry=(528,464)-(528,639.36)
2026-05-26 01:23:56.484 +02:00 [WRN] DrawWindowLightEffect: early return - shader is null
2026-05-26 01:23:56.484 +02:00 [INF] DrawWindowLightEffects() beam "6b7d8043-ed03-4400-b93f-168701db817b": DrawWindowLightEffect returned false
2026-05-26 01:23:56.484 +02:00 [INF] Map "d5c08240-0436-454a-8993-362abf5bc477": window light drew 1/1 beam(s), skipped 0
2026-05-26 01:23:56.535 +02:00 [WRN] DrawWindowLightEffect: early return - shader is null
2026-05-26 01:23:56.535 +02:00 [INF] DrawWindowLightEffects() called for map "d5c08240-0436-454a-8993-362abf5bc477": Renderer=false, Beams=1
2026-05-26 01:23:56.535 +02:00 [INF] DrawWindowLightEffects() beam "6b7d8043-ed03-4400-b93f-168701db817b": sourceMask=true, opacity=1
2026-05-26 01:23:56.536 +02:00 [INF] DrawWindowLightEffects() beam "6b7d8043-ed03-4400-b93f-168701db817b": geometry=(528,464)-(528,639.36)
2026-05-26 01:23:56.536 +02:00 [WRN] DrawWindowLightEffect: early return - shader is null
2026-05-26 01:23:56.536 +02:00 [INF] DrawWindowLightEffects() beam "6b7d8043-ed03-4400-b93f-168701db817b": DrawWindowLightEffect returned false
2026-05-26 01:23:56.536 +02:00 [INF] Map "d5c08240-0436-454a-8993-362abf5bc477": window light drew 1/1 beam(s), skipped 0
2026-05-26 01:23:56.584 +02:00 [WRN] DrawWindowLightEffect: early return - shader is null
2026-05-26 01:23:56.584 +02:00 [INF] DrawWindowLightEffects() called for map "d5c08240-0436-454a-8993-362abf5bc477": Renderer=false, Beams=1
2026-05-26 01:23:56.584 +02:00 [INF] DrawWindowLightEffects() beam "6b7d8043-ed03-4400-b93f-168701db817b": sourceMask=true, opacity=1
2026-05-26 01:23:56.585 +02:00 [INF] DrawWindowLightEffects() beam "6b7d8043-ed03-4400-b93f-168701db817b": geometry=(528,464)-(528,639.36)
2026-05-26 01:23:56.585 +02:00 [WRN] DrawWindowLightEffect: early return - shader is null
2026-05-26 01:23:56.585 +02:00 [INF] DrawWindowLightEffects() beam "6b7d8043-ed03-4400-b93f-168701db817b": DrawWindowLightEffect returned false
2026-05-26 01:23:56.585 +02:00 [INF] Map "d5c08240-0436-454a-8993-362abf5bc477": window light drew 1/1 beam(s), skipped 0
2026-05-26 01:23:56.634 +02:00 [WRN] DrawWindowLightEffect: early return - shader is null
2026-05-26 01:23:56.634 +02:00 [INF] DrawWindowLightEffects() called for map "d5c08240-0436-454a-8993-362abf5bc477": Renderer=false, Beams=1
2026-05-26 01:23:56.634 +02:00 [INF] DrawWindowLightEffects() beam "6b7d8043-ed03-4400-b93f-168701db817b": sourceMask=true, opacity=1
2026-05-26 01:23:56.635 +02:00 [INF] DrawWindowLightEffects() beam "6b7d8043-ed03-4400-b93f-168701db817b": geometry=(528,464)-(528,639.36)
2026-05-26 01:23:56.635 +02:00 [WRN] DrawWindowLightEffect: early return - shader is null
2026-05-26 01:23:56.635 +02:00 [INF] DrawWindowLightEffects() beam "6b7d8043-ed03-4400-b93f-168701db817b": DrawWindowLightEffect returned false
2026-05-26 01:23:56.635 +02:00 [INF] Map "d5c08240-0436-454a-8993-362abf5bc477": window light drew 1/1 beam(s), skipped 0
2026-05-26 01:23:56.687 +02:00 [WRN] DrawWindowLightEffect: early return - shader is null
2026-05-26 01:23:56.687 +02:00 [INF] DrawWindowLightEffects() called for map "d5c08240-0436-454a-8993-362abf5bc477": Renderer=false, Beams=1
2026-05-26 01:23:56.687 +02:00 [INF] DrawWindowLightEffects() beam "6b7d8043-ed03-4400-b93f-168701db817b": sourceMask=true, opacity=1
2026-05-26 01:23:56.689 +02:00 [INF] DrawWindowLightEffects() beam "6b7d8043-ed03-4400-b93f-168701db817b": geometry=(528,464)-(528,639.36)
2026-05-26 01:23:56.689 +02:00 [WRN] DrawWindowLightEffect: early return - shader is null
2026-05-26 01:23:56.689 +02:00 [INF] DrawWindowLightEffects() beam "6b7d8043-ed03-4400-b93f-168701db817b": DrawWindowLightEffect returned false
2026-05-26 01:23:56.689 +02:00 [INF] Map "d5c08240-0436-454a-8993-362abf5bc477": window light drew 1/1 beam(s), skipped 0
2026-05-26 01:23:56.734 +02:00 [WRN] DrawWindowLightEffect: early return - shader is null
2026-05-26 01:23:56.734 +02:00 [INF] DrawWindowLightEffects() called for map "d5c08240-0436-454a-8993-362abf5bc477": Renderer=false, Beams=1
2026-05-26 01:23:56.734 +02:00 [INF] DrawWindowLightEffects() beam "6b7d8043-ed03-4400-b93f-168701db817b": sourceMask=true, opacity=1
2026-05-26 01:23:56.735 +02:00 [INF] DrawWindowLightEffects() beam "6b7d8043-ed03-4400-b93f-168701db817b": geometry=(528,464)-(528,639.36)
2026-05-26 01:23:56.735 +02:00 [WRN] DrawWindowLightEffect: early return - shader is null
2026-05-26 01:23:56.735 +02:00 [INF] DrawWindowLightEffects() beam "6b7d8043-ed03-4400-b93f-168701db817b": DrawWindowLightEffect returned false
2026-05-26 01:23:56.736 +02:00 [INF] Map "d5c08240-0436-454a-8993-362abf5bc477": window light drew 1/1 beam(s), skipped 0
2026-05-26 01:23:56.783 +02:00 [WRN] DrawWindowLightEffect: early return - shader is null
2026-05-26 01:23:56.783 +02:00 [INF] DrawWindowLightEffects() called for map "d5c08240-0436-454a-8993-362abf5bc477": Renderer=false, Beams=1
2026-05-26 01:23:56.783 +02:00 [INF] DrawWindowLightEffects() beam "6b7d8043-ed03-4400-b93f-168701db817b": sourceMask=true, opacity=1
2026-05-26 01:23:56.785 +02:00 [INF] DrawWindowLightEffects() beam "6b7d8043-ed03-4400-b93f-168701db817b": geometry=(528,464)-(528,639.36)
2026-05-26 01:23:56.785 +02:00 [WRN] DrawWindowLightEffect: early return - shader is null
2026-05-26 01:23:56.785 +02:00 [INF] DrawWindowLightEffects() beam "6b7d8043-ed03-4400-b93f-168701db817b": DrawWindowLightEffect returned false
2026-05-26 01:23:56.785 +02:00 [INF] Map "d5c08240-0436-454a-8993-362abf5bc477": window light drew 1/1 beam(s), skipped 0
2026-05-26 01:23:56.832 +02:00 [WRN] DrawWindowLightEffect: early return - shader is null
2026-05-26 01:23:56.832 +02:00 [INF] DrawWindowLightEffects() called for map "d5c08240-0436-454a-8993-362abf5bc477": Renderer=false, Beams=1
2026-05-26 01:23:56.832 +02:00 [INF] DrawWindowLightEffects() beam "6b7d8043-ed03-4400-b93f-168701db817b": sourceMask=true, opacity=1
2026-05-26 01:23:56.833 +02:00 [INF] DrawWindowLightEffects() beam "6b7d8043-ed03-4400-b93f-168701db817b": geometry=(528,464)-(528,639.36)
2026-05-26 01:23:56.833 +02:00 [WRN] DrawWindowLightEffect: early return - shader is null
2026-05-26 01:23:56.833 +02:00 [INF] DrawWindowLightEffects() beam "6b7d8043-ed03-4400-b93f-168701db817b": DrawWindowLightEffect returned false
2026-05-26 01:23:56.833 +02:00 [INF] Map "d5c08240-0436-454a-8993-362abf5bc477": window light drew 1/1 beam(s), skipped 0
2026-05-26 01:23:56.879 +02:00 [WRN] DrawWindowLightEffect: early return - shader is null
2026-05-26 01:23:56.879 +02:00 [INF] DrawWindowLightEffects() called for map "d5c08240-0436-454a-8993-362abf5bc477": Renderer=false, Beams=1
2026-05-26 01:23:56.879 +02:00 [INF] DrawWindowLightEffects() beam "6b7d8043-ed03-4400-b93f-168701db817b": sourceMask=true, opacity=1
2026-05-26 01:23:56.880 +02:00 [INF] DrawWindowLightEffects() beam "6b7d8043-ed03-4400-b93f-168701db817b": geometry=(528,464)-(528,639.36)
2026-05-26 01:23:56.881 +02:00 [WRN] DrawWindowLightEffect: early return - shader is null
2026-05-26 01:23:56.881 +02:00 [INF] DrawWindowLightEffects() beam "6b7d8043-ed03-4400-b93f-168701db817b": DrawWindowLightEffect returned false
2026-05-26 01:23:56.881 +02:00 [INF] Map "d5c08240-0436-454a-8993-362abf5bc477": window light drew 1/1 beam(s), skipped 0
2026-05-26 01:23:56.925 +02:00 [WRN] DrawWindowLightEffect: early return - shader is null
2026-05-26 01:23:56.925 +02:00 [INF] DrawWindowLightEffects() called for map "d5c08240-0436-454a-8993-362abf5bc477": Renderer=false, Beams=1
2026-05-26 01:23:56.925 +02:00 [INF] DrawWindowLightEffects() beam "6b7d8043-ed03-4400-b93f-168701db817b": sourceMask=true, opacity=1
2026-05-26 01:23:56.927 +02:00 [INF] DrawWindowLightEffects() beam "6b7d8043-ed03-4400-b93f-168701db817b": geometry=(528,464)-(528,639.36)
2026-05-26 01:23:56.927 +02:00 [WRN] DrawWindowLightEffect: early return - shader is null
2026-05-26 01:23:56.927 +02:00 [INF] DrawWindowLightEffects() beam "6b7d8043-ed03-4400-b93f-168701db817b": DrawWindowLightEffect returned false
2026-05-26 01:23:56.927 +02:00 [INF] Map "d5c08240-0436-454a-8993-362abf5bc477": window light drew 1/1 beam(s), skipped 0
2026-05-26 01:23:56.973 +02:00 [WRN] DrawWindowLightEffect: early return - shader is null
2026-05-26 01:23:56.973 +02:00 [INF] DrawWindowLightEffects() called for map "d5c08240-0436-454a-8993-362abf5bc477": Renderer=false, Beams=1
2026-05-26 01:23:56.973 +02:00 [INF] DrawWindowLightEffects() beam "6b7d8043-ed03-4400-b93f-168701db817b": sourceMask=true, opacity=1
2026-05-26 01:23:56.974 +02:00 [INF] DrawWindowLightEffects() beam "6b7d8043-ed03-4400-b93f-168701db817b": geometry=(528,464)-(528,639.36)
2026-05-26 01:23:56.974 +02:00 [WRN] DrawWindowLightEffect: early return - shader is null
2026-05-26 01:23:56.974 +02:00 [INF] DrawWindowLightEffects() beam "6b7d8043-ed03-4400-b93f-168701db817b": DrawWindowLightEffect returned false
2026-05-26 01:23:56.974 +02:00 [INF] Map "d5c08240-0436-454a-8993-362abf5bc477": window light drew 1/1 beam(s), skipped 0
2026-05-26 01:23:57.021 +02:00 [WRN] DrawWindowLightEffect: early return - shader is null
2026-05-26 01:23:57.021 +02:00 [INF] DrawWindowLightEffects() called for map "d5c08240-0436-454a-8993-362abf5bc477": Renderer=false, Beams=1
2026-05-26 01:23:57.021 +02:00 [INF] DrawWindowLightEffects() beam "6b7d8043-ed03-4400-b93f-168701db817b": sourceMask=true, opacity=1
2026-05-26 01:23:57.022 +02:00 [INF] DrawWindowLightEffects() beam "6b7d8043-ed03-4400-b93f-168701db817b": geometry=(528,464)-(528,639.36)
2026-05-26 01:23:57.022 +02:00 [WRN] DrawWindowLightEffect: early return - shader is null
2026-05-26 01:23:57.022 +02:00 [INF] DrawWindowLightEffects() beam "6b7d8043-ed03-4400-b93f-168701db817b": DrawWindowLightEffect returned false
2026-05-26 01:23:57.022 +02:00 [INF] Map "d5c08240-0436-454a-8993-362abf5bc477": window light drew 1/1 beam(s), skipped 0
2026-05-26 01:23:57.068 +02:00 [WRN] DrawWindowLightEffect: early return - shader is null
2026-05-26 01:23:57.068 +02:00 [INF] DrawWindowLightEffects() called for map "d5c08240-0436-454a-8993-362abf5bc477": Renderer=false, Beams=1
2026-05-26 01:23:57.068 +02:00 [INF] DrawWindowLightEffects() beam "6b7d8043-ed03-4400-b93f-168701db817b": sourceMask=true, opacity=1
2026-05-26 01:23:57.069 +02:00 [INF] DrawWindowLightEffects() beam "6b7d8043-ed03-4400-b93f-168701db817b": geometry=(528,464)-(528,639.36)
2026-05-26 01:23:57.069 +02:00 [WRN] DrawWindowLightEffect: early return - shader is null
2026-05-26 01:23:57.069 +02:00 [INF] DrawWindowLightEffects() beam "6b7d8043-ed03-4400-b93f-168701db817b": DrawWindowLightEffect returned false
2026-05-26 01:23:57.069 +02:00 [INF] Map "d5c08240-0436-454a-8993-362abf5bc477": window light drew 1/1 beam(s), skipped 0
2026-05-26 01:23:57.116 +02:00 [WRN] DrawWindowLightEffect: early return - shader is null
2026-05-26 01:23:57.116 +02:00 [INF] DrawWindowLightEffects() called for map "d5c08240-0436-454a-8993-362abf5bc477": Renderer=false, Beams=1
2026-05-26 01:23:57.116 +02:00 [INF] DrawWindowLightEffects() beam "6b7d8043-ed03-4400-b93f-168701db817b": sourceMask=true, opacity=1
2026-05-26 01:23:57.117 +02:00 [INF] DrawWindowLightEffects() beam "6b7d8043-ed03-4400-b93f-168701db817b": geometry=(528,464)-(528,639.36)
2026-05-26 01:23:57.117 +02:00 [WRN] DrawWindowLightEffect: early return - shader is null
2026-05-26 01:23:57.117 +02:00 [INF] DrawWindowLightEffects() beam "6b7d8043-ed03-4400-b93f-168701db817b": DrawWindowLightEffect returned false
2026-05-26 01:23:57.117 +02:00 [INF] Map "d5c08240-0436-454a-8993-362abf5bc477": window light drew 1/1 beam(s), skipped 0
2026-05-26 01:23:57.163 +02:00 [WRN] DrawWindowLightEffect: early return - shader is null
2026-05-26 01:23:57.163 +02:00 [INF] DrawWindowLightEffects() called for map "d5c08240-0436-454a-8993-362abf5bc477": Renderer=false, Beams=1
2026-05-26 01:23:57.163 +02:00 [INF] DrawWindowLightEffects() beam "6b7d8043-ed03-4400-b93f-168701db817b": sourceMask=true, opacity=1
2026-05-26 01:23:57.165 +02:00 [INF] DrawWindowLightEffects() beam "6b7d8043-ed03-4400-b93f-168701db817b": geometry=(528,464)-(528,639.36)
2026-05-26 01:23:57.165 +02:00 [WRN] DrawWindowLightEffect: early return - shader is null
2026-05-26 01:23:57.165 +02:00 [INF] DrawWindowLightEffects() beam "6b7d8043-ed03-4400-b93f-168701db817b": DrawWindowLightEffect returned false
2026-05-26 01:23:57.165 +02:00 [INF] Map "d5c08240-0436-454a-8993-362abf5bc477": window light drew 1/1 beam(s), skipped 0
2026-05-26 01:23:57.211 +02:00 [WRN] DrawWindowLightEffect: early return - shader is null
2026-05-26 01:23:57.211 +02:00 [INF] DrawWindowLightEffects() called for map "d5c08240-0436-454a-8993-362abf5bc477": Renderer=false, Beams=1
2026-05-26 01:23:57.211 +02:00 [INF] DrawWindowLightEffects() beam "6b7d8043-ed03-4400-b93f-168701db817b": sourceMask=true, opacity=1
2026-05-26 01:23:57.212 +02:00 [INF] DrawWindowLightEffects() beam "6b7d8043-ed03-4400-b93f-168701db817b": geometry=(528,464)-(528,639.36)
2026-05-26 01:23:57.212 +02:00 [WRN] DrawWindowLightEffect: early return - shader is null
2026-05-26 01:23:57.212 +02:00 [INF] DrawWindowLightEffects() beam "6b7d8043-ed03-4400-b93f-168701db817b": DrawWindowLightEffect returned false
2026-05-26 01:23:57.212 +02:00 [INF] Map "d5c08240-0436-454a-8993-362abf5bc477": window light drew 1/1 beam(s), skipped 0
2026-05-26 01:23:57.258 +02:00 [WRN] DrawWindowLightEffect: early return - shader is null
2026-05-26 01:23:57.258 +02:00 [INF] DrawWindowLightEffects() called for map "d5c08240-0436-454a-8993-362abf5bc477": Renderer=false, Beams=1
2026-05-26 01:23:57.258 +02:00 [INF] DrawWindowLightEffects() beam "6b7d8043-ed03-4400-b93f-168701db817b": sourceMask=true, opacity=1
2026-05-26 01:23:57.259 +02:00 [INF] DrawWindowLightEffects() beam "6b7d8043-ed03-4400-b93f-168701db817b": geometry=(528,464)-(528,639.36)
2026-05-26 01:23:57.259 +02:00 [WRN] DrawWindowLightEffect: early return - shader is null
2026-05-26 01:23:57.259 +02:00 [INF] DrawWindowLightEffects() beam "6b7d8043-ed03-4400-b93f-168701db817b": DrawWindowLightEffect returned false
2026-05-26 01:23:57.259 +02:00 [INF] Map "d5c08240-0436-454a-8993-362abf5bc477": window light drew 1/1 beam(s), skipped 0
2026-05-26 01:23:57.306 +02:00 [WRN] DrawWindowLightEffect: early return - shader is null
2026-05-26 01:23:57.306 +02:00 [INF] DrawWindowLightEffects() called for map "d5c08240-0436-454a-8993-362abf5bc477": Renderer=false, Beams=1
2026-05-26 01:23:57.306 +02:00 [INF] DrawWindowLightEffects() beam "6b7d8043-ed03-4400-b93f-168701db817b": sourceMask=true, opacity=1
2026-05-26 01:23:57.307 +02:00 [INF] DrawWindowLightEffects() beam "6b7d8043-ed03-4400-b93f-168701db817b": geometry=(528,464)-(528,639.36)
2026-05-26 01:23:57.307 +02:00 [WRN] DrawWindowLightEffect: early return - shader is null
2026-05-26 01:23:57.307 +02:00 [INF] DrawWindowLightEffects() beam "6b7d8043-ed03-4400-b93f-168701db817b": DrawWindowLightEffect returned false
2026-05-26 01:23:57.307 +02:00 [INF] Map "d5c08240-0436-454a-8993-362abf5bc477": window light drew 1/1 beam(s), skipped 0
2026-05-26 01:23:57.353 +02:00 [WRN] DrawWindowLightEffect: early return - shader is null
2026-05-26 01:23:57.353 +02:00 [INF] DrawWindowLightEffects() called for map "d5c08240-0436-454a-8993-362abf5bc477": Renderer=false, Beams=1
2026-05-26 01:23:57.353 +02:00 [INF] DrawWindowLightEffects() beam "6b7d8043-ed03-4400-b93f-168701db817b": sourceMask=true, opacity=1
2026-05-26 01:23:57.354 +02:00 [INF] DrawWindowLightEffects() beam "6b7d8043-ed03-4400-b93f-168701db817b": geometry=(528,464)-(528,639.36)
2026-05-26 01:23:57.354 +02:00 [WRN] DrawWindowLightEffect: early return - shader is null
2026-05-26 01:23:57.354 +02:00 [INF] DrawWindowLightEffects() beam "6b7d8043-ed03-4400-b93f-168701db817b": DrawWindowLightEffect returned false
2026-05-26 01:23:57.354 +02:00 [INF] Map "d5c08240-0436-454a-8993-362abf5bc477": window light drew 1/1 beam(s), skipped 0
2026-05-26 01:23:57.400 +02:00 [WRN] DrawWindowLightEffect: early return - shader is null
2026-05-26 01:23:57.400 +02:00 [INF] DrawWindowLightEffects() called for map "d5c08240-0436-454a-8993-362abf5bc477": Renderer=false, Beams=1
2026-05-26 01:23:57.400 +02:00 [INF] DrawWindowLightEffects() beam "6b7d8043-ed03-4400-b93f-168701db817b": sourceMask=true, opacity=1
2026-05-26 01:23:57.401 +02:00 [INF] DrawWindowLightEffects() beam "6b7d8043-ed03-4400-b93f-168701db817b": geometry=(528,464)-(528,639.36)
2026-05-26 01:23:57.401 +02:00 [WRN] DrawWindowLightEffect: early return - shader is null
2026-05-26 01:23:57.401 +02:00 [INF] DrawWindowLightEffects() beam "6b7d8043-ed03-4400-b93f-168701db817b": DrawWindowLightEffect returned false
2026-05-26 01:23:57.401 +02:00 [INF] Map "d5c08240-0436-454a-8993-362abf5bc477": window light drew 1/1 beam(s), skipped 0
2026-05-26 01:23:57.447 +02:00 [WRN] DrawWindowLightEffect: early return - shader is null
2026-05-26 01:23:57.447 +02:00 [INF] DrawWindowLightEffects() called for map "d5c08240-0436-454a-8993-362abf5bc477": Renderer=false, Beams=1
2026-05-26 01:23:57.448 +02:00 [INF] DrawWindowLightEffects() beam "6b7d8043-ed03-4400-b93f-168701db817b": sourceMask=true, opacity=1
2026-05-26 01:23:57.449 +02:00 [INF] DrawWindowLightEffects() beam "6b7d8043-ed03-4400-b93f-168701db817b": geometry=(528,464)-(528,639.36)
2026-05-26 01:23:57.449 +02:00 [WRN] DrawWindowLightEffect: early return - shader is null
2026-05-26 01:23:57.449 +02:00 [INF] DrawWindowLightEffects() beam "6b7d8043-ed03-4400-b93f-168701db817b": DrawWindowLightEffect returned false
2026-05-26 01:23:57.449 +02:00 [INF] Map "d5c08240-0436-454a-8993-362abf5bc477": window light drew 1/1 beam(s), skipped 0
2026-05-26 01:23:57.495 +02:00 [WRN] DrawWindowLightEffect: early return - shader is null
2026-05-26 01:23:57.495 +02:00 [INF] DrawWindowLightEffects() called for map "d5c08240-0436-454a-8993-362abf5bc477": Renderer=false, Beams=1
2026-05-26 01:23:57.495 +02:00 [INF] DrawWindowLightEffects() beam "6b7d8043-ed03-4400-b93f-168701db817b": sourceMask=true, opacity=1
2026-05-26 01:23:57.496 +02:00 [INF] DrawWindowLightEffects() beam "6b7d8043-ed03-4400-b93f-168701db817b": geometry=(528,464)-(528,639.36)
2026-05-26 01:23:57.496 +02:00 [WRN] DrawWindowLightEffect: early return - shader is null
2026-05-26 01:23:57.496 +02:00 [INF] DrawWindowLightEffects() beam "6b7d8043-ed03-4400-b93f-168701db817b": DrawWindowLightEffect returned false
2026-05-26 01:23:57.496 +02:00 [INF] Map "d5c08240-0436-454a-8993-362abf5bc477": window light drew 1/1 beam(s), skipped 0
2026-05-26 01:23:57.542 +02:00 [WRN] DrawWindowLightEffect: early return - shader is null
2026-05-26 01:23:57.542 +02:00 [INF] DrawWindowLightEffects() called for map "d5c08240-0436-454a-8993-362abf5bc477": Renderer=false, Beams=1
2026-05-26 01:23:57.542 +02:00 [INF] DrawWindowLightEffects() beam "6b7d8043-ed03-4400-b93f-168701db817b": sourceMask=true, opacity=1
2026-05-26 01:23:57.544 +02:00 [INF] DrawWindowLightEffects() beam "6b7d8043-ed03-4400-b93f-168701db817b": geometry=(528,464)-(528,639.36)
2026-05-26 01:23:57.544 +02:00 [WRN] DrawWindowLightEffect: early return - shader is null
2026-05-26 01:23:57.544 +02:00 [INF] DrawWindowLightEffects() beam "6b7d8043-ed03-4400-b93f-168701db817b": DrawWindowLightEffect returned false
2026-05-26 01:23:57.544 +02:00 [INF] Map "d5c08240-0436-454a-8993-362abf5bc477": window light drew 1/1 beam(s), skipped 0
2026-05-26 01:23:57.590 +02:00 [WRN] DrawWindowLightEffect: early return - shader is null
2026-05-26 01:23:57.590 +02:00 [INF] DrawWindowLightEffects() called for map "d5c08240-0436-454a-8993-362abf5bc477": Renderer=false, Beams=1
2026-05-26 01:23:57.590 +02:00 [INF] DrawWindowLightEffects() beam "6b7d8043-ed03-4400-b93f-168701db817b": sourceMask=true, opacity=1
2026-05-26 01:23:57.591 +02:00 [INF] DrawWindowLightEffects() beam "6b7d8043-ed03-4400-b93f-168701db817b": geometry=(528,464)-(528,639.36)
2026-05-26 01:23:57.591 +02:00 [WRN] DrawWindowLightEffect: early return - shader is null
2026-05-26 01:23:57.591 +02:00 [INF] DrawWindowLightEffects() beam "6b7d8043-ed03-4400-b93f-168701db817b": DrawWindowLightEffect returned false
2026-05-26 01:23:57.591 +02:00 [INF] Map "d5c08240-0436-454a-8993-362abf5bc477": window light drew 1/1 beam(s), skipped 0
2026-05-26 01:23:57.637 +02:00 [WRN] DrawWindowLightEffect: early return - shader is null
2026-05-26 01:23:57.637 +02:00 [INF] DrawWindowLightEffects() called for map "d5c08240-0436-454a-8993-362abf5bc477": Renderer=false, Beams=1
2026-05-26 01:23:57.637 +02:00 [INF] DrawWindowLightEffects() beam "6b7d8043-ed03-4400-b93f-168701db817b": sourceMask=true, opacity=1
2026-05-26 01:23:57.639 +02:00 [INF] DrawWindowLightEffects() beam "6b7d8043-ed03-4400-b93f-168701db817b": geometry=(528,464)-(528,639.36)
2026-05-26 01:23:57.639 +02:00 [WRN] DrawWindowLightEffect: early return - shader is null
2026-05-26 01:23:57.639 +02:00 [INF] DrawWindowLightEffects() beam "6b7d8043-ed03-4400-b93f-168701db817b": DrawWindowLightEffect returned false
2026-05-26 01:23:57.639 +02:00 [INF] Map "d5c08240-0436-454a-8993-362abf5bc477": window light drew 1/1 beam(s), skipped 0
2026-05-26 01:23:57.684 +02:00 [WRN] DrawWindowLightEffect: early return - shader is null
2026-05-26 01:23:57.684 +02:00 [INF] DrawWindowLightEffects() called for map "d5c08240-0436-454a-8993-362abf5bc477": Renderer=false, Beams=1
2026-05-26 01:23:57.684 +02:00 [INF] DrawWindowLightEffects() beam "6b7d8043-ed03-4400-b93f-168701db817b": sourceMask=true, opacity=1
2026-05-26 01:23:57.686 +02:00 [INF] DrawWindowLightEffects() beam "6b7d8043-ed03-4400-b93f-168701db817b": geometry=(528,464)-(528,639.36)
2026-05-26 01:23:57.686 +02:00 [WRN] DrawWindowLightEffect: early return - shader is null
2026-05-26 01:23:57.686 +02:00 [INF] DrawWindowLightEffects() beam "6b7d8043-ed03-4400-b93f-168701db817b": DrawWindowLightEffect returned false
2026-05-26 01:23:57.686 +02:00 [INF] Map "d5c08240-0436-454a-8993-362abf5bc477": window light drew 1/1 beam(s), skipped 0
2026-05-26 01:23:57.732 +02:00 [WRN] DrawWindowLightEffect: early return - shader is null
2026-05-26 01:23:57.732 +02:00 [INF] DrawWindowLightEffects() called for map "d5c08240-0436-454a-8993-362abf5bc477": Renderer=false, Beams=1
2026-05-26 01:23:57.732 +02:00 [INF] DrawWindowLightEffects() beam "6b7d8043-ed03-4400-b93f-168701db817b": sourceMask=true, opacity=1
2026-05-26 01:23:57.734 +02:00 [INF] DrawWindowLightEffects() beam "6b7d8043-ed03-4400-b93f-168701db817b": geometry=(528,464)-(528,639.36)
2026-05-26 01:23:57.734 +02:00 [WRN] DrawWindowLightEffect: early return - shader is null
2026-05-26 01:23:57.734 +02:00 [INF] DrawWindowLightEffects() beam "6b7d8043-ed03-4400-b93f-168701db817b": DrawWindowLightEffect returned false
2026-05-26 01:23:57.734 +02:00 [INF] Map "d5c08240-0436-454a-8993-362abf5bc477": window light drew 1/1 beam(s), skipped 0
2026-05-26 01:23:57.780 +02:00 [WRN] DrawWindowLightEffect: early return - shader is null
2026-05-26 01:23:57.780 +02:00 [INF] DrawWindowLightEffects() called for map "d5c08240-0436-454a-8993-362abf5bc477": Renderer=false, Beams=1
2026-05-26 01:23:57.780 +02:00 [INF] DrawWindowLightEffects() beam "6b7d8043-ed03-4400-b93f-168701db817b": sourceMask=true, opacity=1
2026-05-26 01:23:57.781 +02:00 [INF] DrawWindowLightEffects() beam "6b7d8043-ed03-4400-b93f-168701db817b": geometry=(528,464)-(528,639.36)
2026-05-26 01:23:57.781 +02:00 [WRN] DrawWindowLightEffect: early return - shader is null
2026-05-26 01:23:57.781 +02:00 [INF] DrawWindowLightEffects() beam "6b7d8043-ed03-4400-b93f-168701db817b": DrawWindowLightEffect returned false
2026-05-26 01:23:57.781 +02:00 [INF] Map "d5c08240-0436-454a-8993-362abf5bc477": window light drew 1/1 beam(s), skipped 0
2026-05-26 01:23:57.827 +02:00 [WRN] DrawWindowLightEffect: early return - shader is null
2026-05-26 01:23:57.827 +02:00 [INF] DrawWindowLightEffects() called for map "d5c08240-0436-454a-8993-362abf5bc477": Renderer=false, Beams=1
2026-05-26 01:23:57.827 +02:00 [INF] DrawWindowLightEffects() beam "6b7d8043-ed03-4400-b93f-168701db817b": sourceMask=true, opacity=1
2026-05-26 01:23:57.828 +02:00 [INF] DrawWindowLightEffects() beam "6b7d8043-ed03-4400-b93f-168701db817b": geometry=(528,464)-(528,639.36)
2026-05-26 01:23:57.828 +02:00 [WRN] DrawWindowLightEffect: early return - shader is null
2026-05-26 01:23:57.828 +02:00 [INF] DrawWindowLightEffects() beam "6b7d8043-ed03-4400-b93f-168701db817b": DrawWindowLightEffect returned false
2026-05-26 01:23:57.828 +02:00 [INF] Map "d5c08240-0436-454a-8993-362abf5bc477": window light drew 1/1 beam(s), skipped 0
2026-05-26 01:23:57.874 +02:00 [WRN] DrawWindowLightEffect: early return - shader is null
2026-05-26 01:23:57.874 +02:00 [INF] DrawWindowLightEffects() called for map "d5c08240-0436-454a-8993-362abf5bc477": Renderer=false, Beams=1
2026-05-26 01:23:57.874 +02:00 [INF] DrawWindowLightEffects() beam "6b7d8043-ed03-4400-b93f-168701db817b": sourceMask=true, opacity=1
2026-05-26 01:23:57.875 +02:00 [INF] DrawWindowLightEffects() beam "6b7d8043-ed03-4400-b93f-168701db817b": geometry=(528,464)-(528,639.36)
2026-05-26 01:23:57.875 +02:00 [WRN] DrawWindowLightEffect: early return - shader is null
2026-05-26 01:23:57.875 +02:00 [INF] DrawWindowLightEffects() beam "6b7d8043-ed03-4400-b93f-168701db817b": DrawWindowLightEffect returned false
2026-05-26 01:23:57.875 +02:00 [INF] Map "d5c08240-0436-454a-8993-362abf5bc477": window light drew 1/1 beam(s), skipped 0
2026-05-26 01:23:57.921 +02:00 [WRN] DrawWindowLightEffect: early return - shader is null
2026-05-26 01:23:57.921 +02:00 [INF] DrawWindowLightEffects() called for map "d5c08240-0436-454a-8993-362abf5bc477": Renderer=false, Beams=1
2026-05-26 01:23:57.921 +02:00 [INF] DrawWindowLightEffects() beam "6b7d8043-ed03-4400-b93f-168701db817b": sourceMask=true, opacity=1
2026-05-26 01:23:57.923 +02:00 [INF] DrawWindowLightEffects() beam "6b7d8043-ed03-4400-b93f-168701db817b": geometry=(528,464)-(528,639.36)
2026-05-26 01:23:57.923 +02:00 [WRN] DrawWindowLightEffect: early return - shader is null
2026-05-26 01:23:57.923 +02:00 [INF] DrawWindowLightEffects() beam "6b7d8043-ed03-4400-b93f-168701db817b": DrawWindowLightEffect returned false
2026-05-26 01:23:57.923 +02:00 [INF] Map "d5c08240-0436-454a-8993-362abf5bc477": window light drew 1/1 beam(s), skipped 0
2026-05-26 01:23:57.969 +02:00 [WRN] DrawWindowLightEffect: early return - shader is null
2026-05-26 01:23:57.969 +02:00 [INF] DrawWindowLightEffects() called for map "d5c08240-0436-454a-8993-362abf5bc477": Renderer=false, Beams=1
2026-05-26 01:23:57.969 +02:00 [INF] DrawWindowLightEffects() beam "6b7d8043-ed03-4400-b93f-168701db817b": sourceMask=true, opacity=1
2026-05-26 01:23:57.970 +02:00 [INF] DrawWindowLightEffects() beam "6b7d8043-ed03-4400-b93f-168701db817b": geometry=(528,464)-(528,639.36)
2026-05-26 01:23:57.970 +02:00 [WRN] DrawWindowLightEffect: early return - shader is null
2026-05-26 01:23:57.970 +02:00 [INF] DrawWindowLightEffects() beam "6b7d8043-ed03-4400-b93f-168701db817b": DrawWindowLightEffect returned false
2026-05-26 01:23:57.970 +02:00 [INF] Map "d5c08240-0436-454a-8993-362abf5bc477": window light drew 1/1 beam(s), skipped 0
2026-05-26 01:23:58.016 +02:00 [WRN] DrawWindowLightEffect: early return - shader is null
2026-05-26 01:23:58.016 +02:00 [INF] DrawWindowLightEffects() called for map "d5c08240-0436-454a-8993-362abf5bc477": Renderer=false, Beams=1
2026-05-26 01:23:58.016 +02:00 [INF] DrawWindowLightEffects() beam "6b7d8043-ed03-4400-b93f-168701db817b": sourceMask=true, opacity=1
2026-05-26 01:23:58.017 +02:00 [INF] DrawWindowLightEffects() beam "6b7d8043-ed03-4400-b93f-168701db817b": geometry=(528,464)-(528,639.36)
2026-05-26 01:23:58.017 +02:00 [WRN] DrawWindowLightEffect: early return - shader is null
2026-05-26 01:23:58.017 +02:00 [INF] DrawWindowLightEffects() beam "6b7d8043-ed03-4400-b93f-168701db817b": DrawWindowLightEffect returned false
2026-05-26 01:23:58.017 +02:00 [INF] Map "d5c08240-0436-454a-8993-362abf5bc477": window light drew 1/1 beam(s), skipped 0
2026-05-26 01:23:58.063 +02:00 [WRN] DrawWindowLightEffect: early return - shader is null
2026-05-26 01:23:58.063 +02:00 [INF] DrawWindowLightEffects() called for map "d5c08240-0436-454a-8993-362abf5bc477": Renderer=false, Beams=1
2026-05-26 01:23:58.063 +02:00 [INF] DrawWindowLightEffects() beam "6b7d8043-ed03-4400-b93f-168701db817b": sourceMask=true, opacity=1
2026-05-26 01:23:58.064 +02:00 [INF] DrawWindowLightEffects() beam "6b7d8043-ed03-4400-b93f-168701db817b": geometry=(528,464)-(528,639.36)
2026-05-26 01:23:58.064 +02:00 [WRN] DrawWindowLightEffect: early return - shader is null
2026-05-26 01:23:58.064 +02:00 [INF] DrawWindowLightEffects() beam "6b7d8043-ed03-4400-b93f-168701db817b": DrawWindowLightEffect returned false
2026-05-26 01:23:58.064 +02:00 [INF] Map "d5c08240-0436-454a-8993-362abf5bc477": window light drew 1/1 beam(s), skipped 0
2026-05-26 01:23:58.110 +02:00 [WRN] DrawWindowLightEffect: early return - shader is null
2026-05-26 01:23:58.110 +02:00 [INF] DrawWindowLightEffects() called for map "d5c08240-0436-454a-8993-362abf5bc477": Renderer=false, Beams=1
2026-05-26 01:23:58.110 +02:00 [INF] DrawWindowLightEffects() beam "6b7d8043-ed03-4400-b93f-168701db817b": sourceMask=true, opacity=1
2026-05-26 01:23:58.111 +02:00 [INF] DrawWindowLightEffects() beam "6b7d8043-ed03-4400-b93f-168701db817b": geometry=(528,464)-(528,639.36)
2026-05-26 01:23:58.111 +02:00 [WRN] DrawWindowLightEffect: early return - shader is null
2026-05-26 01:23:58.111 +02:00 [INF] DrawWindowLightEffects() beam "6b7d8043-ed03-4400-b93f-168701db817b": DrawWindowLightEffect returned false
2026-05-26 01:23:58.111 +02:00 [INF] Map "d5c08240-0436-454a-8993-362abf5bc477": window light drew 1/1 beam(s), skipped 0
2026-05-26 01:23:58.157 +02:00 [WRN] DrawWindowLightEffect: early return - shader is null
2026-05-26 01:23:58.157 +02:00 [INF] DrawWindowLightEffects() called for map "d5c08240-0436-454a-8993-362abf5bc477": Renderer=false, Beams=1
2026-05-26 01:23:58.157 +02:00 [INF] DrawWindowLightEffects() beam "6b7d8043-ed03-4400-b93f-168701db817b": sourceMask=true, opacity=1
2026-05-26 01:23:58.158 +02:00 [INF] DrawWindowLightEffects() beam "6b7d8043-ed03-4400-b93f-168701db817b": geometry=(528,464)-(528,639.36)
2026-05-26 01:23:58.158 +02:00 [WRN] DrawWindowLightEffect: early return - shader is null
2026-05-26 01:23:58.158 +02:00 [INF] DrawWindowLightEffects() beam "6b7d8043-ed03-4400-b93f-168701db817b": DrawWindowLightEffect returned false
2026-05-26 01:23:58.158 +02:00 [INF] Map "d5c08240-0436-454a-8993-362abf5bc477": window light drew 1/1 beam(s), skipped 0
2026-05-26 01:23:58.204 +02:00 [WRN] DrawWindowLightEffect: early return - shader is null
2026-05-26 01:23:58.204 +02:00 [INF] DrawWindowLightEffects() called for map "d5c08240-0436-454a-8993-362abf5bc477": Renderer=false, Beams=1
2026-05-26 01:23:58.204 +02:00 [INF] DrawWindowLightEffects() beam "6b7d8043-ed03-4400-b93f-168701db817b": sourceMask=true, opacity=1
2026-05-26 01:23:58.205 +02:00 [INF] DrawWindowLightEffects() beam "6b7d8043-ed03-4400-b93f-168701db817b": geometry=(528,464)-(528,639.36)
2026-05-26 01:23:58.205 +02:00 [WRN] DrawWindowLightEffect: early return - shader is null
2026-05-26 01:23:58.205 +02:00 [INF] DrawWindowLightEffects() beam "6b7d8043-ed03-4400-b93f-168701db817b": DrawWindowLightEffect returned false
2026-05-26 01:23:58.205 +02:00 [INF] Map "d5c08240-0436-454a-8993-362abf5bc477": window light drew 1/1 beam(s), skipped 0
2026-05-26 01:23:58.251 +02:00 [WRN] DrawWindowLightEffect: early return - shader is null
2026-05-26 01:23:58.251 +02:00 [INF] DrawWindowLightEffects() called for map "d5c08240-0436-454a-8993-362abf5bc477": Renderer=false, Beams=1
2026-05-26 01:23:58.251 +02:00 [INF] DrawWindowLightEffects() beam "6b7d8043-ed03-4400-b93f-168701db817b": sourceMask=true, opacity=1
2026-05-26 01:23:58.252 +02:00 [INF] DrawWindowLightEffects() beam "6b7d8043-ed03-4400-b93f-168701db817b": geometry=(528,464)-(528,639.36)
2026-05-26 01:23:58.252 +02:00 [WRN] DrawWindowLightEffect: early return - shader is null
2026-05-26 01:23:58.252 +02:00 [INF] DrawWindowLightEffects() beam "6b7d8043-ed03-4400-b93f-168701db817b": DrawWindowLightEffect returned false
2026-05-26 01:23:58.252 +02:00 [INF] Map "d5c08240-0436-454a-8993-362abf5bc477": window light drew 1/1 beam(s), skipped 0
2026-05-26 01:23:58.299 +02:00 [WRN] DrawWindowLightEffect: early return - shader is null
2026-05-26 01:23:58.299 +02:00 [INF] DrawWindowLightEffects() called for map "d5c08240-0436-454a-8993-362abf5bc477": Renderer=false, Beams=1
2026-05-26 01:23:58.299 +02:00 [INF] DrawWindowLightEffects() beam "6b7d8043-ed03-4400-b93f-168701db817b": sourceMask=true, opacity=1
2026-05-26 01:23:58.300 +02:00 [INF] DrawWindowLightEffects() beam "6b7d8043-ed03-4400-b93f-168701db817b": geometry=(528,464)-(528,639.36)
2026-05-26 01:23:58.300 +02:00 [WRN] DrawWindowLightEffect: early return - shader is null
2026-05-26 01:23:58.300 +02:00 [INF] DrawWindowLightEffects() beam "6b7d8043-ed03-4400-b93f-168701db817b": DrawWindowLightEffect returned false
2026-05-26 01:23:58.300 +02:00 [INF] Map "d5c08240-0436-454a-8993-362abf5bc477": window light drew 1/1 beam(s), skipped 0
2026-05-26 01:23:58.347 +02:00 [WRN] DrawWindowLightEffect: early return - shader is null
2026-05-26 01:23:58.347 +02:00 [INF] DrawWindowLightEffects() called for map "d5c08240-0436-454a-8993-362abf5bc477": Renderer=false, Beams=1
2026-05-26 01:23:58.347 +02:00 [INF] DrawWindowLightEffects() beam "6b7d8043-ed03-4400-b93f-168701db817b": sourceMask=true, opacity=1
2026-05-26 01:23:58.348 +02:00 [INF] DrawWindowLightEffects() beam "6b7d8043-ed03-4400-b93f-168701db817b": geometry=(528,464)-(528,639.36)
2026-05-26 01:23:58.348 +02:00 [WRN] DrawWindowLightEffect: early return - shader is null
2026-05-26 01:23:58.348 +02:00 [INF] DrawWindowLightEffects() beam "6b7d8043-ed03-4400-b93f-168701db817b": DrawWindowLightEffect returned false
2026-05-26 01:23:58.348 +02:00 [INF] Map "d5c08240-0436-454a-8993-362abf5bc477": window light drew 1/1 beam(s), skipped 0
2026-05-26 01:23:58.386 +02:00 [WRN] DrawWindowLightEffect: early return - shader is null
2026-05-26 01:23:58.386 +02:00 [INF] DrawWindowLightEffects() called for map "d5c08240-0436-454a-8993-362abf5bc477": Renderer=false, Beams=1
2026-05-26 01:23:58.386 +02:00 [INF] DrawWindowLightEffects() beam "6b7d8043-ed03-4400-b93f-168701db817b": sourceMask=true, opacity=1
2026-05-26 01:23:58.388 +02:00 [INF] DrawWindowLightEffects() beam "6b7d8043-ed03-4400-b93f-168701db817b": geometry=(528,464)-(528,639.36)
2026-05-26 01:23:58.388 +02:00 [WRN] DrawWindowLightEffect: early return - shader is null
2026-05-26 01:23:58.388 +02:00 [INF] DrawWindowLightEffects() beam "6b7d8043-ed03-4400-b93f-168701db817b": DrawWindowLightEffect returned false
2026-05-26 01:23:58.388 +02:00 [INF] Map "d5c08240-0436-454a-8993-362abf5bc477": window light drew 1/1 beam(s), skipped 0
2026-05-26 01:23:58.415 +02:00 [WRN] DrawWindowLightEffect: early return - shader is null
2026-05-26 01:23:58.415 +02:00 [INF] DrawWindowLightEffects() called for map "d5c08240-0436-454a-8993-362abf5bc477": Renderer=false, Beams=1
2026-05-26 01:23:58.415 +02:00 [INF] DrawWindowLightEffects() beam "6b7d8043-ed03-4400-b93f-168701db817b": sourceMask=true, opacity=1
2026-05-26 01:23:58.416 +02:00 [INF] DrawWindowLightEffects() beam "6b7d8043-ed03-4400-b93f-168701db817b": geometry=(528,464)-(528,639.36)
2026-05-26 01:23:58.416 +02:00 [WRN] DrawWindowLightEffect: early return - shader is null
2026-05-26 01:23:58.416 +02:00 [INF] DrawWindowLightEffects() beam "6b7d8043-ed03-4400-b93f-168701db817b": DrawWindowLightEffect returned false
2026-05-26 01:23:58.416 +02:00 [INF] Map "d5c08240-0436-454a-8993-362abf5bc477": window light drew 1/1 beam(s), skipped 0
2026-05-26 01:23:58.443 +02:00 [WRN] DrawWindowLightEffect: early return - shader is null
2026-05-26 01:23:58.443 +02:00 [INF] DrawWindowLightEffects() called for map "d5c08240-0436-454a-8993-362abf5bc477": Renderer=false, Beams=1
2026-05-26 01:23:58.443 +02:00 [INF] DrawWindowLightEffects() beam "6b7d8043-ed03-4400-b93f-168701db817b": sourceMask=true, opacity=1
2026-05-26 01:23:58.444 +02:00 [INF] DrawWindowLightEffects() beam "6b7d8043-ed03-4400-b93f-168701db817b": geometry=(528,464)-(528,639.36)
2026-05-26 01:23:58.444 +02:00 [WRN] DrawWindowLightEffect: early return - shader is null
2026-05-26 01:23:58.444 +02:00 [INF] DrawWindowLightEffects() beam "6b7d8043-ed03-4400-b93f-168701db817b": DrawWindowLightEffect returned false
2026-05-26 01:23:58.444 +02:00 [INF] Map "d5c08240-0436-454a-8993-362abf5bc477": window light drew 1/1 beam(s), skipped 0
2026-05-26 01:23:58.470 +02:00 [WRN] DrawWindowLightEffect: early return - shader is null
2026-05-26 01:23:58.470 +02:00 [INF] DrawWindowLightEffects() called for map "d5c08240-0436-454a-8993-362abf5bc477": Renderer=false, Beams=1
2026-05-26 01:23:58.470 +02:00 [INF] DrawWindowLightEffects() beam "6b7d8043-ed03-4400-b93f-168701db817b": sourceMask=true, opacity=1
2026-05-26 01:23:58.472 +02:00 [INF] DrawWindowLightEffects() beam "6b7d8043-ed03-4400-b93f-168701db817b": geometry=(528,464)-(528,639.36)
2026-05-26 01:23:58.472 +02:00 [WRN] DrawWindowLightEffect: early return - shader is null
2026-05-26 01:23:58.472 +02:00 [INF] DrawWindowLightEffects() beam "6b7d8043-ed03-4400-b93f-168701db817b": DrawWindowLightEffect returned false
2026-05-26 01:23:58.472 +02:00 [INF] Map "d5c08240-0436-454a-8993-362abf5bc477": window light drew 1/1 beam(s), skipped 0
2026-05-26 01:23:58.497 +02:00 [WRN] DrawWindowLightEffect: early return - shader is null
2026-05-26 01:23:58.497 +02:00 [INF] DrawWindowLightEffects() called for map "d5c08240-0436-454a-8993-362abf5bc477": Renderer=false, Beams=1
2026-05-26 01:23:58.497 +02:00 [INF] DrawWindowLightEffects() beam "6b7d8043-ed03-4400-b93f-168701db817b": sourceMask=true, opacity=1
2026-05-26 01:23:58.498 +02:00 [INF] DrawWindowLightEffects() beam "6b7d8043-ed03-4400-b93f-168701db817b": geometry=(528,464)-(528,639.36)
2026-05-26 01:23:58.498 +02:00 [WRN] DrawWindowLightEffect: early return - shader is null
2026-05-26 01:23:58.498 +02:00 [INF] DrawWindowLightEffects() beam "6b7d8043-ed03-4400-b93f-168701db817b": DrawWindowLightEffect returned false
2026-05-26 01:23:58.498 +02:00 [INF] Map "d5c08240-0436-454a-8993-362abf5bc477": window light drew 1/1 beam(s), skipped 0
2026-05-26 01:23:58.524 +02:00 [WRN] DrawWindowLightEffect: early return - shader is null
2026-05-26 01:23:58.524 +02:00 [INF] DrawWindowLightEffects() called for map "d5c08240-0436-454a-8993-362abf5bc477": Renderer=false, Beams=1
2026-05-26 01:23:58.524 +02:00 [INF] DrawWindowLightEffects() beam "6b7d8043-ed03-4400-b93f-168701db817b": sourceMask=true, opacity=1
2026-05-26 01:23:58.525 +02:00 [INF] DrawWindowLightEffects() beam "6b7d8043-ed03-4400-b93f-168701db817b": geometry=(528,464)-(528,639.36)
2026-05-26 01:23:58.525 +02:00 [WRN] DrawWindowLightEffect: early return - shader is null
2026-05-26 01:23:58.525 +02:00 [INF] DrawWindowLightEffects() beam "6b7d8043-ed03-4400-b93f-168701db817b": DrawWindowLightEffect returned false
2026-05-26 01:23:58.525 +02:00 [INF] Map "d5c08240-0436-454a-8993-362abf5bc477": window light drew 1/1 beam(s), skipped 0
2026-05-26 01:23:58.551 +02:00 [WRN] DrawWindowLightEffect: early return - shader is null
2026-05-26 01:23:58.551 +02:00 [INF] DrawWindowLightEffects() called for map "d5c08240-0436-454a-8993-362abf5bc477": Renderer=false, Beams=1
2026-05-26 01:23:58.551 +02:00 [INF] DrawWindowLightEffects() beam "6b7d8043-ed03-4400-b93f-168701db817b": sourceMask=true, opacity=1
2026-05-26 01:23:58.553 +02:00 [INF] DrawWindowLightEffects() beam "6b7d8043-ed03-4400-b93f-168701db817b": geometry=(528,464)-(528,639.36)
2026-05-26 01:23:58.553 +02:00 [WRN] DrawWindowLightEffect: early return - shader is null
2026-05-26 01:23:58.553 +02:00 [INF] DrawWindowLightEffects() beam "6b7d8043-ed03-4400-b93f-168701db817b": DrawWindowLightEffect returned false
2026-05-26 01:23:58.553 +02:00 [INF] Map "d5c08240-0436-454a-8993-362abf5bc477": window light drew 1/1 beam(s), skipped 0
2026-05-26 01:23:58.580 +02:00 [WRN] DrawWindowLightEffect: early return - shader is null
2026-05-26 01:23:58.580 +02:00 [INF] DrawWindowLightEffects() called for map "d5c08240-0436-454a-8993-362abf5bc477": Renderer=false, Beams=1
2026-05-26 01:23:58.580 +02:00 [INF] DrawWindowLightEffects() beam "6b7d8043-ed03-4400-b93f-168701db817b": sourceMask=true, opacity=1
2026-05-26 01:23:58.581 +02:00 [INF] DrawWindowLightEffects() beam "6b7d8043-ed03-4400-b93f-168701db817b": geometry=(528,464)-(528,639.36)
2026-05-26 01:23:58.581 +02:00 [WRN] DrawWindowLightEffect: early return - shader is null
2026-05-26 01:23:58.581 +02:00 [INF] DrawWindowLightEffects() beam "6b7d8043-ed03-4400-b93f-168701db817b": DrawWindowLightEffect returned false
2026-05-26 01:23:58.581 +02:00 [INF] Map "d5c08240-0436-454a-8993-362abf5bc477": window light drew 1/1 beam(s), skipped 0
2026-05-26 01:23:58.608 +02:00 [WRN] DrawWindowLightEffect: early return - shader is null
2026-05-26 01:23:58.608 +02:00 [INF] DrawWindowLightEffects() called for map "d5c08240-0436-454a-8993-362abf5bc477": Renderer=false, Beams=1
2026-05-26 01:23:58.608 +02:00 [INF] DrawWindowLightEffects() beam "6b7d8043-ed03-4400-b93f-168701db817b": sourceMask=true, opacity=1
2026-05-26 01:23:58.609 +02:00 [INF] DrawWindowLightEffects() beam "6b7d8043-ed03-4400-b93f-168701db817b": geometry=(528,464)-(528,639.36)
2026-05-26 01:23:58.609 +02:00 [WRN] DrawWindowLightEffect: early return - shader is null
2026-05-26 01:23:58.609 +02:00 [INF] DrawWindowLightEffects() beam "6b7d8043-ed03-4400-b93f-168701db817b": DrawWindowLightEffect returned false
2026-05-26 01:23:58.609 +02:00 [INF] Map "d5c08240-0436-454a-8993-362abf5bc477": window light drew 1/1 beam(s), skipped 0
2026-05-26 01:23:58.636 +02:00 [WRN] DrawWindowLightEffect: early return - shader is null
2026-05-26 01:23:58.636 +02:00 [INF] DrawWindowLightEffects() called for map "d5c08240-0436-454a-8993-362abf5bc477": Renderer=false, Beams=1
2026-05-26 01:23:58.636 +02:00 [INF] DrawWindowLightEffects() beam "6b7d8043-ed03-4400-b93f-168701db817b": sourceMask=true, opacity=1
2026-05-26 01:23:58.637 +02:00 [INF] DrawWindowLightEffects() beam "6b7d8043-ed03-4400-b93f-168701db817b": geometry=(528,464)-(528,639.36)
2026-05-26 01:23:58.637 +02:00 [WRN] DrawWindowLightEffect: early return - shader is null
2026-05-26 01:23:58.637 +02:00 [INF] DrawWindowLightEffects() beam "6b7d8043-ed03-4400-b93f-168701db817b": DrawWindowLightEffect returned false
2026-05-26 01:23:58.637 +02:00 [INF] Map "d5c08240-0436-454a-8993-362abf5bc477": window light drew 1/1 beam(s), skipped 0
2026-05-26 01:23:58.662 +02:00 [WRN] DrawWindowLightEffect: early return - shader is null
2026-05-26 01:23:58.662 +02:00 [INF] DrawWindowLightEffects() called for map "d5c08240-0436-454a-8993-362abf5bc477": Renderer=false, Beams=1
2026-05-26 01:23:58.662 +02:00 [INF] DrawWindowLightEffects() beam "6b7d8043-ed03-4400-b93f-168701db817b": sourceMask=true, opacity=1
2026-05-26 01:23:58.664 +02:00 [INF] DrawWindowLightEffects() beam "6b7d8043-ed03-4400-b93f-168701db817b": geometry=(528,464)-(528,639.36)
2026-05-26 01:23:58.664 +02:00 [WRN] DrawWindowLightEffect: early return - shader is null
2026-05-26 01:23:58.664 +02:00 [INF] DrawWindowLightEffects() beam "6b7d8043-ed03-4400-b93f-168701db817b": DrawWindowLightEffect returned false
2026-05-26 01:23:58.664 +02:00 [INF] Map "d5c08240-0436-454a-8993-362abf5bc477": window light drew 1/1 beam(s), skipped 0
2026-05-26 01:23:58.689 +02:00 [WRN] DrawWindowLightEffect: early return - shader is null
2026-05-26 01:23:58.689 +02:00 [INF] DrawWindowLightEffects() called for map "d5c08240-0436-454a-8993-362abf5bc477": Renderer=false, Beams=1
2026-05-26 01:23:58.689 +02:00 [INF] DrawWindowLightEffects() beam "6b7d8043-ed03-4400-b93f-168701db817b": sourceMask=true, opacity=1
2026-05-26 01:23:58.691 +02:00 [INF] DrawWindowLightEffects() beam "6b7d8043-ed03-4400-b93f-168701db817b": geometry=(528,464)-(528,639.36)
2026-05-26 01:23:58.691 +02:00 [WRN] DrawWindowLightEffect: early return - shader is null
2026-05-26 01:23:58.691 +02:00 [INF] DrawWindowLightEffects() beam "6b7d8043-ed03-4400-b93f-168701db817b": DrawWindowLightEffect returned false
2026-05-26 01:23:58.691 +02:00 [INF] Map "d5c08240-0436-454a-8993-362abf5bc477": window light drew 1/1 beam(s), skipped 0
2026-05-26 01:23:58.717 +02:00 [WRN] DrawWindowLightEffect: early return - shader is null
2026-05-26 01:23:58.717 +02:00 [INF] DrawWindowLightEffects() called for map "d5c08240-0436-454a-8993-362abf5bc477": Renderer=false, Beams=1
2026-05-26 01:23:58.717 +02:00 [INF] DrawWindowLightEffects() beam "6b7d8043-ed03-4400-b93f-168701db817b": sourceMask=true, opacity=1
2026-05-26 01:23:58.718 +02:00 [INF] DrawWindowLightEffects() beam "6b7d8043-ed03-4400-b93f-168701db817b": geometry=(528,464)-(528,639.36)
2026-05-26 01:23:58.718 +02:00 [WRN] DrawWindowLightEffect: early return - shader is null
2026-05-26 01:23:58.718 +02:00 [INF] DrawWindowLightEffects() beam "6b7d8043-ed03-4400-b93f-168701db817b": DrawWindowLightEffect returned false
2026-05-26 01:23:58.718 +02:00 [INF] Map "d5c08240-0436-454a-8993-362abf5bc477": window light drew 1/1 beam(s), skipped 0
2026-05-26 01:23:58.744 +02:00 [WRN] DrawWindowLightEffect: early return - shader is null
2026-05-26 01:23:58.744 +02:00 [INF] DrawWindowLightEffects() called for map "d5c08240-0436-454a-8993-362abf5bc477": Renderer=false, Beams=1
2026-05-26 01:23:58.744 +02:00 [INF] DrawWindowLightEffects() beam "6b7d8043-ed03-4400-b93f-168701db817b": sourceMask=true, opacity=1
2026-05-26 01:23:58.746 +02:00 [INF] DrawWindowLightEffects() beam "6b7d8043-ed03-4400-b93f-168701db817b": geometry=(528,464)-(528,639.36)
2026-05-26 01:23:58.746 +02:00 [WRN] DrawWindowLightEffect: early return - shader is null
2026-05-26 01:23:58.746 +02:00 [INF] DrawWindowLightEffects() beam "6b7d8043-ed03-4400-b93f-168701db817b": DrawWindowLightEffect returned false
2026-05-26 01:23:58.746 +02:00 [INF] Map "d5c08240-0436-454a-8993-362abf5bc477": window light drew 1/1 beam(s), skipped 0
2026-05-26 01:23:58.772 +02:00 [WRN] DrawWindowLightEffect: early return - shader is null
2026-05-26 01:23:58.772 +02:00 [INF] DrawWindowLightEffects() called for map "d5c08240-0436-454a-8993-362abf5bc477": Renderer=false, Beams=1
2026-05-26 01:23:58.772 +02:00 [INF] DrawWindowLightEffects() beam "6b7d8043-ed03-4400-b93f-168701db817b": sourceMask=true, opacity=1
2026-05-26 01:23:58.774 +02:00 [INF] DrawWindowLightEffects() beam "6b7d8043-ed03-4400-b93f-168701db817b": geometry=(528,464)-(528,639.36)
2026-05-26 01:23:58.774 +02:00 [WRN] DrawWindowLightEffect: early return - shader is null
2026-05-26 01:23:58.774 +02:00 [INF] DrawWindowLightEffects() beam "6b7d8043-ed03-4400-b93f-168701db817b": DrawWindowLightEffect returned false
2026-05-26 01:23:58.774 +02:00 [INF] Map "d5c08240-0436-454a-8993-362abf5bc477": window light drew 1/1 beam(s), skipped 0
2026-05-26 01:23:58.802 +02:00 [WRN] DrawWindowLightEffect: early return - shader is null
2026-05-26 01:23:58.802 +02:00 [INF] DrawWindowLightEffects() called for map "d5c08240-0436-454a-8993-362abf5bc477": Renderer=false, Beams=1
2026-05-26 01:23:58.802 +02:00 [INF] DrawWindowLightEffects() beam "6b7d8043-ed03-4400-b93f-168701db817b": sourceMask=true, opacity=1
2026-05-26 01:23:58.803 +02:00 [INF] DrawWindowLightEffects() beam "6b7d8043-ed03-4400-b93f-168701db817b": geometry=(528,464)-(528,639.36)
2026-05-26 01:23:58.803 +02:00 [WRN] DrawWindowLightEffect: early return - shader is null
2026-05-26 01:23:58.803 +02:00 [INF] DrawWindowLightEffects() beam "6b7d8043-ed03-4400-b93f-168701db817b": DrawWindowLightEffect returned false
2026-05-26 01:23:58.803 +02:00 [INF] Map "d5c08240-0436-454a-8993-362abf5bc477": window light drew 1/1 beam(s), skipped 0
2026-05-26 01:23:58.831 +02:00 [WRN] DrawWindowLightEffect: early return - shader is null
2026-05-26 01:23:58.832 +02:00 [INF] DrawWindowLightEffects() called for map "d5c08240-0436-454a-8993-362abf5bc477": Renderer=false, Beams=1
2026-05-26 01:23:58.832 +02:00 [INF] DrawWindowLightEffects() beam "6b7d8043-ed03-4400-b93f-168701db817b": sourceMask=true, opacity=1
2026-05-26 01:23:58.833 +02:00 [INF] DrawWindowLightEffects() beam "6b7d8043-ed03-4400-b93f-168701db817b": geometry=(528,464)-(528,639.36)
2026-05-26 01:23:58.833 +02:00 [WRN] DrawWindowLightEffect: early return - shader is null
2026-05-26 01:23:58.833 +02:00 [INF] DrawWindowLightEffects() beam "6b7d8043-ed03-4400-b93f-168701db817b": DrawWindowLightEffect returned false
2026-05-26 01:23:58.833 +02:00 [INF] Map "d5c08240-0436-454a-8993-362abf5bc477": window light drew 1/1 beam(s), skipped 0
2026-05-26 01:23:58.860 +02:00 [WRN] DrawWindowLightEffect: early return - shader is null
2026-05-26 01:23:58.860 +02:00 [INF] DrawWindowLightEffects() called for map "d5c08240-0436-454a-8993-362abf5bc477": Renderer=false, Beams=1
2026-05-26 01:23:58.860 +02:00 [INF] DrawWindowLightEffects() beam "6b7d8043-ed03-4400-b93f-168701db817b": sourceMask=true, opacity=1
2026-05-26 01:23:58.861 +02:00 [INF] DrawWindowLightEffects() beam "6b7d8043-ed03-4400-b93f-168701db817b": geometry=(528,464)-(528,639.36)
2026-05-26 01:23:58.861 +02:00 [WRN] DrawWindowLightEffect: early return - shader is null
2026-05-26 01:23:58.861 +02:00 [INF] DrawWindowLightEffects() beam "6b7d8043-ed03-4400-b93f-168701db817b": DrawWindowLightEffect returned false
2026-05-26 01:23:58.861 +02:00 [INF] Map "d5c08240-0436-454a-8993-362abf5bc477": window light drew 1/1 beam(s), skipped 0
2026-05-26 01:23:58.892 +02:00 [WRN] DrawWindowLightEffect: early return - shader is null
2026-05-26 01:23:58.892 +02:00 [INF] DrawWindowLightEffects() called for map "d5c08240-0436-454a-8993-362abf5bc477": Renderer=false, Beams=1
2026-05-26 01:23:58.892 +02:00 [INF] DrawWindowLightEffects() beam "6b7d8043-ed03-4400-b93f-168701db817b": sourceMask=true, opacity=1
2026-05-26 01:23:58.893 +02:00 [INF] DrawWindowLightEffects() beam "6b7d8043-ed03-4400-b93f-168701db817b": geometry=(528,464)-(528,639.36)
2026-05-26 01:23:58.893 +02:00 [WRN] DrawWindowLightEffect: early return - shader is null
2026-05-26 01:23:58.893 +02:00 [INF] DrawWindowLightEffects() beam "6b7d8043-ed03-4400-b93f-168701db817b": DrawWindowLightEffect returned false
2026-05-26 01:23:58.893 +02:00 [INF] Map "d5c08240-0436-454a-8993-362abf5bc477": window light drew 1/1 beam(s), skipped 0
2026-05-26 01:23:58.919 +02:00 [WRN] DrawWindowLightEffect: early return - shader is null
2026-05-26 01:23:58.919 +02:00 [INF] DrawWindowLightEffects() called for map "d5c08240-0436-454a-8993-362abf5bc477": Renderer=false, Beams=1
2026-05-26 01:23:58.919 +02:00 [INF] DrawWindowLightEffects() beam "6b7d8043-ed03-4400-b93f-168701db817b": sourceMask=true, opacity=1
2026-05-26 01:23:58.921 +02:00 [INF] DrawWindowLightEffects() beam "6b7d8043-ed03-4400-b93f-168701db817b": geometry=(528,464)-(528,639.36)
2026-05-26 01:23:58.921 +02:00 [WRN] DrawWindowLightEffect: early return - shader is null
2026-05-26 01:23:58.921 +02:00 [INF] DrawWindowLightEffects() beam "6b7d8043-ed03-4400-b93f-168701db817b": DrawWindowLightEffect returned false
2026-05-26 01:23:58.921 +02:00 [INF] Map "d5c08240-0436-454a-8993-362abf5bc477": window light drew 1/1 beam(s), skipped 0
2026-05-26 01:23:58.948 +02:00 [WRN] DrawWindowLightEffect: early return - shader is null
2026-05-26 01:23:58.948 +02:00 [INF] DrawWindowLightEffects() called for map "d5c08240-0436-454a-8993-362abf5bc477": Renderer=false, Beams=1
2026-05-26 01:23:58.948 +02:00 [INF] DrawWindowLightEffects() beam "6b7d8043-ed03-4400-b93f-168701db817b": sourceMask=true, opacity=1
2026-05-26 01:23:58.949 +02:00 [INF] DrawWindowLightEffects() beam "6b7d8043-ed03-4400-b93f-168701db817b": geometry=(528,464)-(528,639.36)
2026-05-26 01:23:58.949 +02:00 [WRN] DrawWindowLightEffect: early return - shader is null
2026-05-26 01:23:58.949 +02:00 [INF] DrawWindowLightEffects() beam "6b7d8043-ed03-4400-b93f-168701db817b": DrawWindowLightEffect returned false
2026-05-26 01:23:58.949 +02:00 [INF] Map "d5c08240-0436-454a-8993-362abf5bc477": window light drew 1/1 beam(s), skipped 0
2026-05-26 01:23:58.976 +02:00 [WRN] DrawWindowLightEffect: early return - shader is null
2026-05-26 01:23:58.976 +02:00 [INF] DrawWindowLightEffects() called for map "d5c08240-0436-454a-8993-362abf5bc477": Renderer=false, Beams=1
2026-05-26 01:23:58.976 +02:00 [INF] DrawWindowLightEffects() beam "6b7d8043-ed03-4400-b93f-168701db817b": sourceMask=true, opacity=1
2026-05-26 01:23:58.978 +02:00 [INF] DrawWindowLightEffects() beam "6b7d8043-ed03-4400-b93f-168701db817b": geometry=(528,464)-(528,639.36)
2026-05-26 01:23:58.978 +02:00 [WRN] DrawWindowLightEffect: early return - shader is null
2026-05-26 01:23:58.978 +02:00 [INF] DrawWindowLightEffects() beam "6b7d8043-ed03-4400-b93f-168701db817b": DrawWindowLightEffect returned false
2026-05-26 01:23:58.978 +02:00 [INF] Map "d5c08240-0436-454a-8993-362abf5bc477": window light drew 1/1 beam(s), skipped 0
2026-05-26 01:23:59.004 +02:00 [WRN] DrawWindowLightEffect: early return - shader is null
2026-05-26 01:23:59.004 +02:00 [INF] DrawWindowLightEffects() called for map "d5c08240-0436-454a-8993-362abf5bc477": Renderer=false, Beams=1
2026-05-26 01:23:59.004 +02:00 [INF] DrawWindowLightEffects() beam "6b7d8043-ed03-4400-b93f-168701db817b": sourceMask=true, opacity=1
2026-05-26 01:23:59.006 +02:00 [INF] DrawWindowLightEffects() beam "6b7d8043-ed03-4400-b93f-168701db817b": geometry=(528,464)-(528,639.36)
2026-05-26 01:23:59.006 +02:00 [WRN] DrawWindowLightEffect: early return - shader is null
2026-05-26 01:23:59.006 +02:00 [INF] DrawWindowLightEffects() beam "6b7d8043-ed03-4400-b93f-168701db817b": DrawWindowLightEffect returned false
2026-05-26 01:23:59.006 +02:00 [INF] Map "d5c08240-0436-454a-8993-362abf5bc477": window light drew 1/1 beam(s), skipped 0
2026-05-26 01:23:59.033 +02:00 [WRN] DrawWindowLightEffect: early return - shader is null
2026-05-26 01:23:59.033 +02:00 [INF] DrawWindowLightEffects() called for map "d5c08240-0436-454a-8993-362abf5bc477": Renderer=false, Beams=1
2026-05-26 01:23:59.033 +02:00 [INF] DrawWindowLightEffects() beam "6b7d8043-ed03-4400-b93f-168701db817b": sourceMask=true, opacity=1
2026-05-26 01:23:59.035 +02:00 [INF] DrawWindowLightEffects() beam "6b7d8043-ed03-4400-b93f-168701db817b": geometry=(528,464)-(528,639.36)
2026-05-26 01:23:59.035 +02:00 [WRN] DrawWindowLightEffect: early return - shader is null
2026-05-26 01:23:59.035 +02:00 [INF] DrawWindowLightEffects() beam "6b7d8043-ed03-4400-b93f-168701db817b": DrawWindowLightEffect returned false
2026-05-26 01:23:59.035 +02:00 [INF] Map "d5c08240-0436-454a-8993-362abf5bc477": window light drew 1/1 beam(s), skipped 0
2026-05-26 01:23:59.061 +02:00 [WRN] DrawWindowLightEffect: early return - shader is null
2026-05-26 01:23:59.061 +02:00 [INF] DrawWindowLightEffects() called for map "d5c08240-0436-454a-8993-362abf5bc477": Renderer=false, Beams=1
2026-05-26 01:23:59.061 +02:00 [INF] DrawWindowLightEffects() beam "6b7d8043-ed03-4400-b93f-168701db817b": sourceMask=true, opacity=1
2026-05-26 01:23:59.062 +02:00 [INF] DrawWindowLightEffects() beam "6b7d8043-ed03-4400-b93f-168701db817b": geometry=(528,464)-(528,639.36)
2026-05-26 01:23:59.062 +02:00 [WRN] DrawWindowLightEffect: early return - shader is null
2026-05-26 01:23:59.062 +02:00 [INF] DrawWindowLightEffects() beam "6b7d8043-ed03-4400-b93f-168701db817b": DrawWindowLightEffect returned false
2026-05-26 01:23:59.062 +02:00 [INF] Map "d5c08240-0436-454a-8993-362abf5bc477": window light drew 1/1 beam(s), skipped 0
2026-05-26 01:23:59.089 +02:00 [WRN] DrawWindowLightEffect: early return - shader is null
2026-05-26 01:23:59.089 +02:00 [INF] DrawWindowLightEffects() called for map "d5c08240-0436-454a-8993-362abf5bc477": Renderer=false, Beams=1
2026-05-26 01:23:59.089 +02:00 [INF] DrawWindowLightEffects() beam "6b7d8043-ed03-4400-b93f-168701db817b": sourceMask=true, opacity=1
2026-05-26 01:23:59.090 +02:00 [INF] DrawWindowLightEffects() beam "6b7d8043-ed03-4400-b93f-168701db817b": geometry=(528,464)-(528,639.36)
2026-05-26 01:23:59.090 +02:00 [WRN] DrawWindowLightEffect: early return - shader is null
2026-05-26 01:23:59.090 +02:00 [INF] DrawWindowLightEffects() beam "6b7d8043-ed03-4400-b93f-168701db817b": DrawWindowLightEffect returned false
2026-05-26 01:23:59.090 +02:00 [INF] Map "d5c08240-0436-454a-8993-362abf5bc477": window light drew 1/1 beam(s), skipped 0
2026-05-26 01:23:59.116 +02:00 [WRN] DrawWindowLightEffect: early return - shader is null
2026-05-26 01:23:59.116 +02:00 [INF] DrawWindowLightEffects() called for map "d5c08240-0436-454a-8993-362abf5bc477": Renderer=false, Beams=1
2026-05-26 01:23:59.116 +02:00 [INF] DrawWindowLightEffects() beam "6b7d8043-ed03-4400-b93f-168701db817b": sourceMask=true, opacity=1
2026-05-26 01:23:59.118 +02:00 [INF] DrawWindowLightEffects() beam "6b7d8043-ed03-4400-b93f-168701db817b": geometry=(528,464)-(528,639.36)
2026-05-26 01:23:59.118 +02:00 [WRN] DrawWindowLightEffect: early return - shader is null
2026-05-26 01:23:59.118 +02:00 [INF] DrawWindowLightEffects() beam "6b7d8043-ed03-4400-b93f-168701db817b": DrawWindowLightEffect returned false
2026-05-26 01:23:59.118 +02:00 [INF] Map "d5c08240-0436-454a-8993-362abf5bc477": window light drew 1/1 beam(s), skipped 0
2026-05-26 01:23:59.144 +02:00 [WRN] DrawWindowLightEffect: early return - shader is null
2026-05-26 01:23:59.144 +02:00 [INF] DrawWindowLightEffects() called for map "d5c08240-0436-454a-8993-362abf5bc477": Renderer=false, Beams=1
2026-05-26 01:23:59.144 +02:00 [INF] DrawWindowLightEffects() beam "6b7d8043-ed03-4400-b93f-168701db817b": sourceMask=true, opacity=1
2026-05-26 01:23:59.145 +02:00 [INF] DrawWindowLightEffects() beam "6b7d8043-ed03-4400-b93f-168701db817b": geometry=(528,464)-(528,639.36)
2026-05-26 01:23:59.145 +02:00 [WRN] DrawWindowLightEffect: early return - shader is null
2026-05-26 01:23:59.145 +02:00 [INF] DrawWindowLightEffects() beam "6b7d8043-ed03-4400-b93f-168701db817b": DrawWindowLightEffect returned false
2026-05-26 01:23:59.145 +02:00 [INF] Map "d5c08240-0436-454a-8993-362abf5bc477": window light drew 1/1 beam(s), skipped 0
2026-05-26 01:23:59.171 +02:00 [WRN] DrawWindowLightEffect: early return - shader is null
2026-05-26 01:23:59.171 +02:00 [INF] DrawWindowLightEffects() called for map "d5c08240-0436-454a-8993-362abf5bc477": Renderer=false, Beams=1
2026-05-26 01:23:59.171 +02:00 [INF] DrawWindowLightEffects() beam "6b7d8043-ed03-4400-b93f-168701db817b": sourceMask=true, opacity=1
2026-05-26 01:23:59.172 +02:00 [INF] DrawWindowLightEffects() beam "6b7d8043-ed03-4400-b93f-168701db817b": geometry=(528,464)-(528,639.36)
2026-05-26 01:23:59.172 +02:00 [WRN] DrawWindowLightEffect: early return - shader is null
2026-05-26 01:23:59.173 +02:00 [INF] DrawWindowLightEffects() beam "6b7d8043-ed03-4400-b93f-168701db817b": DrawWindowLightEffect returned false
2026-05-26 01:23:59.173 +02:00 [INF] Map "d5c08240-0436-454a-8993-362abf5bc477": window light drew 1/1 beam(s), skipped 0
2026-05-26 01:23:59.197 +02:00 [WRN] DrawWindowLightEffect: early return - shader is null
2026-05-26 01:23:59.197 +02:00 [INF] DrawWindowLightEffects() called for map "d5c08240-0436-454a-8993-362abf5bc477": Renderer=false, Beams=1
2026-05-26 01:23:59.197 +02:00 [INF] DrawWindowLightEffects() beam "6b7d8043-ed03-4400-b93f-168701db817b": sourceMask=true, opacity=1
2026-05-26 01:23:59.199 +02:00 [INF] DrawWindowLightEffects() beam "6b7d8043-ed03-4400-b93f-168701db817b": geometry=(528,464)-(528,639.36)
2026-05-26 01:23:59.199 +02:00 [WRN] DrawWindowLightEffect: early return - shader is null
2026-05-26 01:23:59.199 +02:00 [INF] DrawWindowLightEffects() beam "6b7d8043-ed03-4400-b93f-168701db817b": DrawWindowLightEffect returned false
2026-05-26 01:23:59.199 +02:00 [INF] Map "d5c08240-0436-454a-8993-362abf5bc477": window light drew 1/1 beam(s), skipped 0
2026-05-26 01:23:59.225 +02:00 [WRN] DrawWindowLightEffect: early return - shader is null
2026-05-26 01:23:59.225 +02:00 [INF] DrawWindowLightEffects() called for map "d5c08240-0436-454a-8993-362abf5bc477": Renderer=false, Beams=1
2026-05-26 01:23:59.225 +02:00 [INF] DrawWindowLightEffects() beam "6b7d8043-ed03-4400-b93f-168701db817b": sourceMask=true, opacity=1
2026-05-26 01:23:59.226 +02:00 [INF] DrawWindowLightEffects() beam "6b7d8043-ed03-4400-b93f-168701db817b": geometry=(528,464)-(528,639.36)
2026-05-26 01:23:59.226 +02:00 [WRN] DrawWindowLightEffect: early return - shader is null
2026-05-26 01:23:59.226 +02:00 [INF] DrawWindowLightEffects() beam "6b7d8043-ed03-4400-b93f-168701db817b": DrawWindowLightEffect returned false
2026-05-26 01:23:59.226 +02:00 [INF] Map "d5c08240-0436-454a-8993-362abf5bc477": window light drew 1/1 beam(s), skipped 0
2026-05-26 01:23:59.252 +02:00 [WRN] DrawWindowLightEffect: early return - shader is null
2026-05-26 01:23:59.252 +02:00 [INF] DrawWindowLightEffects() called for map "d5c08240-0436-454a-8993-362abf5bc477": Renderer=false, Beams=1
2026-05-26 01:23:59.252 +02:00 [INF] DrawWindowLightEffects() beam "6b7d8043-ed03-4400-b93f-168701db817b": sourceMask=true, opacity=1
2026-05-26 01:23:59.253 +02:00 [INF] DrawWindowLightEffects() beam "6b7d8043-ed03-4400-b93f-168701db817b": geometry=(528,464)-(528,639.36)
2026-05-26 01:23:59.253 +02:00 [WRN] DrawWindowLightEffect: early return - shader is null
2026-05-26 01:23:59.253 +02:00 [INF] DrawWindowLightEffects() beam "6b7d8043-ed03-4400-b93f-168701db817b": DrawWindowLightEffect returned false
2026-05-26 01:23:59.253 +02:00 [INF] Map "d5c08240-0436-454a-8993-362abf5bc477": window light drew 1/1 beam(s), skipped 0
2026-05-26 01:23:59.279 +02:00 [WRN] DrawWindowLightEffect: early return - shader is null
2026-05-26 01:23:59.279 +02:00 [INF] DrawWindowLightEffects() called for map "d5c08240-0436-454a-8993-362abf5bc477": Renderer=false, Beams=1
2026-05-26 01:23:59.279 +02:00 [INF] DrawWindowLightEffects() beam "6b7d8043-ed03-4400-b93f-168701db817b": sourceMask=true, opacity=1
2026-05-26 01:23:59.280 +02:00 [INF] DrawWindowLightEffects() beam "6b7d8043-ed03-4400-b93f-168701db817b": geometry=(528,464)-(528,639.36)
2026-05-26 01:23:59.280 +02:00 [WRN] DrawWindowLightEffect: early return - shader is null
2026-05-26 01:23:59.280 +02:00 [INF] DrawWindowLightEffects() beam "6b7d8043-ed03-4400-b93f-168701db817b": DrawWindowLightEffect returned false
2026-05-26 01:23:59.280 +02:00 [INF] Map "d5c08240-0436-454a-8993-362abf5bc477": window light drew 1/1 beam(s), skipped 0
2026-05-26 01:23:59.308 +02:00 [WRN] DrawWindowLightEffect: early return - shader is null
2026-05-26 01:23:59.308 +02:00 [INF] DrawWindowLightEffects() called for map "d5c08240-0436-454a-8993-362abf5bc477": Renderer=false, Beams=1
2026-05-26 01:23:59.308 +02:00 [INF] DrawWindowLightEffects() beam "6b7d8043-ed03-4400-b93f-168701db817b": sourceMask=true, opacity=1
2026-05-26 01:23:59.309 +02:00 [INF] DrawWindowLightEffects() beam "6b7d8043-ed03-4400-b93f-168701db817b": geometry=(528,464)-(528,639.36)
2026-05-26 01:23:59.309 +02:00 [WRN] DrawWindowLightEffect: early return - shader is null
2026-05-26 01:23:59.309 +02:00 [INF] DrawWindowLightEffects() beam "6b7d8043-ed03-4400-b93f-168701db817b": DrawWindowLightEffect returned false
2026-05-26 01:23:59.309 +02:00 [INF] Map "d5c08240-0436-454a-8993-362abf5bc477": window light drew 1/1 beam(s), skipped 0
2026-05-26 01:23:59.334 +02:00 [WRN] DrawWindowLightEffect: early return - shader is null
2026-05-26 01:23:59.334 +02:00 [INF] DrawWindowLightEffects() called for map "d5c08240-0436-454a-8993-362abf5bc477": Renderer=false, Beams=1
2026-05-26 01:23:59.334 +02:00 [INF] DrawWindowLightEffects() beam "6b7d8043-ed03-4400-b93f-168701db817b": sourceMask=true, opacity=1
2026-05-26 01:23:59.336 +02:00 [INF] DrawWindowLightEffects() beam "6b7d8043-ed03-4400-b93f-168701db817b": geometry=(528,464)-(528,639.36)
2026-05-26 01:23:59.336 +02:00 [WRN] DrawWindowLightEffect: early return - shader is null
2026-05-26 01:23:59.336 +02:00 [INF] DrawWindowLightEffects() beam "6b7d8043-ed03-4400-b93f-168701db817b": DrawWindowLightEffect returned false
2026-05-26 01:23:59.336 +02:00 [INF] Map "d5c08240-0436-454a-8993-362abf5bc477": window light drew 1/1 beam(s), skipped 0
2026-05-26 01:23:59.361 +02:00 [WRN] DrawWindowLightEffect: early return - shader is null
2026-05-26 01:23:59.361 +02:00 [INF] DrawWindowLightEffects() called for map "d5c08240-0436-454a-8993-362abf5bc477": Renderer=false, Beams=1
2026-05-26 01:23:59.361 +02:00 [INF] DrawWindowLightEffects() beam "6b7d8043-ed03-4400-b93f-168701db817b": sourceMask=true, opacity=1
2026-05-26 01:23:59.363 +02:00 [INF] DrawWindowLightEffects() beam "6b7d8043-ed03-4400-b93f-168701db817b": geometry=(528,464)-(528,639.36)
2026-05-26 01:23:59.363 +02:00 [WRN] DrawWindowLightEffect: early return - shader is null
2026-05-26 01:23:59.363 +02:00 [INF] DrawWindowLightEffects() beam "6b7d8043-ed03-4400-b93f-168701db817b": DrawWindowLightEffect returned false
2026-05-26 01:23:59.363 +02:00 [INF] Map "d5c08240-0436-454a-8993-362abf5bc477": window light drew 1/1 beam(s), skipped 0
2026-05-26 01:23:59.388 +02:00 [WRN] DrawWindowLightEffect: early return - shader is null
2026-05-26 01:23:59.388 +02:00 [INF] DrawWindowLightEffects() called for map "d5c08240-0436-454a-8993-362abf5bc477": Renderer=false, Beams=1
2026-05-26 01:23:59.388 +02:00 [INF] DrawWindowLightEffects() beam "6b7d8043-ed03-4400-b93f-168701db817b": sourceMask=true, opacity=1
2026-05-26 01:23:59.390 +02:00 [INF] DrawWindowLightEffects() beam "6b7d8043-ed03-4400-b93f-168701db817b": geometry=(528,464)-(528,639.36)
2026-05-26 01:23:59.390 +02:00 [WRN] DrawWindowLightEffect: early return - shader is null
2026-05-26 01:23:59.390 +02:00 [INF] DrawWindowLightEffects() beam "6b7d8043-ed03-4400-b93f-168701db817b": DrawWindowLightEffect returned false
2026-05-26 01:23:59.390 +02:00 [INF] Map "d5c08240-0436-454a-8993-362abf5bc477": window light drew 1/1 beam(s), skipped 0
2026-05-26 01:23:59.415 +02:00 [WRN] DrawWindowLightEffect: early return - shader is null
2026-05-26 01:23:59.415 +02:00 [INF] DrawWindowLightEffects() called for map "d5c08240-0436-454a-8993-362abf5bc477": Renderer=false, Beams=1
2026-05-26 01:23:59.415 +02:00 [INF] DrawWindowLightEffects() beam "6b7d8043-ed03-4400-b93f-168701db817b": sourceMask=true, opacity=1
2026-05-26 01:23:59.416 +02:00 [INF] DrawWindowLightEffects() beam "6b7d8043-ed03-4400-b93f-168701db817b": geometry=(528,464)-(528,639.36)
2026-05-26 01:23:59.416 +02:00 [WRN] DrawWindowLightEffect: early return - shader is null
2026-05-26 01:23:59.416 +02:00 [INF] DrawWindowLightEffects() beam "6b7d8043-ed03-4400-b93f-168701db817b": DrawWindowLightEffect returned false
2026-05-26 01:23:59.416 +02:00 [INF] Map "d5c08240-0436-454a-8993-362abf5bc477": window light drew 1/1 beam(s), skipped 0
2026-05-26 01:23:59.442 +02:00 [WRN] DrawWindowLightEffect: early return - shader is null
2026-05-26 01:23:59.442 +02:00 [INF] DrawWindowLightEffects() called for map "d5c08240-0436-454a-8993-362abf5bc477": Renderer=false, Beams=1
2026-05-26 01:23:59.442 +02:00 [INF] DrawWindowLightEffects() beam "6b7d8043-ed03-4400-b93f-168701db817b": sourceMask=true, opacity=1
2026-05-26 01:23:59.443 +02:00 [INF] DrawWindowLightEffects() beam "6b7d8043-ed03-4400-b93f-168701db817b": geometry=(528,464)-(528,639.36)
2026-05-26 01:23:59.443 +02:00 [WRN] DrawWindowLightEffect: early return - shader is null
2026-05-26 01:23:59.443 +02:00 [INF] DrawWindowLightEffects() beam "6b7d8043-ed03-4400-b93f-168701db817b": DrawWindowLightEffect returned false
2026-05-26 01:23:59.443 +02:00 [INF] Map "d5c08240-0436-454a-8993-362abf5bc477": window light drew 1/1 beam(s), skipped 0
2026-05-26 01:23:59.468 +02:00 [WRN] DrawWindowLightEffect: early return - shader is null
2026-05-26 01:23:59.468 +02:00 [INF] DrawWindowLightEffects() called for map "d5c08240-0436-454a-8993-362abf5bc477": Renderer=false, Beams=1
2026-05-26 01:23:59.468 +02:00 [INF] DrawWindowLightEffects() beam "6b7d8043-ed03-4400-b93f-168701db817b": sourceMask=true, opacity=1
2026-05-26 01:23:59.470 +02:00 [INF] DrawWindowLightEffects() beam "6b7d8043-ed03-4400-b93f-168701db817b": geometry=(528,464)-(528,639.36)
2026-05-26 01:23:59.470 +02:00 [WRN] DrawWindowLightEffect: early return - shader is null
2026-05-26 01:23:59.470 +02:00 [INF] DrawWindowLightEffects() beam "6b7d8043-ed03-4400-b93f-168701db817b": DrawWindowLightEffect returned false
2026-05-26 01:23:59.470 +02:00 [INF] Map "d5c08240-0436-454a-8993-362abf5bc477": window light drew 1/1 beam(s), skipped 0
2026-05-26 01:23:59.496 +02:00 [WRN] DrawWindowLightEffect: early return - shader is null
2026-05-26 01:23:59.496 +02:00 [INF] DrawWindowLightEffects() called for map "d5c08240-0436-454a-8993-362abf5bc477": Renderer=false, Beams=1
2026-05-26 01:23:59.496 +02:00 [INF] DrawWindowLightEffects() beam "6b7d8043-ed03-4400-b93f-168701db817b": sourceMask=true, opacity=1
2026-05-26 01:23:59.497 +02:00 [INF] DrawWindowLightEffects() beam "6b7d8043-ed03-4400-b93f-168701db817b": geometry=(528,464)-(528,639.36)
2026-05-26 01:23:59.497 +02:00 [WRN] DrawWindowLightEffect: early return - shader is null
2026-05-26 01:23:59.497 +02:00 [INF] DrawWindowLightEffects() beam "6b7d8043-ed03-4400-b93f-168701db817b": DrawWindowLightEffect returned false
2026-05-26 01:23:59.497 +02:00 [INF] Map "d5c08240-0436-454a-8993-362abf5bc477": window light drew 1/1 beam(s), skipped 0
2026-05-26 01:23:59.523 +02:00 [WRN] DrawWindowLightEffect: early return - shader is null
2026-05-26 01:23:59.523 +02:00 [INF] DrawWindowLightEffects() called for map "d5c08240-0436-454a-8993-362abf5bc477": Renderer=false, Beams=1
2026-05-26 01:23:59.523 +02:00 [INF] DrawWindowLightEffects() beam "6b7d8043-ed03-4400-b93f-168701db817b": sourceMask=true, opacity=1
2026-05-26 01:23:59.525 +02:00 [INF] DrawWindowLightEffects() beam "6b7d8043-ed03-4400-b93f-168701db817b": geometry=(528,464)-(528,639.36)
2026-05-26 01:23:59.525 +02:00 [WRN] DrawWindowLightEffect: early return - shader is null
2026-05-26 01:23:59.525 +02:00 [INF] DrawWindowLightEffects() beam "6b7d8043-ed03-4400-b93f-168701db817b": DrawWindowLightEffect returned false
2026-05-26 01:23:59.525 +02:00 [INF] Map "d5c08240-0436-454a-8993-362abf5bc477": window light drew 1/1 beam(s), skipped 0
2026-05-26 01:23:59.551 +02:00 [WRN] DrawWindowLightEffect: early return - shader is null
2026-05-26 01:23:59.551 +02:00 [INF] DrawWindowLightEffects() called for map "d5c08240-0436-454a-8993-362abf5bc477": Renderer=false, Beams=1
2026-05-26 01:23:59.551 +02:00 [INF] DrawWindowLightEffects() beam "6b7d8043-ed03-4400-b93f-168701db817b": sourceMask=true, opacity=1
2026-05-26 01:23:59.552 +02:00 [INF] DrawWindowLightEffects() beam "6b7d8043-ed03-4400-b93f-168701db817b": geometry=(528,464)-(528,639.36)
2026-05-26 01:23:59.552 +02:00 [WRN] DrawWindowLightEffect: early return - shader is null
2026-05-26 01:23:59.552 +02:00 [INF] DrawWindowLightEffects() beam "6b7d8043-ed03-4400-b93f-168701db817b": DrawWindowLightEffect returned false
2026-05-26 01:23:59.552 +02:00 [INF] Map "d5c08240-0436-454a-8993-362abf5bc477": window light drew 1/1 beam(s), skipped 0
2026-05-26 01:23:59.584 +02:00 [WRN] DrawWindowLightEffect: early return - shader is null
2026-05-26 01:23:59.584 +02:00 [INF] DrawWindowLightEffects() called for map "d5c08240-0436-454a-8993-362abf5bc477": Renderer=false, Beams=1
2026-05-26 01:23:59.584 +02:00 [INF] DrawWindowLightEffects() beam "6b7d8043-ed03-4400-b93f-168701db817b": sourceMask=true, opacity=1
2026-05-26 01:23:59.586 +02:00 [INF] DrawWindowLightEffects() beam "6b7d8043-ed03-4400-b93f-168701db817b": geometry=(528,464)-(528,639.36)
2026-05-26 01:23:59.586 +02:00 [WRN] DrawWindowLightEffect: early return - shader is null
2026-05-26 01:23:59.586 +02:00 [INF] DrawWindowLightEffects() beam "6b7d8043-ed03-4400-b93f-168701db817b": DrawWindowLightEffect returned false
2026-05-26 01:23:59.586 +02:00 [INF] Map "d5c08240-0436-454a-8993-362abf5bc477": window light drew 1/1 beam(s), skipped 0
2026-05-26 01:23:59.612 +02:00 [WRN] DrawWindowLightEffect: early return - shader is null
2026-05-26 01:23:59.612 +02:00 [INF] DrawWindowLightEffects() called for map "d5c08240-0436-454a-8993-362abf5bc477": Renderer=false, Beams=1
2026-05-26 01:23:59.612 +02:00 [INF] DrawWindowLightEffects() beam "6b7d8043-ed03-4400-b93f-168701db817b": sourceMask=true, opacity=1
2026-05-26 01:23:59.613 +02:00 [INF] DrawWindowLightEffects() beam "6b7d8043-ed03-4400-b93f-168701db817b": geometry=(528,464)-(528,639.36)
2026-05-26 01:23:59.613 +02:00 [WRN] DrawWindowLightEffect: early return - shader is null
2026-05-26 01:23:59.613 +02:00 [INF] DrawWindowLightEffects() beam "6b7d8043-ed03-4400-b93f-168701db817b": DrawWindowLightEffect returned false
2026-05-26 01:23:59.613 +02:00 [INF] Map "d5c08240-0436-454a-8993-362abf5bc477": window light drew 1/1 beam(s), skipped 0
2026-05-26 01:23:59.639 +02:00 [WRN] DrawWindowLightEffect: early return - shader is null
2026-05-26 01:23:59.639 +02:00 [INF] DrawWindowLightEffects() called for map "d5c08240-0436-454a-8993-362abf5bc477": Renderer=false, Beams=1
2026-05-26 01:23:59.639 +02:00 [INF] DrawWindowLightEffects() beam "6b7d8043-ed03-4400-b93f-168701db817b": sourceMask=true, opacity=1
2026-05-26 01:23:59.641 +02:00 [INF] DrawWindowLightEffects() beam "6b7d8043-ed03-4400-b93f-168701db817b": geometry=(528,464)-(528,639.36)
2026-05-26 01:23:59.641 +02:00 [WRN] DrawWindowLightEffect: early return - shader is null
2026-05-26 01:23:59.641 +02:00 [INF] DrawWindowLightEffects() beam "6b7d8043-ed03-4400-b93f-168701db817b": DrawWindowLightEffect returned false
2026-05-26 01:23:59.641 +02:00 [INF] Map "d5c08240-0436-454a-8993-362abf5bc477": window light drew 1/1 beam(s), skipped 0
2026-05-26 01:23:59.666 +02:00 [WRN] DrawWindowLightEffect: early return - shader is null
2026-05-26 01:23:59.666 +02:00 [INF] DrawWindowLightEffects() called for map "d5c08240-0436-454a-8993-362abf5bc477": Renderer=false, Beams=1
2026-05-26 01:23:59.666 +02:00 [INF] DrawWindowLightEffects() beam "6b7d8043-ed03-4400-b93f-168701db817b": sourceMask=true, opacity=1
2026-05-26 01:23:59.668 +02:00 [INF] DrawWindowLightEffects() beam "6b7d8043-ed03-4400-b93f-168701db817b": geometry=(528,464)-(528,639.36)
2026-05-26 01:23:59.668 +02:00 [WRN] DrawWindowLightEffect: early return - shader is null
2026-05-26 01:23:59.668 +02:00 [INF] DrawWindowLightEffects() beam "6b7d8043-ed03-4400-b93f-168701db817b": DrawWindowLightEffect returned false
2026-05-26 01:23:59.668 +02:00 [INF] Map "d5c08240-0436-454a-8993-362abf5bc477": window light drew 1/1 beam(s), skipped 0
2026-05-26 01:23:59.694 +02:00 [WRN] DrawWindowLightEffect: early return - shader is null
2026-05-26 01:23:59.694 +02:00 [INF] DrawWindowLightEffects() called for map "d5c08240-0436-454a-8993-362abf5bc477": Renderer=false, Beams=1
2026-05-26 01:23:59.694 +02:00 [INF] DrawWindowLightEffects() beam "6b7d8043-ed03-4400-b93f-168701db817b": sourceMask=true, opacity=1
2026-05-26 01:23:59.695 +02:00 [INF] DrawWindowLightEffects() beam "6b7d8043-ed03-4400-b93f-168701db817b": geometry=(528,464)-(528,639.36)
2026-05-26 01:23:59.695 +02:00 [WRN] DrawWindowLightEffect: early return - shader is null
2026-05-26 01:23:59.695 +02:00 [INF] DrawWindowLightEffects() beam "6b7d8043-ed03-4400-b93f-168701db817b": DrawWindowLightEffect returned false
2026-05-26 01:23:59.695 +02:00 [INF] Map "d5c08240-0436-454a-8993-362abf5bc477": window light drew 1/1 beam(s), skipped 0
2026-05-26 01:23:59.722 +02:00 [WRN] DrawWindowLightEffect: early return - shader is null
2026-05-26 01:23:59.722 +02:00 [INF] DrawWindowLightEffects() called for map "d5c08240-0436-454a-8993-362abf5bc477": Renderer=false, Beams=1
2026-05-26 01:23:59.722 +02:00 [INF] DrawWindowLightEffects() beam "6b7d8043-ed03-4400-b93f-168701db817b": sourceMask=true, opacity=1
2026-05-26 01:23:59.723 +02:00 [INF] DrawWindowLightEffects() beam "6b7d8043-ed03-4400-b93f-168701db817b": geometry=(528,464)-(528,639.36)
2026-05-26 01:23:59.723 +02:00 [WRN] DrawWindowLightEffect: early return - shader is null
2026-05-26 01:23:59.723 +02:00 [INF] DrawWindowLightEffects() beam "6b7d8043-ed03-4400-b93f-168701db817b": DrawWindowLightEffect returned false
2026-05-26 01:23:59.723 +02:00 [INF] Map "d5c08240-0436-454a-8993-362abf5bc477": window light drew 1/1 beam(s), skipped 0
2026-05-26 01:23:59.749 +02:00 [WRN] DrawWindowLightEffect: early return - shader is null
2026-05-26 01:23:59.749 +02:00 [INF] DrawWindowLightEffects() called for map "d5c08240-0436-454a-8993-362abf5bc477": Renderer=false, Beams=1
2026-05-26 01:23:59.749 +02:00 [INF] DrawWindowLightEffects() beam "6b7d8043-ed03-4400-b93f-168701db817b": sourceMask=true, opacity=1
2026-05-26 01:23:59.750 +02:00 [INF] DrawWindowLightEffects() beam "6b7d8043-ed03-4400-b93f-168701db817b": geometry=(528,464)-(528,639.36)
2026-05-26 01:23:59.750 +02:00 [WRN] DrawWindowLightEffect: early return - shader is null
2026-05-26 01:23:59.750 +02:00 [INF] DrawWindowLightEffects() beam "6b7d8043-ed03-4400-b93f-168701db817b": DrawWindowLightEffect returned false
2026-05-26 01:23:59.750 +02:00 [INF] Map "d5c08240-0436-454a-8993-362abf5bc477": window light drew 1/1 beam(s), skipped 0
2026-05-26 01:23:59.776 +02:00 [WRN] DrawWindowLightEffect: early return - shader is null
2026-05-26 01:23:59.776 +02:00 [INF] DrawWindowLightEffects() called for map "d5c08240-0436-454a-8993-362abf5bc477": Renderer=false, Beams=1
2026-05-26 01:23:59.776 +02:00 [INF] DrawWindowLightEffects() beam "6b7d8043-ed03-4400-b93f-168701db817b": sourceMask=true, opacity=1
2026-05-26 01:23:59.777 +02:00 [INF] DrawWindowLightEffects() beam "6b7d8043-ed03-4400-b93f-168701db817b": geometry=(528,464)-(528,639.36)
2026-05-26 01:23:59.777 +02:00 [WRN] DrawWindowLightEffect: early return - shader is null
2026-05-26 01:23:59.777 +02:00 [INF] DrawWindowLightEffects() beam "6b7d8043-ed03-4400-b93f-168701db817b": DrawWindowLightEffect returned false
2026-05-26 01:23:59.777 +02:00 [INF] Map "d5c08240-0436-454a-8993-362abf5bc477": window light drew 1/1 beam(s), skipped 0
2026-05-26 01:23:59.803 +02:00 [WRN] DrawWindowLightEffect: early return - shader is null
2026-05-26 01:23:59.803 +02:00 [INF] DrawWindowLightEffects() called for map "d5c08240-0436-454a-8993-362abf5bc477": Renderer=false, Beams=1
2026-05-26 01:23:59.803 +02:00 [INF] DrawWindowLightEffects() beam "6b7d8043-ed03-4400-b93f-168701db817b": sourceMask=true, opacity=1
2026-05-26 01:23:59.804 +02:00 [INF] DrawWindowLightEffects() beam "6b7d8043-ed03-4400-b93f-168701db817b": geometry=(528,464)-(528,639.36)
2026-05-26 01:23:59.804 +02:00 [WRN] DrawWindowLightEffect: early return - shader is null
2026-05-26 01:23:59.804 +02:00 [INF] DrawWindowLightEffects() beam "6b7d8043-ed03-4400-b93f-168701db817b": DrawWindowLightEffect returned false
2026-05-26 01:23:59.804 +02:00 [INF] Map "d5c08240-0436-454a-8993-362abf5bc477": window light drew 1/1 beam(s), skipped 0
2026-05-26 01:23:59.830 +02:00 [WRN] DrawWindowLightEffect: early return - shader is null
2026-05-26 01:23:59.830 +02:00 [INF] DrawWindowLightEffects() called for map "d5c08240-0436-454a-8993-362abf5bc477": Renderer=false, Beams=1
2026-05-26 01:23:59.830 +02:00 [INF] DrawWindowLightEffects() beam "6b7d8043-ed03-4400-b93f-168701db817b": sourceMask=true, opacity=1
2026-05-26 01:23:59.831 +02:00 [INF] DrawWindowLightEffects() beam "6b7d8043-ed03-4400-b93f-168701db817b": geometry=(528,464)-(528,639.36)
2026-05-26 01:23:59.831 +02:00 [WRN] DrawWindowLightEffect: early return - shader is null
2026-05-26 01:23:59.831 +02:00 [INF] DrawWindowLightEffects() beam "6b7d8043-ed03-4400-b93f-168701db817b": DrawWindowLightEffect returned false
2026-05-26 01:23:59.831 +02:00 [INF] Map "d5c08240-0436-454a-8993-362abf5bc477": window light drew 1/1 beam(s), skipped 0
2026-05-26 01:23:59.857 +02:00 [WRN] DrawWindowLightEffect: early return - shader is null
2026-05-26 01:23:59.857 +02:00 [INF] DrawWindowLightEffects() called for map "d5c08240-0436-454a-8993-362abf5bc477": Renderer=false, Beams=1
2026-05-26 01:23:59.857 +02:00 [INF] DrawWindowLightEffects() beam "6b7d8043-ed03-4400-b93f-168701db817b": sourceMask=true, opacity=1
2026-05-26 01:23:59.858 +02:00 [INF] DrawWindowLightEffects() beam "6b7d8043-ed03-4400-b93f-168701db817b": geometry=(528,464)-(528,639.36)
2026-05-26 01:23:59.858 +02:00 [WRN] DrawWindowLightEffect: early return - shader is null
2026-05-26 01:23:59.858 +02:00 [INF] DrawWindowLightEffects() beam "6b7d8043-ed03-4400-b93f-168701db817b": DrawWindowLightEffect returned false
2026-05-26 01:23:59.858 +02:00 [INF] Map "d5c08240-0436-454a-8993-362abf5bc477": window light drew 1/1 beam(s), skipped 0
2026-05-26 01:23:59.884 +02:00 [WRN] DrawWindowLightEffect: early return - shader is null
2026-05-26 01:23:59.885 +02:00 [INF] DrawWindowLightEffects() called for map "d5c08240-0436-454a-8993-362abf5bc477": Renderer=false, Beams=1
2026-05-26 01:23:59.885 +02:00 [INF] DrawWindowLightEffects() beam "6b7d8043-ed03-4400-b93f-168701db817b": sourceMask=true, opacity=1
2026-05-26 01:23:59.886 +02:00 [INF] DrawWindowLightEffects() beam "6b7d8043-ed03-4400-b93f-168701db817b": geometry=(528,464)-(528,639.36)
2026-05-26 01:23:59.886 +02:00 [WRN] DrawWindowLightEffect: early return - shader is null
2026-05-26 01:23:59.886 +02:00 [INF] DrawWindowLightEffects() beam "6b7d8043-ed03-4400-b93f-168701db817b": DrawWindowLightEffect returned false
2026-05-26 01:23:59.886 +02:00 [INF] Map "d5c08240-0436-454a-8993-362abf5bc477": window light drew 1/1 beam(s), skipped 0
2026-05-26 01:23:59.911 +02:00 [WRN] DrawWindowLightEffect: early return - shader is null
2026-05-26 01:23:59.911 +02:00 [INF] DrawWindowLightEffects() called for map "d5c08240-0436-454a-8993-362abf5bc477": Renderer=false, Beams=1
2026-05-26 01:23:59.911 +02:00 [INF] DrawWindowLightEffects() beam "6b7d8043-ed03-4400-b93f-168701db817b": sourceMask=true, opacity=1
2026-05-26 01:23:59.913 +02:00 [INF] DrawWindowLightEffects() beam "6b7d8043-ed03-4400-b93f-168701db817b": geometry=(528,464)-(528,639.36)
2026-05-26 01:23:59.913 +02:00 [WRN] DrawWindowLightEffect: early return - shader is null
2026-05-26 01:23:59.913 +02:00 [INF] DrawWindowLightEffects() beam "6b7d8043-ed03-4400-b93f-168701db817b": DrawWindowLightEffect returned false
2026-05-26 01:23:59.913 +02:00 [INF] Map "d5c08240-0436-454a-8993-362abf5bc477": window light drew 1/1 beam(s), skipped 0
2026-05-26 01:23:59.940 +02:00 [WRN] DrawWindowLightEffect: early return - shader is null
2026-05-26 01:23:59.940 +02:00 [INF] DrawWindowLightEffects() called for map "d5c08240-0436-454a-8993-362abf5bc477": Renderer=false, Beams=1
2026-05-26 01:23:59.940 +02:00 [INF] DrawWindowLightEffects() beam "6b7d8043-ed03-4400-b93f-168701db817b": sourceMask=true, opacity=1
2026-05-26 01:23:59.941 +02:00 [INF] DrawWindowLightEffects() beam "6b7d8043-ed03-4400-b93f-168701db817b": geometry=(528,464)-(528,639.36)
2026-05-26 01:23:59.941 +02:00 [WRN] DrawWindowLightEffect: early return - shader is null
2026-05-26 01:23:59.941 +02:00 [INF] DrawWindowLightEffects() beam "6b7d8043-ed03-4400-b93f-168701db817b": DrawWindowLightEffect returned false
2026-05-26 01:23:59.941 +02:00 [INF] Map "d5c08240-0436-454a-8993-362abf5bc477": window light drew 1/1 beam(s), skipped 0
2026-05-26 01:23:59.967 +02:00 [WRN] DrawWindowLightEffect: early return - shader is null
2026-05-26 01:23:59.967 +02:00 [INF] DrawWindowLightEffects() called for map "d5c08240-0436-454a-8993-362abf5bc477": Renderer=false, Beams=1
2026-05-26 01:23:59.967 +02:00 [INF] DrawWindowLightEffects() beam "6b7d8043-ed03-4400-b93f-168701db817b": sourceMask=true, opacity=1
2026-05-26 01:23:59.968 +02:00 [INF] DrawWindowLightEffects() beam "6b7d8043-ed03-4400-b93f-168701db817b": geometry=(528,464)-(528,639.36)
2026-05-26 01:23:59.968 +02:00 [WRN] DrawWindowLightEffect: early return - shader is null
2026-05-26 01:23:59.968 +02:00 [INF] DrawWindowLightEffects() beam "6b7d8043-ed03-4400-b93f-168701db817b": DrawWindowLightEffect returned false
2026-05-26 01:23:59.968 +02:00 [INF] Map "d5c08240-0436-454a-8993-362abf5bc477": window light drew 1/1 beam(s), skipped 0
2026-05-26 01:23:59.996 +02:00 [WRN] DrawWindowLightEffect: early return - shader is null
2026-05-26 01:23:59.996 +02:00 [INF] DrawWindowLightEffects() called for map "d5c08240-0436-454a-8993-362abf5bc477": Renderer=false, Beams=1
2026-05-26 01:23:59.996 +02:00 [INF] DrawWindowLightEffects() beam "6b7d8043-ed03-4400-b93f-168701db817b": sourceMask=true, opacity=1
2026-05-26 01:23:59.997 +02:00 [INF] DrawWindowLightEffects() beam "6b7d8043-ed03-4400-b93f-168701db817b": geometry=(528,464)-(528,639.36)
2026-05-26 01:23:59.997 +02:00 [WRN] DrawWindowLightEffect: early return - shader is null
2026-05-26 01:23:59.997 +02:00 [INF] DrawWindowLightEffects() beam "6b7d8043-ed03-4400-b93f-168701db817b": DrawWindowLightEffect returned false
2026-05-26 01:23:59.997 +02:00 [INF] Map "d5c08240-0436-454a-8993-362abf5bc477": window light drew 1/1 beam(s), skipped 0
2026-05-26 01:24:00.023 +02:00 [WRN] DrawWindowLightEffect: early return - shader is null
2026-05-26 01:24:00.023 +02:00 [INF] DrawWindowLightEffects() called for map "d5c08240-0436-454a-8993-362abf5bc477": Renderer=false, Beams=1
2026-05-26 01:24:00.023 +02:00 [INF] DrawWindowLightEffects() beam "6b7d8043-ed03-4400-b93f-168701db817b": sourceMask=true, opacity=1
2026-05-26 01:24:00.024 +02:00 [INF] DrawWindowLightEffects() beam "6b7d8043-ed03-4400-b93f-168701db817b": geometry=(528,464)-(528,639.36)
2026-05-26 01:24:00.024 +02:00 [WRN] DrawWindowLightEffect: early return - shader is null
2026-05-26 01:24:00.024 +02:00 [INF] DrawWindowLightEffects() beam "6b7d8043-ed03-4400-b93f-168701db817b": DrawWindowLightEffect returned false
2026-05-26 01:24:00.024 +02:00 [INF] Map "d5c08240-0436-454a-8993-362abf5bc477": window light drew 1/1 beam(s), skipped 0
2026-05-26 01:24:00.050 +02:00 [WRN] DrawWindowLightEffect: early return - shader is null
2026-05-26 01:24:00.050 +02:00 [INF] DrawWindowLightEffects() called for map "d5c08240-0436-454a-8993-362abf5bc477": Renderer=false, Beams=1
2026-05-26 01:24:00.050 +02:00 [INF] DrawWindowLightEffects() beam "6b7d8043-ed03-4400-b93f-168701db817b": sourceMask=true, opacity=1
2026-05-26 01:24:00.051 +02:00 [INF] DrawWindowLightEffects() beam "6b7d8043-ed03-4400-b93f-168701db817b": geometry=(528,464)-(528,639.36)
2026-05-26 01:24:00.051 +02:00 [WRN] DrawWindowLightEffect: early return - shader is null
2026-05-26 01:24:00.051 +02:00 [INF] DrawWindowLightEffects() beam "6b7d8043-ed03-4400-b93f-168701db817b": DrawWindowLightEffect returned false
2026-05-26 01:24:00.051 +02:00 [INF] Map "d5c08240-0436-454a-8993-362abf5bc477": window light drew 1/1 beam(s), skipped 0
2026-05-26 01:24:00.076 +02:00 [WRN] DrawWindowLightEffect: early return - shader is null
2026-05-26 01:24:00.076 +02:00 [INF] DrawWindowLightEffects() called for map "d5c08240-0436-454a-8993-362abf5bc477": Renderer=false, Beams=1
2026-05-26 01:24:00.076 +02:00 [INF] DrawWindowLightEffects() beam "6b7d8043-ed03-4400-b93f-168701db817b": sourceMask=true, opacity=1
2026-05-26 01:24:00.078 +02:00 [INF] DrawWindowLightEffects() beam "6b7d8043-ed03-4400-b93f-168701db817b": geometry=(528,464)-(528,639.36)
2026-05-26 01:24:00.078 +02:00 [WRN] DrawWindowLightEffect: early return - shader is null
2026-05-26 01:24:00.078 +02:00 [INF] DrawWindowLightEffects() beam "6b7d8043-ed03-4400-b93f-168701db817b": DrawWindowLightEffect returned false
2026-05-26 01:24:00.078 +02:00 [INF] Map "d5c08240-0436-454a-8993-362abf5bc477": window light drew 1/1 beam(s), skipped 0
2026-05-26 01:24:00.103 +02:00 [WRN] DrawWindowLightEffect: early return - shader is null
2026-05-26 01:24:00.103 +02:00 [INF] DrawWindowLightEffects() called for map "d5c08240-0436-454a-8993-362abf5bc477": Renderer=false, Beams=1
2026-05-26 01:24:00.103 +02:00 [INF] DrawWindowLightEffects() beam "6b7d8043-ed03-4400-b93f-168701db817b": sourceMask=true, opacity=1
2026-05-26 01:24:00.104 +02:00 [INF] DrawWindowLightEffects() beam "6b7d8043-ed03-4400-b93f-168701db817b": geometry=(528,464)-(528,639.36)
2026-05-26 01:24:00.104 +02:00 [WRN] DrawWindowLightEffect: early return - shader is null
2026-05-26 01:24:00.104 +02:00 [INF] DrawWindowLightEffects() beam "6b7d8043-ed03-4400-b93f-168701db817b": DrawWindowLightEffect returned false
2026-05-26 01:24:00.104 +02:00 [INF] Map "d5c08240-0436-454a-8993-362abf5bc477": window light drew 1/1 beam(s), skipped 0
2026-05-26 01:24:00.130 +02:00 [WRN] DrawWindowLightEffect: early return - shader is null
2026-05-26 01:24:00.130 +02:00 [INF] DrawWindowLightEffects() called for map "d5c08240-0436-454a-8993-362abf5bc477": Renderer=false, Beams=1
2026-05-26 01:24:00.130 +02:00 [INF] DrawWindowLightEffects() beam "6b7d8043-ed03-4400-b93f-168701db817b": sourceMask=true, opacity=1
2026-05-26 01:24:00.131 +02:00 [INF] DrawWindowLightEffects() beam "6b7d8043-ed03-4400-b93f-168701db817b": geometry=(528,464)-(528,639.36)
2026-05-26 01:24:00.131 +02:00 [WRN] DrawWindowLightEffect: early return - shader is null
2026-05-26 01:24:00.131 +02:00 [INF] DrawWindowLightEffects() beam "6b7d8043-ed03-4400-b93f-168701db817b": DrawWindowLightEffect returned false
2026-05-26 01:24:00.131 +02:00 [INF] Map "d5c08240-0436-454a-8993-362abf5bc477": window light drew 1/1 beam(s), skipped 0
2026-05-26 01:24:00.157 +02:00 [WRN] DrawWindowLightEffect: early return - shader is null
2026-05-26 01:24:00.157 +02:00 [INF] DrawWindowLightEffects() called for map "d5c08240-0436-454a-8993-362abf5bc477": Renderer=false, Beams=1
2026-05-26 01:24:00.157 +02:00 [INF] DrawWindowLightEffects() beam "6b7d8043-ed03-4400-b93f-168701db817b": sourceMask=true, opacity=1
2026-05-26 01:24:00.159 +02:00 [INF] DrawWindowLightEffects() beam "6b7d8043-ed03-4400-b93f-168701db817b": geometry=(528,464)-(528,639.36)
2026-05-26 01:24:00.159 +02:00 [WRN] DrawWindowLightEffect: early return - shader is null
2026-05-26 01:24:00.159 +02:00 [INF] DrawWindowLightEffects() beam "6b7d8043-ed03-4400-b93f-168701db817b": DrawWindowLightEffect returned false
2026-05-26 01:24:00.159 +02:00 [INF] Map "d5c08240-0436-454a-8993-362abf5bc477": window light drew 1/1 beam(s), skipped 0
2026-05-26 01:24:00.188 +02:00 [WRN] DrawWindowLightEffect: early return - shader is null
2026-05-26 01:24:00.188 +02:00 [INF] DrawWindowLightEffects() called for map "d5c08240-0436-454a-8993-362abf5bc477": Renderer=false, Beams=1
2026-05-26 01:24:00.188 +02:00 [INF] DrawWindowLightEffects() beam "6b7d8043-ed03-4400-b93f-168701db817b": sourceMask=true, opacity=1
2026-05-26 01:24:00.190 +02:00 [INF] DrawWindowLightEffects() beam "6b7d8043-ed03-4400-b93f-168701db817b": geometry=(528,464)-(528,639.36)
2026-05-26 01:24:00.190 +02:00 [WRN] DrawWindowLightEffect: early return - shader is null
2026-05-26 01:24:00.190 +02:00 [INF] DrawWindowLightEffects() beam "6b7d8043-ed03-4400-b93f-168701db817b": DrawWindowLightEffect returned false
2026-05-26 01:24:00.190 +02:00 [INF] Map "d5c08240-0436-454a-8993-362abf5bc477": window light drew 1/1 beam(s), skipped 0
2026-05-26 01:24:00.220 +02:00 [WRN] DrawWindowLightEffect: early return - shader is null
2026-05-26 01:24:00.220 +02:00 [INF] DrawWindowLightEffects() called for map "d5c08240-0436-454a-8993-362abf5bc477": Renderer=false, Beams=1
2026-05-26 01:24:00.220 +02:00 [INF] DrawWindowLightEffects() beam "6b7d8043-ed03-4400-b93f-168701db817b": sourceMask=true, opacity=1
2026-05-26 01:24:00.221 +02:00 [INF] DrawWindowLightEffects() beam "6b7d8043-ed03-4400-b93f-168701db817b": geometry=(528,464)-(528,639.36)
2026-05-26 01:24:00.221 +02:00 [WRN] DrawWindowLightEffect: early return - shader is null
2026-05-26 01:24:00.221 +02:00 [INF] DrawWindowLightEffects() beam "6b7d8043-ed03-4400-b93f-168701db817b": DrawWindowLightEffect returned false
2026-05-26 01:24:00.221 +02:00 [INF] Map "d5c08240-0436-454a-8993-362abf5bc477": window light drew 1/1 beam(s), skipped 0
2026-05-26 01:24:00.249 +02:00 [WRN] DrawWindowLightEffect: early return - shader is null
2026-05-26 01:24:00.249 +02:00 [INF] DrawWindowLightEffects() called for map "d5c08240-0436-454a-8993-362abf5bc477": Renderer=false, Beams=1
2026-05-26 01:24:00.249 +02:00 [INF] DrawWindowLightEffects() beam "6b7d8043-ed03-4400-b93f-168701db817b": sourceMask=true, opacity=1
2026-05-26 01:24:00.250 +02:00 [INF] DrawWindowLightEffects() beam "6b7d8043-ed03-4400-b93f-168701db817b": geometry=(528,464)-(528,639.36)
2026-05-26 01:24:00.250 +02:00 [WRN] DrawWindowLightEffect: early return - shader is null
2026-05-26 01:24:00.250 +02:00 [INF] DrawWindowLightEffects() beam "6b7d8043-ed03-4400-b93f-168701db817b": DrawWindowLightEffect returned false
2026-05-26 01:24:00.250 +02:00 [INF] Map "d5c08240-0436-454a-8993-362abf5bc477": window light drew 1/1 beam(s), skipped 0
2026-05-26 01:24:00.279 +02:00 [WRN] DrawWindowLightEffect: early return - shader is null
2026-05-26 01:24:00.279 +02:00 [INF] DrawWindowLightEffects() called for map "d5c08240-0436-454a-8993-362abf5bc477": Renderer=false, Beams=1
2026-05-26 01:24:00.279 +02:00 [INF] DrawWindowLightEffects() beam "6b7d8043-ed03-4400-b93f-168701db817b": sourceMask=true, opacity=1
2026-05-26 01:24:00.280 +02:00 [INF] DrawWindowLightEffects() beam "6b7d8043-ed03-4400-b93f-168701db817b": geometry=(528,464)-(528,639.36)
2026-05-26 01:24:00.280 +02:00 [WRN] DrawWindowLightEffect: early return - shader is null
2026-05-26 01:24:00.280 +02:00 [INF] DrawWindowLightEffects() beam "6b7d8043-ed03-4400-b93f-168701db817b": DrawWindowLightEffect returned false
2026-05-26 01:24:00.280 +02:00 [INF] Map "d5c08240-0436-454a-8993-362abf5bc477": window light drew 1/1 beam(s), skipped 0
2026-05-26 01:24:00.308 +02:00 [WRN] DrawWindowLightEffect: early return - shader is null
2026-05-26 01:24:00.308 +02:00 [INF] DrawWindowLightEffects() called for map "d5c08240-0436-454a-8993-362abf5bc477": Renderer=false, Beams=1
2026-05-26 01:24:00.308 +02:00 [INF] DrawWindowLightEffects() beam "6b7d8043-ed03-4400-b93f-168701db817b": sourceMask=true, opacity=1
2026-05-26 01:24:00.309 +02:00 [INF] DrawWindowLightEffects() beam "6b7d8043-ed03-4400-b93f-168701db817b": geometry=(528,464)-(528,639.36)
2026-05-26 01:24:00.309 +02:00 [WRN] DrawWindowLightEffect: early return - shader is null
2026-05-26 01:24:00.309 +02:00 [INF] DrawWindowLightEffects() beam "6b7d8043-ed03-4400-b93f-168701db817b": DrawWindowLightEffect returned false
2026-05-26 01:24:00.309 +02:00 [INF] Map "d5c08240-0436-454a-8993-362abf5bc477": window light drew 1/1 beam(s), skipped 0
2026-05-26 01:24:00.334 +02:00 [WRN] DrawWindowLightEffect: early return - shader is null
2026-05-26 01:24:00.334 +02:00 [INF] DrawWindowLightEffects() called for map "d5c08240-0436-454a-8993-362abf5bc477": Renderer=false, Beams=1
2026-05-26 01:24:00.334 +02:00 [INF] DrawWindowLightEffects() beam "6b7d8043-ed03-4400-b93f-168701db817b": sourceMask=true, opacity=1
2026-05-26 01:24:00.335 +02:00 [INF] DrawWindowLightEffects() beam "6b7d8043-ed03-4400-b93f-168701db817b": geometry=(528,464)-(528,639.36)
2026-05-26 01:24:00.335 +02:00 [WRN] DrawWindowLightEffect: early return - shader is null
2026-05-26 01:24:00.335 +02:00 [INF] DrawWindowLightEffects() beam "6b7d8043-ed03-4400-b93f-168701db817b": DrawWindowLightEffect returned false
2026-05-26 01:24:00.335 +02:00 [INF] Map "d5c08240-0436-454a-8993-362abf5bc477": window light drew 1/1 beam(s), skipped 0
2026-05-26 01:24:00.360 +02:00 [WRN] DrawWindowLightEffect: early return - shader is null
2026-05-26 01:24:00.360 +02:00 [INF] DrawWindowLightEffects() called for map "d5c08240-0436-454a-8993-362abf5bc477": Renderer=false, Beams=1
2026-05-26 01:24:00.360 +02:00 [INF] DrawWindowLightEffects() beam "6b7d8043-ed03-4400-b93f-168701db817b": sourceMask=true, opacity=1
2026-05-26 01:24:00.362 +02:00 [INF] DrawWindowLightEffects() beam "6b7d8043-ed03-4400-b93f-168701db817b": geometry=(528,464)-(528,639.36)
2026-05-26 01:24:00.362 +02:00 [WRN] DrawWindowLightEffect: early return - shader is null
2026-05-26 01:24:00.362 +02:00 [INF] DrawWindowLightEffects() beam "6b7d8043-ed03-4400-b93f-168701db817b": DrawWindowLightEffect returned false
2026-05-26 01:24:00.362 +02:00 [INF] Map "d5c08240-0436-454a-8993-362abf5bc477": window light drew 1/1 beam(s), skipped 0
2026-05-26 01:24:00.388 +02:00 [WRN] DrawWindowLightEffect: early return - shader is null
2026-05-26 01:24:00.388 +02:00 [INF] DrawWindowLightEffects() called for map "d5c08240-0436-454a-8993-362abf5bc477": Renderer=false, Beams=1
2026-05-26 01:24:00.388 +02:00 [INF] DrawWindowLightEffects() beam "6b7d8043-ed03-4400-b93f-168701db817b": sourceMask=true, opacity=1
2026-05-26 01:24:00.389 +02:00 [INF] DrawWindowLightEffects() beam "6b7d8043-ed03-4400-b93f-168701db817b": geometry=(528,464)-(528,639.36)
2026-05-26 01:24:00.389 +02:00 [WRN] DrawWindowLightEffect: early return - shader is null
2026-05-26 01:24:00.389 +02:00 [INF] DrawWindowLightEffects() beam "6b7d8043-ed03-4400-b93f-168701db817b": DrawWindowLightEffect returned false
2026-05-26 01:24:00.389 +02:00 [INF] Map "d5c08240-0436-454a-8993-362abf5bc477": window light drew 1/1 beam(s), skipped 0
2026-05-26 01:24:00.414 +02:00 [WRN] DrawWindowLightEffect: early return - shader is null
2026-05-26 01:24:00.414 +02:00 [INF] DrawWindowLightEffects() called for map "d5c08240-0436-454a-8993-362abf5bc477": Renderer=false, Beams=1
2026-05-26 01:24:00.414 +02:00 [INF] DrawWindowLightEffects() beam "6b7d8043-ed03-4400-b93f-168701db817b": sourceMask=true, opacity=1
2026-05-26 01:24:00.416 +02:00 [INF] DrawWindowLightEffects() beam "6b7d8043-ed03-4400-b93f-168701db817b": geometry=(528,464)-(528,639.36)
2026-05-26 01:24:00.416 +02:00 [WRN] DrawWindowLightEffect: early return - shader is null
2026-05-26 01:24:00.416 +02:00 [INF] DrawWindowLightEffects() beam "6b7d8043-ed03-4400-b93f-168701db817b": DrawWindowLightEffect returned false
2026-05-26 01:24:00.416 +02:00 [INF] Map "d5c08240-0436-454a-8993-362abf5bc477": window light drew 1/1 beam(s), skipped 0
2026-05-26 01:24:00.442 +02:00 [WRN] DrawWindowLightEffect: early return - shader is null
2026-05-26 01:24:00.442 +02:00 [INF] DrawWindowLightEffects() called for map "d5c08240-0436-454a-8993-362abf5bc477": Renderer=false, Beams=1
2026-05-26 01:24:00.442 +02:00 [INF] DrawWindowLightEffects() beam "6b7d8043-ed03-4400-b93f-168701db817b": sourceMask=true, opacity=1
2026-05-26 01:24:00.443 +02:00 [INF] DrawWindowLightEffects() beam "6b7d8043-ed03-4400-b93f-168701db817b": geometry=(528,464)-(528,639.36)
2026-05-26 01:24:00.443 +02:00 [WRN] DrawWindowLightEffect: early return - shader is null
2026-05-26 01:24:00.443 +02:00 [INF] DrawWindowLightEffects() beam "6b7d8043-ed03-4400-b93f-168701db817b": DrawWindowLightEffect returned false
2026-05-26 01:24:00.443 +02:00 [INF] Map "d5c08240-0436-454a-8993-362abf5bc477": window light drew 1/1 beam(s), skipped 0
2026-05-26 01:24:00.467 +02:00 [WRN] DrawWindowLightEffect: early return - shader is null
2026-05-26 01:24:00.467 +02:00 [INF] DrawWindowLightEffects() called for map "d5c08240-0436-454a-8993-362abf5bc477": Renderer=false, Beams=1
2026-05-26 01:24:00.467 +02:00 [INF] DrawWindowLightEffects() beam "6b7d8043-ed03-4400-b93f-168701db817b": sourceMask=true, opacity=1
2026-05-26 01:24:00.469 +02:00 [INF] DrawWindowLightEffects() beam "6b7d8043-ed03-4400-b93f-168701db817b": geometry=(528,464)-(528,639.36)
2026-05-26 01:24:00.469 +02:00 [WRN] DrawWindowLightEffect: early return - shader is null
2026-05-26 01:24:00.469 +02:00 [INF] DrawWindowLightEffects() beam "6b7d8043-ed03-4400-b93f-168701db817b": DrawWindowLightEffect returned false
2026-05-26 01:24:00.469 +02:00 [INF] Map "d5c08240-0436-454a-8993-362abf5bc477": window light drew 1/1 beam(s), skipped 0
2026-05-26 01:24:00.493 +02:00 [WRN] DrawWindowLightEffect: early return - shader is null
2026-05-26 01:24:00.493 +02:00 [INF] DrawWindowLightEffects() called for map "d5c08240-0436-454a-8993-362abf5bc477": Renderer=false, Beams=1
2026-05-26 01:24:00.493 +02:00 [INF] DrawWindowLightEffects() beam "6b7d8043-ed03-4400-b93f-168701db817b": sourceMask=true, opacity=1
2026-05-26 01:24:00.494 +02:00 [INF] DrawWindowLightEffects() beam "6b7d8043-ed03-4400-b93f-168701db817b": geometry=(528,464)-(528,639.36)
2026-05-26 01:24:00.494 +02:00 [WRN] DrawWindowLightEffect: early return - shader is null
2026-05-26 01:24:00.494 +02:00 [INF] DrawWindowLightEffects() beam "6b7d8043-ed03-4400-b93f-168701db817b": DrawWindowLightEffect returned false
2026-05-26 01:24:00.494 +02:00 [INF] Map "d5c08240-0436-454a-8993-362abf5bc477": window light drew 1/1 beam(s), skipped 0
2026-05-26 01:24:00.519 +02:00 [WRN] DrawWindowLightEffect: early return - shader is null
2026-05-26 01:24:00.519 +02:00 [INF] DrawWindowLightEffects() called for map "d5c08240-0436-454a-8993-362abf5bc477": Renderer=false, Beams=1
2026-05-26 01:24:00.519 +02:00 [INF] DrawWindowLightEffects() beam "6b7d8043-ed03-4400-b93f-168701db817b": sourceMask=true, opacity=1
2026-05-26 01:24:00.520 +02:00 [INF] DrawWindowLightEffects() beam "6b7d8043-ed03-4400-b93f-168701db817b": geometry=(528,464)-(528,639.36)
2026-05-26 01:24:00.520 +02:00 [WRN] DrawWindowLightEffect: early return - shader is null
2026-05-26 01:24:00.520 +02:00 [INF] DrawWindowLightEffects() beam "6b7d8043-ed03-4400-b93f-168701db817b": DrawWindowLightEffect returned false
2026-05-26 01:24:00.520 +02:00 [INF] Map "d5c08240-0436-454a-8993-362abf5bc477": window light drew 1/1 beam(s), skipped 0
2026-05-26 01:24:00.545 +02:00 [WRN] DrawWindowLightEffect: early return - shader is null
2026-05-26 01:24:00.545 +02:00 [INF] DrawWindowLightEffects() called for map "d5c08240-0436-454a-8993-362abf5bc477": Renderer=false, Beams=1
2026-05-26 01:24:00.545 +02:00 [INF] DrawWindowLightEffects() beam "6b7d8043-ed03-4400-b93f-168701db817b": sourceMask=true, opacity=1
2026-05-26 01:24:00.546 +02:00 [INF] DrawWindowLightEffects() beam "6b7d8043-ed03-4400-b93f-168701db817b": geometry=(528,464)-(528,639.36)
2026-05-26 01:24:00.546 +02:00 [WRN] DrawWindowLightEffect: early return - shader is null
2026-05-26 01:24:00.547 +02:00 [INF] DrawWindowLightEffects() beam "6b7d8043-ed03-4400-b93f-168701db817b": DrawWindowLightEffect returned false
2026-05-26 01:24:00.547 +02:00 [INF] Map "d5c08240-0436-454a-8993-362abf5bc477": window light drew 1/1 beam(s), skipped 0
2026-05-26 01:24:00.572 +02:00 [WRN] DrawWindowLightEffect: early return - shader is null
2026-05-26 01:24:00.572 +02:00 [INF] DrawWindowLightEffects() called for map "d5c08240-0436-454a-8993-362abf5bc477": Renderer=false, Beams=1
2026-05-26 01:24:00.572 +02:00 [INF] DrawWindowLightEffects() beam "6b7d8043-ed03-4400-b93f-168701db817b": sourceMask=true, opacity=1
2026-05-26 01:24:00.574 +02:00 [INF] DrawWindowLightEffects() beam "6b7d8043-ed03-4400-b93f-168701db817b": geometry=(528,464)-(528,639.36)
2026-05-26 01:24:00.574 +02:00 [WRN] DrawWindowLightEffect: early return - shader is null
2026-05-26 01:24:00.574 +02:00 [INF] DrawWindowLightEffects() beam "6b7d8043-ed03-4400-b93f-168701db817b": DrawWindowLightEffect returned false
2026-05-26 01:24:00.574 +02:00 [INF] Map "d5c08240-0436-454a-8993-362abf5bc477": window light drew 1/1 beam(s), skipped 0
2026-05-26 01:24:00.601 +02:00 [WRN] DrawWindowLightEffect: early return - shader is null
2026-05-26 01:24:00.601 +02:00 [INF] DrawWindowLightEffects() called for map "d5c08240-0436-454a-8993-362abf5bc477": Renderer=false, Beams=1
2026-05-26 01:24:00.601 +02:00 [INF] DrawWindowLightEffects() beam "6b7d8043-ed03-4400-b93f-168701db817b": sourceMask=true, opacity=1
2026-05-26 01:24:00.602 +02:00 [INF] DrawWindowLightEffects() beam "6b7d8043-ed03-4400-b93f-168701db817b": geometry=(528,464)-(528,639.36)
2026-05-26 01:24:00.602 +02:00 [WRN] DrawWindowLightEffect: early return - shader is null
2026-05-26 01:24:00.602 +02:00 [INF] DrawWindowLightEffects() beam "6b7d8043-ed03-4400-b93f-168701db817b": DrawWindowLightEffect returned false
2026-05-26 01:24:00.602 +02:00 [INF] Map "d5c08240-0436-454a-8993-362abf5bc477": window light drew 1/1 beam(s), skipped 0
2026-05-26 01:24:00.629 +02:00 [WRN] DrawWindowLightEffect: early return - shader is null
2026-05-26 01:24:00.629 +02:00 [INF] DrawWindowLightEffects() called for map "d5c08240-0436-454a-8993-362abf5bc477": Renderer=false, Beams=1
2026-05-26 01:24:00.629 +02:00 [INF] DrawWindowLightEffects() beam "6b7d8043-ed03-4400-b93f-168701db817b": sourceMask=true, opacity=1
2026-05-26 01:24:00.631 +02:00 [INF] DrawWindowLightEffects() beam "6b7d8043-ed03-4400-b93f-168701db817b": geometry=(528,464)-(528,639.36)
2026-05-26 01:24:00.631 +02:00 [WRN] DrawWindowLightEffect: early return - shader is null
2026-05-26 01:24:00.631 +02:00 [INF] DrawWindowLightEffects() beam "6b7d8043-ed03-4400-b93f-168701db817b": DrawWindowLightEffect returned false
2026-05-26 01:24:00.631 +02:00 [INF] Map "d5c08240-0436-454a-8993-362abf5bc477": window light drew 1/1 beam(s), skipped 0
2026-05-26 01:24:00.657 +02:00 [WRN] DrawWindowLightEffect: early return - shader is null
2026-05-26 01:24:00.657 +02:00 [INF] DrawWindowLightEffects() called for map "d5c08240-0436-454a-8993-362abf5bc477": Renderer=false, Beams=1
2026-05-26 01:24:00.657 +02:00 [INF] DrawWindowLightEffects() beam "6b7d8043-ed03-4400-b93f-168701db817b": sourceMask=true, opacity=1
2026-05-26 01:24:00.658 +02:00 [INF] DrawWindowLightEffects() beam "6b7d8043-ed03-4400-b93f-168701db817b": geometry=(528,464)-(528,639.36)
2026-05-26 01:24:00.658 +02:00 [WRN] DrawWindowLightEffect: early return - shader is null
2026-05-26 01:24:00.658 +02:00 [INF] DrawWindowLightEffects() beam "6b7d8043-ed03-4400-b93f-168701db817b": DrawWindowLightEffect returned false
2026-05-26 01:24:00.658 +02:00 [INF] Map "d5c08240-0436-454a-8993-362abf5bc477": window light drew 1/1 beam(s), skipped 0
2026-05-26 01:24:00.684 +02:00 [WRN] DrawWindowLightEffect: early return - shader is null
2026-05-26 01:24:00.684 +02:00 [INF] DrawWindowLightEffects() called for map "d5c08240-0436-454a-8993-362abf5bc477": Renderer=false, Beams=1
2026-05-26 01:24:00.684 +02:00 [INF] DrawWindowLightEffects() beam "6b7d8043-ed03-4400-b93f-168701db817b": sourceMask=true, opacity=1
2026-05-26 01:24:00.685 +02:00 [INF] DrawWindowLightEffects() beam "6b7d8043-ed03-4400-b93f-168701db817b": geometry=(528,464)-(528,639.36)
2026-05-26 01:24:00.686 +02:00 [WRN] DrawWindowLightEffect: early return - shader is null
2026-05-26 01:24:00.686 +02:00 [INF] DrawWindowLightEffects() beam "6b7d8043-ed03-4400-b93f-168701db817b": DrawWindowLightEffect returned false
2026-05-26 01:24:00.686 +02:00 [INF] Map "d5c08240-0436-454a-8993-362abf5bc477": window light drew 1/1 beam(s), skipped 0
2026-05-26 01:24:00.711 +02:00 [WRN] DrawWindowLightEffect: early return - shader is null
2026-05-26 01:24:00.711 +02:00 [INF] DrawWindowLightEffects() called for map "d5c08240-0436-454a-8993-362abf5bc477": Renderer=false, Beams=1
2026-05-26 01:24:00.711 +02:00 [INF] DrawWindowLightEffects() beam "6b7d8043-ed03-4400-b93f-168701db817b": sourceMask=true, opacity=1
2026-05-26 01:24:00.712 +02:00 [INF] DrawWindowLightEffects() beam "6b7d8043-ed03-4400-b93f-168701db817b": geometry=(528,464)-(528,639.36)
2026-05-26 01:24:00.712 +02:00 [WRN] DrawWindowLightEffect: early return - shader is null
2026-05-26 01:24:00.712 +02:00 [INF] DrawWindowLightEffects() beam "6b7d8043-ed03-4400-b93f-168701db817b": DrawWindowLightEffect returned false
2026-05-26 01:24:00.712 +02:00 [INF] Map "d5c08240-0436-454a-8993-362abf5bc477": window light drew 1/1 beam(s), skipped 0
2026-05-26 01:24:00.737 +02:00 [WRN] DrawWindowLightEffect: early return - shader is null
2026-05-26 01:24:00.737 +02:00 [INF] DrawWindowLightEffects() called for map "d5c08240-0436-454a-8993-362abf5bc477": Renderer=false, Beams=1
2026-05-26 01:24:00.737 +02:00 [INF] DrawWindowLightEffects() beam "6b7d8043-ed03-4400-b93f-168701db817b": sourceMask=true, opacity=1
2026-05-26 01:24:00.738 +02:00 [INF] DrawWindowLightEffects() beam "6b7d8043-ed03-4400-b93f-168701db817b": geometry=(528,464)-(528,639.36)
2026-05-26 01:24:00.738 +02:00 [WRN] DrawWindowLightEffect: early return - shader is null
2026-05-26 01:24:00.738 +02:00 [INF] DrawWindowLightEffects() beam "6b7d8043-ed03-4400-b93f-168701db817b": DrawWindowLightEffect returned false
2026-05-26 01:24:00.738 +02:00 [INF] Map "d5c08240-0436-454a-8993-362abf5bc477": window light drew 1/1 beam(s), skipped 0
2026-05-26 01:24:00.764 +02:00 [WRN] DrawWindowLightEffect: early return - shader is null
2026-05-26 01:24:00.764 +02:00 [INF] DrawWindowLightEffects() called for map "d5c08240-0436-454a-8993-362abf5bc477": Renderer=false, Beams=1
2026-05-26 01:24:00.764 +02:00 [INF] DrawWindowLightEffects() beam "6b7d8043-ed03-4400-b93f-168701db817b": sourceMask=true, opacity=1
2026-05-26 01:24:00.765 +02:00 [INF] DrawWindowLightEffects() beam "6b7d8043-ed03-4400-b93f-168701db817b": geometry=(528,464)-(528,639.36)
2026-05-26 01:24:00.765 +02:00 [WRN] DrawWindowLightEffect: early return - shader is null
2026-05-26 01:24:00.765 +02:00 [INF] DrawWindowLightEffects() beam "6b7d8043-ed03-4400-b93f-168701db817b": DrawWindowLightEffect returned false
2026-05-26 01:24:00.765 +02:00 [INF] Map "d5c08240-0436-454a-8993-362abf5bc477": window light drew 1/1 beam(s), skipped 0
2026-05-26 01:24:00.791 +02:00 [WRN] DrawWindowLightEffect: early return - shader is null
2026-05-26 01:24:00.791 +02:00 [INF] DrawWindowLightEffects() called for map "d5c08240-0436-454a-8993-362abf5bc477": Renderer=false, Beams=1
2026-05-26 01:24:00.791 +02:00 [INF] DrawWindowLightEffects() beam "6b7d8043-ed03-4400-b93f-168701db817b": sourceMask=true, opacity=1
2026-05-26 01:24:00.792 +02:00 [INF] DrawWindowLightEffects() beam "6b7d8043-ed03-4400-b93f-168701db817b": geometry=(528,464)-(528,639.36)
2026-05-26 01:24:00.792 +02:00 [WRN] DrawWindowLightEffect: early return - shader is null
2026-05-26 01:24:00.792 +02:00 [INF] DrawWindowLightEffects() beam "6b7d8043-ed03-4400-b93f-168701db817b": DrawWindowLightEffect returned false
2026-05-26 01:24:00.792 +02:00 [INF] Map "d5c08240-0436-454a-8993-362abf5bc477": window light drew 1/1 beam(s), skipped 0
2026-05-26 01:24:00.818 +02:00 [WRN] DrawWindowLightEffect: early return - shader is null
2026-05-26 01:24:00.818 +02:00 [INF] DrawWindowLightEffects() called for map "d5c08240-0436-454a-8993-362abf5bc477": Renderer=false, Beams=1
2026-05-26 01:24:00.818 +02:00 [INF] DrawWindowLightEffects() beam "6b7d8043-ed03-4400-b93f-168701db817b": sourceMask=true, opacity=1
2026-05-26 01:24:00.819 +02:00 [INF] DrawWindowLightEffects() beam "6b7d8043-ed03-4400-b93f-168701db817b": geometry=(528,464)-(528,639.36)
2026-05-26 01:24:00.819 +02:00 [WRN] DrawWindowLightEffect: early return - shader is null
2026-05-26 01:24:00.819 +02:00 [INF] DrawWindowLightEffects() beam "6b7d8043-ed03-4400-b93f-168701db817b": DrawWindowLightEffect returned false
2026-05-26 01:24:00.819 +02:00 [INF] Map "d5c08240-0436-454a-8993-362abf5bc477": window light drew 1/1 beam(s), skipped 0
2026-05-26 01:24:00.844 +02:00 [WRN] DrawWindowLightEffect: early return - shader is null
2026-05-26 01:24:00.844 +02:00 [INF] DrawWindowLightEffects() called for map "d5c08240-0436-454a-8993-362abf5bc477": Renderer=false, Beams=1
2026-05-26 01:24:00.844 +02:00 [INF] DrawWindowLightEffects() beam "6b7d8043-ed03-4400-b93f-168701db817b": sourceMask=true, opacity=1
2026-05-26 01:24:00.846 +02:00 [INF] DrawWindowLightEffects() beam "6b7d8043-ed03-4400-b93f-168701db817b": geometry=(528,464)-(528,639.36)
2026-05-26 01:24:00.846 +02:00 [WRN] DrawWindowLightEffect: early return - shader is null
2026-05-26 01:24:00.846 +02:00 [INF] DrawWindowLightEffects() beam "6b7d8043-ed03-4400-b93f-168701db817b": DrawWindowLightEffect returned false
2026-05-26 01:24:00.846 +02:00 [INF] Map "d5c08240-0436-454a-8993-362abf5bc477": window light drew 1/1 beam(s), skipped 0
2026-05-26 01:24:00.871 +02:00 [WRN] DrawWindowLightEffect: early return - shader is null
2026-05-26 01:24:00.871 +02:00 [INF] DrawWindowLightEffects() called for map "d5c08240-0436-454a-8993-362abf5bc477": Renderer=false, Beams=1
2026-05-26 01:24:00.871 +02:00 [INF] DrawWindowLightEffects() beam "6b7d8043-ed03-4400-b93f-168701db817b": sourceMask=true, opacity=1
2026-05-26 01:24:00.873 +02:00 [INF] DrawWindowLightEffects() beam "6b7d8043-ed03-4400-b93f-168701db817b": geometry=(528,464)-(528,639.36)
2026-05-26 01:24:00.873 +02:00 [WRN] DrawWindowLightEffect: early return - shader is null
2026-05-26 01:24:00.873 +02:00 [INF] DrawWindowLightEffects() beam "6b7d8043-ed03-4400-b93f-168701db817b": DrawWindowLightEffect returned false
2026-05-26 01:24:00.873 +02:00 [INF] Map "d5c08240-0436-454a-8993-362abf5bc477": window light drew 1/1 beam(s), skipped 0
2026-05-26 01:24:00.898 +02:00 [WRN] DrawWindowLightEffect: early return - shader is null
2026-05-26 01:24:00.898 +02:00 [INF] DrawWindowLightEffects() called for map "d5c08240-0436-454a-8993-362abf5bc477": Renderer=false, Beams=1
2026-05-26 01:24:00.898 +02:00 [INF] DrawWindowLightEffects() beam "6b7d8043-ed03-4400-b93f-168701db817b": sourceMask=true, opacity=1
2026-05-26 01:24:00.899 +02:00 [INF] DrawWindowLightEffects() beam "6b7d8043-ed03-4400-b93f-168701db817b": geometry=(528,464)-(528,639.36)
2026-05-26 01:24:00.899 +02:00 [WRN] DrawWindowLightEffect: early return - shader is null
2026-05-26 01:24:00.899 +02:00 [INF] DrawWindowLightEffects() beam "6b7d8043-ed03-4400-b93f-168701db817b": DrawWindowLightEffect returned false
2026-05-26 01:24:00.899 +02:00 [INF] Map "d5c08240-0436-454a-8993-362abf5bc477": window light drew 1/1 beam(s), skipped 0
2026-05-26 01:24:00.926 +02:00 [WRN] DrawWindowLightEffect: early return - shader is null
2026-05-26 01:24:00.926 +02:00 [INF] DrawWindowLightEffects() called for map "d5c08240-0436-454a-8993-362abf5bc477": Renderer=false, Beams=1
2026-05-26 01:24:00.926 +02:00 [INF] DrawWindowLightEffects() beam "6b7d8043-ed03-4400-b93f-168701db817b": sourceMask=true, opacity=1
2026-05-26 01:24:00.927 +02:00 [INF] DrawWindowLightEffects() beam "6b7d8043-ed03-4400-b93f-168701db817b": geometry=(528,464)-(528,639.36)
2026-05-26 01:24:00.927 +02:00 [WRN] DrawWindowLightEffect: early return - shader is null
2026-05-26 01:24:00.927 +02:00 [INF] DrawWindowLightEffects() beam "6b7d8043-ed03-4400-b93f-168701db817b": DrawWindowLightEffect returned false
2026-05-26 01:24:00.927 +02:00 [INF] Map "d5c08240-0436-454a-8993-362abf5bc477": window light drew 1/1 beam(s), skipped 0
2026-05-26 01:24:00.952 +02:00 [WRN] DrawWindowLightEffect: early return - shader is null
2026-05-26 01:24:00.952 +02:00 [INF] DrawWindowLightEffects() called for map "d5c08240-0436-454a-8993-362abf5bc477": Renderer=false, Beams=1
2026-05-26 01:24:00.952 +02:00 [INF] DrawWindowLightEffects() beam "6b7d8043-ed03-4400-b93f-168701db817b": sourceMask=true, opacity=1
2026-05-26 01:24:00.953 +02:00 [INF] DrawWindowLightEffects() beam "6b7d8043-ed03-4400-b93f-168701db817b": geometry=(528,464)-(528,639.36)
2026-05-26 01:24:00.953 +02:00 [WRN] DrawWindowLightEffect: early return - shader is null
2026-05-26 01:24:00.953 +02:00 [INF] DrawWindowLightEffects() beam "6b7d8043-ed03-4400-b93f-168701db817b": DrawWindowLightEffect returned false
2026-05-26 01:24:00.953 +02:00 [INF] Map "d5c08240-0436-454a-8993-362abf5bc477": window light drew 1/1 beam(s), skipped 0
2026-05-26 01:24:00.979 +02:00 [WRN] DrawWindowLightEffect: early return - shader is null
2026-05-26 01:24:00.979 +02:00 [INF] DrawWindowLightEffects() called for map "d5c08240-0436-454a-8993-362abf5bc477": Renderer=false, Beams=1
2026-05-26 01:24:00.979 +02:00 [INF] DrawWindowLightEffects() beam "6b7d8043-ed03-4400-b93f-168701db817b": sourceMask=true, opacity=1
2026-05-26 01:24:00.980 +02:00 [INF] DrawWindowLightEffects() beam "6b7d8043-ed03-4400-b93f-168701db817b": geometry=(528,464)-(528,639.36)
2026-05-26 01:24:00.980 +02:00 [WRN] DrawWindowLightEffect: early return - shader is null
2026-05-26 01:24:00.980 +02:00 [INF] DrawWindowLightEffects() beam "6b7d8043-ed03-4400-b93f-168701db817b": DrawWindowLightEffect returned false
2026-05-26 01:24:00.980 +02:00 [INF] Map "d5c08240-0436-454a-8993-362abf5bc477": window light drew 1/1 beam(s), skipped 0
2026-05-26 01:24:01.006 +02:00 [WRN] DrawWindowLightEffect: early return - shader is null
2026-05-26 01:24:01.006 +02:00 [INF] DrawWindowLightEffects() called for map "d5c08240-0436-454a-8993-362abf5bc477": Renderer=false, Beams=1
2026-05-26 01:24:01.006 +02:00 [INF] DrawWindowLightEffects() beam "6b7d8043-ed03-4400-b93f-168701db817b": sourceMask=true, opacity=1
2026-05-26 01:24:01.007 +02:00 [INF] DrawWindowLightEffects() beam "6b7d8043-ed03-4400-b93f-168701db817b": geometry=(528,464)-(528,639.36)
2026-05-26 01:24:01.007 +02:00 [WRN] DrawWindowLightEffect: early return - shader is null
2026-05-26 01:24:01.007 +02:00 [INF] DrawWindowLightEffects() beam "6b7d8043-ed03-4400-b93f-168701db817b": DrawWindowLightEffect returned false
2026-05-26 01:24:01.007 +02:00 [INF] Map "d5c08240-0436-454a-8993-362abf5bc477": window light drew 1/1 beam(s), skipped 0
2026-05-26 01:24:01.033 +02:00 [WRN] DrawWindowLightEffect: early return - shader is null
2026-05-26 01:24:01.033 +02:00 [INF] DrawWindowLightEffects() called for map "d5c08240-0436-454a-8993-362abf5bc477": Renderer=false, Beams=1
2026-05-26 01:24:01.033 +02:00 [INF] DrawWindowLightEffects() beam "6b7d8043-ed03-4400-b93f-168701db817b": sourceMask=true, opacity=1
2026-05-26 01:24:01.034 +02:00 [INF] DrawWindowLightEffects() beam "6b7d8043-ed03-4400-b93f-168701db817b": geometry=(528,464)-(528,639.36)
2026-05-26 01:24:01.034 +02:00 [WRN] DrawWindowLightEffect: early return - shader is null
2026-05-26 01:24:01.034 +02:00 [INF] DrawWindowLightEffects() beam "6b7d8043-ed03-4400-b93f-168701db817b": DrawWindowLightEffect returned false
2026-05-26 01:24:01.034 +02:00 [INF] Map "d5c08240-0436-454a-8993-362abf5bc477": window light drew 1/1 beam(s), skipped 0
2026-05-26 01:24:01.060 +02:00 [WRN] DrawWindowLightEffect: early return - shader is null
2026-05-26 01:24:01.060 +02:00 [INF] DrawWindowLightEffects() called for map "d5c08240-0436-454a-8993-362abf5bc477": Renderer=false, Beams=1
2026-05-26 01:24:01.060 +02:00 [INF] DrawWindowLightEffects() beam "6b7d8043-ed03-4400-b93f-168701db817b": sourceMask=true, opacity=1
2026-05-26 01:24:01.061 +02:00 [INF] DrawWindowLightEffects() beam "6b7d8043-ed03-4400-b93f-168701db817b": geometry=(528,464)-(528,639.36)
2026-05-26 01:24:01.061 +02:00 [WRN] DrawWindowLightEffect: early return - shader is null
2026-05-26 01:24:01.061 +02:00 [INF] DrawWindowLightEffects() beam "6b7d8043-ed03-4400-b93f-168701db817b": DrawWindowLightEffect returned false
2026-05-26 01:24:01.061 +02:00 [INF] Map "d5c08240-0436-454a-8993-362abf5bc477": window light drew 1/1 beam(s), skipped 0
2026-05-26 01:24:01.086 +02:00 [WRN] DrawWindowLightEffect: early return - shader is null
2026-05-26 01:24:01.086 +02:00 [INF] DrawWindowLightEffects() called for map "d5c08240-0436-454a-8993-362abf5bc477": Renderer=false, Beams=1
2026-05-26 01:24:01.086 +02:00 [INF] DrawWindowLightEffects() beam "6b7d8043-ed03-4400-b93f-168701db817b": sourceMask=true, opacity=1
2026-05-26 01:24:01.087 +02:00 [INF] DrawWindowLightEffects() beam "6b7d8043-ed03-4400-b93f-168701db817b": geometry=(528,464)-(528,639.36)
2026-05-26 01:24:01.087 +02:00 [WRN] DrawWindowLightEffect: early return - shader is null
2026-05-26 01:24:01.087 +02:00 [INF] DrawWindowLightEffects() beam "6b7d8043-ed03-4400-b93f-168701db817b": DrawWindowLightEffect returned false
2026-05-26 01:24:01.087 +02:00 [INF] Map "d5c08240-0436-454a-8993-362abf5bc477": window light drew 1/1 beam(s), skipped 0
2026-05-26 01:24:01.113 +02:00 [WRN] DrawWindowLightEffect: early return - shader is null
2026-05-26 01:24:01.113 +02:00 [INF] DrawWindowLightEffects() called for map "d5c08240-0436-454a-8993-362abf5bc477": Renderer=false, Beams=1
2026-05-26 01:24:01.113 +02:00 [INF] DrawWindowLightEffects() beam "6b7d8043-ed03-4400-b93f-168701db817b": sourceMask=true, opacity=1
2026-05-26 01:24:01.115 +02:00 [INF] DrawWindowLightEffects() beam "6b7d8043-ed03-4400-b93f-168701db817b": geometry=(528,464)-(528,639.36)
2026-05-26 01:24:01.115 +02:00 [WRN] DrawWindowLightEffect: early return - shader is null
2026-05-26 01:24:01.115 +02:00 [INF] DrawWindowLightEffects() beam "6b7d8043-ed03-4400-b93f-168701db817b": DrawWindowLightEffect returned false
2026-05-26 01:24:01.115 +02:00 [INF] Map "d5c08240-0436-454a-8993-362abf5bc477": window light drew 1/1 beam(s), skipped 0
2026-05-26 01:24:01.140 +02:00 [WRN] DrawWindowLightEffect: early return - shader is null
2026-05-26 01:24:01.140 +02:00 [INF] DrawWindowLightEffects() called for map "d5c08240-0436-454a-8993-362abf5bc477": Renderer=false, Beams=1
2026-05-26 01:24:01.140 +02:00 [INF] DrawWindowLightEffects() beam "6b7d8043-ed03-4400-b93f-168701db817b": sourceMask=true, opacity=1
2026-05-26 01:24:01.141 +02:00 [INF] DrawWindowLightEffects() beam "6b7d8043-ed03-4400-b93f-168701db817b": geometry=(528,464)-(528,639.36)
2026-05-26 01:24:01.141 +02:00 [WRN] DrawWindowLightEffect: early return - shader is null
2026-05-26 01:24:01.141 +02:00 [INF] DrawWindowLightEffects() beam "6b7d8043-ed03-4400-b93f-168701db817b": DrawWindowLightEffect returned false
2026-05-26 01:24:01.141 +02:00 [INF] Map "d5c08240-0436-454a-8993-362abf5bc477": window light drew 1/1 beam(s), skipped 0
2026-05-26 01:24:01.166 +02:00 [WRN] DrawWindowLightEffect: early return - shader is null
2026-05-26 01:24:01.166 +02:00 [INF] DrawWindowLightEffects() called for map "d5c08240-0436-454a-8993-362abf5bc477": Renderer=false, Beams=1
2026-05-26 01:24:01.166 +02:00 [INF] DrawWindowLightEffects() beam "6b7d8043-ed03-4400-b93f-168701db817b": sourceMask=true, opacity=1
2026-05-26 01:24:01.167 +02:00 [INF] DrawWindowLightEffects() beam "6b7d8043-ed03-4400-b93f-168701db817b": geometry=(528,464)-(528,639.36)
2026-05-26 01:24:01.167 +02:00 [WRN] DrawWindowLightEffect: early return - shader is null
2026-05-26 01:24:01.167 +02:00 [INF] DrawWindowLightEffects() beam "6b7d8043-ed03-4400-b93f-168701db817b": DrawWindowLightEffect returned false
2026-05-26 01:24:01.167 +02:00 [INF] Map "d5c08240-0436-454a-8993-362abf5bc477": window light drew 1/1 beam(s), skipped 0
2026-05-26 01:24:01.192 +02:00 [WRN] DrawWindowLightEffect: early return - shader is null
2026-05-26 01:24:01.192 +02:00 [INF] DrawWindowLightEffects() called for map "d5c08240-0436-454a-8993-362abf5bc477": Renderer=false, Beams=1
2026-05-26 01:24:01.192 +02:00 [INF] DrawWindowLightEffects() beam "6b7d8043-ed03-4400-b93f-168701db817b": sourceMask=true, opacity=1
2026-05-26 01:24:01.194 +02:00 [INF] DrawWindowLightEffects() beam "6b7d8043-ed03-4400-b93f-168701db817b": geometry=(528,464)-(528,639.36)
2026-05-26 01:24:01.194 +02:00 [WRN] DrawWindowLightEffect: early return - shader is null
2026-05-26 01:24:01.194 +02:00 [INF] DrawWindowLightEffects() beam "6b7d8043-ed03-4400-b93f-168701db817b": DrawWindowLightEffect returned false
2026-05-26 01:24:01.194 +02:00 [INF] Map "d5c08240-0436-454a-8993-362abf5bc477": window light drew 1/1 beam(s), skipped 0
2026-05-26 01:24:01.219 +02:00 [WRN] DrawWindowLightEffect: early return - shader is null
2026-05-26 01:24:01.219 +02:00 [INF] DrawWindowLightEffects() called for map "d5c08240-0436-454a-8993-362abf5bc477": Renderer=false, Beams=1
2026-05-26 01:24:01.219 +02:00 [INF] DrawWindowLightEffects() beam "6b7d8043-ed03-4400-b93f-168701db817b": sourceMask=true, opacity=1
2026-05-26 01:24:01.220 +02:00 [INF] DrawWindowLightEffects() beam "6b7d8043-ed03-4400-b93f-168701db817b": geometry=(528,464)-(528,639.36)
2026-05-26 01:24:01.220 +02:00 [WRN] DrawWindowLightEffect: early return - shader is null
2026-05-26 01:24:01.220 +02:00 [INF] DrawWindowLightEffects() beam "6b7d8043-ed03-4400-b93f-168701db817b": DrawWindowLightEffect returned false
2026-05-26 01:24:01.220 +02:00 [INF] Map "d5c08240-0436-454a-8993-362abf5bc477": window light drew 1/1 beam(s), skipped 0
2026-05-26 01:24:01.246 +02:00 [WRN] DrawWindowLightEffect: early return - shader is null
2026-05-26 01:24:01.246 +02:00 [INF] DrawWindowLightEffects() called for map "d5c08240-0436-454a-8993-362abf5bc477": Renderer=false, Beams=1
2026-05-26 01:24:01.246 +02:00 [INF] DrawWindowLightEffects() beam "6b7d8043-ed03-4400-b93f-168701db817b": sourceMask=true, opacity=1
2026-05-26 01:24:01.247 +02:00 [INF] DrawWindowLightEffects() beam "6b7d8043-ed03-4400-b93f-168701db817b": geometry=(528,464)-(528,639.36)
2026-05-26 01:24:01.247 +02:00 [WRN] DrawWindowLightEffect: early return - shader is null
2026-05-26 01:24:01.247 +02:00 [INF] DrawWindowLightEffects() beam "6b7d8043-ed03-4400-b93f-168701db817b": DrawWindowLightEffect returned false
2026-05-26 01:24:01.247 +02:00 [INF] Map "d5c08240-0436-454a-8993-362abf5bc477": window light drew 1/1 beam(s), skipped 0
2026-05-26 01:24:01.270 +02:00 [WRN] DrawWindowLightEffect: early return - shader is null
2026-05-26 01:24:01.270 +02:00 [INF] DrawWindowLightEffects() called for map "d5c08240-0436-454a-8993-362abf5bc477": Renderer=false, Beams=1
2026-05-26 01:24:01.270 +02:00 [INF] DrawWindowLightEffects() beam "6b7d8043-ed03-4400-b93f-168701db817b": sourceMask=true, opacity=1
2026-05-26 01:24:01.271 +02:00 [INF] DrawWindowLightEffects() beam "6b7d8043-ed03-4400-b93f-168701db817b": geometry=(528,464)-(528,639.36)
2026-05-26 01:24:01.271 +02:00 [WRN] DrawWindowLightEffect: early return - shader is null
2026-05-26 01:24:01.271 +02:00 [INF] DrawWindowLightEffects() beam "6b7d8043-ed03-4400-b93f-168701db817b": DrawWindowLightEffect returned false
2026-05-26 01:24:01.271 +02:00 [INF] Map "d5c08240-0436-454a-8993-362abf5bc477": window light drew 1/1 beam(s), skipped 0
2026-05-26 01:24:01.293 +02:00 [WRN] DrawWindowLightEffect: early return - shader is null
2026-05-26 01:24:01.293 +02:00 [INF] DrawWindowLightEffects() called for map "d5c08240-0436-454a-8993-362abf5bc477": Renderer=false, Beams=1
2026-05-26 01:24:01.293 +02:00 [INF] DrawWindowLightEffects() beam "6b7d8043-ed03-4400-b93f-168701db817b": sourceMask=true, opacity=1
2026-05-26 01:24:01.295 +02:00 [INF] DrawWindowLightEffects() beam "6b7d8043-ed03-4400-b93f-168701db817b": geometry=(528,464)-(528,639.36)
2026-05-26 01:24:01.295 +02:00 [WRN] DrawWindowLightEffect: early return - shader is null
2026-05-26 01:24:01.295 +02:00 [INF] DrawWindowLightEffects() beam "6b7d8043-ed03-4400-b93f-168701db817b": DrawWindowLightEffect returned false
2026-05-26 01:24:01.295 +02:00 [INF] Map "d5c08240-0436-454a-8993-362abf5bc477": window light drew 1/1 beam(s), skipped 0
2026-05-26 01:24:01.317 +02:00 [WRN] DrawWindowLightEffect: early return - shader is null
2026-05-26 01:24:01.317 +02:00 [INF] DrawWindowLightEffects() called for map "d5c08240-0436-454a-8993-362abf5bc477": Renderer=false, Beams=1
2026-05-26 01:24:01.317 +02:00 [INF] DrawWindowLightEffects() beam "6b7d8043-ed03-4400-b93f-168701db817b": sourceMask=true, opacity=1
2026-05-26 01:24:01.318 +02:00 [INF] DrawWindowLightEffects() beam "6b7d8043-ed03-4400-b93f-168701db817b": geometry=(528,464)-(528,639.36)
2026-05-26 01:24:01.318 +02:00 [WRN] DrawWindowLightEffect: early return - shader is null
2026-05-26 01:24:01.318 +02:00 [INF] DrawWindowLightEffects() beam "6b7d8043-ed03-4400-b93f-168701db817b": DrawWindowLightEffect returned false
2026-05-26 01:24:01.318 +02:00 [INF] Map "d5c08240-0436-454a-8993-362abf5bc477": window light drew 1/1 beam(s), skipped 0
2026-05-26 01:24:01.341 +02:00 [WRN] DrawWindowLightEffect: early return - shader is null
2026-05-26 01:24:01.341 +02:00 [INF] DrawWindowLightEffects() called for map "d5c08240-0436-454a-8993-362abf5bc477": Renderer=false, Beams=1
2026-05-26 01:24:01.341 +02:00 [INF] DrawWindowLightEffects() beam "6b7d8043-ed03-4400-b93f-168701db817b": sourceMask=true, opacity=1
2026-05-26 01:24:01.342 +02:00 [INF] DrawWindowLightEffects() beam "6b7d8043-ed03-4400-b93f-168701db817b": geometry=(528,464)-(528,639.36)
2026-05-26 01:24:01.342 +02:00 [WRN] DrawWindowLightEffect: early return - shader is null
2026-05-26 01:24:01.342 +02:00 [INF] DrawWindowLightEffects() beam "6b7d8043-ed03-4400-b93f-168701db817b": DrawWindowLightEffect returned false
2026-05-26 01:24:01.342 +02:00 [INF] Map "d5c08240-0436-454a-8993-362abf5bc477": window light drew 1/1 beam(s), skipped 0
2026-05-26 01:24:01.365 +02:00 [WRN] DrawWindowLightEffect: early return - shader is null
2026-05-26 01:24:01.365 +02:00 [INF] DrawWindowLightEffects() called for map "d5c08240-0436-454a-8993-362abf5bc477": Renderer=false, Beams=1
2026-05-26 01:24:01.365 +02:00 [INF] DrawWindowLightEffects() beam "6b7d8043-ed03-4400-b93f-168701db817b": sourceMask=true, opacity=1
2026-05-26 01:24:01.366 +02:00 [INF] DrawWindowLightEffects() beam "6b7d8043-ed03-4400-b93f-168701db817b": geometry=(528,464)-(528,639.36)
2026-05-26 01:24:01.366 +02:00 [WRN] DrawWindowLightEffect: early return - shader is null
2026-05-26 01:24:01.366 +02:00 [INF] DrawWindowLightEffects() beam "6b7d8043-ed03-4400-b93f-168701db817b": DrawWindowLightEffect returned false
2026-05-26 01:24:01.366 +02:00 [INF] Map "d5c08240-0436-454a-8993-362abf5bc477": window light drew 1/1 beam(s), skipped 0
2026-05-26 01:24:01.389 +02:00 [WRN] DrawWindowLightEffect: early return - shader is null
2026-05-26 01:24:01.389 +02:00 [INF] DrawWindowLightEffects() called for map "d5c08240-0436-454a-8993-362abf5bc477": Renderer=false, Beams=1
2026-05-26 01:24:01.389 +02:00 [INF] DrawWindowLightEffects() beam "6b7d8043-ed03-4400-b93f-168701db817b": sourceMask=true, opacity=1
2026-05-26 01:24:01.390 +02:00 [INF] DrawWindowLightEffects() beam "6b7d8043-ed03-4400-b93f-168701db817b": geometry=(528,464)-(528,639.36)
2026-05-26 01:24:01.390 +02:00 [WRN] DrawWindowLightEffect: early return - shader is null
2026-05-26 01:24:01.390 +02:00 [INF] DrawWindowLightEffects() beam "6b7d8043-ed03-4400-b93f-168701db817b": DrawWindowLightEffect returned false
2026-05-26 01:24:01.390 +02:00 [INF] Map "d5c08240-0436-454a-8993-362abf5bc477": window light drew 1/1 beam(s), skipped 0
2026-05-26 01:24:01.413 +02:00 [WRN] DrawWindowLightEffect: early return - shader is null
2026-05-26 01:24:01.413 +02:00 [INF] DrawWindowLightEffects() called for map "d5c08240-0436-454a-8993-362abf5bc477": Renderer=false, Beams=1
2026-05-26 01:24:01.413 +02:00 [INF] DrawWindowLightEffects() beam "6b7d8043-ed03-4400-b93f-168701db817b": sourceMask=true, opacity=1
2026-05-26 01:24:01.414 +02:00 [INF] DrawWindowLightEffects() beam "6b7d8043-ed03-4400-b93f-168701db817b": geometry=(528,464)-(528,639.36)
2026-05-26 01:24:01.414 +02:00 [WRN] DrawWindowLightEffect: early return - shader is null
2026-05-26 01:24:01.414 +02:00 [INF] DrawWindowLightEffects() beam "6b7d8043-ed03-4400-b93f-168701db817b": DrawWindowLightEffect returned false
2026-05-26 01:24:01.414 +02:00 [INF] Map "d5c08240-0436-454a-8993-362abf5bc477": window light drew 1/1 beam(s), skipped 0
2026-05-26 01:24:01.437 +02:00 [WRN] DrawWindowLightEffect: early return - shader is null
2026-05-26 01:24:01.437 +02:00 [INF] DrawWindowLightEffects() called for map "d5c08240-0436-454a-8993-362abf5bc477": Renderer=false, Beams=1
2026-05-26 01:24:01.437 +02:00 [INF] DrawWindowLightEffects() beam "6b7d8043-ed03-4400-b93f-168701db817b": sourceMask=true, opacity=1
2026-05-26 01:24:01.438 +02:00 [INF] DrawWindowLightEffects() beam "6b7d8043-ed03-4400-b93f-168701db817b": geometry=(528,464)-(528,639.36)
2026-05-26 01:24:01.438 +02:00 [WRN] DrawWindowLightEffect: early return - shader is null
2026-05-26 01:24:01.438 +02:00 [INF] DrawWindowLightEffects() beam "6b7d8043-ed03-4400-b93f-168701db817b": DrawWindowLightEffect returned false
2026-05-26 01:24:01.438 +02:00 [INF] Map "d5c08240-0436-454a-8993-362abf5bc477": window light drew 1/1 beam(s), skipped 0
2026-05-26 01:24:01.461 +02:00 [WRN] DrawWindowLightEffect: early return - shader is null
2026-05-26 01:24:01.461 +02:00 [INF] DrawWindowLightEffects() called for map "d5c08240-0436-454a-8993-362abf5bc477": Renderer=false, Beams=1
2026-05-26 01:24:01.461 +02:00 [INF] DrawWindowLightEffects() beam "6b7d8043-ed03-4400-b93f-168701db817b": sourceMask=true, opacity=1
2026-05-26 01:24:01.462 +02:00 [INF] DrawWindowLightEffects() beam "6b7d8043-ed03-4400-b93f-168701db817b": geometry=(528,464)-(528,639.36)
2026-05-26 01:24:01.462 +02:00 [WRN] DrawWindowLightEffect: early return - shader is null
2026-05-26 01:24:01.462 +02:00 [INF] DrawWindowLightEffects() beam "6b7d8043-ed03-4400-b93f-168701db817b": DrawWindowLightEffect returned false
2026-05-26 01:24:01.462 +02:00 [INF] Map "d5c08240-0436-454a-8993-362abf5bc477": window light drew 1/1 beam(s), skipped 0
2026-05-26 01:24:01.485 +02:00 [WRN] DrawWindowLightEffect: early return - shader is null
2026-05-26 01:24:01.485 +02:00 [INF] DrawWindowLightEffects() called for map "d5c08240-0436-454a-8993-362abf5bc477": Renderer=false, Beams=1
2026-05-26 01:24:01.485 +02:00 [INF] DrawWindowLightEffects() beam "6b7d8043-ed03-4400-b93f-168701db817b": sourceMask=true, opacity=1
2026-05-26 01:24:01.486 +02:00 [INF] DrawWindowLightEffects() beam "6b7d8043-ed03-4400-b93f-168701db817b": geometry=(528,464)-(528,639.36)
2026-05-26 01:24:01.486 +02:00 [WRN] DrawWindowLightEffect: early return - shader is null
2026-05-26 01:24:01.486 +02:00 [INF] DrawWindowLightEffects() beam "6b7d8043-ed03-4400-b93f-168701db817b": DrawWindowLightEffect returned false
2026-05-26 01:24:01.486 +02:00 [INF] Map "d5c08240-0436-454a-8993-362abf5bc477": window light drew 1/1 beam(s), skipped 0
2026-05-26 01:24:01.508 +02:00 [WRN] DrawWindowLightEffect: early return - shader is null
2026-05-26 01:24:01.508 +02:00 [INF] DrawWindowLightEffects() called for map "d5c08240-0436-454a-8993-362abf5bc477": Renderer=false, Beams=1
2026-05-26 01:24:01.508 +02:00 [INF] DrawWindowLightEffects() beam "6b7d8043-ed03-4400-b93f-168701db817b": sourceMask=true, opacity=1
2026-05-26 01:24:01.509 +02:00 [INF] DrawWindowLightEffects() beam "6b7d8043-ed03-4400-b93f-168701db817b": geometry=(528,464)-(528,639.36)
2026-05-26 01:24:01.509 +02:00 [WRN] DrawWindowLightEffect: early return - shader is null
2026-05-26 01:24:01.509 +02:00 [INF] DrawWindowLightEffects() beam "6b7d8043-ed03-4400-b93f-168701db817b": DrawWindowLightEffect returned false
2026-05-26 01:24:01.509 +02:00 [INF] Map "d5c08240-0436-454a-8993-362abf5bc477": window light drew 1/1 beam(s), skipped 0
2026-05-26 01:24:01.667 +02:00 [WRN] DrawWindowLightEffect: early return - shader is null
2026-05-26 01:24:01.667 +02:00 [INF] DrawWindowLightEffects() called for map "d5c08240-0436-454a-8993-362abf5bc477": Renderer=false, Beams=1
2026-05-26 01:24:01.667 +02:00 [INF] DrawWindowLightEffects() beam "6b7d8043-ed03-4400-b93f-168701db817b": sourceMask=true, opacity=1
2026-05-26 01:24:01.668 +02:00 [INF] DrawWindowLightEffects() beam "6b7d8043-ed03-4400-b93f-168701db817b": geometry=(528,464)-(528,639.36)
2026-05-26 01:24:01.668 +02:00 [WRN] DrawWindowLightEffect: early return - shader is null
2026-05-26 01:24:01.668 +02:00 [INF] DrawWindowLightEffects() beam "6b7d8043-ed03-4400-b93f-168701db817b": DrawWindowLightEffect returned false
2026-05-26 01:24:01.668 +02:00 [INF] Map "d5c08240-0436-454a-8993-362abf5bc477": window light drew 1/1 beam(s), skipped 0
2026-05-26 01:24:01.693 +02:00 [WRN] DrawWindowLightEffect: early return - shader is null
2026-05-26 01:24:01.693 +02:00 [INF] DrawWindowLightEffects() called for map "d5c08240-0436-454a-8993-362abf5bc477": Renderer=false, Beams=1
2026-05-26 01:24:01.693 +02:00 [INF] DrawWindowLightEffects() beam "6b7d8043-ed03-4400-b93f-168701db817b": sourceMask=true, opacity=1
2026-05-26 01:24:01.694 +02:00 [INF] DrawWindowLightEffects() beam "6b7d8043-ed03-4400-b93f-168701db817b": geometry=(528,464)-(528,639.36)
2026-05-26 01:24:01.694 +02:00 [WRN] DrawWindowLightEffect: early return - shader is null
2026-05-26 01:24:01.694 +02:00 [INF] DrawWindowLightEffects() beam "6b7d8043-ed03-4400-b93f-168701db817b": DrawWindowLightEffect returned false
2026-05-26 01:24:01.694 +02:00 [INF] Map "d5c08240-0436-454a-8993-362abf5bc477": window light drew 1/1 beam(s), skipped 0
2026-05-26 01:24:01.753 +02:00 [WRN] DrawWindowLightEffect: early return - shader is null
2026-05-26 01:24:01.753 +02:00 [INF] DrawWindowLightEffects() called for map "d5c08240-0436-454a-8993-362abf5bc477": Renderer=false, Beams=1
2026-05-26 01:24:01.753 +02:00 [INF] DrawWindowLightEffects() beam "6b7d8043-ed03-4400-b93f-168701db817b": sourceMask=true, opacity=1
2026-05-26 01:24:01.755 +02:00 [INF] DrawWindowLightEffects() beam "6b7d8043-ed03-4400-b93f-168701db817b": geometry=(528,464)-(528,639.36)
2026-05-26 01:24:01.755 +02:00 [WRN] DrawWindowLightEffect: early return - shader is null
2026-05-26 01:24:01.755 +02:00 [INF] DrawWindowLightEffects() beam "6b7d8043-ed03-4400-b93f-168701db817b": DrawWindowLightEffect returned false
2026-05-26 01:24:01.755 +02:00 [INF] Map "d5c08240-0436-454a-8993-362abf5bc477": window light drew 1/1 beam(s), skipped 0
2026-05-26 01:24:01.778 +02:00 [WRN] DrawWindowLightEffect: early return - shader is null
2026-05-26 01:24:01.778 +02:00 [INF] DrawWindowLightEffects() called for map "d5c08240-0436-454a-8993-362abf5bc477": Renderer=false, Beams=1
2026-05-26 01:24:01.778 +02:00 [INF] DrawWindowLightEffects() beam "6b7d8043-ed03-4400-b93f-168701db817b": sourceMask=true, opacity=1
2026-05-26 01:24:01.779 +02:00 [INF] DrawWindowLightEffects() beam "6b7d8043-ed03-4400-b93f-168701db817b": geometry=(528,464)-(528,639.36)
2026-05-26 01:24:01.779 +02:00 [WRN] DrawWindowLightEffect: early return - shader is null
2026-05-26 01:24:01.779 +02:00 [INF] DrawWindowLightEffects() beam "6b7d8043-ed03-4400-b93f-168701db817b": DrawWindowLightEffect returned false
2026-05-26 01:24:01.779 +02:00 [INF] Map "d5c08240-0436-454a-8993-362abf5bc477": window light drew 1/1 beam(s), skipped 0
2026-05-26 01:24:01.802 +02:00 [WRN] DrawWindowLightEffect: early return - shader is null
2026-05-26 01:24:01.802 +02:00 [INF] DrawWindowLightEffects() called for map "d5c08240-0436-454a-8993-362abf5bc477": Renderer=false, Beams=1
2026-05-26 01:24:01.802 +02:00 [INF] DrawWindowLightEffects() beam "6b7d8043-ed03-4400-b93f-168701db817b": sourceMask=true, opacity=1
2026-05-26 01:24:01.804 +02:00 [INF] DrawWindowLightEffects() beam "6b7d8043-ed03-4400-b93f-168701db817b": geometry=(528,464)-(528,639.36)
2026-05-26 01:24:01.804 +02:00 [WRN] DrawWindowLightEffect: early return - shader is null
2026-05-26 01:24:01.804 +02:00 [INF] DrawWindowLightEffects() beam "6b7d8043-ed03-4400-b93f-168701db817b": DrawWindowLightEffect returned false
2026-05-26 01:24:01.804 +02:00 [INF] Map "d5c08240-0436-454a-8993-362abf5bc477": window light drew 1/1 beam(s), skipped 0
2026-05-26 01:24:01.828 +02:00 [WRN] DrawWindowLightEffect: early return - shader is null
2026-05-26 01:24:01.828 +02:00 [INF] DrawWindowLightEffects() called for map "d5c08240-0436-454a-8993-362abf5bc477": Renderer=false, Beams=1
2026-05-26 01:24:01.828 +02:00 [INF] DrawWindowLightEffects() beam "6b7d8043-ed03-4400-b93f-168701db817b": sourceMask=true, opacity=1
2026-05-26 01:24:01.829 +02:00 [INF] DrawWindowLightEffects() beam "6b7d8043-ed03-4400-b93f-168701db817b": geometry=(528,464)-(528,639.36)
2026-05-26 01:24:01.829 +02:00 [WRN] DrawWindowLightEffect: early return - shader is null
2026-05-26 01:24:01.829 +02:00 [INF] DrawWindowLightEffects() beam "6b7d8043-ed03-4400-b93f-168701db817b": DrawWindowLightEffect returned false
2026-05-26 01:24:01.829 +02:00 [INF] Map "d5c08240-0436-454a-8993-362abf5bc477": window light drew 1/1 beam(s), skipped 0
2026-05-26 01:24:01.852 +02:00 [WRN] DrawWindowLightEffect: early return - shader is null
2026-05-26 01:24:01.852 +02:00 [INF] DrawWindowLightEffects() called for map "d5c08240-0436-454a-8993-362abf5bc477": Renderer=false, Beams=1
2026-05-26 01:24:01.852 +02:00 [INF] DrawWindowLightEffects() beam "6b7d8043-ed03-4400-b93f-168701db817b": sourceMask=true, opacity=1
2026-05-26 01:24:01.853 +02:00 [INF] DrawWindowLightEffects() beam "6b7d8043-ed03-4400-b93f-168701db817b": geometry=(528,464)-(528,639.36)
2026-05-26 01:24:01.853 +02:00 [WRN] DrawWindowLightEffect: early return - shader is null
2026-05-26 01:24:01.853 +02:00 [INF] DrawWindowLightEffects() beam "6b7d8043-ed03-4400-b93f-168701db817b": DrawWindowLightEffect returned false
2026-05-26 01:24:01.853 +02:00 [INF] Map "d5c08240-0436-454a-8993-362abf5bc477": window light drew 1/1 beam(s), skipped 0
2026-05-26 01:24:01.876 +02:00 [WRN] DrawWindowLightEffect: early return - shader is null
2026-05-26 01:24:01.877 +02:00 [INF] DrawWindowLightEffects() called for map "d5c08240-0436-454a-8993-362abf5bc477": Renderer=false, Beams=1
2026-05-26 01:24:01.877 +02:00 [INF] DrawWindowLightEffects() beam "6b7d8043-ed03-4400-b93f-168701db817b": sourceMask=true, opacity=1
2026-05-26 01:24:01.878 +02:00 [INF] DrawWindowLightEffects() beam "6b7d8043-ed03-4400-b93f-168701db817b": geometry=(528,464)-(528,639.36)
2026-05-26 01:24:01.878 +02:00 [WRN] DrawWindowLightEffect: early return - shader is null
2026-05-26 01:24:01.878 +02:00 [INF] DrawWindowLightEffects() beam "6b7d8043-ed03-4400-b93f-168701db817b": DrawWindowLightEffect returned false
2026-05-26 01:24:01.878 +02:00 [INF] Map "d5c08240-0436-454a-8993-362abf5bc477": window light drew 1/1 beam(s), skipped 0
2026-05-26 01:24:01.901 +02:00 [WRN] DrawWindowLightEffect: early return - shader is null
2026-05-26 01:24:01.901 +02:00 [INF] DrawWindowLightEffects() called for map "d5c08240-0436-454a-8993-362abf5bc477": Renderer=false, Beams=1
2026-05-26 01:24:01.901 +02:00 [INF] DrawWindowLightEffects() beam "6b7d8043-ed03-4400-b93f-168701db817b": sourceMask=true, opacity=1
2026-05-26 01:24:01.902 +02:00 [INF] DrawWindowLightEffects() beam "6b7d8043-ed03-4400-b93f-168701db817b": geometry=(528,464)-(528,639.36)
2026-05-26 01:24:01.902 +02:00 [WRN] DrawWindowLightEffect: early return - shader is null
2026-05-26 01:24:01.902 +02:00 [INF] DrawWindowLightEffects() beam "6b7d8043-ed03-4400-b93f-168701db817b": DrawWindowLightEffect returned false
2026-05-26 01:24:01.902 +02:00 [INF] Map "d5c08240-0436-454a-8993-362abf5bc477": window light drew 1/1 beam(s), skipped 0
2026-05-26 01:24:01.926 +02:00 [WRN] DrawWindowLightEffect: early return - shader is null
2026-05-26 01:24:01.926 +02:00 [INF] DrawWindowLightEffects() called for map "d5c08240-0436-454a-8993-362abf5bc477": Renderer=false, Beams=1
2026-05-26 01:24:01.926 +02:00 [INF] DrawWindowLightEffects() beam "6b7d8043-ed03-4400-b93f-168701db817b": sourceMask=true, opacity=1
2026-05-26 01:24:01.927 +02:00 [INF] DrawWindowLightEffects() beam "6b7d8043-ed03-4400-b93f-168701db817b": geometry=(528,464)-(528,639.36)
2026-05-26 01:24:01.927 +02:00 [WRN] DrawWindowLightEffect: early return - shader is null
2026-05-26 01:24:01.927 +02:00 [INF] DrawWindowLightEffects() beam "6b7d8043-ed03-4400-b93f-168701db817b": DrawWindowLightEffect returned false
2026-05-26 01:24:01.927 +02:00 [INF] Map "d5c08240-0436-454a-8993-362abf5bc477": window light drew 1/1 beam(s), skipped 0
2026-05-26 01:24:01.950 +02:00 [WRN] DrawWindowLightEffect: early return - shader is null
2026-05-26 01:24:01.950 +02:00 [INF] DrawWindowLightEffects() called for map "d5c08240-0436-454a-8993-362abf5bc477": Renderer=false, Beams=1
2026-05-26 01:24:01.950 +02:00 [INF] DrawWindowLightEffects() beam "6b7d8043-ed03-4400-b93f-168701db817b": sourceMask=true, opacity=1
2026-05-26 01:24:01.951 +02:00 [INF] DrawWindowLightEffects() beam "6b7d8043-ed03-4400-b93f-168701db817b": geometry=(528,464)-(528,639.36)
2026-05-26 01:24:01.951 +02:00 [WRN] DrawWindowLightEffect: early return - shader is null
2026-05-26 01:24:01.951 +02:00 [INF] DrawWindowLightEffects() beam "6b7d8043-ed03-4400-b93f-168701db817b": DrawWindowLightEffect returned false
2026-05-26 01:24:01.951 +02:00 [INF] Map "d5c08240-0436-454a-8993-362abf5bc477": window light drew 1/1 beam(s), skipped 0
2026-05-26 01:24:01.976 +02:00 [WRN] DrawWindowLightEffect: early return - shader is null
2026-05-26 01:24:01.976 +02:00 [INF] DrawWindowLightEffects() called for map "d5c08240-0436-454a-8993-362abf5bc477": Renderer=false, Beams=1
2026-05-26 01:24:01.976 +02:00 [INF] DrawWindowLightEffects() beam "6b7d8043-ed03-4400-b93f-168701db817b": sourceMask=true, opacity=1
2026-05-26 01:24:01.977 +02:00 [INF] DrawWindowLightEffects() beam "6b7d8043-ed03-4400-b93f-168701db817b": geometry=(528,464)-(528,639.36)
2026-05-26 01:24:01.977 +02:00 [WRN] DrawWindowLightEffect: early return - shader is null
2026-05-26 01:24:01.977 +02:00 [INF] DrawWindowLightEffects() beam "6b7d8043-ed03-4400-b93f-168701db817b": DrawWindowLightEffect returned false
2026-05-26 01:24:01.977 +02:00 [INF] Map "d5c08240-0436-454a-8993-362abf5bc477": window light drew 1/1 beam(s), skipped 0
2026-05-26 01:24:02.000 +02:00 [WRN] DrawWindowLightEffect: early return - shader is null
2026-05-26 01:24:02.000 +02:00 [INF] DrawWindowLightEffects() called for map "d5c08240-0436-454a-8993-362abf5bc477": Renderer=false, Beams=1
2026-05-26 01:24:02.000 +02:00 [INF] DrawWindowLightEffects() beam "6b7d8043-ed03-4400-b93f-168701db817b": sourceMask=true, opacity=1
2026-05-26 01:24:02.001 +02:00 [INF] DrawWindowLightEffects() beam "6b7d8043-ed03-4400-b93f-168701db817b": geometry=(528,464)-(528,639.36)
2026-05-26 01:24:02.001 +02:00 [WRN] DrawWindowLightEffect: early return - shader is null
2026-05-26 01:24:02.001 +02:00 [INF] DrawWindowLightEffects() beam "6b7d8043-ed03-4400-b93f-168701db817b": DrawWindowLightEffect returned false
2026-05-26 01:24:02.001 +02:00 [INF] Map "d5c08240-0436-454a-8993-362abf5bc477": window light drew 1/1 beam(s), skipped 0
2026-05-26 01:24:02.024 +02:00 [WRN] DrawWindowLightEffect: early return - shader is null
2026-05-26 01:24:02.024 +02:00 [INF] DrawWindowLightEffects() called for map "d5c08240-0436-454a-8993-362abf5bc477": Renderer=false, Beams=1
2026-05-26 01:24:02.024 +02:00 [INF] DrawWindowLightEffects() beam "6b7d8043-ed03-4400-b93f-168701db817b": sourceMask=true, opacity=1
2026-05-26 01:24:02.026 +02:00 [INF] DrawWindowLightEffects() beam "6b7d8043-ed03-4400-b93f-168701db817b": geometry=(528,464)-(528,639.36)
2026-05-26 01:24:02.026 +02:00 [WRN] DrawWindowLightEffect: early return - shader is null
2026-05-26 01:24:02.026 +02:00 [INF] DrawWindowLightEffects() beam "6b7d8043-ed03-4400-b93f-168701db817b": DrawWindowLightEffect returned false
2026-05-26 01:24:02.026 +02:00 [INF] Map "d5c08240-0436-454a-8993-362abf5bc477": window light drew 1/1 beam(s), skipped 0
2026-05-26 01:24:02.049 +02:00 [WRN] DrawWindowLightEffect: early return - shader is null
2026-05-26 01:24:02.049 +02:00 [INF] DrawWindowLightEffects() called for map "d5c08240-0436-454a-8993-362abf5bc477": Renderer=false, Beams=1
2026-05-26 01:24:02.049 +02:00 [INF] DrawWindowLightEffects() beam "6b7d8043-ed03-4400-b93f-168701db817b": sourceMask=true, opacity=1
2026-05-26 01:24:02.050 +02:00 [INF] DrawWindowLightEffects() beam "6b7d8043-ed03-4400-b93f-168701db817b": geometry=(528,464)-(528,639.36)
2026-05-26 01:24:02.050 +02:00 [WRN] DrawWindowLightEffect: early return - shader is null
2026-05-26 01:24:02.050 +02:00 [INF] DrawWindowLightEffects() beam "6b7d8043-ed03-4400-b93f-168701db817b": DrawWindowLightEffect returned false
2026-05-26 01:24:02.050 +02:00 [INF] Map "d5c08240-0436-454a-8993-362abf5bc477": window light drew 1/1 beam(s), skipped 0
2026-05-26 01:24:02.073 +02:00 [WRN] DrawWindowLightEffect: early return - shader is null
2026-05-26 01:24:02.073 +02:00 [INF] DrawWindowLightEffects() called for map "d5c08240-0436-454a-8993-362abf5bc477": Renderer=false, Beams=1
2026-05-26 01:24:02.073 +02:00 [INF] DrawWindowLightEffects() beam "6b7d8043-ed03-4400-b93f-168701db817b": sourceMask=true, opacity=1
2026-05-26 01:24:02.074 +02:00 [INF] DrawWindowLightEffects() beam "6b7d8043-ed03-4400-b93f-168701db817b": geometry=(528,464)-(528,639.36)
2026-05-26 01:24:02.074 +02:00 [WRN] DrawWindowLightEffect: early return - shader is null
2026-05-26 01:24:02.074 +02:00 [INF] DrawWindowLightEffects() beam "6b7d8043-ed03-4400-b93f-168701db817b": DrawWindowLightEffect returned false
2026-05-26 01:24:02.074 +02:00 [INF] Map "d5c08240-0436-454a-8993-362abf5bc477": window light drew 1/1 beam(s), skipped 0
2026-05-26 01:24:02.097 +02:00 [WRN] DrawWindowLightEffect: early return - shader is null
2026-05-26 01:24:02.097 +02:00 [INF] DrawWindowLightEffects() called for map "d5c08240-0436-454a-8993-362abf5bc477": Renderer=false, Beams=1
2026-05-26 01:24:02.097 +02:00 [INF] DrawWindowLightEffects() beam "6b7d8043-ed03-4400-b93f-168701db817b": sourceMask=true, opacity=1
2026-05-26 01:24:02.098 +02:00 [INF] DrawWindowLightEffects() beam "6b7d8043-ed03-4400-b93f-168701db817b": geometry=(528,464)-(528,639.36)
2026-05-26 01:24:02.098 +02:00 [WRN] DrawWindowLightEffect: early return - shader is null
2026-05-26 01:24:02.098 +02:00 [INF] DrawWindowLightEffects() beam "6b7d8043-ed03-4400-b93f-168701db817b": DrawWindowLightEffect returned false
2026-05-26 01:24:02.098 +02:00 [INF] Map "d5c08240-0436-454a-8993-362abf5bc477": window light drew 1/1 beam(s), skipped 0
2026-05-26 01:24:02.120 +02:00 [WRN] DrawWindowLightEffect: early return - shader is null
2026-05-26 01:24:02.120 +02:00 [INF] DrawWindowLightEffects() called for map "d5c08240-0436-454a-8993-362abf5bc477": Renderer=false, Beams=1
2026-05-26 01:24:02.120 +02:00 [INF] DrawWindowLightEffects() beam "6b7d8043-ed03-4400-b93f-168701db817b": sourceMask=true, opacity=1
2026-05-26 01:24:02.122 +02:00 [INF] DrawWindowLightEffects() beam "6b7d8043-ed03-4400-b93f-168701db817b": geometry=(528,464)-(528,639.36)
2026-05-26 01:24:02.122 +02:00 [WRN] DrawWindowLightEffect: early return - shader is null
2026-05-26 01:24:02.122 +02:00 [INF] DrawWindowLightEffects() beam "6b7d8043-ed03-4400-b93f-168701db817b": DrawWindowLightEffect returned false
2026-05-26 01:24:02.122 +02:00 [INF] Map "d5c08240-0436-454a-8993-362abf5bc477": window light drew 1/1 beam(s), skipped 0
2026-05-26 01:24:02.144 +02:00 [WRN] DrawWindowLightEffect: early return - shader is null
2026-05-26 01:24:02.144 +02:00 [INF] DrawWindowLightEffects() called for map "d5c08240-0436-454a-8993-362abf5bc477": Renderer=false, Beams=1
2026-05-26 01:24:02.144 +02:00 [INF] DrawWindowLightEffects() beam "6b7d8043-ed03-4400-b93f-168701db817b": sourceMask=true, opacity=1
2026-05-26 01:24:02.146 +02:00 [INF] DrawWindowLightEffects() beam "6b7d8043-ed03-4400-b93f-168701db817b": geometry=(528,464)-(528,639.36)
2026-05-26 01:24:02.146 +02:00 [WRN] DrawWindowLightEffect: early return - shader is null
2026-05-26 01:24:02.146 +02:00 [INF] DrawWindowLightEffects() beam "6b7d8043-ed03-4400-b93f-168701db817b": DrawWindowLightEffect returned false
2026-05-26 01:24:02.146 +02:00 [INF] Map "d5c08240-0436-454a-8993-362abf5bc477": window light drew 1/1 beam(s), skipped 0
2026-05-26 01:24:02.168 +02:00 [WRN] DrawWindowLightEffect: early return - shader is null
2026-05-26 01:24:02.168 +02:00 [INF] DrawWindowLightEffects() called for map "d5c08240-0436-454a-8993-362abf5bc477": Renderer=false, Beams=1
2026-05-26 01:24:02.168 +02:00 [INF] DrawWindowLightEffects() beam "6b7d8043-ed03-4400-b93f-168701db817b": sourceMask=true, opacity=1
2026-05-26 01:24:02.170 +02:00 [INF] DrawWindowLightEffects() beam "6b7d8043-ed03-4400-b93f-168701db817b": geometry=(528,464)-(528,639.36)
2026-05-26 01:24:02.170 +02:00 [WRN] DrawWindowLightEffect: early return - shader is null
2026-05-26 01:24:02.170 +02:00 [INF] DrawWindowLightEffects() beam "6b7d8043-ed03-4400-b93f-168701db817b": DrawWindowLightEffect returned false
2026-05-26 01:24:02.170 +02:00 [INF] Map "d5c08240-0436-454a-8993-362abf5bc477": window light drew 1/1 beam(s), skipped 0
2026-05-26 01:24:02.193 +02:00 [WRN] DrawWindowLightEffect: early return - shader is null
2026-05-26 01:24:02.193 +02:00 [INF] DrawWindowLightEffects() called for map "d5c08240-0436-454a-8993-362abf5bc477": Renderer=false, Beams=1
2026-05-26 01:24:02.193 +02:00 [INF] DrawWindowLightEffects() beam "6b7d8043-ed03-4400-b93f-168701db817b": sourceMask=true, opacity=1
2026-05-26 01:24:02.194 +02:00 [INF] DrawWindowLightEffects() beam "6b7d8043-ed03-4400-b93f-168701db817b": geometry=(528,464)-(528,639.36)
2026-05-26 01:24:02.194 +02:00 [WRN] DrawWindowLightEffect: early return - shader is null
2026-05-26 01:24:02.194 +02:00 [INF] DrawWindowLightEffects() beam "6b7d8043-ed03-4400-b93f-168701db817b": DrawWindowLightEffect returned false
2026-05-26 01:24:02.194 +02:00 [INF] Map "d5c08240-0436-454a-8993-362abf5bc477": window light drew 1/1 beam(s), skipped 0
2026-05-26 01:24:02.216 +02:00 [WRN] DrawWindowLightEffect: early return - shader is null
2026-05-26 01:24:02.216 +02:00 [INF] DrawWindowLightEffects() called for map "d5c08240-0436-454a-8993-362abf5bc477": Renderer=false, Beams=1
2026-05-26 01:24:02.217 +02:00 [INF] DrawWindowLightEffects() beam "6b7d8043-ed03-4400-b93f-168701db817b": sourceMask=true, opacity=1
2026-05-26 01:24:02.218 +02:00 [INF] DrawWindowLightEffects() beam "6b7d8043-ed03-4400-b93f-168701db817b": geometry=(528,464)-(528,639.36)
2026-05-26 01:24:02.218 +02:00 [WRN] DrawWindowLightEffect: early return - shader is null
2026-05-26 01:24:02.218 +02:00 [INF] DrawWindowLightEffects() beam "6b7d8043-ed03-4400-b93f-168701db817b": DrawWindowLightEffect returned false
2026-05-26 01:24:02.218 +02:00 [INF] Map "d5c08240-0436-454a-8993-362abf5bc477": window light drew 1/1 beam(s), skipped 0
2026-05-26 01:24:02.241 +02:00 [WRN] DrawWindowLightEffect: early return - shader is null
2026-05-26 01:24:02.241 +02:00 [INF] DrawWindowLightEffects() called for map "d5c08240-0436-454a-8993-362abf5bc477": Renderer=false, Beams=1
2026-05-26 01:24:02.241 +02:00 [INF] DrawWindowLightEffects() beam "6b7d8043-ed03-4400-b93f-168701db817b": sourceMask=true, opacity=1
2026-05-26 01:24:02.242 +02:00 [INF] DrawWindowLightEffects() beam "6b7d8043-ed03-4400-b93f-168701db817b": geometry=(528,464)-(528,639.36)
2026-05-26 01:24:02.242 +02:00 [WRN] DrawWindowLightEffect: early return - shader is null
2026-05-26 01:24:02.242 +02:00 [INF] DrawWindowLightEffects() beam "6b7d8043-ed03-4400-b93f-168701db817b": DrawWindowLightEffect returned false
2026-05-26 01:24:02.242 +02:00 [INF] Map "d5c08240-0436-454a-8993-362abf5bc477": window light drew 1/1 beam(s), skipped 0
2026-05-26 01:24:02.265 +02:00 [WRN] DrawWindowLightEffect: early return - shader is null
2026-05-26 01:24:02.266 +02:00 [INF] DrawWindowLightEffects() called for map "d5c08240-0436-454a-8993-362abf5bc477": Renderer=false, Beams=1
2026-05-26 01:24:02.266 +02:00 [INF] DrawWindowLightEffects() beam "6b7d8043-ed03-4400-b93f-168701db817b": sourceMask=true, opacity=1
2026-05-26 01:24:02.267 +02:00 [INF] DrawWindowLightEffects() beam "6b7d8043-ed03-4400-b93f-168701db817b": geometry=(528,464)-(528,639.36)
2026-05-26 01:24:02.267 +02:00 [WRN] DrawWindowLightEffect: early return - shader is null
2026-05-26 01:24:02.267 +02:00 [INF] DrawWindowLightEffects() beam "6b7d8043-ed03-4400-b93f-168701db817b": DrawWindowLightEffect returned false
2026-05-26 01:24:02.267 +02:00 [INF] Map "d5c08240-0436-454a-8993-362abf5bc477": window light drew 1/1 beam(s), skipped 0
2026-05-26 01:24:02.290 +02:00 [WRN] DrawWindowLightEffect: early return - shader is null
2026-05-26 01:24:02.290 +02:00 [INF] DrawWindowLightEffects() called for map "d5c08240-0436-454a-8993-362abf5bc477": Renderer=false, Beams=1
2026-05-26 01:24:02.290 +02:00 [INF] DrawWindowLightEffects() beam "6b7d8043-ed03-4400-b93f-168701db817b": sourceMask=true, opacity=1
2026-05-26 01:24:02.291 +02:00 [INF] DrawWindowLightEffects() beam "6b7d8043-ed03-4400-b93f-168701db817b": geometry=(528,464)-(528,639.36)
2026-05-26 01:24:02.291 +02:00 [WRN] DrawWindowLightEffect: early return - shader is null
2026-05-26 01:24:02.291 +02:00 [INF] DrawWindowLightEffects() beam "6b7d8043-ed03-4400-b93f-168701db817b": DrawWindowLightEffect returned false
2026-05-26 01:24:02.291 +02:00 [INF] Map "d5c08240-0436-454a-8993-362abf5bc477": window light drew 1/1 beam(s), skipped 0
2026-05-26 01:24:02.314 +02:00 [WRN] DrawWindowLightEffect: early return - shader is null
2026-05-26 01:24:02.314 +02:00 [INF] DrawWindowLightEffects() called for map "d5c08240-0436-454a-8993-362abf5bc477": Renderer=false, Beams=1
2026-05-26 01:24:02.314 +02:00 [INF] DrawWindowLightEffects() beam "6b7d8043-ed03-4400-b93f-168701db817b": sourceMask=true, opacity=1
2026-05-26 01:24:02.316 +02:00 [INF] DrawWindowLightEffects() beam "6b7d8043-ed03-4400-b93f-168701db817b": geometry=(528,464)-(528,639.36)
2026-05-26 01:24:02.316 +02:00 [WRN] DrawWindowLightEffect: early return - shader is null
2026-05-26 01:24:02.316 +02:00 [INF] DrawWindowLightEffects() beam "6b7d8043-ed03-4400-b93f-168701db817b": DrawWindowLightEffect returned false
2026-05-26 01:24:02.316 +02:00 [INF] Map "d5c08240-0436-454a-8993-362abf5bc477": window light drew 1/1 beam(s), skipped 0
2026-05-26 01:24:02.338 +02:00 [WRN] DrawWindowLightEffect: early return - shader is null
2026-05-26 01:24:02.338 +02:00 [INF] DrawWindowLightEffects() called for map "d5c08240-0436-454a-8993-362abf5bc477": Renderer=false, Beams=1
2026-05-26 01:24:02.338 +02:00 [INF] DrawWindowLightEffects() beam "6b7d8043-ed03-4400-b93f-168701db817b": sourceMask=true, opacity=1
2026-05-26 01:24:02.340 +02:00 [INF] DrawWindowLightEffects() beam "6b7d8043-ed03-4400-b93f-168701db817b": geometry=(528,464)-(528,639.36)
2026-05-26 01:24:02.340 +02:00 [WRN] DrawWindowLightEffect: early return - shader is null
2026-05-26 01:24:02.340 +02:00 [INF] DrawWindowLightEffects() beam "6b7d8043-ed03-4400-b93f-168701db817b": DrawWindowLightEffect returned false
2026-05-26 01:24:02.340 +02:00 [INF] Map "d5c08240-0436-454a-8993-362abf5bc477": window light drew 1/1 beam(s), skipped 0
2026-05-26 01:24:02.362 +02:00 [WRN] DrawWindowLightEffect: early return - shader is null
2026-05-26 01:24:02.362 +02:00 [INF] DrawWindowLightEffects() called for map "d5c08240-0436-454a-8993-362abf5bc477": Renderer=false, Beams=1
2026-05-26 01:24:02.362 +02:00 [INF] DrawWindowLightEffects() beam "6b7d8043-ed03-4400-b93f-168701db817b": sourceMask=true, opacity=1
2026-05-26 01:24:02.363 +02:00 [INF] DrawWindowLightEffects() beam "6b7d8043-ed03-4400-b93f-168701db817b": geometry=(528,464)-(528,639.36)
2026-05-26 01:24:02.363 +02:00 [WRN] DrawWindowLightEffect: early return - shader is null
2026-05-26 01:24:02.363 +02:00 [INF] DrawWindowLightEffects() beam "6b7d8043-ed03-4400-b93f-168701db817b": DrawWindowLightEffect returned false
2026-05-26 01:24:02.363 +02:00 [INF] Map "d5c08240-0436-454a-8993-362abf5bc477": window light drew 1/1 beam(s), skipped 0
2026-05-26 01:24:02.386 +02:00 [WRN] DrawWindowLightEffect: early return - shader is null
2026-05-26 01:24:02.386 +02:00 [INF] DrawWindowLightEffects() called for map "d5c08240-0436-454a-8993-362abf5bc477": Renderer=false, Beams=1
2026-05-26 01:24:02.386 +02:00 [INF] DrawWindowLightEffects() beam "6b7d8043-ed03-4400-b93f-168701db817b": sourceMask=true, opacity=1
2026-05-26 01:24:02.387 +02:00 [INF] DrawWindowLightEffects() beam "6b7d8043-ed03-4400-b93f-168701db817b": geometry=(528,464)-(528,639.36)
2026-05-26 01:24:02.387 +02:00 [WRN] DrawWindowLightEffect: early return - shader is null
2026-05-26 01:24:02.387 +02:00 [INF] DrawWindowLightEffects() beam "6b7d8043-ed03-4400-b93f-168701db817b": DrawWindowLightEffect returned false
2026-05-26 01:24:02.387 +02:00 [INF] Map "d5c08240-0436-454a-8993-362abf5bc477": window light drew 1/1 beam(s), skipped 0
2026-05-26 01:24:02.409 +02:00 [WRN] DrawWindowLightEffect: early return - shader is null
2026-05-26 01:24:02.409 +02:00 [INF] DrawWindowLightEffects() called for map "d5c08240-0436-454a-8993-362abf5bc477": Renderer=false, Beams=1
2026-05-26 01:24:02.409 +02:00 [INF] DrawWindowLightEffects() beam "6b7d8043-ed03-4400-b93f-168701db817b": sourceMask=true, opacity=1
2026-05-26 01:24:02.410 +02:00 [INF] DrawWindowLightEffects() beam "6b7d8043-ed03-4400-b93f-168701db817b": geometry=(528,464)-(528,639.36)
2026-05-26 01:24:02.410 +02:00 [WRN] DrawWindowLightEffect: early return - shader is null
2026-05-26 01:24:02.410 +02:00 [INF] DrawWindowLightEffects() beam "6b7d8043-ed03-4400-b93f-168701db817b": DrawWindowLightEffect returned false
2026-05-26 01:24:02.410 +02:00 [INF] Map "d5c08240-0436-454a-8993-362abf5bc477": window light drew 1/1 beam(s), skipped 0
2026-05-26 01:24:02.434 +02:00 [WRN] DrawWindowLightEffect: early return - shader is null
2026-05-26 01:24:02.434 +02:00 [INF] DrawWindowLightEffects() called for map "d5c08240-0436-454a-8993-362abf5bc477": Renderer=false, Beams=1
2026-05-26 01:24:02.434 +02:00 [INF] DrawWindowLightEffects() beam "6b7d8043-ed03-4400-b93f-168701db817b": sourceMask=true, opacity=1
2026-05-26 01:24:02.435 +02:00 [INF] DrawWindowLightEffects() beam "6b7d8043-ed03-4400-b93f-168701db817b": geometry=(528,464)-(528,639.36)
2026-05-26 01:24:02.435 +02:00 [WRN] DrawWindowLightEffect: early return - shader is null
2026-05-26 01:24:02.435 +02:00 [INF] DrawWindowLightEffects() beam "6b7d8043-ed03-4400-b93f-168701db817b": DrawWindowLightEffect returned false
2026-05-26 01:24:02.436 +02:00 [INF] Map "d5c08240-0436-454a-8993-362abf5bc477": window light drew 1/1 beam(s), skipped 0
2026-05-26 01:24:02.459 +02:00 [WRN] DrawWindowLightEffect: early return - shader is null
2026-05-26 01:24:02.460 +02:00 [INF] DrawWindowLightEffects() called for map "d5c08240-0436-454a-8993-362abf5bc477": Renderer=false, Beams=1
2026-05-26 01:24:02.460 +02:00 [INF] DrawWindowLightEffects() beam "6b7d8043-ed03-4400-b93f-168701db817b": sourceMask=true, opacity=1
2026-05-26 01:24:02.461 +02:00 [INF] DrawWindowLightEffects() beam "6b7d8043-ed03-4400-b93f-168701db817b": geometry=(528,464)-(528,639.36)
2026-05-26 01:24:02.461 +02:00 [WRN] DrawWindowLightEffect: early return - shader is null
2026-05-26 01:24:02.461 +02:00 [INF] DrawWindowLightEffects() beam "6b7d8043-ed03-4400-b93f-168701db817b": DrawWindowLightEffect returned false
2026-05-26 01:24:02.461 +02:00 [INF] Map "d5c08240-0436-454a-8993-362abf5bc477": window light drew 1/1 beam(s), skipped 0
2026-05-26 01:24:02.484 +02:00 [WRN] DrawWindowLightEffect: early return - shader is null
2026-05-26 01:24:02.484 +02:00 [INF] DrawWindowLightEffects() called for map "d5c08240-0436-454a-8993-362abf5bc477": Renderer=false, Beams=1
2026-05-26 01:24:02.484 +02:00 [INF] DrawWindowLightEffects() beam "6b7d8043-ed03-4400-b93f-168701db817b": sourceMask=true, opacity=1
2026-05-26 01:24:02.485 +02:00 [INF] DrawWindowLightEffects() beam "6b7d8043-ed03-4400-b93f-168701db817b": geometry=(528,464)-(528,639.36)
2026-05-26 01:24:02.486 +02:00 [WRN] DrawWindowLightEffect: early return - shader is null
2026-05-26 01:24:02.486 +02:00 [INF] DrawWindowLightEffects() beam "6b7d8043-ed03-4400-b93f-168701db817b": DrawWindowLightEffect returned false
2026-05-26 01:24:02.486 +02:00 [INF] Map "d5c08240-0436-454a-8993-362abf5bc477": window light drew 1/1 beam(s), skipped 0
2026-05-26 01:24:02.509 +02:00 [WRN] DrawWindowLightEffect: early return - shader is null
2026-05-26 01:24:02.509 +02:00 [INF] DrawWindowLightEffects() called for map "d5c08240-0436-454a-8993-362abf5bc477": Renderer=false, Beams=1
2026-05-26 01:24:02.509 +02:00 [INF] DrawWindowLightEffects() beam "6b7d8043-ed03-4400-b93f-168701db817b": sourceMask=true, opacity=1
2026-05-26 01:24:02.510 +02:00 [INF] DrawWindowLightEffects() beam "6b7d8043-ed03-4400-b93f-168701db817b": geometry=(528,464)-(528,639.36)
2026-05-26 01:24:02.510 +02:00 [WRN] DrawWindowLightEffect: early return - shader is null
2026-05-26 01:24:02.510 +02:00 [INF] DrawWindowLightEffects() beam "6b7d8043-ed03-4400-b93f-168701db817b": DrawWindowLightEffect returned false
2026-05-26 01:24:02.510 +02:00 [INF] Map "d5c08240-0436-454a-8993-362abf5bc477": window light drew 1/1 beam(s), skipped 0
2026-05-26 01:24:02.612 +02:00 [INF] System window closing (due to user interaction most likely).
2026-05-26 01:24:02.615 +02:00 [INF] Disconnected [9b6f51c5-530b-42dd-be07-608df165e59c].
2026-05-26 01:24:02.616 +02:00 [INF] Updating active permission set to 'default'
2026-05-26 01:24:02.638 +02:00 [INF] Acquiring context lock... (0ms)
2026-05-26 01:24:02.638 +02:00 [INF] Acquired. (0ms)
2026-05-26 01:24:02.639 +02:00 [INF] Beginning context dispose. (0ms)
2026-05-26 01:24:02.639 +02:00 [INF] GC.SuppressFinalize (0ms)
2026-05-26 01:24:02.639 +02:00 [INF] InternalDispose() completed. (0ms)
2026-05-26 01:24:02.639 +02:00 [INF] Clearing instance... (1ms)
2026-05-26 01:24:02.639 +02:00 [INF] Releasing context lock... (1ms)
2026-05-26 01:24:02.639 +02:00 [INF] Released. (1ms)
