2026-05-25 22:40:50.378 +02:00 [INF] Starting Intersect Client v0.8.0.0-custom+32d39132dace1351f63375b261f241297dd35be8-dirty
2026-05-25 22:40:50.591 +02:00 [INF] Discovered service type: Intersect.Plugins.PluginService
2026-05-25 22:40:50.595 +02:00 [WRN] Directory was specified as a plugin directory but does not exist: 'resources\plugins'
2026-05-25 22:40:50.596 +02:00 [INF] Discovered 0 plugins:

2026-05-25 22:40:53.057 +02:00 [INF] Connecting to 127.0.0.1:5400...
2026-05-25 22:40:53.077 +02:00 [INF] Connected [fdc9b258-a624-4ab5-83b4-ea1cdd4aca6e].
2026-05-25 22:40:53.087 +02:00 [INF] Connection approved [fdc9b258-a624-4ab5-83b4-ea1cdd4aca6e].
2026-05-25 22:40:53.189 +02:00 [INF] Updated PermissionSet 'default'
2026-05-25 22:41:04.009 +02:00 [INF] Updated PermissionSet 'admin'
2026-05-25 22:41:04.010 +02:00 [INF] Updating active permission set to 'admin'
2026-05-25 22:41:04.520 +02:00 [WRN] 'Me' is null.
2026-05-25 22:41:04.907 +02:00 [INF] Map "d5c08240-0436-454a-8993-362abf5bc477" 'New Map' loaded with 7 window light zone(s)
2026-05-25 22:41:05.072 +02:00 [INF] BuildWindowLightBeams() map "d5c08240-0436-454a-8993-362abf5bc477": WindowLightZones=7
2026-05-25 22:41:05.077 +02:00 [INF] BuildWindowLightBeams() map "d5c08240-0436-454a-8993-362abf5bc477": created 2 beam(s) from 7 zone(s)
2026-05-25 22:41:05.078 +02:00 [INF] Built VBO for map d5c08240-0436-454a-8993-362abf5bc477 'New Map' in 17.5557ms
2026-05-25 22:41:12.111 +02:00 [INF] Map "d5c08240-0436-454a-8993-362abf5bc477": window light drew 2/2 beam(s)
2026-05-25 22:41:12.211 +02:00 [INF] Map "d5c08240-0436-454a-8993-362abf5bc477": window light drew 2/2 beam(s)
2026-05-25 22:41:12.269 +02:00 [INF] Map "d5c08240-0436-454a-8993-362abf5bc477": window light drew 2/2 beam(s)
2026-05-25 22:41:12.328 +02:00 [INF] Map "d5c08240-0436-454a-8993-362abf5bc477": window light drew 2/2 beam(s)
2026-05-25 22:41:12.419 +02:00 [INF] Map "d5c08240-0436-454a-8993-362abf5bc477": window light drew 2/2 beam(s)
2026-05-25 22:41:12.505 +02:00 [INF] Map "d5c08240-0436-454a-8993-362abf5bc477": window light drew 2/2 beam(s)
2026-05-25 22:41:12.589 +02:00 [INF] Map "d5c08240-0436-454a-8993-362abf5bc477": window light drew 2/2 beam(s)
2026-05-25 22:41:12.675 +02:00 [INF] Map "d5c08240-0436-454a-8993-362abf5bc477": window light drew 2/2 beam(s)
2026-05-25 22:41:12.760 +02:00 [INF] Map "d5c08240-0436-454a-8993-362abf5bc477": window light drew 2/2 beam(s)
2026-05-25 22:41:12.846 +02:00 [INF] Map "d5c08240-0436-454a-8993-362abf5bc477": window light drew 2/2 beam(s)
2026-05-25 22:41:12.931 +02:00 [INF] Map "d5c08240-0436-454a-8993-362abf5bc477": window light drew 2/2 beam(s)
2026-05-25 22:41:13.016 +02:00 [INF] Map "d5c08240-0436-454a-8993-362abf5bc477": window light drew 2/2 beam(s)
2026-05-25 22:41:13.100 +02:00 [INF] Map "d5c08240-0436-454a-8993-362abf5bc477": window light drew 2/2 beam(s)
2026-05-25 22:41:13.187 +02:00 [INF] Map "d5c08240-0436-454a-8993-362abf5bc477": window light drew 2/2 beam(s)
2026-05-25 22:41:13.272 +02:00 [INF] Map "d5c08240-0436-454a-8993-362abf5bc477": window light drew 2/2 beam(s)
2026-05-25 22:41:13.357 +02:00 [INF] Map "d5c08240-0436-454a-8993-362abf5bc477": window light drew 2/2 beam(s)
2026-05-25 22:41:13.455 +02:00 [INF] Map "d5c08240-0436-454a-8993-362abf5bc477": window light drew 2/2 beam(s)
2026-05-25 22:41:13.540 +02:00 [INF] Map "d5c08240-0436-454a-8993-362abf5bc477": window light drew 2/2 beam(s)
2026-05-25 22:41:13.612 +02:00 [INF] Map "d5c08240-0436-454a-8993-362abf5bc477": window light drew 2/2 beam(s)
2026-05-25 22:41:13.682 +02:00 [INF] Map "d5c08240-0436-454a-8993-362abf5bc477": window light drew 2/2 beam(s)
2026-05-25 22:41:13.718 +02:00 [INF] Map "d5c08240-0436-454a-8993-362abf5bc477": window light drew 2/2 beam(s)
2026-05-25 22:41:13.753 +02:00 [INF] Map "d5c08240-0436-454a-8993-362abf5bc477": window light drew 2/2 beam(s)
2026-05-25 22:41:13.788 +02:00 [INF] Map "d5c08240-0436-454a-8993-362abf5bc477": window light drew 2/2 beam(s)
2026-05-25 22:41:13.825 +02:00 [INF] Map "d5c08240-0436-454a-8993-362abf5bc477": window light drew 2/2 beam(s)
2026-05-25 22:41:13.859 +02:00 [INF] Map "d5c08240-0436-454a-8993-362abf5bc477": window light drew 2/2 beam(s)
2026-05-25 22:41:13.907 +02:00 [INF] Map "d5c08240-0436-454a-8993-362abf5bc477": window light drew 2/2 beam(s)
2026-05-25 22:41:13.942 +02:00 [INF] Map "d5c08240-0436-454a-8993-362abf5bc477": window light drew 2/2 beam(s)
2026-05-25 22:41:13.976 +02:00 [INF] Map "d5c08240-0436-454a-8993-362abf5bc477": window light drew 2/2 beam(s)
2026-05-25 22:41:14.011 +02:00 [INF] Map "d5c08240-0436-454a-8993-362abf5bc477": window light drew 2/2 beam(s)
2026-05-25 22:41:14.047 +02:00 [INF] Map "d5c08240-0436-454a-8993-362abf5bc477": window light drew 2/2 beam(s)
2026-05-25 22:41:14.082 +02:00 [INF] Map "d5c08240-0436-454a-8993-362abf5bc477": window light drew 2/2 beam(s)
2026-05-25 22:41:14.119 +02:00 [INF] Map "d5c08240-0436-454a-8993-362abf5bc477": window light drew 2/2 beam(s)
2026-05-25 22:41:14.158 +02:00 [INF] Map "d5c08240-0436-454a-8993-362abf5bc477": window light drew 2/2 beam(s)
2026-05-25 22:41:14.194 +02:00 [INF] Map "d5c08240-0436-454a-8993-362abf5bc477": window light drew 2/2 beam(s)
2026-05-25 22:41:14.256 +02:00 [INF] Map "d5c08240-0436-454a-8993-362abf5bc477": window light drew 2/2 beam(s)
2026-05-25 22:41:14.296 +02:00 [INF] Map "d5c08240-0436-454a-8993-362abf5bc477": window light drew 2/2 beam(s)
2026-05-25 22:41:14.334 +02:00 [INF] Map "d5c08240-0436-454a-8993-362abf5bc477": window light drew 2/2 beam(s)
2026-05-25 22:41:14.369 +02:00 [INF] Map "d5c08240-0436-454a-8993-362abf5bc477": window light drew 2/2 beam(s)
2026-05-25 22:41:14.404 +02:00 [INF] Map "d5c08240-0436-454a-8993-362abf5bc477": window light drew 2/2 beam(s)
2026-05-25 22:41:14.439 +02:00 [INF] Map "d5c08240-0436-454a-8993-362abf5bc477": window light drew 2/2 beam(s)
2026-05-25 22:41:14.475 +02:00 [INF] Map "d5c08240-0436-454a-8993-362abf5bc477": window light drew 2/2 beam(s)
2026-05-25 22:41:14.515 +02:00 [INF] Map "d5c08240-0436-454a-8993-362abf5bc477": window light drew 2/2 beam(s)
2026-05-25 22:41:14.550 +02:00 [INF] Map "d5c08240-0436-454a-8993-362abf5bc477": window light drew 2/2 beam(s)
2026-05-25 22:41:14.598 +02:00 [INF] Map "d5c08240-0436-454a-8993-362abf5bc477": window light drew 2/2 beam(s)
2026-05-25 22:41:14.634 +02:00 [INF] Map "d5c08240-0436-454a-8993-362abf5bc477": window light drew 2/2 beam(s)
2026-05-25 22:41:14.669 +02:00 [INF] Map "d5c08240-0436-454a-8993-362abf5bc477": window light drew 2/2 beam(s)
2026-05-25 22:41:14.709 +02:00 [INF] Map "d5c08240-0436-454a-8993-362abf5bc477": window light drew 2/2 beam(s)
2026-05-25 22:41:14.761 +02:00 [INF] Map "d5c08240-0436-454a-8993-362abf5bc477": window light drew 2/2 beam(s)
2026-05-25 22:41:14.796 +02:00 [INF] Map "d5c08240-0436-454a-8993-362abf5bc477": window light drew 2/2 beam(s)
2026-05-25 22:41:14.832 +02:00 [INF] Map "d5c08240-0436-454a-8993-362abf5bc477": window light drew 2/2 beam(s)
2026-05-25 22:41:14.867 +02:00 [INF] Map "d5c08240-0436-454a-8993-362abf5bc477": window light drew 2/2 beam(s)
2026-05-25 22:41:14.901 +02:00 [INF] Map "d5c08240-0436-454a-8993-362abf5bc477": window light drew 2/2 beam(s)
2026-05-25 22:41:14.950 +02:00 [INF] Map "d5c08240-0436-454a-8993-362abf5bc477": window light drew 2/2 beam(s)
2026-05-25 22:41:14.986 +02:00 [INF] Map "d5c08240-0436-454a-8993-362abf5bc477": window light drew 2/2 beam(s)
2026-05-25 22:41:15.024 +02:00 [INF] Map "d5c08240-0436-454a-8993-362abf5bc477": window light drew 2/2 beam(s)
2026-05-25 22:41:15.058 +02:00 [INF] Map "d5c08240-0436-454a-8993-362abf5bc477": window light drew 2/2 beam(s)
2026-05-25 22:41:15.092 +02:00 [INF] Map "d5c08240-0436-454a-8993-362abf5bc477": window light drew 2/2 beam(s)
2026-05-25 22:41:15.126 +02:00 [INF] Map "d5c08240-0436-454a-8993-362abf5bc477": window light drew 2/2 beam(s)
2026-05-25 22:41:15.161 +02:00 [INF] Map "d5c08240-0436-454a-8993-362abf5bc477": window light drew 2/2 beam(s)
2026-05-25 22:41:15.196 +02:00 [INF] Map "d5c08240-0436-454a-8993-362abf5bc477": window light drew 2/2 beam(s)
2026-05-25 22:41:15.231 +02:00 [INF] Map "d5c08240-0436-454a-8993-362abf5bc477": window light drew 2/2 beam(s)
2026-05-25 22:41:15.280 +02:00 [INF] Map "d5c08240-0436-454a-8993-362abf5bc477": window light drew 2/2 beam(s)
2026-05-25 22:41:15.315 +02:00 [INF] Map "d5c08240-0436-454a-8993-362abf5bc477": window light drew 2/2 beam(s)
2026-05-25 22:41:15.349 +02:00 [INF] Map "d5c08240-0436-454a-8993-362abf5bc477": window light drew 2/2 beam(s)
2026-05-25 22:41:15.383 +02:00 [INF] Map "d5c08240-0436-454a-8993-362abf5bc477": window light drew 2/2 beam(s)
2026-05-25 22:41:15.418 +02:00 [INF] Map "d5c08240-0436-454a-8993-362abf5bc477": window light drew 2/2 beam(s)
2026-05-25 22:41:15.455 +02:00 [INF] Map "d5c08240-0436-454a-8993-362abf5bc477": window light drew 2/2 beam(s)
2026-05-25 22:41:15.488 +02:00 [INF] Map "d5c08240-0436-454a-8993-362abf5bc477": window light drew 2/2 beam(s)
2026-05-25 22:41:15.523 +02:00 [INF] Map "d5c08240-0436-454a-8993-362abf5bc477": window light drew 2/2 beam(s)
2026-05-25 22:41:15.557 +02:00 [INF] Map "d5c08240-0436-454a-8993-362abf5bc477": window light drew 2/2 beam(s)
2026-05-25 22:41:15.604 +02:00 [INF] Map "d5c08240-0436-454a-8993-362abf5bc477": window light drew 2/2 beam(s)
2026-05-25 22:41:15.638 +02:00 [INF] Map "d5c08240-0436-454a-8993-362abf5bc477": window light drew 2/2 beam(s)
2026-05-25 22:41:15.672 +02:00 [INF] Map "d5c08240-0436-454a-8993-362abf5bc477": window light drew 2/2 beam(s)
2026-05-25 22:41:15.706 +02:00 [INF] Map "d5c08240-0436-454a-8993-362abf5bc477": window light drew 2/2 beam(s)
2026-05-25 22:41:15.741 +02:00 [INF] Map "d5c08240-0436-454a-8993-362abf5bc477": window light drew 2/2 beam(s)
2026-05-25 22:41:15.775 +02:00 [INF] Map "d5c08240-0436-454a-8993-362abf5bc477": window light drew 2/2 beam(s)
2026-05-25 22:41:15.810 +02:00 [INF] Map "d5c08240-0436-454a-8993-362abf5bc477": window light drew 2/2 beam(s)
2026-05-25 22:41:15.844 +02:00 [INF] Map "d5c08240-0436-454a-8993-362abf5bc477": window light drew 2/2 beam(s)
2026-05-25 22:41:15.878 +02:00 [INF] Map "d5c08240-0436-454a-8993-362abf5bc477": window light drew 2/2 beam(s)
2026-05-25 22:41:15.927 +02:00 [INF] Map "d5c08240-0436-454a-8993-362abf5bc477": window light drew 2/2 beam(s)
2026-05-25 22:41:15.961 +02:00 [INF] Map "d5c08240-0436-454a-8993-362abf5bc477": window light drew 2/2 beam(s)
2026-05-25 22:41:15.995 +02:00 [INF] Map "d5c08240-0436-454a-8993-362abf5bc477": window light drew 2/2 beam(s)
2026-05-25 22:41:16.029 +02:00 [INF] Map "d5c08240-0436-454a-8993-362abf5bc477": window light drew 2/2 beam(s)
2026-05-25 22:41:16.064 +02:00 [INF] Map "d5c08240-0436-454a-8993-362abf5bc477": window light drew 2/2 beam(s)
2026-05-25 22:41:16.099 +02:00 [INF] Map "d5c08240-0436-454a-8993-362abf5bc477": window light drew 2/2 beam(s)
2026-05-25 22:41:16.133 +02:00 [INF] Map "d5c08240-0436-454a-8993-362abf5bc477": window light drew 2/2 beam(s)
2026-05-25 22:41:16.167 +02:00 [INF] Map "d5c08240-0436-454a-8993-362abf5bc477": window light drew 2/2 beam(s)
2026-05-25 22:41:16.201 +02:00 [INF] Map "d5c08240-0436-454a-8993-362abf5bc477": window light drew 2/2 beam(s)
2026-05-25 22:41:16.248 +02:00 [INF] Map "d5c08240-0436-454a-8993-362abf5bc477": window light drew 2/2 beam(s)
2026-05-25 22:41:16.283 +02:00 [INF] Map "d5c08240-0436-454a-8993-362abf5bc477": window light drew 2/2 beam(s)
2026-05-25 22:41:16.317 +02:00 [INF] Map "d5c08240-0436-454a-8993-362abf5bc477": window light drew 2/2 beam(s)
2026-05-25 22:41:16.353 +02:00 [INF] Map "d5c08240-0436-454a-8993-362abf5bc477": window light drew 2/2 beam(s)
2026-05-25 22:41:16.387 +02:00 [INF] Map "d5c08240-0436-454a-8993-362abf5bc477": window light drew 2/2 beam(s)
2026-05-25 22:41:16.422 +02:00 [INF] Map "d5c08240-0436-454a-8993-362abf5bc477": window light drew 2/2 beam(s)
2026-05-25 22:41:16.456 +02:00 [INF] Map "d5c08240-0436-454a-8993-362abf5bc477": window light drew 2/2 beam(s)
2026-05-25 22:41:16.490 +02:00 [INF] Map "d5c08240-0436-454a-8993-362abf5bc477": window light drew 2/2 beam(s)
2026-05-25 22:41:16.525 +02:00 [INF] Map "d5c08240-0436-454a-8993-362abf5bc477": window light drew 2/2 beam(s)
2026-05-25 22:41:16.572 +02:00 [INF] Map "d5c08240-0436-454a-8993-362abf5bc477": window light drew 2/2 beam(s)
2026-05-25 22:41:16.608 +02:00 [INF] Map "d5c08240-0436-454a-8993-362abf5bc477": window light drew 2/2 beam(s)
2026-05-25 22:41:16.642 +02:00 [INF] Map "d5c08240-0436-454a-8993-362abf5bc477": window light drew 2/2 beam(s)
2026-05-25 22:41:16.676 +02:00 [INF] Map "d5c08240-0436-454a-8993-362abf5bc477": window light drew 2/2 beam(s)
2026-05-25 22:41:16.711 +02:00 [INF] Map "d5c08240-0436-454a-8993-362abf5bc477": window light drew 2/2 beam(s)
2026-05-25 22:41:16.747 +02:00 [INF] Map "d5c08240-0436-454a-8993-362abf5bc477": window light drew 2/2 beam(s)
2026-05-25 22:41:16.783 +02:00 [INF] Map "d5c08240-0436-454a-8993-362abf5bc477": window light drew 2/2 beam(s)
2026-05-25 22:41:16.817 +02:00 [INF] Map "d5c08240-0436-454a-8993-362abf5bc477": window light drew 2/2 beam(s)
2026-05-25 22:41:16.852 +02:00 [INF] Map "d5c08240-0436-454a-8993-362abf5bc477": window light drew 2/2 beam(s)
2026-05-25 22:41:16.899 +02:00 [INF] Map "d5c08240-0436-454a-8993-362abf5bc477": window light drew 2/2 beam(s)
2026-05-25 22:41:16.933 +02:00 [INF] Map "d5c08240-0436-454a-8993-362abf5bc477": window light drew 2/2 beam(s)
2026-05-25 22:41:16.967 +02:00 [INF] Map "d5c08240-0436-454a-8993-362abf5bc477": window light drew 2/2 beam(s)
2026-05-25 22:41:17.001 +02:00 [INF] Map "d5c08240-0436-454a-8993-362abf5bc477": window light drew 2/2 beam(s)
2026-05-25 22:41:17.036 +02:00 [INF] Map "d5c08240-0436-454a-8993-362abf5bc477": window light drew 2/2 beam(s)
2026-05-25 22:41:17.070 +02:00 [INF] Map "d5c08240-0436-454a-8993-362abf5bc477": window light drew 2/2 beam(s)
2026-05-25 22:41:17.105 +02:00 [INF] Map "d5c08240-0436-454a-8993-362abf5bc477": window light drew 2/2 beam(s)
2026-05-25 22:41:17.139 +02:00 [INF] Map "d5c08240-0436-454a-8993-362abf5bc477": window light drew 2/2 beam(s)
2026-05-25 22:41:17.173 +02:00 [INF] Map "d5c08240-0436-454a-8993-362abf5bc477": window light drew 2/2 beam(s)
2026-05-25 22:41:17.221 +02:00 [INF] Map "d5c08240-0436-454a-8993-362abf5bc477": window light drew 2/2 beam(s)
2026-05-25 22:41:17.255 +02:00 [INF] Map "d5c08240-0436-454a-8993-362abf5bc477": window light drew 2/2 beam(s)
2026-05-25 22:41:17.292 +02:00 [INF] Map "d5c08240-0436-454a-8993-362abf5bc477": window light drew 2/2 beam(s)
2026-05-25 22:41:17.326 +02:00 [INF] Map "d5c08240-0436-454a-8993-362abf5bc477": window light drew 2/2 beam(s)
2026-05-25 22:41:17.361 +02:00 [INF] Map "d5c08240-0436-454a-8993-362abf5bc477": window light drew 2/2 beam(s)
2026-05-25 22:41:17.395 +02:00 [INF] Map "d5c08240-0436-454a-8993-362abf5bc477": window light drew 2/2 beam(s)
2026-05-25 22:41:17.429 +02:00 [INF] Map "d5c08240-0436-454a-8993-362abf5bc477": window light drew 2/2 beam(s)
2026-05-25 22:41:17.464 +02:00 [INF] Map "d5c08240-0436-454a-8993-362abf5bc477": window light drew 2/2 beam(s)
2026-05-25 22:41:17.499 +02:00 [INF] Map "d5c08240-0436-454a-8993-362abf5bc477": window light drew 2/2 beam(s)
2026-05-25 22:41:17.546 +02:00 [INF] Map "d5c08240-0436-454a-8993-362abf5bc477": window light drew 2/2 beam(s)
2026-05-25 22:41:17.580 +02:00 [INF] Map "d5c08240-0436-454a-8993-362abf5bc477": window light drew 2/2 beam(s)
2026-05-25 22:41:17.615 +02:00 [INF] Map "d5c08240-0436-454a-8993-362abf5bc477": window light drew 2/2 beam(s)
2026-05-25 22:41:17.649 +02:00 [INF] Map "d5c08240-0436-454a-8993-362abf5bc477": window light drew 2/2 beam(s)
2026-05-25 22:41:17.683 +02:00 [INF] Map "d5c08240-0436-454a-8993-362abf5bc477": window light drew 2/2 beam(s)
2026-05-25 22:41:17.717 +02:00 [INF] Map "d5c08240-0436-454a-8993-362abf5bc477": window light drew 2/2 beam(s)
2026-05-25 22:41:17.751 +02:00 [INF] Map "d5c08240-0436-454a-8993-362abf5bc477": window light drew 2/2 beam(s)
2026-05-25 22:41:17.785 +02:00 [INF] Map "d5c08240-0436-454a-8993-362abf5bc477": window light drew 2/2 beam(s)
2026-05-25 22:41:17.820 +02:00 [INF] Map "d5c08240-0436-454a-8993-362abf5bc477": window light drew 2/2 beam(s)
2026-05-25 22:41:17.868 +02:00 [INF] Map "d5c08240-0436-454a-8993-362abf5bc477": window light drew 2/2 beam(s)
2026-05-25 22:41:17.902 +02:00 [INF] Map "d5c08240-0436-454a-8993-362abf5bc477": window light drew 2/2 beam(s)
2026-05-25 22:41:17.936 +02:00 [INF] Map "d5c08240-0436-454a-8993-362abf5bc477": window light drew 2/2 beam(s)
2026-05-25 22:41:17.970 +02:00 [INF] Map "d5c08240-0436-454a-8993-362abf5bc477": window light drew 2/2 beam(s)
2026-05-25 22:41:18.004 +02:00 [INF] Map "d5c08240-0436-454a-8993-362abf5bc477": window light drew 2/2 beam(s)
2026-05-25 22:41:18.039 +02:00 [INF] Map "d5c08240-0436-454a-8993-362abf5bc477": window light drew 2/2 beam(s)
2026-05-25 22:41:18.074 +02:00 [INF] Map "d5c08240-0436-454a-8993-362abf5bc477": window light drew 2/2 beam(s)
2026-05-25 22:41:18.108 +02:00 [INF] Map "d5c08240-0436-454a-8993-362abf5bc477": window light drew 2/2 beam(s)
2026-05-25 22:41:18.142 +02:00 [INF] Map "d5c08240-0436-454a-8993-362abf5bc477": window light drew 2/2 beam(s)
2026-05-25 22:41:18.189 +02:00 [INF] Map "d5c08240-0436-454a-8993-362abf5bc477": window light drew 2/2 beam(s)
2026-05-25 22:41:18.223 +02:00 [INF] Map "d5c08240-0436-454a-8993-362abf5bc477": window light drew 2/2 beam(s)
2026-05-25 22:41:18.258 +02:00 [INF] Map "d5c08240-0436-454a-8993-362abf5bc477": window light drew 2/2 beam(s)
2026-05-25 22:41:18.292 +02:00 [INF] Map "d5c08240-0436-454a-8993-362abf5bc477": window light drew 2/2 beam(s)
2026-05-25 22:41:18.326 +02:00 [INF] Map "d5c08240-0436-454a-8993-362abf5bc477": window light drew 2/2 beam(s)
2026-05-25 22:41:18.360 +02:00 [INF] Map "d5c08240-0436-454a-8993-362abf5bc477": window light drew 2/2 beam(s)
2026-05-25 22:41:18.394 +02:00 [INF] Map "d5c08240-0436-454a-8993-362abf5bc477": window light drew 2/2 beam(s)
2026-05-25 22:41:18.428 +02:00 [INF] Map "d5c08240-0436-454a-8993-362abf5bc477": window light drew 2/2 beam(s)
2026-05-25 22:41:18.462 +02:00 [INF] Map "d5c08240-0436-454a-8993-362abf5bc477": window light drew 2/2 beam(s)
2026-05-25 22:41:18.509 +02:00 [INF] Map "d5c08240-0436-454a-8993-362abf5bc477": window light drew 2/2 beam(s)
2026-05-25 22:41:18.546 +02:00 [INF] Map "d5c08240-0436-454a-8993-362abf5bc477": window light drew 2/2 beam(s)
2026-05-25 22:41:18.581 +02:00 [INF] Map "d5c08240-0436-454a-8993-362abf5bc477": window light drew 2/2 beam(s)
2026-05-25 22:41:18.615 +02:00 [INF] Map "d5c08240-0436-454a-8993-362abf5bc477": window light drew 2/2 beam(s)
2026-05-25 22:41:18.649 +02:00 [INF] Map "d5c08240-0436-454a-8993-362abf5bc477": window light drew 2/2 beam(s)
2026-05-25 22:41:18.683 +02:00 [INF] Map "d5c08240-0436-454a-8993-362abf5bc477": window light drew 2/2 beam(s)
2026-05-25 22:41:18.717 +02:00 [INF] Map "d5c08240-0436-454a-8993-362abf5bc477": window light drew 2/2 beam(s)
2026-05-25 22:41:18.751 +02:00 [INF] Map "d5c08240-0436-454a-8993-362abf5bc477": window light drew 2/2 beam(s)
2026-05-25 22:41:18.786 +02:00 [INF] Map "d5c08240-0436-454a-8993-362abf5bc477": window light drew 2/2 beam(s)
2026-05-25 22:41:18.834 +02:00 [INF] Map "d5c08240-0436-454a-8993-362abf5bc477": window light drew 2/2 beam(s)
2026-05-25 22:41:18.868 +02:00 [INF] Map "d5c08240-0436-454a-8993-362abf5bc477": window light drew 2/2 beam(s)
2026-05-25 22:41:18.902 +02:00 [INF] Map "d5c08240-0436-454a-8993-362abf5bc477": window light drew 2/2 beam(s)
2026-05-25 22:41:18.937 +02:00 [INF] Map "d5c08240-0436-454a-8993-362abf5bc477": window light drew 2/2 beam(s)
2026-05-25 22:41:18.971 +02:00 [INF] Map "d5c08240-0436-454a-8993-362abf5bc477": window light drew 2/2 beam(s)
2026-05-25 22:41:19.005 +02:00 [INF] Map "d5c08240-0436-454a-8993-362abf5bc477": window light drew 2/2 beam(s)
2026-05-25 22:41:19.039 +02:00 [INF] Map "d5c08240-0436-454a-8993-362abf5bc477": window light drew 2/2 beam(s)
2026-05-25 22:41:19.073 +02:00 [INF] Map "d5c08240-0436-454a-8993-362abf5bc477": window light drew 2/2 beam(s)
2026-05-25 22:41:19.108 +02:00 [INF] Map "d5c08240-0436-454a-8993-362abf5bc477": window light drew 2/2 beam(s)
2026-05-25 22:41:19.157 +02:00 [INF] Map "d5c08240-0436-454a-8993-362abf5bc477": window light drew 2/2 beam(s)
2026-05-25 22:41:19.192 +02:00 [INF] Map "d5c08240-0436-454a-8993-362abf5bc477": window light drew 2/2 beam(s)
2026-05-25 22:41:19.228 +02:00 [INF] Map "d5c08240-0436-454a-8993-362abf5bc477": window light drew 2/2 beam(s)
2026-05-25 22:41:19.265 +02:00 [INF] Map "d5c08240-0436-454a-8993-362abf5bc477": window light drew 2/2 beam(s)
2026-05-25 22:41:19.303 +02:00 [INF] Map "d5c08240-0436-454a-8993-362abf5bc477": window light drew 2/2 beam(s)
2026-05-25 22:41:19.338 +02:00 [INF] Map "d5c08240-0436-454a-8993-362abf5bc477": window light drew 2/2 beam(s)
2026-05-25 22:41:19.374 +02:00 [INF] Map "d5c08240-0436-454a-8993-362abf5bc477": window light drew 2/2 beam(s)
2026-05-25 22:41:19.410 +02:00 [INF] Map "d5c08240-0436-454a-8993-362abf5bc477": window light drew 2/2 beam(s)
2026-05-25 22:41:19.451 +02:00 [INF] Map "d5c08240-0436-454a-8993-362abf5bc477": window light drew 2/2 beam(s)
2026-05-25 22:41:19.503 +02:00 [INF] Map "d5c08240-0436-454a-8993-362abf5bc477": window light drew 2/2 beam(s)
2026-05-25 22:41:19.538 +02:00 [INF] Map "d5c08240-0436-454a-8993-362abf5bc477": window light drew 2/2 beam(s)
2026-05-25 22:41:19.572 +02:00 [INF] Map "d5c08240-0436-454a-8993-362abf5bc477": window light drew 2/2 beam(s)
2026-05-25 22:41:19.607 +02:00 [INF] Map "d5c08240-0436-454a-8993-362abf5bc477": window light drew 2/2 beam(s)
2026-05-25 22:41:19.642 +02:00 [INF] Map "d5c08240-0436-454a-8993-362abf5bc477": window light drew 2/2 beam(s)
2026-05-25 22:41:19.677 +02:00 [INF] Map "d5c08240-0436-454a-8993-362abf5bc477": window light drew 2/2 beam(s)
2026-05-25 22:41:19.712 +02:00 [INF] Map "d5c08240-0436-454a-8993-362abf5bc477": window light drew 2/2 beam(s)
2026-05-25 22:41:19.747 +02:00 [INF] Map "d5c08240-0436-454a-8993-362abf5bc477": window light drew 2/2 beam(s)
2026-05-25 22:41:19.781 +02:00 [INF] Map "d5c08240-0436-454a-8993-362abf5bc477": window light drew 2/2 beam(s)
2026-05-25 22:41:19.829 +02:00 [INF] Map "d5c08240-0436-454a-8993-362abf5bc477": window light drew 2/2 beam(s)
2026-05-25 22:41:19.863 +02:00 [INF] Map "d5c08240-0436-454a-8993-362abf5bc477": window light drew 2/2 beam(s)
2026-05-25 22:41:19.898 +02:00 [INF] Map "d5c08240-0436-454a-8993-362abf5bc477": window light drew 2/2 beam(s)
2026-05-25 22:41:19.933 +02:00 [INF] Map "d5c08240-0436-454a-8993-362abf5bc477": window light drew 2/2 beam(s)
2026-05-25 22:41:19.967 +02:00 [INF] Map "d5c08240-0436-454a-8993-362abf5bc477": window light drew 2/2 beam(s)
2026-05-25 22:41:20.001 +02:00 [INF] Map "d5c08240-0436-454a-8993-362abf5bc477": window light drew 2/2 beam(s)
2026-05-25 22:41:20.036 +02:00 [INF] Map "d5c08240-0436-454a-8993-362abf5bc477": window light drew 2/2 beam(s)
2026-05-25 22:41:20.070 +02:00 [INF] Map "d5c08240-0436-454a-8993-362abf5bc477": window light drew 2/2 beam(s)
2026-05-25 22:41:20.104 +02:00 [INF] Map "d5c08240-0436-454a-8993-362abf5bc477": window light drew 2/2 beam(s)
2026-05-25 22:41:20.152 +02:00 [INF] Map "d5c08240-0436-454a-8993-362abf5bc477": window light drew 2/2 beam(s)
2026-05-25 22:41:20.187 +02:00 [INF] Map "d5c08240-0436-454a-8993-362abf5bc477": window light drew 2/2 beam(s)
2026-05-25 22:41:20.221 +02:00 [INF] Map "d5c08240-0436-454a-8993-362abf5bc477": window light drew 2/2 beam(s)
2026-05-25 22:41:20.256 +02:00 [INF] Map "d5c08240-0436-454a-8993-362abf5bc477": window light drew 2/2 beam(s)
2026-05-25 22:41:20.290 +02:00 [INF] Map "d5c08240-0436-454a-8993-362abf5bc477": window light drew 2/2 beam(s)
2026-05-25 22:41:20.326 +02:00 [INF] Map "d5c08240-0436-454a-8993-362abf5bc477": window light drew 2/2 beam(s)
2026-05-25 22:41:20.364 +02:00 [INF] Map "d5c08240-0436-454a-8993-362abf5bc477": window light drew 2/2 beam(s)
2026-05-25 22:41:20.401 +02:00 [INF] Map "d5c08240-0436-454a-8993-362abf5bc477": window light drew 2/2 beam(s)
2026-05-25 22:41:20.437 +02:00 [INF] Map "d5c08240-0436-454a-8993-362abf5bc477": window light drew 2/2 beam(s)
2026-05-25 22:41:20.485 +02:00 [INF] Map "d5c08240-0436-454a-8993-362abf5bc477": window light drew 2/2 beam(s)
2026-05-25 22:41:20.520 +02:00 [INF] Map "d5c08240-0436-454a-8993-362abf5bc477": window light drew 2/2 beam(s)
2026-05-25 22:41:20.554 +02:00 [INF] Map "d5c08240-0436-454a-8993-362abf5bc477": window light drew 2/2 beam(s)
2026-05-25 22:41:20.588 +02:00 [INF] Map "d5c08240-0436-454a-8993-362abf5bc477": window light drew 2/2 beam(s)
2026-05-25 22:41:20.623 +02:00 [INF] Map "d5c08240-0436-454a-8993-362abf5bc477": window light drew 2/2 beam(s)
2026-05-25 22:41:20.657 +02:00 [INF] Map "d5c08240-0436-454a-8993-362abf5bc477": window light drew 2/2 beam(s)
2026-05-25 22:41:20.692 +02:00 [INF] Map "d5c08240-0436-454a-8993-362abf5bc477": window light drew 2/2 beam(s)
2026-05-25 22:41:20.727 +02:00 [INF] Map "d5c08240-0436-454a-8993-362abf5bc477": window light drew 2/2 beam(s)
2026-05-25 22:41:20.762 +02:00 [INF] Map "d5c08240-0436-454a-8993-362abf5bc477": window light drew 2/2 beam(s)
2026-05-25 22:41:20.810 +02:00 [INF] Map "d5c08240-0436-454a-8993-362abf5bc477": window light drew 2/2 beam(s)
2026-05-25 22:41:20.846 +02:00 [INF] Map "d5c08240-0436-454a-8993-362abf5bc477": window light drew 2/2 beam(s)
2026-05-25 22:41:20.880 +02:00 [INF] Map "d5c08240-0436-454a-8993-362abf5bc477": window light drew 2/2 beam(s)
2026-05-25 22:41:20.915 +02:00 [INF] Map "d5c08240-0436-454a-8993-362abf5bc477": window light drew 2/2 beam(s)
2026-05-25 22:41:20.949 +02:00 [INF] Map "d5c08240-0436-454a-8993-362abf5bc477": window light drew 2/2 beam(s)
2026-05-25 22:41:20.983 +02:00 [INF] Map "d5c08240-0436-454a-8993-362abf5bc477": window light drew 2/2 beam(s)
2026-05-25 22:41:21.017 +02:00 [INF] Map "d5c08240-0436-454a-8993-362abf5bc477": window light drew 2/2 beam(s)
2026-05-25 22:41:21.053 +02:00 [INF] Map "d5c08240-0436-454a-8993-362abf5bc477": window light drew 2/2 beam(s)
2026-05-25 22:41:21.088 +02:00 [INF] Map "d5c08240-0436-454a-8993-362abf5bc477": window light drew 2/2 beam(s)
2026-05-25 22:41:21.136 +02:00 [INF] Map "d5c08240-0436-454a-8993-362abf5bc477": window light drew 2/2 beam(s)
2026-05-25 22:41:21.171 +02:00 [INF] Map "d5c08240-0436-454a-8993-362abf5bc477": window light drew 2/2 beam(s)
2026-05-25 22:41:21.206 +02:00 [INF] Map "d5c08240-0436-454a-8993-362abf5bc477": window light drew 2/2 beam(s)
2026-05-25 22:41:21.240 +02:00 [INF] Map "d5c08240-0436-454a-8993-362abf5bc477": window light drew 2/2 beam(s)
2026-05-25 22:41:21.274 +02:00 [INF] Map "d5c08240-0436-454a-8993-362abf5bc477": window light drew 2/2 beam(s)
2026-05-25 22:41:21.308 +02:00 [INF] Map "d5c08240-0436-454a-8993-362abf5bc477": window light drew 2/2 beam(s)
2026-05-25 22:41:21.343 +02:00 [INF] Map "d5c08240-0436-454a-8993-362abf5bc477": window light drew 2/2 beam(s)
2026-05-25 22:41:21.377 +02:00 [INF] Map "d5c08240-0436-454a-8993-362abf5bc477": window light drew 2/2 beam(s)
2026-05-25 22:41:21.411 +02:00 [INF] Map "d5c08240-0436-454a-8993-362abf5bc477": window light drew 2/2 beam(s)
2026-05-25 22:41:21.459 +02:00 [INF] Map "d5c08240-0436-454a-8993-362abf5bc477": window light drew 2/2 beam(s)
2026-05-25 22:41:21.493 +02:00 [INF] Map "d5c08240-0436-454a-8993-362abf5bc477": window light drew 2/2 beam(s)
2026-05-25 22:41:21.528 +02:00 [INF] Map "d5c08240-0436-454a-8993-362abf5bc477": window light drew 2/2 beam(s)
2026-05-25 22:41:21.562 +02:00 [INF] Map "d5c08240-0436-454a-8993-362abf5bc477": window light drew 2/2 beam(s)
2026-05-25 22:41:21.596 +02:00 [INF] Map "d5c08240-0436-454a-8993-362abf5bc477": window light drew 2/2 beam(s)
2026-05-25 22:41:21.631 +02:00 [INF] Map "d5c08240-0436-454a-8993-362abf5bc477": window light drew 2/2 beam(s)
2026-05-25 22:41:21.665 +02:00 [INF] Map "d5c08240-0436-454a-8993-362abf5bc477": window light drew 2/2 beam(s)
2026-05-25 22:41:21.699 +02:00 [INF] Map "d5c08240-0436-454a-8993-362abf5bc477": window light drew 2/2 beam(s)
2026-05-25 22:41:21.733 +02:00 [INF] Map "d5c08240-0436-454a-8993-362abf5bc477": window light drew 2/2 beam(s)
2026-05-25 22:41:21.781 +02:00 [INF] Map "d5c08240-0436-454a-8993-362abf5bc477": window light drew 2/2 beam(s)
2026-05-25 22:41:21.816 +02:00 [INF] Map "d5c08240-0436-454a-8993-362abf5bc477": window light drew 2/2 beam(s)
2026-05-25 22:41:21.850 +02:00 [INF] Map "d5c08240-0436-454a-8993-362abf5bc477": window light drew 2/2 beam(s)
2026-05-25 22:41:21.885 +02:00 [INF] Map "d5c08240-0436-454a-8993-362abf5bc477": window light drew 2/2 beam(s)
2026-05-25 22:41:21.921 +02:00 [INF] Map "d5c08240-0436-454a-8993-362abf5bc477": window light drew 2/2 beam(s)
2026-05-25 22:41:21.956 +02:00 [INF] Map "d5c08240-0436-454a-8993-362abf5bc477": window light drew 2/2 beam(s)
2026-05-25 22:41:21.991 +02:00 [INF] Map "d5c08240-0436-454a-8993-362abf5bc477": window light drew 2/2 beam(s)
2026-05-25 22:41:22.025 +02:00 [INF] Map "d5c08240-0436-454a-8993-362abf5bc477": window light drew 2/2 beam(s)
2026-05-25 22:41:22.059 +02:00 [INF] Map "d5c08240-0436-454a-8993-362abf5bc477": window light drew 2/2 beam(s)
2026-05-25 22:41:22.108 +02:00 [INF] Map "d5c08240-0436-454a-8993-362abf5bc477": window light drew 2/2 beam(s)
2026-05-25 22:41:22.143 +02:00 [INF] Map "d5c08240-0436-454a-8993-362abf5bc477": window light drew 2/2 beam(s)
2026-05-25 22:41:22.177 +02:00 [INF] Map "d5c08240-0436-454a-8993-362abf5bc477": window light drew 2/2 beam(s)
2026-05-25 22:41:22.211 +02:00 [INF] Map "d5c08240-0436-454a-8993-362abf5bc477": window light drew 2/2 beam(s)
2026-05-25 22:41:22.245 +02:00 [INF] Map "d5c08240-0436-454a-8993-362abf5bc477": window light drew 2/2 beam(s)
2026-05-25 22:41:22.279 +02:00 [INF] Map "d5c08240-0436-454a-8993-362abf5bc477": window light drew 2/2 beam(s)
2026-05-25 22:41:22.314 +02:00 [INF] Map "d5c08240-0436-454a-8993-362abf5bc477": window light drew 2/2 beam(s)
2026-05-25 22:41:22.348 +02:00 [INF] Map "d5c08240-0436-454a-8993-362abf5bc477": window light drew 2/2 beam(s)
2026-05-25 22:41:22.383 +02:00 [INF] Map "d5c08240-0436-454a-8993-362abf5bc477": window light drew 2/2 beam(s)
2026-05-25 22:41:22.431 +02:00 [INF] Map "d5c08240-0436-454a-8993-362abf5bc477": window light drew 2/2 beam(s)
2026-05-25 22:41:22.466 +02:00 [INF] Map "d5c08240-0436-454a-8993-362abf5bc477": window light drew 2/2 beam(s)
2026-05-25 22:41:22.502 +02:00 [INF] Map "d5c08240-0436-454a-8993-362abf5bc477": window light drew 2/2 beam(s)
2026-05-25 22:41:22.537 +02:00 [INF] Map "d5c08240-0436-454a-8993-362abf5bc477": window light drew 2/2 beam(s)
2026-05-25 22:41:22.573 +02:00 [INF] Map "d5c08240-0436-454a-8993-362abf5bc477": window light drew 2/2 beam(s)
2026-05-25 22:41:22.608 +02:00 [INF] Map "d5c08240-0436-454a-8993-362abf5bc477": window light drew 2/2 beam(s)
2026-05-25 22:41:22.642 +02:00 [INF] Map "d5c08240-0436-454a-8993-362abf5bc477": window light drew 2/2 beam(s)
2026-05-25 22:41:22.677 +02:00 [INF] Map "d5c08240-0436-454a-8993-362abf5bc477": window light drew 2/2 beam(s)
2026-05-25 22:41:22.713 +02:00 [INF] Map "d5c08240-0436-454a-8993-362abf5bc477": window light drew 2/2 beam(s)
2026-05-25 22:41:22.764 +02:00 [INF] Map "d5c08240-0436-454a-8993-362abf5bc477": window light drew 2/2 beam(s)
2026-05-25 22:41:22.825 +02:00 [INF] Map "d5c08240-0436-454a-8993-362abf5bc477": window light drew 2/2 beam(s)
2026-05-25 22:41:22.882 +02:00 [INF] Map "d5c08240-0436-454a-8993-362abf5bc477": window light drew 2/2 beam(s)
2026-05-25 22:41:22.939 +02:00 [INF] Map "d5c08240-0436-454a-8993-362abf5bc477": window light drew 2/2 beam(s)
2026-05-25 22:41:22.994 +02:00 [INF] Map "d5c08240-0436-454a-8993-362abf5bc477": window light drew 2/2 beam(s)
2026-05-25 22:41:23.049 +02:00 [INF] Map "d5c08240-0436-454a-8993-362abf5bc477": window light drew 2/2 beam(s)
2026-05-25 22:41:23.106 +02:00 [INF] Map "d5c08240-0436-454a-8993-362abf5bc477": window light drew 2/2 beam(s)
2026-05-25 22:41:23.161 +02:00 [INF] Map "d5c08240-0436-454a-8993-362abf5bc477": window light drew 2/2 beam(s)
2026-05-25 22:41:23.216 +02:00 [INF] Map "d5c08240-0436-454a-8993-362abf5bc477": window light drew 2/2 beam(s)
2026-05-25 22:41:23.285 +02:00 [INF] Map "d5c08240-0436-454a-8993-362abf5bc477": window light drew 2/2 beam(s)
2026-05-25 22:41:23.340 +02:00 [INF] Map "d5c08240-0436-454a-8993-362abf5bc477": window light drew 2/2 beam(s)
2026-05-25 22:41:23.396 +02:00 [INF] Map "d5c08240-0436-454a-8993-362abf5bc477": window light drew 2/2 beam(s)
2026-05-25 22:41:23.451 +02:00 [INF] Map "d5c08240-0436-454a-8993-362abf5bc477": window light drew 2/2 beam(s)
2026-05-25 22:41:23.505 +02:00 [INF] Map "d5c08240-0436-454a-8993-362abf5bc477": window light drew 2/2 beam(s)
2026-05-25 22:41:23.560 +02:00 [INF] Map "d5c08240-0436-454a-8993-362abf5bc477": window light drew 2/2 beam(s)
2026-05-25 22:41:23.617 +02:00 [INF] Map "d5c08240-0436-454a-8993-362abf5bc477": window light drew 2/2 beam(s)
2026-05-25 22:41:23.671 +02:00 [INF] Map "d5c08240-0436-454a-8993-362abf5bc477": window light drew 2/2 beam(s)
2026-05-25 22:41:23.727 +02:00 [INF] Map "d5c08240-0436-454a-8993-362abf5bc477": window light drew 2/2 beam(s)
2026-05-25 22:41:23.794 +02:00 [INF] Map "d5c08240-0436-454a-8993-362abf5bc477": window light drew 2/2 beam(s)
2026-05-25 22:41:23.850 +02:00 [INF] Map "d5c08240-0436-454a-8993-362abf5bc477": window light drew 2/2 beam(s)
2026-05-25 22:41:23.905 +02:00 [INF] Map "d5c08240-0436-454a-8993-362abf5bc477": window light drew 2/2 beam(s)
2026-05-25 22:41:23.961 +02:00 [INF] Map "d5c08240-0436-454a-8993-362abf5bc477": window light drew 2/2 beam(s)
2026-05-25 22:41:24.017 +02:00 [INF] Map "d5c08240-0436-454a-8993-362abf5bc477": window light drew 2/2 beam(s)
2026-05-25 22:41:24.073 +02:00 [INF] Map "d5c08240-0436-454a-8993-362abf5bc477": window light drew 2/2 beam(s)
2026-05-25 22:41:24.128 +02:00 [INF] Map "d5c08240-0436-454a-8993-362abf5bc477": window light drew 2/2 beam(s)
2026-05-25 22:41:24.182 +02:00 [INF] Map "d5c08240-0436-454a-8993-362abf5bc477": window light drew 2/2 beam(s)
2026-05-25 22:41:24.238 +02:00 [INF] Map "d5c08240-0436-454a-8993-362abf5bc477": window light drew 2/2 beam(s)
2026-05-25 22:41:24.307 +02:00 [INF] Map "d5c08240-0436-454a-8993-362abf5bc477": window light drew 2/2 beam(s)
2026-05-25 22:41:24.363 +02:00 [INF] Map "d5c08240-0436-454a-8993-362abf5bc477": window light drew 2/2 beam(s)
2026-05-25 22:41:24.418 +02:00 [INF] Map "d5c08240-0436-454a-8993-362abf5bc477": window light drew 2/2 beam(s)
2026-05-25 22:41:24.474 +02:00 [INF] Map "d5c08240-0436-454a-8993-362abf5bc477": window light drew 2/2 beam(s)
2026-05-25 22:41:24.530 +02:00 [INF] Map "d5c08240-0436-454a-8993-362abf5bc477": window light drew 2/2 beam(s)
2026-05-25 22:41:24.586 +02:00 [INF] Map "d5c08240-0436-454a-8993-362abf5bc477": window light drew 2/2 beam(s)
2026-05-25 22:41:24.656 +02:00 [INF] Map "d5c08240-0436-454a-8993-362abf5bc477": window light drew 2/2 beam(s)
2026-05-25 22:41:24.700 +02:00 [INF] Map "d5c08240-0436-454a-8993-362abf5bc477": window light drew 2/2 beam(s)
2026-05-25 22:41:24.737 +02:00 [INF] Map "d5c08240-0436-454a-8993-362abf5bc477": window light drew 2/2 beam(s)
2026-05-25 22:41:24.786 +02:00 [INF] Map "d5c08240-0436-454a-8993-362abf5bc477": window light drew 2/2 beam(s)
2026-05-25 22:41:24.822 +02:00 [INF] Map "d5c08240-0436-454a-8993-362abf5bc477": window light drew 2/2 beam(s)
2026-05-25 22:41:24.857 +02:00 [INF] Map "d5c08240-0436-454a-8993-362abf5bc477": window light drew 2/2 beam(s)
2026-05-25 22:41:24.893 +02:00 [INF] Map "d5c08240-0436-454a-8993-362abf5bc477": window light drew 2/2 beam(s)
2026-05-25 22:41:24.931 +02:00 [INF] Map "d5c08240-0436-454a-8993-362abf5bc477": window light drew 2/2 beam(s)
2026-05-25 22:41:24.969 +02:00 [INF] Map "d5c08240-0436-454a-8993-362abf5bc477": window light drew 2/2 beam(s)
2026-05-25 22:41:25.005 +02:00 [INF] Map "d5c08240-0436-454a-8993-362abf5bc477": window light drew 2/2 beam(s)
2026-05-25 22:41:25.041 +02:00 [INF] Map "d5c08240-0436-454a-8993-362abf5bc477": window light drew 2/2 beam(s)
2026-05-25 22:41:25.076 +02:00 [INF] Map "d5c08240-0436-454a-8993-362abf5bc477": window light drew 2/2 beam(s)
2026-05-25 22:41:25.124 +02:00 [INF] Map "d5c08240-0436-454a-8993-362abf5bc477": window light drew 2/2 beam(s)
2026-05-25 22:41:25.158 +02:00 [INF] Map "d5c08240-0436-454a-8993-362abf5bc477": window light drew 2/2 beam(s)
2026-05-25 22:41:25.192 +02:00 [INF] Map "d5c08240-0436-454a-8993-362abf5bc477": window light drew 2/2 beam(s)
2026-05-25 22:41:25.226 +02:00 [INF] Map "d5c08240-0436-454a-8993-362abf5bc477": window light drew 2/2 beam(s)
2026-05-25 22:41:25.261 +02:00 [INF] Map "d5c08240-0436-454a-8993-362abf5bc477": window light drew 2/2 beam(s)
2026-05-25 22:41:25.295 +02:00 [INF] Map "d5c08240-0436-454a-8993-362abf5bc477": window light drew 2/2 beam(s)
2026-05-25 22:41:25.353 +02:00 [INF] Map "d5c08240-0436-454a-8993-362abf5bc477": window light drew 2/2 beam(s)
2026-05-25 22:41:25.409 +02:00 [INF] Map "d5c08240-0436-454a-8993-362abf5bc477": window light drew 2/2 beam(s)
2026-05-25 22:41:25.482 +02:00 [INF] Map "d5c08240-0436-454a-8993-362abf5bc477": window light drew 2/2 beam(s)
2026-05-25 22:41:25.535 +02:00 [INF] Map "d5c08240-0436-454a-8993-362abf5bc477": window light drew 2/2 beam(s)
2026-05-25 22:41:25.570 +02:00 [INF] Map "d5c08240-0436-454a-8993-362abf5bc477": window light drew 2/2 beam(s)
2026-05-25 22:41:25.605 +02:00 [INF] Map "d5c08240-0436-454a-8993-362abf5bc477": window light drew 2/2 beam(s)
2026-05-25 22:41:25.639 +02:00 [INF] Map "d5c08240-0436-454a-8993-362abf5bc477": window light drew 2/2 beam(s)
2026-05-25 22:41:25.674 +02:00 [INF] Map "d5c08240-0436-454a-8993-362abf5bc477": window light drew 2/2 beam(s)
2026-05-25 22:41:25.708 +02:00 [INF] Map "d5c08240-0436-454a-8993-362abf5bc477": window light drew 2/2 beam(s)
2026-05-25 22:41:25.743 +02:00 [INF] Map "d5c08240-0436-454a-8993-362abf5bc477": window light drew 2/2 beam(s)
2026-05-25 22:41:25.778 +02:00 [INF] Map "d5c08240-0436-454a-8993-362abf5bc477": window light drew 2/2 beam(s)
2026-05-25 22:41:25.813 +02:00 [INF] Map "d5c08240-0436-454a-8993-362abf5bc477": window light drew 2/2 beam(s)
2026-05-25 22:41:25.862 +02:00 [INF] Map "d5c08240-0436-454a-8993-362abf5bc477": window light drew 2/2 beam(s)
2026-05-25 22:41:25.896 +02:00 [INF] Map "d5c08240-0436-454a-8993-362abf5bc477": window light drew 2/2 beam(s)
2026-05-25 22:41:25.932 +02:00 [INF] Map "d5c08240-0436-454a-8993-362abf5bc477": window light drew 2/2 beam(s)
2026-05-25 22:41:25.966 +02:00 [INF] Map "d5c08240-0436-454a-8993-362abf5bc477": window light drew 2/2 beam(s)
2026-05-25 22:41:26.000 +02:00 [INF] Map "d5c08240-0436-454a-8993-362abf5bc477": window light drew 2/2 beam(s)
2026-05-25 22:41:26.035 +02:00 [INF] Map "d5c08240-0436-454a-8993-362abf5bc477": window light drew 2/2 beam(s)
2026-05-25 22:41:26.069 +02:00 [INF] Map "d5c08240-0436-454a-8993-362abf5bc477": window light drew 2/2 beam(s)
2026-05-25 22:41:26.103 +02:00 [INF] Map "d5c08240-0436-454a-8993-362abf5bc477": window light drew 2/2 beam(s)
2026-05-25 22:41:26.138 +02:00 [INF] Map "d5c08240-0436-454a-8993-362abf5bc477": window light drew 2/2 beam(s)
2026-05-25 22:41:26.186 +02:00 [INF] Map "d5c08240-0436-454a-8993-362abf5bc477": window light drew 2/2 beam(s)
2026-05-25 22:41:26.237 +02:00 [INF] Map "d5c08240-0436-454a-8993-362abf5bc477": window light drew 2/2 beam(s)
2026-05-25 22:41:26.271 +02:00 [INF] Map "d5c08240-0436-454a-8993-362abf5bc477": window light drew 2/2 beam(s)
2026-05-25 22:41:26.306 +02:00 [INF] Map "d5c08240-0436-454a-8993-362abf5bc477": window light drew 2/2 beam(s)
2026-05-25 22:41:26.340 +02:00 [INF] Map "d5c08240-0436-454a-8993-362abf5bc477": window light drew 2/2 beam(s)
2026-05-25 22:41:26.374 +02:00 [INF] Map "d5c08240-0436-454a-8993-362abf5bc477": window light drew 2/2 beam(s)
2026-05-25 22:41:26.408 +02:00 [INF] Map "d5c08240-0436-454a-8993-362abf5bc477": window light drew 2/2 beam(s)
2026-05-25 22:41:26.443 +02:00 [INF] Map "d5c08240-0436-454a-8993-362abf5bc477": window light drew 2/2 beam(s)
2026-05-25 22:41:26.477 +02:00 [INF] Map "d5c08240-0436-454a-8993-362abf5bc477": window light drew 2/2 beam(s)
2026-05-25 22:41:26.525 +02:00 [INF] Map "d5c08240-0436-454a-8993-362abf5bc477": window light drew 2/2 beam(s)
2026-05-25 22:41:26.559 +02:00 [INF] Map "d5c08240-0436-454a-8993-362abf5bc477": window light drew 2/2 beam(s)
2026-05-25 22:41:26.593 +02:00 [INF] Map "d5c08240-0436-454a-8993-362abf5bc477": window light drew 2/2 beam(s)
2026-05-25 22:41:26.628 +02:00 [INF] Map "d5c08240-0436-454a-8993-362abf5bc477": window light drew 2/2 beam(s)
2026-05-25 22:41:26.662 +02:00 [INF] Map "d5c08240-0436-454a-8993-362abf5bc477": window light drew 2/2 beam(s)
2026-05-25 22:41:26.696 +02:00 [INF] Map "d5c08240-0436-454a-8993-362abf5bc477": window light drew 2/2 beam(s)
2026-05-25 22:41:26.731 +02:00 [INF] Map "d5c08240-0436-454a-8993-362abf5bc477": window light drew 2/2 beam(s)
2026-05-25 22:41:26.766 +02:00 [INF] Map "d5c08240-0436-454a-8993-362abf5bc477": window light drew 2/2 beam(s)
2026-05-25 22:41:26.800 +02:00 [INF] Map "d5c08240-0436-454a-8993-362abf5bc477": window light drew 2/2 beam(s)
2026-05-25 22:41:26.848 +02:00 [INF] Map "d5c08240-0436-454a-8993-362abf5bc477": window light drew 2/2 beam(s)
2026-05-25 22:41:26.883 +02:00 [INF] Map "d5c08240-0436-454a-8993-362abf5bc477": window light drew 2/2 beam(s)
2026-05-25 22:41:26.917 +02:00 [INF] Map "d5c08240-0436-454a-8993-362abf5bc477": window light drew 2/2 beam(s)
2026-05-25 22:41:26.951 +02:00 [INF] Map "d5c08240-0436-454a-8993-362abf5bc477": window light drew 2/2 beam(s)
2026-05-25 22:41:26.985 +02:00 [INF] Map "d5c08240-0436-454a-8993-362abf5bc477": window light drew 2/2 beam(s)
2026-05-25 22:41:27.020 +02:00 [INF] Map "d5c08240-0436-454a-8993-362abf5bc477": window light drew 2/2 beam(s)
2026-05-25 22:41:27.055 +02:00 [INF] Map "d5c08240-0436-454a-8993-362abf5bc477": window light drew 2/2 beam(s)
2026-05-25 22:41:27.089 +02:00 [INF] Map "d5c08240-0436-454a-8993-362abf5bc477": window light drew 2/2 beam(s)
2026-05-25 22:41:27.123 +02:00 [INF] Map "d5c08240-0436-454a-8993-362abf5bc477": window light drew 2/2 beam(s)
2026-05-25 22:41:27.170 +02:00 [INF] Map "d5c08240-0436-454a-8993-362abf5bc477": window light drew 2/2 beam(s)
2026-05-25 22:41:27.205 +02:00 [INF] Map "d5c08240-0436-454a-8993-362abf5bc477": window light drew 2/2 beam(s)
2026-05-25 22:41:27.240 +02:00 [INF] Map "d5c08240-0436-454a-8993-362abf5bc477": window light drew 2/2 beam(s)
2026-05-25 22:41:27.274 +02:00 [INF] Map "d5c08240-0436-454a-8993-362abf5bc477": window light drew 2/2 beam(s)
2026-05-25 22:41:27.308 +02:00 [INF] Map "d5c08240-0436-454a-8993-362abf5bc477": window light drew 2/2 beam(s)
2026-05-25 22:41:27.343 +02:00 [INF] Map "d5c08240-0436-454a-8993-362abf5bc477": window light drew 2/2 beam(s)
2026-05-25 22:41:27.377 +02:00 [INF] Map "d5c08240-0436-454a-8993-362abf5bc477": window light drew 2/2 beam(s)
2026-05-25 22:41:27.411 +02:00 [INF] Map "d5c08240-0436-454a-8993-362abf5bc477": window light drew 2/2 beam(s)
2026-05-25 22:41:27.446 +02:00 [INF] Map "d5c08240-0436-454a-8993-362abf5bc477": window light drew 2/2 beam(s)
2026-05-25 22:41:27.515 +02:00 [INF] Map "d5c08240-0436-454a-8993-362abf5bc477": window light drew 2/2 beam(s)
2026-05-25 22:41:27.571 +02:00 [INF] Map "d5c08240-0436-454a-8993-362abf5bc477": window light drew 2/2 beam(s)
2026-05-25 22:41:27.628 +02:00 [INF] Map "d5c08240-0436-454a-8993-362abf5bc477": window light drew 2/2 beam(s)
2026-05-25 22:41:27.689 +02:00 [INF] Map "d5c08240-0436-454a-8993-362abf5bc477": window light drew 2/2 beam(s)
2026-05-25 22:41:27.751 +02:00 [INF] Map "d5c08240-0436-454a-8993-362abf5bc477": window light drew 2/2 beam(s)
2026-05-25 22:41:27.810 +02:00 [INF] Map "d5c08240-0436-454a-8993-362abf5bc477": window light drew 2/2 beam(s)
2026-05-25 22:41:27.865 +02:00 [INF] Map "d5c08240-0436-454a-8993-362abf5bc477": window light drew 2/2 beam(s)
2026-05-25 22:41:27.920 +02:00 [INF] Map "d5c08240-0436-454a-8993-362abf5bc477": window light drew 2/2 beam(s)
2026-05-25 22:41:27.975 +02:00 [INF] Map "d5c08240-0436-454a-8993-362abf5bc477": window light drew 2/2 beam(s)
2026-05-25 22:41:28.049 +02:00 [INF] Map "d5c08240-0436-454a-8993-362abf5bc477": window light drew 2/2 beam(s)
2026-05-25 22:41:28.115 +02:00 [INF] Map "d5c08240-0436-454a-8993-362abf5bc477": window light drew 2/2 beam(s)
2026-05-25 22:41:28.162 +02:00 [INF] Map "d5c08240-0436-454a-8993-362abf5bc477": window light drew 2/2 beam(s)
2026-05-25 22:41:28.200 +02:00 [INF] Map "d5c08240-0436-454a-8993-362abf5bc477": window light drew 2/2 beam(s)
2026-05-25 22:41:28.238 +02:00 [INF] Map "d5c08240-0436-454a-8993-362abf5bc477": window light drew 2/2 beam(s)
2026-05-25 22:41:28.273 +02:00 [INF] Map "d5c08240-0436-454a-8993-362abf5bc477": window light drew 2/2 beam(s)
2026-05-25 22:41:28.307 +02:00 [INF] Map "d5c08240-0436-454a-8993-362abf5bc477": window light drew 2/2 beam(s)
2026-05-25 22:41:28.342 +02:00 [INF] Map "d5c08240-0436-454a-8993-362abf5bc477": window light drew 2/2 beam(s)
2026-05-25 22:41:28.377 +02:00 [INF] Map "d5c08240-0436-454a-8993-362abf5bc477": window light drew 2/2 beam(s)
2026-05-25 22:41:28.424 +02:00 [INF] Map "d5c08240-0436-454a-8993-362abf5bc477": window light drew 2/2 beam(s)
2026-05-25 22:41:28.459 +02:00 [INF] Map "d5c08240-0436-454a-8993-362abf5bc477": window light drew 2/2 beam(s)
2026-05-25 22:41:28.494 +02:00 [INF] Map "d5c08240-0436-454a-8993-362abf5bc477": window light drew 2/2 beam(s)
2026-05-25 22:41:28.529 +02:00 [INF] Map "d5c08240-0436-454a-8993-362abf5bc477": window light drew 2/2 beam(s)
2026-05-25 22:41:28.564 +02:00 [INF] Map "d5c08240-0436-454a-8993-362abf5bc477": window light drew 2/2 beam(s)
2026-05-25 22:41:28.599 +02:00 [INF] Map "d5c08240-0436-454a-8993-362abf5bc477": window light drew 2/2 beam(s)
2026-05-25 22:41:28.633 +02:00 [INF] Map "d5c08240-0436-454a-8993-362abf5bc477": window light drew 2/2 beam(s)
2026-05-25 22:41:28.668 +02:00 [INF] Map "d5c08240-0436-454a-8993-362abf5bc477": window light drew 2/2 beam(s)
2026-05-25 22:41:28.703 +02:00 [INF] Map "d5c08240-0436-454a-8993-362abf5bc477": window light drew 2/2 beam(s)
2026-05-25 22:41:28.751 +02:00 [INF] Map "d5c08240-0436-454a-8993-362abf5bc477": window light drew 2/2 beam(s)
2026-05-25 22:41:28.785 +02:00 [INF] Map "d5c08240-0436-454a-8993-362abf5bc477": window light drew 2/2 beam(s)
2026-05-25 22:41:28.822 +02:00 [INF] Map "d5c08240-0436-454a-8993-362abf5bc477": window light drew 2/2 beam(s)
2026-05-25 22:41:28.878 +02:00 [INF] Map "d5c08240-0436-454a-8993-362abf5bc477": window light drew 2/2 beam(s)
2026-05-25 22:41:28.934 +02:00 [INF] Map "d5c08240-0436-454a-8993-362abf5bc477": window light drew 2/2 beam(s)
2026-05-25 22:41:28.989 +02:00 [INF] Map "d5c08240-0436-454a-8993-362abf5bc477": window light drew 2/2 beam(s)
2026-05-25 22:41:29.079 +02:00 [INF] Map "d5c08240-0436-454a-8993-362abf5bc477": window light drew 2/2 beam(s)
2026-05-25 22:41:29.136 +02:00 [INF] Map "d5c08240-0436-454a-8993-362abf5bc477": window light drew 2/2 beam(s)
2026-05-25 22:41:29.194 +02:00 [INF] Map "d5c08240-0436-454a-8993-362abf5bc477": window light drew 2/2 beam(s)
2026-05-25 22:41:29.266 +02:00 [INF] Map "d5c08240-0436-454a-8993-362abf5bc477": window light drew 2/2 beam(s)
2026-05-25 22:41:29.322 +02:00 [INF] Map "d5c08240-0436-454a-8993-362abf5bc477": window light drew 2/2 beam(s)
2026-05-25 22:41:29.378 +02:00 [INF] Map "d5c08240-0436-454a-8993-362abf5bc477": window light drew 2/2 beam(s)
2026-05-25 22:41:29.434 +02:00 [INF] Map "d5c08240-0436-454a-8993-362abf5bc477": window light drew 2/2 beam(s)
2026-05-25 22:41:29.490 +02:00 [INF] Map "d5c08240-0436-454a-8993-362abf5bc477": window light drew 2/2 beam(s)
2026-05-25 22:41:29.545 +02:00 [INF] Map "d5c08240-0436-454a-8993-362abf5bc477": window light drew 2/2 beam(s)
2026-05-25 22:41:29.601 +02:00 [INF] Map "d5c08240-0436-454a-8993-362abf5bc477": window light drew 2/2 beam(s)
2026-05-25 22:41:29.652 +02:00 [INF] Map "d5c08240-0436-454a-8993-362abf5bc477": window light drew 2/2 beam(s)
2026-05-25 22:41:29.689 +02:00 [INF] Map "d5c08240-0436-454a-8993-362abf5bc477": window light drew 2/2 beam(s)
2026-05-25 22:41:29.738 +02:00 [INF] Map "d5c08240-0436-454a-8993-362abf5bc477": window light drew 2/2 beam(s)
2026-05-25 22:41:29.774 +02:00 [INF] Map "d5c08240-0436-454a-8993-362abf5bc477": window light drew 2/2 beam(s)
2026-05-25 22:41:29.809 +02:00 [INF] Map "d5c08240-0436-454a-8993-362abf5bc477": window light drew 2/2 beam(s)
2026-05-25 22:41:29.843 +02:00 [INF] Map "d5c08240-0436-454a-8993-362abf5bc477": window light drew 2/2 beam(s)
2026-05-25 22:41:29.877 +02:00 [INF] Map "d5c08240-0436-454a-8993-362abf5bc477": window light drew 2/2 beam(s)
2026-05-25 22:41:29.933 +02:00 [INF] Map "d5c08240-0436-454a-8993-362abf5bc477": window light drew 2/2 beam(s)
2026-05-25 22:41:29.989 +02:00 [INF] Map "d5c08240-0436-454a-8993-362abf5bc477": window light drew 2/2 beam(s)
2026-05-25 22:41:30.048 +02:00 [INF] Map "d5c08240-0436-454a-8993-362abf5bc477": window light drew 2/2 beam(s)
2026-05-25 22:41:30.106 +02:00 [INF] Map "d5c08240-0436-454a-8993-362abf5bc477": window light drew 2/2 beam(s)
2026-05-25 22:41:30.175 +02:00 [INF] Map "d5c08240-0436-454a-8993-362abf5bc477": window light drew 2/2 beam(s)
2026-05-25 22:41:30.231 +02:00 [INF] Map "d5c08240-0436-454a-8993-362abf5bc477": window light drew 2/2 beam(s)
2026-05-25 22:41:30.286 +02:00 [INF] Map "d5c08240-0436-454a-8993-362abf5bc477": window light drew 2/2 beam(s)
2026-05-25 22:41:30.341 +02:00 [INF] Map "d5c08240-0436-454a-8993-362abf5bc477": window light drew 2/2 beam(s)
2026-05-25 22:41:30.396 +02:00 [INF] Map "d5c08240-0436-454a-8993-362abf5bc477": window light drew 2/2 beam(s)
2026-05-25 22:41:30.453 +02:00 [INF] Map "d5c08240-0436-454a-8993-362abf5bc477": window light drew 2/2 beam(s)
2026-05-25 22:41:30.508 +02:00 [INF] Map "d5c08240-0436-454a-8993-362abf5bc477": window light drew 2/2 beam(s)
2026-05-25 22:41:30.563 +02:00 [INF] Map "d5c08240-0436-454a-8993-362abf5bc477": window light drew 2/2 beam(s)
2026-05-25 22:41:30.618 +02:00 [INF] Map "d5c08240-0436-454a-8993-362abf5bc477": window light drew 2/2 beam(s)
2026-05-25 22:41:30.687 +02:00 [INF] Map "d5c08240-0436-454a-8993-362abf5bc477": window light drew 2/2 beam(s)
2026-05-25 22:41:30.742 +02:00 [INF] Map "d5c08240-0436-454a-8993-362abf5bc477": window light drew 2/2 beam(s)
2026-05-25 22:41:30.797 +02:00 [INF] Map "d5c08240-0436-454a-8993-362abf5bc477": window light drew 2/2 beam(s)
2026-05-25 22:41:30.852 +02:00 [INF] Map "d5c08240-0436-454a-8993-362abf5bc477": window light drew 2/2 beam(s)
2026-05-25 22:41:30.907 +02:00 [INF] Map "d5c08240-0436-454a-8993-362abf5bc477": window light drew 2/2 beam(s)
2026-05-25 22:41:30.963 +02:00 [INF] Map "d5c08240-0436-454a-8993-362abf5bc477": window light drew 2/2 beam(s)
2026-05-25 22:41:31.018 +02:00 [INF] Map "d5c08240-0436-454a-8993-362abf5bc477": window light drew 2/2 beam(s)
2026-05-25 22:41:31.074 +02:00 [INF] Map "d5c08240-0436-454a-8993-362abf5bc477": window light drew 2/2 beam(s)
2026-05-25 22:41:31.129 +02:00 [INF] Map "d5c08240-0436-454a-8993-362abf5bc477": window light drew 2/2 beam(s)
2026-05-25 22:41:31.198 +02:00 [INF] Map "d5c08240-0436-454a-8993-362abf5bc477": window light drew 2/2 beam(s)
2026-05-25 22:41:31.253 +02:00 [INF] Map "d5c08240-0436-454a-8993-362abf5bc477": window light drew 2/2 beam(s)
2026-05-25 22:41:31.308 +02:00 [INF] Map "d5c08240-0436-454a-8993-362abf5bc477": window light drew 2/2 beam(s)
2026-05-25 22:41:31.363 +02:00 [INF] Map "d5c08240-0436-454a-8993-362abf5bc477": window light drew 2/2 beam(s)
2026-05-25 22:41:31.418 +02:00 [INF] Map "d5c08240-0436-454a-8993-362abf5bc477": window light drew 2/2 beam(s)
2026-05-25 22:41:31.474 +02:00 [INF] Map "d5c08240-0436-454a-8993-362abf5bc477": window light drew 2/2 beam(s)
2026-05-25 22:41:31.529 +02:00 [INF] Map "d5c08240-0436-454a-8993-362abf5bc477": window light drew 2/2 beam(s)
2026-05-25 22:41:31.584 +02:00 [INF] Map "d5c08240-0436-454a-8993-362abf5bc477": window light drew 2/2 beam(s)
2026-05-25 22:41:31.638 +02:00 [INF] Map "d5c08240-0436-454a-8993-362abf5bc477": window light drew 2/2 beam(s)
2026-05-25 22:41:31.706 +02:00 [INF] Map "d5c08240-0436-454a-8993-362abf5bc477": window light drew 2/2 beam(s)
2026-05-25 22:41:31.762 +02:00 [INF] Map "d5c08240-0436-454a-8993-362abf5bc477": window light drew 2/2 beam(s)
2026-05-25 22:41:31.817 +02:00 [INF] Map "d5c08240-0436-454a-8993-362abf5bc477": window light drew 2/2 beam(s)
2026-05-25 22:41:31.872 +02:00 [INF] Map "d5c08240-0436-454a-8993-362abf5bc477": window light drew 2/2 beam(s)
2026-05-25 22:41:31.927 +02:00 [INF] Map "d5c08240-0436-454a-8993-362abf5bc477": window light drew 2/2 beam(s)
2026-05-25 22:41:31.982 +02:00 [INF] Map "d5c08240-0436-454a-8993-362abf5bc477": window light drew 2/2 beam(s)
2026-05-25 22:41:32.038 +02:00 [INF] Map "d5c08240-0436-454a-8993-362abf5bc477": window light drew 2/2 beam(s)
2026-05-25 22:41:32.095 +02:00 [INF] Map "d5c08240-0436-454a-8993-362abf5bc477": window light drew 2/2 beam(s)
2026-05-25 22:41:32.156 +02:00 [INF] Map "d5c08240-0436-454a-8993-362abf5bc477": window light drew 2/2 beam(s)
2026-05-25 22:41:32.224 +02:00 [INF] Map "d5c08240-0436-454a-8993-362abf5bc477": window light drew 2/2 beam(s)
2026-05-25 22:41:32.278 +02:00 [INF] Map "d5c08240-0436-454a-8993-362abf5bc477": window light drew 2/2 beam(s)
2026-05-25 22:41:32.334 +02:00 [INF] Map "d5c08240-0436-454a-8993-362abf5bc477": window light drew 2/2 beam(s)
2026-05-25 22:41:32.388 +02:00 [INF] Map "d5c08240-0436-454a-8993-362abf5bc477": window light drew 2/2 beam(s)
2026-05-25 22:41:32.443 +02:00 [INF] Map "d5c08240-0436-454a-8993-362abf5bc477": window light drew 2/2 beam(s)
2026-05-25 22:41:32.498 +02:00 [INF] Map "d5c08240-0436-454a-8993-362abf5bc477": window light drew 2/2 beam(s)
2026-05-25 22:41:32.554 +02:00 [INF] Map "d5c08240-0436-454a-8993-362abf5bc477": window light drew 2/2 beam(s)
2026-05-25 22:41:32.609 +02:00 [INF] Map "d5c08240-0436-454a-8993-362abf5bc477": window light drew 2/2 beam(s)
2026-05-25 22:41:32.664 +02:00 [INF] Map "d5c08240-0436-454a-8993-362abf5bc477": window light drew 2/2 beam(s)
2026-05-25 22:41:32.731 +02:00 [INF] Map "d5c08240-0436-454a-8993-362abf5bc477": window light drew 2/2 beam(s)
2026-05-25 22:41:32.787 +02:00 [INF] Map "d5c08240-0436-454a-8993-362abf5bc477": window light drew 2/2 beam(s)
2026-05-25 22:41:32.843 +02:00 [INF] Map "d5c08240-0436-454a-8993-362abf5bc477": window light drew 2/2 beam(s)
2026-05-25 22:41:32.899 +02:00 [INF] Map "d5c08240-0436-454a-8993-362abf5bc477": window light drew 2/2 beam(s)
2026-05-25 22:41:32.954 +02:00 [INF] Map "d5c08240-0436-454a-8993-362abf5bc477": window light drew 2/2 beam(s)
2026-05-25 22:41:33.009 +02:00 [INF] Map "d5c08240-0436-454a-8993-362abf5bc477": window light drew 2/2 beam(s)
2026-05-25 22:41:33.064 +02:00 [INF] Map "d5c08240-0436-454a-8993-362abf5bc477": window light drew 2/2 beam(s)
2026-05-25 22:41:33.120 +02:00 [INF] Map "d5c08240-0436-454a-8993-362abf5bc477": window light drew 2/2 beam(s)
2026-05-25 22:41:33.176 +02:00 [INF] Map "d5c08240-0436-454a-8993-362abf5bc477": window light drew 2/2 beam(s)
2026-05-25 22:41:33.244 +02:00 [INF] Map "d5c08240-0436-454a-8993-362abf5bc477": window light drew 2/2 beam(s)
2026-05-25 22:41:33.300 +02:00 [INF] Map "d5c08240-0436-454a-8993-362abf5bc477": window light drew 2/2 beam(s)
2026-05-25 22:41:33.353 +02:00 [INF] Map "d5c08240-0436-454a-8993-362abf5bc477": window light drew 2/2 beam(s)
2026-05-25 22:41:33.408 +02:00 [INF] Map "d5c08240-0436-454a-8993-362abf5bc477": window light drew 2/2 beam(s)
2026-05-25 22:41:33.462 +02:00 [INF] Map "d5c08240-0436-454a-8993-362abf5bc477": window light drew 2/2 beam(s)
2026-05-25 22:41:33.516 +02:00 [INF] Map "d5c08240-0436-454a-8993-362abf5bc477": window light drew 2/2 beam(s)
2026-05-25 22:41:33.571 +02:00 [INF] Map "d5c08240-0436-454a-8993-362abf5bc477": window light drew 2/2 beam(s)
2026-05-25 22:41:33.625 +02:00 [INF] Map "d5c08240-0436-454a-8993-362abf5bc477": window light drew 2/2 beam(s)
2026-05-25 22:41:33.680 +02:00 [INF] Map "d5c08240-0436-454a-8993-362abf5bc477": window light drew 2/2 beam(s)
2026-05-25 22:41:33.749 +02:00 [INF] Map "d5c08240-0436-454a-8993-362abf5bc477": window light drew 2/2 beam(s)
2026-05-25 22:41:33.804 +02:00 [INF] Map "d5c08240-0436-454a-8993-362abf5bc477": window light drew 2/2 beam(s)
2026-05-25 22:41:33.859 +02:00 [INF] Map "d5c08240-0436-454a-8993-362abf5bc477": window light drew 2/2 beam(s)
2026-05-25 22:41:33.913 +02:00 [INF] Map "d5c08240-0436-454a-8993-362abf5bc477": window light drew 2/2 beam(s)
2026-05-25 22:41:33.969 +02:00 [INF] Map "d5c08240-0436-454a-8993-362abf5bc477": window light drew 2/2 beam(s)
2026-05-25 22:41:34.024 +02:00 [INF] Map "d5c08240-0436-454a-8993-362abf5bc477": window light drew 2/2 beam(s)
2026-05-25 22:41:34.079 +02:00 [INF] Map "d5c08240-0436-454a-8993-362abf5bc477": window light drew 2/2 beam(s)
2026-05-25 22:41:34.135 +02:00 [INF] Map "d5c08240-0436-454a-8993-362abf5bc477": window light drew 2/2 beam(s)
2026-05-25 22:41:34.190 +02:00 [INF] Map "d5c08240-0436-454a-8993-362abf5bc477": window light drew 2/2 beam(s)
2026-05-25 22:41:34.258 +02:00 [INF] Map "d5c08240-0436-454a-8993-362abf5bc477": window light drew 2/2 beam(s)
2026-05-25 22:41:34.312 +02:00 [INF] Map "d5c08240-0436-454a-8993-362abf5bc477": window light drew 2/2 beam(s)
2026-05-25 22:41:34.366 +02:00 [INF] Map "d5c08240-0436-454a-8993-362abf5bc477": window light drew 2/2 beam(s)
2026-05-25 22:41:34.421 +02:00 [INF] Map "d5c08240-0436-454a-8993-362abf5bc477": window light drew 2/2 beam(s)
2026-05-25 22:41:34.476 +02:00 [INF] Map "d5c08240-0436-454a-8993-362abf5bc477": window light drew 2/2 beam(s)
2026-05-25 22:41:34.531 +02:00 [INF] Map "d5c08240-0436-454a-8993-362abf5bc477": window light drew 2/2 beam(s)
2026-05-25 22:41:34.586 +02:00 [INF] Map "d5c08240-0436-454a-8993-362abf5bc477": window light drew 2/2 beam(s)
2026-05-25 22:41:34.640 +02:00 [INF] Map "d5c08240-0436-454a-8993-362abf5bc477": window light drew 2/2 beam(s)
2026-05-25 22:41:34.694 +02:00 [INF] Map "d5c08240-0436-454a-8993-362abf5bc477": window light drew 2/2 beam(s)
2026-05-25 22:41:34.766 +02:00 [INF] Map "d5c08240-0436-454a-8993-362abf5bc477": window light drew 2/2 beam(s)
2026-05-25 22:41:34.820 +02:00 [INF] Map "d5c08240-0436-454a-8993-362abf5bc477": window light drew 2/2 beam(s)
2026-05-25 22:41:34.874 +02:00 [INF] Map "d5c08240-0436-454a-8993-362abf5bc477": window light drew 2/2 beam(s)
2026-05-25 22:41:34.929 +02:00 [INF] Map "d5c08240-0436-454a-8993-362abf5bc477": window light drew 2/2 beam(s)
2026-05-25 22:41:34.985 +02:00 [INF] Map "d5c08240-0436-454a-8993-362abf5bc477": window light drew 2/2 beam(s)
2026-05-25 22:41:35.041 +02:00 [INF] Map "d5c08240-0436-454a-8993-362abf5bc477": window light drew 2/2 beam(s)
2026-05-25 22:41:35.095 +02:00 [INF] Map "d5c08240-0436-454a-8993-362abf5bc477": window light drew 2/2 beam(s)
2026-05-25 22:41:35.151 +02:00 [INF] Map "d5c08240-0436-454a-8993-362abf5bc477": window light drew 2/2 beam(s)
2026-05-25 22:41:35.207 +02:00 [INF] Map "d5c08240-0436-454a-8993-362abf5bc477": window light drew 2/2 beam(s)
2026-05-25 22:41:35.274 +02:00 [INF] Map "d5c08240-0436-454a-8993-362abf5bc477": window light drew 2/2 beam(s)
2026-05-25 22:41:35.329 +02:00 [INF] Map "d5c08240-0436-454a-8993-362abf5bc477": window light drew 2/2 beam(s)
2026-05-25 22:41:35.384 +02:00 [INF] Map "d5c08240-0436-454a-8993-362abf5bc477": window light drew 2/2 beam(s)
2026-05-25 22:41:35.439 +02:00 [INF] Map "d5c08240-0436-454a-8993-362abf5bc477": window light drew 2/2 beam(s)
2026-05-25 22:41:35.494 +02:00 [INF] Map "d5c08240-0436-454a-8993-362abf5bc477": window light drew 2/2 beam(s)
2026-05-25 22:41:35.549 +02:00 [INF] Map "d5c08240-0436-454a-8993-362abf5bc477": window light drew 2/2 beam(s)
2026-05-25 22:41:35.604 +02:00 [INF] Map "d5c08240-0436-454a-8993-362abf5bc477": window light drew 2/2 beam(s)
2026-05-25 22:41:35.659 +02:00 [INF] Map "d5c08240-0436-454a-8993-362abf5bc477": window light drew 2/2 beam(s)
2026-05-25 22:41:35.714 +02:00 [INF] Map "d5c08240-0436-454a-8993-362abf5bc477": window light drew 2/2 beam(s)
2026-05-25 22:41:35.783 +02:00 [INF] Map "d5c08240-0436-454a-8993-362abf5bc477": window light drew 2/2 beam(s)
2026-05-25 22:41:35.838 +02:00 [INF] Map "d5c08240-0436-454a-8993-362abf5bc477": window light drew 2/2 beam(s)
2026-05-25 22:41:35.894 +02:00 [INF] Map "d5c08240-0436-454a-8993-362abf5bc477": window light drew 2/2 beam(s)
2026-05-25 22:41:35.951 +02:00 [INF] Map "d5c08240-0436-454a-8993-362abf5bc477": window light drew 2/2 beam(s)
2026-05-25 22:41:36.011 +02:00 [INF] Map "d5c08240-0436-454a-8993-362abf5bc477": window light drew 2/2 beam(s)
2026-05-25 22:41:36.070 +02:00 [INF] Map "d5c08240-0436-454a-8993-362abf5bc477": window light drew 2/2 beam(s)
2026-05-25 22:41:36.127 +02:00 [INF] Map "d5c08240-0436-454a-8993-362abf5bc477": window light drew 2/2 beam(s)
2026-05-25 22:41:36.182 +02:00 [INF] Map "d5c08240-0436-454a-8993-362abf5bc477": window light drew 2/2 beam(s)
2026-05-25 22:41:36.237 +02:00 [INF] Map "d5c08240-0436-454a-8993-362abf5bc477": window light drew 2/2 beam(s)
2026-05-25 22:41:36.305 +02:00 [INF] Map "d5c08240-0436-454a-8993-362abf5bc477": window light drew 2/2 beam(s)
2026-05-25 22:41:36.359 +02:00 [INF] Map "d5c08240-0436-454a-8993-362abf5bc477": window light drew 2/2 beam(s)
2026-05-25 22:41:36.415 +02:00 [INF] Map "d5c08240-0436-454a-8993-362abf5bc477": window light drew 2/2 beam(s)
2026-05-25 22:41:36.470 +02:00 [INF] Map "d5c08240-0436-454a-8993-362abf5bc477": window light drew 2/2 beam(s)
2026-05-25 22:41:36.525 +02:00 [INF] Map "d5c08240-0436-454a-8993-362abf5bc477": window light drew 2/2 beam(s)
2026-05-25 22:41:36.583 +02:00 [INF] Map "d5c08240-0436-454a-8993-362abf5bc477": window light drew 2/2 beam(s)
2026-05-25 22:41:36.638 +02:00 [INF] Map "d5c08240-0436-454a-8993-362abf5bc477": window light drew 2/2 beam(s)
2026-05-25 22:41:36.693 +02:00 [INF] Map "d5c08240-0436-454a-8993-362abf5bc477": window light drew 2/2 beam(s)
2026-05-25 22:41:36.748 +02:00 [INF] Map "d5c08240-0436-454a-8993-362abf5bc477": window light drew 2/2 beam(s)
2026-05-25 22:41:36.815 +02:00 [INF] Map "d5c08240-0436-454a-8993-362abf5bc477": window light drew 2/2 beam(s)
2026-05-25 22:41:36.871 +02:00 [INF] Map "d5c08240-0436-454a-8993-362abf5bc477": window light drew 2/2 beam(s)
2026-05-25 22:41:36.927 +02:00 [INF] Map "d5c08240-0436-454a-8993-362abf5bc477": window light drew 2/2 beam(s)
2026-05-25 22:41:36.982 +02:00 [INF] Map "d5c08240-0436-454a-8993-362abf5bc477": window light drew 2/2 beam(s)
2026-05-25 22:41:37.037 +02:00 [INF] Map "d5c08240-0436-454a-8993-362abf5bc477": window light drew 2/2 beam(s)
2026-05-25 22:41:37.093 +02:00 [INF] Map "d5c08240-0436-454a-8993-362abf5bc477": window light drew 2/2 beam(s)
2026-05-25 22:41:37.149 +02:00 [INF] Map "d5c08240-0436-454a-8993-362abf5bc477": window light drew 2/2 beam(s)
2026-05-25 22:41:37.205 +02:00 [INF] Map "d5c08240-0436-454a-8993-362abf5bc477": window light drew 2/2 beam(s)
2026-05-25 22:41:37.260 +02:00 [INF] Map "d5c08240-0436-454a-8993-362abf5bc477": window light drew 2/2 beam(s)
2026-05-25 22:41:37.329 +02:00 [INF] Map "d5c08240-0436-454a-8993-362abf5bc477": window light drew 2/2 beam(s)
2026-05-25 22:41:37.384 +02:00 [INF] Map "d5c08240-0436-454a-8993-362abf5bc477": window light drew 2/2 beam(s)
2026-05-25 22:41:37.439 +02:00 [INF] Map "d5c08240-0436-454a-8993-362abf5bc477": window light drew 2/2 beam(s)
2026-05-25 22:41:37.494 +02:00 [INF] Map "d5c08240-0436-454a-8993-362abf5bc477": window light drew 2/2 beam(s)
2026-05-25 22:41:37.548 +02:00 [INF] Map "d5c08240-0436-454a-8993-362abf5bc477": window light drew 2/2 beam(s)
2026-05-25 22:41:37.604 +02:00 [INF] Map "d5c08240-0436-454a-8993-362abf5bc477": window light drew 2/2 beam(s)
2026-05-25 22:41:37.659 +02:00 [INF] Map "d5c08240-0436-454a-8993-362abf5bc477": window light drew 2/2 beam(s)
2026-05-25 22:41:37.714 +02:00 [INF] Map "d5c08240-0436-454a-8993-362abf5bc477": window light drew 2/2 beam(s)
2026-05-25 22:41:37.769 +02:00 [INF] Map "d5c08240-0436-454a-8993-362abf5bc477": window light drew 2/2 beam(s)
2026-05-25 22:41:37.837 +02:00 [INF] Map "d5c08240-0436-454a-8993-362abf5bc477": window light drew 2/2 beam(s)
2026-05-25 22:41:37.893 +02:00 [INF] Map "d5c08240-0436-454a-8993-362abf5bc477": window light drew 2/2 beam(s)
2026-05-25 22:41:37.948 +02:00 [INF] Map "d5c08240-0436-454a-8993-362abf5bc477": window light drew 2/2 beam(s)
2026-05-25 22:41:38.004 +02:00 [INF] Map "d5c08240-0436-454a-8993-362abf5bc477": window light drew 2/2 beam(s)
2026-05-25 22:41:38.060 +02:00 [INF] Map "d5c08240-0436-454a-8993-362abf5bc477": window light drew 2/2 beam(s)
2026-05-25 22:41:38.116 +02:00 [INF] Map "d5c08240-0436-454a-8993-362abf5bc477": window light drew 2/2 beam(s)
2026-05-25 22:41:38.173 +02:00 [INF] Map "d5c08240-0436-454a-8993-362abf5bc477": window light drew 2/2 beam(s)
2026-05-25 22:41:38.228 +02:00 [INF] Map "d5c08240-0436-454a-8993-362abf5bc477": window light drew 2/2 beam(s)
2026-05-25 22:41:38.283 +02:00 [INF] Map "d5c08240-0436-454a-8993-362abf5bc477": window light drew 2/2 beam(s)
2026-05-25 22:41:38.352 +02:00 [INF] Map "d5c08240-0436-454a-8993-362abf5bc477": window light drew 2/2 beam(s)
2026-05-25 22:41:38.408 +02:00 [INF] Map "d5c08240-0436-454a-8993-362abf5bc477": window light drew 2/2 beam(s)
2026-05-25 22:41:38.464 +02:00 [INF] Map "d5c08240-0436-454a-8993-362abf5bc477": window light drew 2/2 beam(s)
2026-05-25 22:41:38.520 +02:00 [INF] Map "d5c08240-0436-454a-8993-362abf5bc477": window light drew 2/2 beam(s)
2026-05-25 22:41:38.576 +02:00 [INF] Map "d5c08240-0436-454a-8993-362abf5bc477": window light drew 2/2 beam(s)
2026-05-25 22:41:38.637 +02:00 [INF] Map "d5c08240-0436-454a-8993-362abf5bc477": window light drew 2/2 beam(s)
2026-05-25 22:41:38.692 +02:00 [INF] Map "d5c08240-0436-454a-8993-362abf5bc477": window light drew 2/2 beam(s)
2026-05-25 22:41:38.747 +02:00 [INF] Map "d5c08240-0436-454a-8993-362abf5bc477": window light drew 2/2 beam(s)
2026-05-25 22:41:38.803 +02:00 [INF] Map "d5c08240-0436-454a-8993-362abf5bc477": window light drew 2/2 beam(s)
2026-05-25 22:41:38.872 +02:00 [INF] Map "d5c08240-0436-454a-8993-362abf5bc477": window light drew 2/2 beam(s)
2026-05-25 22:41:38.927 +02:00 [INF] Map "d5c08240-0436-454a-8993-362abf5bc477": window light drew 2/2 beam(s)
2026-05-25 22:41:38.983 +02:00 [INF] Map "d5c08240-0436-454a-8993-362abf5bc477": window light drew 2/2 beam(s)
2026-05-25 22:41:39.038 +02:00 [INF] Map "d5c08240-0436-454a-8993-362abf5bc477": window light drew 2/2 beam(s)
2026-05-25 22:41:39.092 +02:00 [INF] Map "d5c08240-0436-454a-8993-362abf5bc477": window light drew 2/2 beam(s)
2026-05-25 22:41:39.147 +02:00 [INF] Map "d5c08240-0436-454a-8993-362abf5bc477": window light drew 2/2 beam(s)
2026-05-25 22:41:39.203 +02:00 [INF] Map "d5c08240-0436-454a-8993-362abf5bc477": window light drew 2/2 beam(s)
2026-05-25 22:41:39.258 +02:00 [INF] Map "d5c08240-0436-454a-8993-362abf5bc477": window light drew 2/2 beam(s)
2026-05-25 22:41:39.314 +02:00 [INF] Map "d5c08240-0436-454a-8993-362abf5bc477": window light drew 2/2 beam(s)
2026-05-25 22:41:39.384 +02:00 [INF] Map "d5c08240-0436-454a-8993-362abf5bc477": window light drew 2/2 beam(s)
2026-05-25 22:41:39.441 +02:00 [INF] Map "d5c08240-0436-454a-8993-362abf5bc477": window light drew 2/2 beam(s)
2026-05-25 22:41:39.497 +02:00 [INF] Map "d5c08240-0436-454a-8993-362abf5bc477": window light drew 2/2 beam(s)
2026-05-25 22:41:39.552 +02:00 [INF] Map "d5c08240-0436-454a-8993-362abf5bc477": window light drew 2/2 beam(s)
2026-05-25 22:41:39.607 +02:00 [INF] Map "d5c08240-0436-454a-8993-362abf5bc477": window light drew 2/2 beam(s)
2026-05-25 22:41:39.662 +02:00 [INF] Map "d5c08240-0436-454a-8993-362abf5bc477": window light drew 2/2 beam(s)
2026-05-25 22:41:39.717 +02:00 [INF] Map "d5c08240-0436-454a-8993-362abf5bc477": window light drew 2/2 beam(s)
2026-05-25 22:41:39.773 +02:00 [INF] Map "d5c08240-0436-454a-8993-362abf5bc477": window light drew 2/2 beam(s)
2026-05-25 22:41:39.832 +02:00 [INF] Map "d5c08240-0436-454a-8993-362abf5bc477": window light drew 2/2 beam(s)
2026-05-25 22:41:39.900 +02:00 [INF] Map "d5c08240-0436-454a-8993-362abf5bc477": window light drew 2/2 beam(s)
2026-05-25 22:41:39.955 +02:00 [INF] Map "d5c08240-0436-454a-8993-362abf5bc477": window light drew 2/2 beam(s)
2026-05-25 22:41:40.012 +02:00 [INF] Map "d5c08240-0436-454a-8993-362abf5bc477": window light drew 2/2 beam(s)
2026-05-25 22:41:40.068 +02:00 [INF] Map "d5c08240-0436-454a-8993-362abf5bc477": window light drew 2/2 beam(s)
2026-05-25 22:41:40.124 +02:00 [INF] Map "d5c08240-0436-454a-8993-362abf5bc477": window light drew 2/2 beam(s)
2026-05-25 22:41:40.178 +02:00 [INF] Map "d5c08240-0436-454a-8993-362abf5bc477": window light drew 2/2 beam(s)
2026-05-25 22:41:40.234 +02:00 [INF] Map "d5c08240-0436-454a-8993-362abf5bc477": window light drew 2/2 beam(s)
2026-05-25 22:41:40.289 +02:00 [INF] Map "d5c08240-0436-454a-8993-362abf5bc477": window light drew 2/2 beam(s)
2026-05-25 22:41:40.345 +02:00 [INF] Map "d5c08240-0436-454a-8993-362abf5bc477": window light drew 2/2 beam(s)
2026-05-25 22:41:40.413 +02:00 [INF] Map "d5c08240-0436-454a-8993-362abf5bc477": window light drew 2/2 beam(s)
2026-05-25 22:41:40.468 +02:00 [INF] Map "d5c08240-0436-454a-8993-362abf5bc477": window light drew 2/2 beam(s)
2026-05-25 22:41:40.523 +02:00 [INF] Map "d5c08240-0436-454a-8993-362abf5bc477": window light drew 2/2 beam(s)
2026-05-25 22:41:40.578 +02:00 [INF] Map "d5c08240-0436-454a-8993-362abf5bc477": window light drew 2/2 beam(s)
2026-05-25 22:41:40.632 +02:00 [INF] Map "d5c08240-0436-454a-8993-362abf5bc477": window light drew 2/2 beam(s)
2026-05-25 22:41:40.686 +02:00 [INF] Map "d5c08240-0436-454a-8993-362abf5bc477": window light drew 2/2 beam(s)
2026-05-25 22:41:40.741 +02:00 [INF] Map "d5c08240-0436-454a-8993-362abf5bc477": window light drew 2/2 beam(s)
2026-05-25 22:41:40.797 +02:00 [INF] Map "d5c08240-0436-454a-8993-362abf5bc477": window light drew 2/2 beam(s)
2026-05-25 22:41:40.852 +02:00 [INF] Map "d5c08240-0436-454a-8993-362abf5bc477": window light drew 2/2 beam(s)
2026-05-25 22:41:40.920 +02:00 [INF] Map "d5c08240-0436-454a-8993-362abf5bc477": window light drew 2/2 beam(s)
2026-05-25 22:41:40.975 +02:00 [INF] Map "d5c08240-0436-454a-8993-362abf5bc477": window light drew 2/2 beam(s)
2026-05-25 22:41:41.031 +02:00 [INF] Map "d5c08240-0436-454a-8993-362abf5bc477": window light drew 2/2 beam(s)
2026-05-25 22:41:41.086 +02:00 [INF] Map "d5c08240-0436-454a-8993-362abf5bc477": window light drew 2/2 beam(s)
2026-05-25 22:41:41.140 +02:00 [INF] Map "d5c08240-0436-454a-8993-362abf5bc477": window light drew 2/2 beam(s)
2026-05-25 22:41:41.195 +02:00 [INF] Map "d5c08240-0436-454a-8993-362abf5bc477": window light drew 2/2 beam(s)
2026-05-25 22:41:41.251 +02:00 [INF] Map "d5c08240-0436-454a-8993-362abf5bc477": window light drew 2/2 beam(s)
2026-05-25 22:41:41.307 +02:00 [INF] Map "d5c08240-0436-454a-8993-362abf5bc477": window light drew 2/2 beam(s)
2026-05-25 22:41:41.362 +02:00 [INF] Map "d5c08240-0436-454a-8993-362abf5bc477": window light drew 2/2 beam(s)
2026-05-25 22:41:41.429 +02:00 [INF] Map "d5c08240-0436-454a-8993-362abf5bc477": window light drew 2/2 beam(s)
2026-05-25 22:41:41.485 +02:00 [INF] Map "d5c08240-0436-454a-8993-362abf5bc477": window light drew 2/2 beam(s)
2026-05-25 22:41:41.540 +02:00 [INF] Map "d5c08240-0436-454a-8993-362abf5bc477": window light drew 2/2 beam(s)
2026-05-25 22:41:41.595 +02:00 [INF] Map "d5c08240-0436-454a-8993-362abf5bc477": window light drew 2/2 beam(s)
2026-05-25 22:41:41.650 +02:00 [INF] Map "d5c08240-0436-454a-8993-362abf5bc477": window light drew 2/2 beam(s)
2026-05-25 22:41:41.704 +02:00 [INF] Map "d5c08240-0436-454a-8993-362abf5bc477": window light drew 2/2 beam(s)
2026-05-25 22:41:41.760 +02:00 [INF] Map "d5c08240-0436-454a-8993-362abf5bc477": window light drew 2/2 beam(s)
2026-05-25 22:41:41.815 +02:00 [INF] Map "d5c08240-0436-454a-8993-362abf5bc477": window light drew 2/2 beam(s)
2026-05-25 22:41:41.870 +02:00 [INF] Map "d5c08240-0436-454a-8993-362abf5bc477": window light drew 2/2 beam(s)
2026-05-25 22:41:41.939 +02:00 [INF] Map "d5c08240-0436-454a-8993-362abf5bc477": window light drew 2/2 beam(s)
2026-05-25 22:41:41.994 +02:00 [INF] Map "d5c08240-0436-454a-8993-362abf5bc477": window light drew 2/2 beam(s)
2026-05-25 22:41:42.049 +02:00 [INF] Map "d5c08240-0436-454a-8993-362abf5bc477": window light drew 2/2 beam(s)
2026-05-25 22:41:42.104 +02:00 [INF] Map "d5c08240-0436-454a-8993-362abf5bc477": window light drew 2/2 beam(s)
2026-05-25 22:41:42.159 +02:00 [INF] Map "d5c08240-0436-454a-8993-362abf5bc477": window light drew 2/2 beam(s)
2026-05-25 22:41:42.214 +02:00 [INF] Map "d5c08240-0436-454a-8993-362abf5bc477": window light drew 2/2 beam(s)
2026-05-25 22:41:42.269 +02:00 [INF] Map "d5c08240-0436-454a-8993-362abf5bc477": window light drew 2/2 beam(s)
2026-05-25 22:41:42.325 +02:00 [INF] Map "d5c08240-0436-454a-8993-362abf5bc477": window light drew 2/2 beam(s)
2026-05-25 22:41:42.381 +02:00 [INF] Map "d5c08240-0436-454a-8993-362abf5bc477": window light drew 2/2 beam(s)
2026-05-25 22:41:42.449 +02:00 [INF] Map "d5c08240-0436-454a-8993-362abf5bc477": window light drew 2/2 beam(s)
2026-05-25 22:41:42.504 +02:00 [INF] Map "d5c08240-0436-454a-8993-362abf5bc477": window light drew 2/2 beam(s)
2026-05-25 22:41:42.559 +02:00 [INF] Map "d5c08240-0436-454a-8993-362abf5bc477": window light drew 2/2 beam(s)
2026-05-25 22:41:42.613 +02:00 [INF] Map "d5c08240-0436-454a-8993-362abf5bc477": window light drew 2/2 beam(s)
2026-05-25 22:41:42.668 +02:00 [INF] Map "d5c08240-0436-454a-8993-362abf5bc477": window light drew 2/2 beam(s)
2026-05-25 22:41:42.723 +02:00 [INF] Map "d5c08240-0436-454a-8993-362abf5bc477": window light drew 2/2 beam(s)
2026-05-25 22:41:42.778 +02:00 [INF] Map "d5c08240-0436-454a-8993-362abf5bc477": window light drew 2/2 beam(s)
2026-05-25 22:41:42.855 +02:00 [INF] Map "d5c08240-0436-454a-8993-362abf5bc477": window light drew 2/2 beam(s)
2026-05-25 22:41:42.910 +02:00 [INF] Map "d5c08240-0436-454a-8993-362abf5bc477": window light drew 2/2 beam(s)
2026-05-25 22:41:42.979 +02:00 [INF] Map "d5c08240-0436-454a-8993-362abf5bc477": window light drew 2/2 beam(s)
2026-05-25 22:41:43.033 +02:00 [INF] Map "d5c08240-0436-454a-8993-362abf5bc477": window light drew 2/2 beam(s)
2026-05-25 22:41:43.088 +02:00 [INF] Map "d5c08240-0436-454a-8993-362abf5bc477": window light drew 2/2 beam(s)
2026-05-25 22:41:43.143 +02:00 [INF] Map "d5c08240-0436-454a-8993-362abf5bc477": window light drew 2/2 beam(s)
2026-05-25 22:41:43.198 +02:00 [INF] Map "d5c08240-0436-454a-8993-362abf5bc477": window light drew 2/2 beam(s)
2026-05-25 22:41:43.254 +02:00 [INF] Map "d5c08240-0436-454a-8993-362abf5bc477": window light drew 2/2 beam(s)
2026-05-25 22:41:43.309 +02:00 [INF] Map "d5c08240-0436-454a-8993-362abf5bc477": window light drew 2/2 beam(s)
2026-05-25 22:41:43.364 +02:00 [INF] Map "d5c08240-0436-454a-8993-362abf5bc477": window light drew 2/2 beam(s)
2026-05-25 22:41:43.420 +02:00 [INF] Map "d5c08240-0436-454a-8993-362abf5bc477": window light drew 2/2 beam(s)
2026-05-25 22:41:43.487 +02:00 [INF] Map "d5c08240-0436-454a-8993-362abf5bc477": window light drew 2/2 beam(s)
2026-05-25 22:41:43.542 +02:00 [INF] Map "d5c08240-0436-454a-8993-362abf5bc477": window light drew 2/2 beam(s)
2026-05-25 22:41:43.597 +02:00 [INF] Map "d5c08240-0436-454a-8993-362abf5bc477": window light drew 2/2 beam(s)
2026-05-25 22:41:43.652 +02:00 [INF] Map "d5c08240-0436-454a-8993-362abf5bc477": window light drew 2/2 beam(s)
2026-05-25 22:41:43.707 +02:00 [INF] Map "d5c08240-0436-454a-8993-362abf5bc477": window light drew 2/2 beam(s)
2026-05-25 22:41:43.762 +02:00 [INF] Map "d5c08240-0436-454a-8993-362abf5bc477": window light drew 2/2 beam(s)
2026-05-25 22:41:43.818 +02:00 [INF] Map "d5c08240-0436-454a-8993-362abf5bc477": window light drew 2/2 beam(s)
2026-05-25 22:41:43.875 +02:00 [INF] Map "d5c08240-0436-454a-8993-362abf5bc477": window light drew 2/2 beam(s)
2026-05-25 22:41:43.930 +02:00 [INF] Map "d5c08240-0436-454a-8993-362abf5bc477": window light drew 2/2 beam(s)
2026-05-25 22:41:43.998 +02:00 [INF] Map "d5c08240-0436-454a-8993-362abf5bc477": window light drew 2/2 beam(s)
2026-05-25 22:41:44.053 +02:00 [INF] Map "d5c08240-0436-454a-8993-362abf5bc477": window light drew 2/2 beam(s)
2026-05-25 22:41:44.108 +02:00 [INF] Map "d5c08240-0436-454a-8993-362abf5bc477": window light drew 2/2 beam(s)
2026-05-25 22:41:44.163 +02:00 [INF] Map "d5c08240-0436-454a-8993-362abf5bc477": window light drew 2/2 beam(s)
2026-05-25 22:41:44.218 +02:00 [INF] Map "d5c08240-0436-454a-8993-362abf5bc477": window light drew 2/2 beam(s)
2026-05-25 22:41:44.273 +02:00 [INF] Map "d5c08240-0436-454a-8993-362abf5bc477": window light drew 2/2 beam(s)
2026-05-25 22:41:44.327 +02:00 [INF] Map "d5c08240-0436-454a-8993-362abf5bc477": window light drew 2/2 beam(s)
2026-05-25 22:41:44.382 +02:00 [INF] Map "d5c08240-0436-454a-8993-362abf5bc477": window light drew 2/2 beam(s)
2026-05-25 22:41:44.437 +02:00 [INF] Map "d5c08240-0436-454a-8993-362abf5bc477": window light drew 2/2 beam(s)
2026-05-25 22:41:44.505 +02:00 [INF] Map "d5c08240-0436-454a-8993-362abf5bc477": window light drew 2/2 beam(s)
2026-05-25 22:41:44.559 +02:00 [INF] Map "d5c08240-0436-454a-8993-362abf5bc477": window light drew 2/2 beam(s)
2026-05-25 22:41:44.614 +02:00 [INF] Map "d5c08240-0436-454a-8993-362abf5bc477": window light drew 2/2 beam(s)
2026-05-25 22:41:44.669 +02:00 [INF] Map "d5c08240-0436-454a-8993-362abf5bc477": window light drew 2/2 beam(s)
2026-05-25 22:41:44.724 +02:00 [INF] Map "d5c08240-0436-454a-8993-362abf5bc477": window light drew 2/2 beam(s)
2026-05-25 22:41:44.778 +02:00 [INF] Map "d5c08240-0436-454a-8993-362abf5bc477": window light drew 2/2 beam(s)
2026-05-25 22:41:44.835 +02:00 [INF] Map "d5c08240-0436-454a-8993-362abf5bc477": window light drew 2/2 beam(s)
2026-05-25 22:41:44.890 +02:00 [INF] Map "d5c08240-0436-454a-8993-362abf5bc477": window light drew 2/2 beam(s)
2026-05-25 22:41:44.945 +02:00 [INF] Map "d5c08240-0436-454a-8993-362abf5bc477": window light drew 2/2 beam(s)
2026-05-25 22:41:45.013 +02:00 [INF] Map "d5c08240-0436-454a-8993-362abf5bc477": window light drew 2/2 beam(s)
2026-05-25 22:41:45.069 +02:00 [INF] Map "d5c08240-0436-454a-8993-362abf5bc477": window light drew 2/2 beam(s)
2026-05-25 22:41:45.124 +02:00 [INF] Map "d5c08240-0436-454a-8993-362abf5bc477": window light drew 2/2 beam(s)
2026-05-25 22:41:45.179 +02:00 [INF] Map "d5c08240-0436-454a-8993-362abf5bc477": window light drew 2/2 beam(s)
2026-05-25 22:41:45.234 +02:00 [INF] Map "d5c08240-0436-454a-8993-362abf5bc477": window light drew 2/2 beam(s)
2026-05-25 22:41:45.289 +02:00 [INF] Map "d5c08240-0436-454a-8993-362abf5bc477": window light drew 2/2 beam(s)
2026-05-25 22:41:45.344 +02:00 [INF] Map "d5c08240-0436-454a-8993-362abf5bc477": window light drew 2/2 beam(s)
2026-05-25 22:41:45.399 +02:00 [INF] Map "d5c08240-0436-454a-8993-362abf5bc477": window light drew 2/2 beam(s)
2026-05-25 22:41:45.453 +02:00 [INF] Map "d5c08240-0436-454a-8993-362abf5bc477": window light drew 2/2 beam(s)
2026-05-25 22:41:45.524 +02:00 [INF] Map "d5c08240-0436-454a-8993-362abf5bc477": window light drew 2/2 beam(s)
2026-05-25 22:41:45.579 +02:00 [INF] Map "d5c08240-0436-454a-8993-362abf5bc477": window light drew 2/2 beam(s)
2026-05-25 22:41:45.634 +02:00 [INF] Map "d5c08240-0436-454a-8993-362abf5bc477": window light drew 2/2 beam(s)
2026-05-25 22:41:45.690 +02:00 [INF] Map "d5c08240-0436-454a-8993-362abf5bc477": window light drew 2/2 beam(s)
2026-05-25 22:41:45.744 +02:00 [INF] Map "d5c08240-0436-454a-8993-362abf5bc477": window light drew 2/2 beam(s)
2026-05-25 22:41:45.798 +02:00 [INF] Map "d5c08240-0436-454a-8993-362abf5bc477": window light drew 2/2 beam(s)
2026-05-25 22:41:45.854 +02:00 [INF] Map "d5c08240-0436-454a-8993-362abf5bc477": window light drew 2/2 beam(s)
2026-05-25 22:41:45.909 +02:00 [INF] Map "d5c08240-0436-454a-8993-362abf5bc477": window light drew 2/2 beam(s)
2026-05-25 22:41:45.964 +02:00 [INF] Map "d5c08240-0436-454a-8993-362abf5bc477": window light drew 2/2 beam(s)
2026-05-25 22:41:46.032 +02:00 [INF] Map "d5c08240-0436-454a-8993-362abf5bc477": window light drew 2/2 beam(s)
2026-05-25 22:41:46.088 +02:00 [INF] Map "d5c08240-0436-454a-8993-362abf5bc477": window light drew 2/2 beam(s)
2026-05-25 22:41:46.143 +02:00 [INF] Map "d5c08240-0436-454a-8993-362abf5bc477": window light drew 2/2 beam(s)
2026-05-25 22:41:46.198 +02:00 [INF] Map "d5c08240-0436-454a-8993-362abf5bc477": window light drew 2/2 beam(s)
2026-05-25 22:41:46.253 +02:00 [INF] Map "d5c08240-0436-454a-8993-362abf5bc477": window light drew 2/2 beam(s)
2026-05-25 22:41:46.308 +02:00 [INF] Map "d5c08240-0436-454a-8993-362abf5bc477": window light drew 2/2 beam(s)
2026-05-25 22:41:46.364 +02:00 [INF] Map "d5c08240-0436-454a-8993-362abf5bc477": window light drew 2/2 beam(s)
2026-05-25 22:41:46.420 +02:00 [INF] Map "d5c08240-0436-454a-8993-362abf5bc477": window light drew 2/2 beam(s)
2026-05-25 22:41:46.475 +02:00 [INF] Map "d5c08240-0436-454a-8993-362abf5bc477": window light drew 2/2 beam(s)
2026-05-25 22:41:46.542 +02:00 [INF] Map "d5c08240-0436-454a-8993-362abf5bc477": window light drew 2/2 beam(s)
2026-05-25 22:41:46.597 +02:00 [INF] Map "d5c08240-0436-454a-8993-362abf5bc477": window light drew 2/2 beam(s)
2026-05-25 22:41:46.652 +02:00 [INF] Map "d5c08240-0436-454a-8993-362abf5bc477": window light drew 2/2 beam(s)
2026-05-25 22:41:46.707 +02:00 [INF] Map "d5c08240-0436-454a-8993-362abf5bc477": window light drew 2/2 beam(s)
2026-05-25 22:41:46.761 +02:00 [INF] Map "d5c08240-0436-454a-8993-362abf5bc477": window light drew 2/2 beam(s)
2026-05-25 22:41:46.815 +02:00 [INF] Map "d5c08240-0436-454a-8993-362abf5bc477": window light drew 2/2 beam(s)
2026-05-25 22:41:46.879 +02:00 [INF] Map "d5c08240-0436-454a-8993-362abf5bc477": window light drew 2/2 beam(s)
2026-05-25 22:41:46.933 +02:00 [INF] Map "d5c08240-0436-454a-8993-362abf5bc477": window light drew 2/2 beam(s)
2026-05-25 22:41:46.988 +02:00 [INF] Map "d5c08240-0436-454a-8993-362abf5bc477": window light drew 2/2 beam(s)
2026-05-25 22:41:47.057 +02:00 [INF] Map "d5c08240-0436-454a-8993-362abf5bc477": window light drew 2/2 beam(s)
2026-05-25 22:41:47.112 +02:00 [INF] Map "d5c08240-0436-454a-8993-362abf5bc477": window light drew 2/2 beam(s)
2026-05-25 22:41:47.175 +02:00 [INF] Map "d5c08240-0436-454a-8993-362abf5bc477": window light drew 2/2 beam(s)
2026-05-25 22:41:47.232 +02:00 [INF] Map "d5c08240-0436-454a-8993-362abf5bc477": window light drew 2/2 beam(s)
2026-05-25 22:41:47.287 +02:00 [INF] Map "d5c08240-0436-454a-8993-362abf5bc477": window light drew 2/2 beam(s)
2026-05-25 22:41:47.342 +02:00 [INF] Map "d5c08240-0436-454a-8993-362abf5bc477": window light drew 2/2 beam(s)
2026-05-25 22:41:47.397 +02:00 [INF] Map "d5c08240-0436-454a-8993-362abf5bc477": window light drew 2/2 beam(s)
2026-05-25 22:41:47.451 +02:00 [INF] Map "d5c08240-0436-454a-8993-362abf5bc477": window light drew 2/2 beam(s)
2026-05-25 22:41:47.506 +02:00 [INF] Map "d5c08240-0436-454a-8993-362abf5bc477": window light drew 2/2 beam(s)
2026-05-25 22:41:47.574 +02:00 [INF] Map "d5c08240-0436-454a-8993-362abf5bc477": window light drew 2/2 beam(s)
2026-05-25 22:41:47.629 +02:00 [INF] Map "d5c08240-0436-454a-8993-362abf5bc477": window light drew 2/2 beam(s)
2026-05-25 22:41:47.684 +02:00 [INF] Map "d5c08240-0436-454a-8993-362abf5bc477": window light drew 2/2 beam(s)
2026-05-25 22:41:47.740 +02:00 [INF] Map "d5c08240-0436-454a-8993-362abf5bc477": window light drew 2/2 beam(s)
2026-05-25 22:41:47.795 +02:00 [INF] Map "d5c08240-0436-454a-8993-362abf5bc477": window light drew 2/2 beam(s)
2026-05-25 22:41:47.850 +02:00 [INF] Map "d5c08240-0436-454a-8993-362abf5bc477": window light drew 2/2 beam(s)
2026-05-25 22:41:47.905 +02:00 [INF] Map "d5c08240-0436-454a-8993-362abf5bc477": window light drew 2/2 beam(s)
2026-05-25 22:41:47.960 +02:00 [INF] Map "d5c08240-0436-454a-8993-362abf5bc477": window light drew 2/2 beam(s)
2026-05-25 22:41:48.015 +02:00 [INF] Map "d5c08240-0436-454a-8993-362abf5bc477": window light drew 2/2 beam(s)
2026-05-25 22:41:48.083 +02:00 [INF] Map "d5c08240-0436-454a-8993-362abf5bc477": window light drew 2/2 beam(s)
2026-05-25 22:41:48.138 +02:00 [INF] Map "d5c08240-0436-454a-8993-362abf5bc477": window light drew 2/2 beam(s)
2026-05-25 22:41:48.194 +02:00 [INF] Map "d5c08240-0436-454a-8993-362abf5bc477": window light drew 2/2 beam(s)
2026-05-25 22:41:48.250 +02:00 [INF] Map "d5c08240-0436-454a-8993-362abf5bc477": window light drew 2/2 beam(s)
2026-05-25 22:41:48.305 +02:00 [INF] Map "d5c08240-0436-454a-8993-362abf5bc477": window light drew 2/2 beam(s)
2026-05-25 22:41:48.359 +02:00 [INF] Map "d5c08240-0436-454a-8993-362abf5bc477": window light drew 2/2 beam(s)
2026-05-25 22:41:48.415 +02:00 [INF] Map "d5c08240-0436-454a-8993-362abf5bc477": window light drew 2/2 beam(s)
2026-05-25 22:41:48.469 +02:00 [INF] Map "d5c08240-0436-454a-8993-362abf5bc477": window light drew 2/2 beam(s)
2026-05-25 22:41:48.524 +02:00 [INF] Map "d5c08240-0436-454a-8993-362abf5bc477": window light drew 2/2 beam(s)
2026-05-25 22:41:48.591 +02:00 [INF] Map "d5c08240-0436-454a-8993-362abf5bc477": window light drew 2/2 beam(s)
2026-05-25 22:41:48.646 +02:00 [INF] Map "d5c08240-0436-454a-8993-362abf5bc477": window light drew 2/2 beam(s)
2026-05-25 22:41:48.701 +02:00 [INF] Map "d5c08240-0436-454a-8993-362abf5bc477": window light drew 2/2 beam(s)
2026-05-25 22:41:48.756 +02:00 [INF] Map "d5c08240-0436-454a-8993-362abf5bc477": window light drew 2/2 beam(s)
2026-05-25 22:41:48.810 +02:00 [INF] Map "d5c08240-0436-454a-8993-362abf5bc477": window light drew 2/2 beam(s)
2026-05-25 22:41:48.865 +02:00 [INF] Map "d5c08240-0436-454a-8993-362abf5bc477": window light drew 2/2 beam(s)
2026-05-25 22:41:48.920 +02:00 [INF] Map "d5c08240-0436-454a-8993-362abf5bc477": window light drew 2/2 beam(s)
2026-05-25 22:41:48.974 +02:00 [INF] Map "d5c08240-0436-454a-8993-362abf5bc477": window light drew 2/2 beam(s)
2026-05-25 22:41:49.030 +02:00 [INF] Map "d5c08240-0436-454a-8993-362abf5bc477": window light drew 2/2 beam(s)
2026-05-25 22:41:49.097 +02:00 [INF] Map "d5c08240-0436-454a-8993-362abf5bc477": window light drew 2/2 beam(s)
2026-05-25 22:41:49.153 +02:00 [INF] Map "d5c08240-0436-454a-8993-362abf5bc477": window light drew 2/2 beam(s)
2026-05-25 22:41:49.208 +02:00 [INF] Map "d5c08240-0436-454a-8993-362abf5bc477": window light drew 2/2 beam(s)
2026-05-25 22:41:49.264 +02:00 [INF] Map "d5c08240-0436-454a-8993-362abf5bc477": window light drew 2/2 beam(s)
2026-05-25 22:41:49.319 +02:00 [INF] Map "d5c08240-0436-454a-8993-362abf5bc477": window light drew 2/2 beam(s)
2026-05-25 22:41:49.374 +02:00 [INF] Map "d5c08240-0436-454a-8993-362abf5bc477": window light drew 2/2 beam(s)
2026-05-25 22:41:49.430 +02:00 [INF] Map "d5c08240-0436-454a-8993-362abf5bc477": window light drew 2/2 beam(s)
2026-05-25 22:41:49.485 +02:00 [INF] Map "d5c08240-0436-454a-8993-362abf5bc477": window light drew 2/2 beam(s)
2026-05-25 22:41:49.541 +02:00 [INF] Map "d5c08240-0436-454a-8993-362abf5bc477": window light drew 2/2 beam(s)
2026-05-25 22:41:49.612 +02:00 [INF] Map "d5c08240-0436-454a-8993-362abf5bc477": window light drew 2/2 beam(s)
2026-05-25 22:41:49.667 +02:00 [INF] Map "d5c08240-0436-454a-8993-362abf5bc477": window light drew 2/2 beam(s)
2026-05-25 22:41:49.723 +02:00 [INF] Map "d5c08240-0436-454a-8993-362abf5bc477": window light drew 2/2 beam(s)
2026-05-25 22:41:49.778 +02:00 [INF] Map "d5c08240-0436-454a-8993-362abf5bc477": window light drew 2/2 beam(s)
2026-05-25 22:41:49.833 +02:00 [INF] Map "d5c08240-0436-454a-8993-362abf5bc477": window light drew 2/2 beam(s)
2026-05-25 22:41:49.887 +02:00 [INF] Map "d5c08240-0436-454a-8993-362abf5bc477": window light drew 2/2 beam(s)
2026-05-25 22:41:49.942 +02:00 [INF] Map "d5c08240-0436-454a-8993-362abf5bc477": window light drew 2/2 beam(s)
2026-05-25 22:41:49.996 +02:00 [INF] Map "d5c08240-0436-454a-8993-362abf5bc477": window light drew 2/2 beam(s)
2026-05-25 22:41:50.052 +02:00 [INF] Map "d5c08240-0436-454a-8993-362abf5bc477": window light drew 2/2 beam(s)
2026-05-25 22:41:50.120 +02:00 [INF] Map "d5c08240-0436-454a-8993-362abf5bc477": window light drew 2/2 beam(s)
2026-05-25 22:41:50.175 +02:00 [INF] Map "d5c08240-0436-454a-8993-362abf5bc477": window light drew 2/2 beam(s)
2026-05-25 22:41:50.230 +02:00 [INF] Map "d5c08240-0436-454a-8993-362abf5bc477": window light drew 2/2 beam(s)
2026-05-25 22:41:50.284 +02:00 [INF] Map "d5c08240-0436-454a-8993-362abf5bc477": window light drew 2/2 beam(s)
2026-05-25 22:41:50.339 +02:00 [INF] Map "d5c08240-0436-454a-8993-362abf5bc477": window light drew 2/2 beam(s)
2026-05-25 22:41:50.393 +02:00 [INF] Map "d5c08240-0436-454a-8993-362abf5bc477": window light drew 2/2 beam(s)
2026-05-25 22:41:50.448 +02:00 [INF] Map "d5c08240-0436-454a-8993-362abf5bc477": window light drew 2/2 beam(s)
2026-05-25 22:41:50.502 +02:00 [INF] Map "d5c08240-0436-454a-8993-362abf5bc477": window light drew 2/2 beam(s)
2026-05-25 22:41:50.557 +02:00 [INF] Map "d5c08240-0436-454a-8993-362abf5bc477": window light drew 2/2 beam(s)
2026-05-25 22:41:50.624 +02:00 [INF] Map "d5c08240-0436-454a-8993-362abf5bc477": window light drew 2/2 beam(s)
2026-05-25 22:41:50.678 +02:00 [INF] Map "d5c08240-0436-454a-8993-362abf5bc477": window light drew 2/2 beam(s)
2026-05-25 22:41:50.732 +02:00 [INF] Map "d5c08240-0436-454a-8993-362abf5bc477": window light drew 2/2 beam(s)
2026-05-25 22:41:50.787 +02:00 [INF] Map "d5c08240-0436-454a-8993-362abf5bc477": window light drew 2/2 beam(s)
2026-05-25 22:41:50.841 +02:00 [INF] Map "d5c08240-0436-454a-8993-362abf5bc477": window light drew 2/2 beam(s)
2026-05-25 22:41:50.896 +02:00 [INF] Map "d5c08240-0436-454a-8993-362abf5bc477": window light drew 2/2 beam(s)
2026-05-25 22:41:50.959 +02:00 [INF] Map "d5c08240-0436-454a-8993-362abf5bc477": window light drew 2/2 beam(s)
2026-05-25 22:41:51.013 +02:00 [INF] Map "d5c08240-0436-454a-8993-362abf5bc477": window light drew 2/2 beam(s)
2026-05-25 22:41:51.068 +02:00 [INF] Map "d5c08240-0436-454a-8993-362abf5bc477": window light drew 2/2 beam(s)
2026-05-25 22:41:51.137 +02:00 [INF] Map "d5c08240-0436-454a-8993-362abf5bc477": window light drew 2/2 beam(s)
2026-05-25 22:41:51.192 +02:00 [INF] Map "d5c08240-0436-454a-8993-362abf5bc477": window light drew 2/2 beam(s)
2026-05-25 22:41:51.247 +02:00 [INF] Map "d5c08240-0436-454a-8993-362abf5bc477": window light drew 2/2 beam(s)
2026-05-25 22:41:51.301 +02:00 [INF] Map "d5c08240-0436-454a-8993-362abf5bc477": window light drew 2/2 beam(s)
2026-05-25 22:41:51.356 +02:00 [INF] Map "d5c08240-0436-454a-8993-362abf5bc477": window light drew 2/2 beam(s)
2026-05-25 22:41:51.410 +02:00 [INF] Map "d5c08240-0436-454a-8993-362abf5bc477": window light drew 2/2 beam(s)
2026-05-25 22:41:51.464 +02:00 [INF] Map "d5c08240-0436-454a-8993-362abf5bc477": window light drew 2/2 beam(s)
2026-05-25 22:41:51.519 +02:00 [INF] Map "d5c08240-0436-454a-8993-362abf5bc477": window light drew 2/2 beam(s)
2026-05-25 22:41:51.573 +02:00 [INF] Map "d5c08240-0436-454a-8993-362abf5bc477": window light drew 2/2 beam(s)
2026-05-25 22:41:51.641 +02:00 [INF] Map "d5c08240-0436-454a-8993-362abf5bc477": window light drew 2/2 beam(s)
2026-05-25 22:41:51.696 +02:00 [INF] Map "d5c08240-0436-454a-8993-362abf5bc477": window light drew 2/2 beam(s)
2026-05-25 22:41:51.750 +02:00 [INF] Map "d5c08240-0436-454a-8993-362abf5bc477": window light drew 2/2 beam(s)
2026-05-25 22:41:51.805 +02:00 [INF] Map "d5c08240-0436-454a-8993-362abf5bc477": window light drew 2/2 beam(s)
2026-05-25 22:41:51.859 +02:00 [INF] Map "d5c08240-0436-454a-8993-362abf5bc477": window light drew 2/2 beam(s)
2026-05-25 22:41:51.914 +02:00 [INF] Map "d5c08240-0436-454a-8993-362abf5bc477": window light drew 2/2 beam(s)
2026-05-25 22:41:51.971 +02:00 [INF] Map "d5c08240-0436-454a-8993-362abf5bc477": window light drew 2/2 beam(s)
2026-05-25 22:41:52.030 +02:00 [INF] Map "d5c08240-0436-454a-8993-362abf5bc477": window light drew 2/2 beam(s)
2026-05-25 22:41:52.085 +02:00 [INF] Map "d5c08240-0436-454a-8993-362abf5bc477": window light drew 2/2 beam(s)
2026-05-25 22:41:52.155 +02:00 [INF] Map "d5c08240-0436-454a-8993-362abf5bc477": window light drew 2/2 beam(s)
2026-05-25 22:41:52.211 +02:00 [INF] Map "d5c08240-0436-454a-8993-362abf5bc477": window light drew 2/2 beam(s)
2026-05-25 22:41:52.266 +02:00 [INF] Map "d5c08240-0436-454a-8993-362abf5bc477": window light drew 2/2 beam(s)
2026-05-25 22:41:52.327 +02:00 [INF] Map "d5c08240-0436-454a-8993-362abf5bc477": window light drew 2/2 beam(s)
2026-05-25 22:41:52.382 +02:00 [INF] Map "d5c08240-0436-454a-8993-362abf5bc477": window light drew 2/2 beam(s)
2026-05-25 22:41:52.437 +02:00 [INF] Map "d5c08240-0436-454a-8993-362abf5bc477": window light drew 2/2 beam(s)
2026-05-25 22:41:52.492 +02:00 [INF] Map "d5c08240-0436-454a-8993-362abf5bc477": window light drew 2/2 beam(s)
2026-05-25 22:41:52.546 +02:00 [INF] Map "d5c08240-0436-454a-8993-362abf5bc477": window light drew 2/2 beam(s)
2026-05-25 22:41:52.602 +02:00 [INF] Map "d5c08240-0436-454a-8993-362abf5bc477": window light drew 2/2 beam(s)
2026-05-25 22:41:52.670 +02:00 [INF] Map "d5c08240-0436-454a-8993-362abf5bc477": window light drew 2/2 beam(s)
2026-05-25 22:41:52.725 +02:00 [INF] Map "d5c08240-0436-454a-8993-362abf5bc477": window light drew 2/2 beam(s)
2026-05-25 22:41:52.779 +02:00 [INF] Map "d5c08240-0436-454a-8993-362abf5bc477": window light drew 2/2 beam(s)
2026-05-25 22:41:52.834 +02:00 [INF] Map "d5c08240-0436-454a-8993-362abf5bc477": window light drew 2/2 beam(s)
2026-05-25 22:41:52.888 +02:00 [INF] Map "d5c08240-0436-454a-8993-362abf5bc477": window light drew 2/2 beam(s)
2026-05-25 22:41:52.943 +02:00 [INF] Map "d5c08240-0436-454a-8993-362abf5bc477": window light drew 2/2 beam(s)
2026-05-25 22:41:52.999 +02:00 [INF] Map "d5c08240-0436-454a-8993-362abf5bc477": window light drew 2/2 beam(s)
2026-05-25 22:41:53.055 +02:00 [INF] Map "d5c08240-0436-454a-8993-362abf5bc477": window light drew 2/2 beam(s)
2026-05-25 22:41:53.110 +02:00 [INF] Map "d5c08240-0436-454a-8993-362abf5bc477": window light drew 2/2 beam(s)
2026-05-25 22:41:53.179 +02:00 [INF] Map "d5c08240-0436-454a-8993-362abf5bc477": window light drew 2/2 beam(s)
2026-05-25 22:41:53.233 +02:00 [INF] Map "d5c08240-0436-454a-8993-362abf5bc477": window light drew 2/2 beam(s)
2026-05-25 22:41:53.288 +02:00 [INF] Map "d5c08240-0436-454a-8993-362abf5bc477": window light drew 2/2 beam(s)
2026-05-25 22:41:53.342 +02:00 [INF] Map "d5c08240-0436-454a-8993-362abf5bc477": window light drew 2/2 beam(s)
2026-05-25 22:41:53.397 +02:00 [INF] Map "d5c08240-0436-454a-8993-362abf5bc477": window light drew 2/2 beam(s)
2026-05-25 22:41:53.452 +02:00 [INF] Map "d5c08240-0436-454a-8993-362abf5bc477": window light drew 2/2 beam(s)
2026-05-25 22:41:53.506 +02:00 [INF] Map "d5c08240-0436-454a-8993-362abf5bc477": window light drew 2/2 beam(s)
2026-05-25 22:41:53.561 +02:00 [INF] Map "d5c08240-0436-454a-8993-362abf5bc477": window light drew 2/2 beam(s)
2026-05-25 22:41:53.616 +02:00 [INF] Map "d5c08240-0436-454a-8993-362abf5bc477": window light drew 2/2 beam(s)
2026-05-25 22:41:53.699 +02:00 [INF] Map "d5c08240-0436-454a-8993-362abf5bc477": window light drew 2/2 beam(s)
2026-05-25 22:41:53.758 +02:00 [INF] Map "d5c08240-0436-454a-8993-362abf5bc477": window light drew 2/2 beam(s)
2026-05-25 22:41:53.812 +02:00 [INF] Map "d5c08240-0436-454a-8993-362abf5bc477": window light drew 2/2 beam(s)
2026-05-25 22:41:53.867 +02:00 [INF] Map "d5c08240-0436-454a-8993-362abf5bc477": window light drew 2/2 beam(s)
2026-05-25 22:41:53.921 +02:00 [INF] Map "d5c08240-0436-454a-8993-362abf5bc477": window light drew 2/2 beam(s)
2026-05-25 22:41:53.976 +02:00 [INF] Map "d5c08240-0436-454a-8993-362abf5bc477": window light drew 2/2 beam(s)
2026-05-25 22:41:54.031 +02:00 [INF] Map "d5c08240-0436-454a-8993-362abf5bc477": window light drew 2/2 beam(s)
2026-05-25 22:41:54.086 +02:00 [INF] Map "d5c08240-0436-454a-8993-362abf5bc477": window light drew 2/2 beam(s)
2026-05-25 22:41:54.143 +02:00 [INF] Map "d5c08240-0436-454a-8993-362abf5bc477": window light drew 2/2 beam(s)
2026-05-25 22:41:54.211 +02:00 [INF] Map "d5c08240-0436-454a-8993-362abf5bc477": window light drew 2/2 beam(s)
2026-05-25 22:41:54.266 +02:00 [INF] Map "d5c08240-0436-454a-8993-362abf5bc477": window light drew 2/2 beam(s)
2026-05-25 22:41:54.320 +02:00 [INF] Map "d5c08240-0436-454a-8993-362abf5bc477": window light drew 2/2 beam(s)
2026-05-25 22:41:54.376 +02:00 [INF] Map "d5c08240-0436-454a-8993-362abf5bc477": window light drew 2/2 beam(s)
2026-05-25 22:41:54.430 +02:00 [INF] Map "d5c08240-0436-454a-8993-362abf5bc477": window light drew 2/2 beam(s)
2026-05-25 22:41:54.485 +02:00 [INF] Map "d5c08240-0436-454a-8993-362abf5bc477": window light drew 2/2 beam(s)
2026-05-25 22:41:54.539 +02:00 [INF] Map "d5c08240-0436-454a-8993-362abf5bc477": window light drew 2/2 beam(s)
2026-05-25 22:41:54.594 +02:00 [INF] Map "d5c08240-0436-454a-8993-362abf5bc477": window light drew 2/2 beam(s)
2026-05-25 22:41:54.648 +02:00 [INF] Map "d5c08240-0436-454a-8993-362abf5bc477": window light drew 2/2 beam(s)
2026-05-25 22:41:54.716 +02:00 [INF] Map "d5c08240-0436-454a-8993-362abf5bc477": window light drew 2/2 beam(s)
2026-05-25 22:41:54.771 +02:00 [INF] Map "d5c08240-0436-454a-8993-362abf5bc477": window light drew 2/2 beam(s)
2026-05-25 22:41:54.826 +02:00 [INF] Map "d5c08240-0436-454a-8993-362abf5bc477": window light drew 2/2 beam(s)
2026-05-25 22:41:54.880 +02:00 [INF] Map "d5c08240-0436-454a-8993-362abf5bc477": window light drew 2/2 beam(s)
2026-05-25 22:41:54.935 +02:00 [INF] Map "d5c08240-0436-454a-8993-362abf5bc477": window light drew 2/2 beam(s)
2026-05-25 22:41:54.990 +02:00 [INF] Map "d5c08240-0436-454a-8993-362abf5bc477": window light drew 2/2 beam(s)
2026-05-25 22:41:55.054 +02:00 [INF] Map "d5c08240-0436-454a-8993-362abf5bc477": window light drew 2/2 beam(s)
2026-05-25 22:41:55.109 +02:00 [INF] Map "d5c08240-0436-454a-8993-362abf5bc477": window light drew 2/2 beam(s)
2026-05-25 22:41:55.165 +02:00 [INF] Map "d5c08240-0436-454a-8993-362abf5bc477": window light drew 2/2 beam(s)
2026-05-25 22:41:55.233 +02:00 [INF] Map "d5c08240-0436-454a-8993-362abf5bc477": window light drew 2/2 beam(s)
2026-05-25 22:41:55.287 +02:00 [INF] Map "d5c08240-0436-454a-8993-362abf5bc477": window light drew 2/2 beam(s)
2026-05-25 22:41:55.341 +02:00 [INF] Map "d5c08240-0436-454a-8993-362abf5bc477": window light drew 2/2 beam(s)
2026-05-25 22:41:55.396 +02:00 [INF] Map "d5c08240-0436-454a-8993-362abf5bc477": window light drew 2/2 beam(s)
2026-05-25 22:41:55.452 +02:00 [INF] Map "d5c08240-0436-454a-8993-362abf5bc477": window light drew 2/2 beam(s)
2026-05-25 22:41:55.507 +02:00 [INF] Map "d5c08240-0436-454a-8993-362abf5bc477": window light drew 2/2 beam(s)
2026-05-25 22:41:55.562 +02:00 [INF] Map "d5c08240-0436-454a-8993-362abf5bc477": window light drew 2/2 beam(s)
2026-05-25 22:41:55.618 +02:00 [INF] Map "d5c08240-0436-454a-8993-362abf5bc477": window light drew 2/2 beam(s)
2026-05-25 22:41:55.673 +02:00 [INF] Map "d5c08240-0436-454a-8993-362abf5bc477": window light drew 2/2 beam(s)
2026-05-25 22:41:55.740 +02:00 [INF] Map "d5c08240-0436-454a-8993-362abf5bc477": window light drew 2/2 beam(s)
2026-05-25 22:41:55.795 +02:00 [INF] Map "d5c08240-0436-454a-8993-362abf5bc477": window light drew 2/2 beam(s)
2026-05-25 22:41:55.850 +02:00 [INF] Map "d5c08240-0436-454a-8993-362abf5bc477": window light drew 2/2 beam(s)
2026-05-25 22:41:55.905 +02:00 [INF] Map "d5c08240-0436-454a-8993-362abf5bc477": window light drew 2/2 beam(s)
2026-05-25 22:41:55.959 +02:00 [INF] Map "d5c08240-0436-454a-8993-362abf5bc477": window light drew 2/2 beam(s)
2026-05-25 22:41:56.014 +02:00 [INF] Map "d5c08240-0436-454a-8993-362abf5bc477": window light drew 2/2 beam(s)
2026-05-25 22:41:56.069 +02:00 [INF] Map "d5c08240-0436-454a-8993-362abf5bc477": window light drew 2/2 beam(s)
2026-05-25 22:41:56.124 +02:00 [INF] Map "d5c08240-0436-454a-8993-362abf5bc477": window light drew 2/2 beam(s)
2026-05-25 22:41:56.179 +02:00 [INF] Map "d5c08240-0436-454a-8993-362abf5bc477": window light drew 2/2 beam(s)
2026-05-25 22:41:56.249 +02:00 [INF] Map "d5c08240-0436-454a-8993-362abf5bc477": window light drew 2/2 beam(s)
2026-05-25 22:41:56.303 +02:00 [INF] Map "d5c08240-0436-454a-8993-362abf5bc477": window light drew 2/2 beam(s)
2026-05-25 22:41:56.359 +02:00 [INF] Map "d5c08240-0436-454a-8993-362abf5bc477": window light drew 2/2 beam(s)
2026-05-25 22:41:56.423 +02:00 [INF] Map "d5c08240-0436-454a-8993-362abf5bc477": window light drew 2/2 beam(s)
2026-05-25 22:41:56.478 +02:00 [INF] Map "d5c08240-0436-454a-8993-362abf5bc477": window light drew 2/2 beam(s)
2026-05-25 22:41:56.533 +02:00 [INF] Map "d5c08240-0436-454a-8993-362abf5bc477": window light drew 2/2 beam(s)
2026-05-25 22:41:56.587 +02:00 [INF] Map "d5c08240-0436-454a-8993-362abf5bc477": window light drew 2/2 beam(s)
2026-05-25 22:41:56.642 +02:00 [INF] Map "d5c08240-0436-454a-8993-362abf5bc477": window light drew 2/2 beam(s)
2026-05-25 22:41:56.698 +02:00 [INF] Map "d5c08240-0436-454a-8993-362abf5bc477": window light drew 2/2 beam(s)
2026-05-25 22:41:56.766 +02:00 [INF] Map "d5c08240-0436-454a-8993-362abf5bc477": window light drew 2/2 beam(s)
2026-05-25 22:41:56.821 +02:00 [INF] Map "d5c08240-0436-454a-8993-362abf5bc477": window light drew 2/2 beam(s)
2026-05-25 22:41:56.877 +02:00 [INF] Map "d5c08240-0436-454a-8993-362abf5bc477": window light drew 2/2 beam(s)
2026-05-25 22:41:56.932 +02:00 [INF] Map "d5c08240-0436-454a-8993-362abf5bc477": window light drew 2/2 beam(s)
2026-05-25 22:41:56.987 +02:00 [INF] Map "d5c08240-0436-454a-8993-362abf5bc477": window light drew 2/2 beam(s)
2026-05-25 22:41:57.043 +02:00 [INF] Map "d5c08240-0436-454a-8993-362abf5bc477": window light drew 2/2 beam(s)
2026-05-25 22:41:57.098 +02:00 [INF] Map "d5c08240-0436-454a-8993-362abf5bc477": window light drew 2/2 beam(s)
2026-05-25 22:41:57.152 +02:00 [INF] Map "d5c08240-0436-454a-8993-362abf5bc477": window light drew 2/2 beam(s)
2026-05-25 22:41:57.207 +02:00 [INF] Map "d5c08240-0436-454a-8993-362abf5bc477": window light drew 2/2 beam(s)
2026-05-25 22:41:57.275 +02:00 [INF] Map "d5c08240-0436-454a-8993-362abf5bc477": window light drew 2/2 beam(s)
2026-05-25 22:41:57.329 +02:00 [INF] Map "d5c08240-0436-454a-8993-362abf5bc477": window light drew 2/2 beam(s)
2026-05-25 22:41:57.384 +02:00 [INF] Map "d5c08240-0436-454a-8993-362abf5bc477": window light drew 2/2 beam(s)
2026-05-25 22:41:57.440 +02:00 [INF] Map "d5c08240-0436-454a-8993-362abf5bc477": window light drew 2/2 beam(s)
2026-05-25 22:41:57.495 +02:00 [INF] Map "d5c08240-0436-454a-8993-362abf5bc477": window light drew 2/2 beam(s)
2026-05-25 22:41:57.550 +02:00 [INF] Map "d5c08240-0436-454a-8993-362abf5bc477": window light drew 2/2 beam(s)
2026-05-25 22:41:57.604 +02:00 [INF] Map "d5c08240-0436-454a-8993-362abf5bc477": window light drew 2/2 beam(s)
2026-05-25 22:41:57.659 +02:00 [INF] Map "d5c08240-0436-454a-8993-362abf5bc477": window light drew 2/2 beam(s)
2026-05-25 22:41:57.714 +02:00 [INF] Map "d5c08240-0436-454a-8993-362abf5bc477": window light drew 2/2 beam(s)
2026-05-25 22:41:57.784 +02:00 [INF] Map "d5c08240-0436-454a-8993-362abf5bc477": window light drew 2/2 beam(s)
2026-05-25 22:41:57.839 +02:00 [INF] Map "d5c08240-0436-454a-8993-362abf5bc477": window light drew 2/2 beam(s)
2026-05-25 22:41:57.893 +02:00 [INF] Map "d5c08240-0436-454a-8993-362abf5bc477": window light drew 2/2 beam(s)
2026-05-25 22:41:57.948 +02:00 [INF] Map "d5c08240-0436-454a-8993-362abf5bc477": window light drew 2/2 beam(s)
2026-05-25 22:41:58.003 +02:00 [INF] Map "d5c08240-0436-454a-8993-362abf5bc477": window light drew 2/2 beam(s)
2026-05-25 22:41:58.058 +02:00 [INF] Map "d5c08240-0436-454a-8993-362abf5bc477": window light drew 2/2 beam(s)
2026-05-25 22:41:58.114 +02:00 [INF] Map "d5c08240-0436-454a-8993-362abf5bc477": window light drew 2/2 beam(s)
2026-05-25 22:41:58.169 +02:00 [INF] Map "d5c08240-0436-454a-8993-362abf5bc477": window light drew 2/2 beam(s)
2026-05-25 22:41:58.224 +02:00 [INF] Map "d5c08240-0436-454a-8993-362abf5bc477": window light drew 2/2 beam(s)
2026-05-25 22:41:58.292 +02:00 [INF] Map "d5c08240-0436-454a-8993-362abf5bc477": window light drew 2/2 beam(s)
2026-05-25 22:41:58.347 +02:00 [INF] Map "d5c08240-0436-454a-8993-362abf5bc477": window light drew 2/2 beam(s)
2026-05-25 22:41:58.403 +02:00 [INF] Map "d5c08240-0436-454a-8993-362abf5bc477": window light drew 2/2 beam(s)
2026-05-25 22:41:58.457 +02:00 [INF] Map "d5c08240-0436-454a-8993-362abf5bc477": window light drew 2/2 beam(s)
2026-05-25 22:41:58.512 +02:00 [INF] Map "d5c08240-0436-454a-8993-362abf5bc477": window light drew 2/2 beam(s)
2026-05-25 22:41:58.568 +02:00 [INF] Map "d5c08240-0436-454a-8993-362abf5bc477": window light drew 2/2 beam(s)
2026-05-25 22:41:58.625 +02:00 [INF] Map "d5c08240-0436-454a-8993-362abf5bc477": window light drew 2/2 beam(s)
2026-05-25 22:41:58.681 +02:00 [INF] Map "d5c08240-0436-454a-8993-362abf5bc477": window light drew 2/2 beam(s)
2026-05-25 22:41:58.736 +02:00 [INF] Map "d5c08240-0436-454a-8993-362abf5bc477": window light drew 2/2 beam(s)
2026-05-25 22:41:58.804 +02:00 [INF] Map "d5c08240-0436-454a-8993-362abf5bc477": window light drew 2/2 beam(s)
2026-05-25 22:41:58.859 +02:00 [INF] Map "d5c08240-0436-454a-8993-362abf5bc477": window light drew 2/2 beam(s)
2026-05-25 22:41:58.913 +02:00 [INF] Map "d5c08240-0436-454a-8993-362abf5bc477": window light drew 2/2 beam(s)
2026-05-25 22:41:58.969 +02:00 [INF] Map "d5c08240-0436-454a-8993-362abf5bc477": window light drew 2/2 beam(s)
2026-05-25 22:41:59.024 +02:00 [INF] Map "d5c08240-0436-454a-8993-362abf5bc477": window light drew 2/2 beam(s)
2026-05-25 22:41:59.079 +02:00 [INF] Map "d5c08240-0436-454a-8993-362abf5bc477": window light drew 2/2 beam(s)
2026-05-25 22:41:59.145 +02:00 [INF] Map "d5c08240-0436-454a-8993-362abf5bc477": window light drew 2/2 beam(s)
2026-05-25 22:41:59.204 +02:00 [INF] Map "d5c08240-0436-454a-8993-362abf5bc477": window light drew 2/2 beam(s)
2026-05-25 22:41:59.261 +02:00 [INF] Map "d5c08240-0436-454a-8993-362abf5bc477": window light drew 2/2 beam(s)
2026-05-25 22:41:59.331 +02:00 [INF] Map "d5c08240-0436-454a-8993-362abf5bc477": window light drew 2/2 beam(s)
2026-05-25 22:41:59.387 +02:00 [INF] Map "d5c08240-0436-454a-8993-362abf5bc477": window light drew 2/2 beam(s)
2026-05-25 22:41:59.442 +02:00 [INF] Map "d5c08240-0436-454a-8993-362abf5bc477": window light drew 2/2 beam(s)
2026-05-25 22:41:59.497 +02:00 [INF] Map "d5c08240-0436-454a-8993-362abf5bc477": window light drew 2/2 beam(s)
2026-05-25 22:41:59.552 +02:00 [INF] Map "d5c08240-0436-454a-8993-362abf5bc477": window light drew 2/2 beam(s)
2026-05-25 22:41:59.606 +02:00 [INF] Map "d5c08240-0436-454a-8993-362abf5bc477": window light drew 2/2 beam(s)
2026-05-25 22:41:59.661 +02:00 [INF] Map "d5c08240-0436-454a-8993-362abf5bc477": window light drew 2/2 beam(s)
2026-05-25 22:41:59.716 +02:00 [INF] Map "d5c08240-0436-454a-8993-362abf5bc477": window light drew 2/2 beam(s)
2026-05-25 22:41:59.771 +02:00 [INF] Map "d5c08240-0436-454a-8993-362abf5bc477": window light drew 2/2 beam(s)
2026-05-25 22:41:59.839 +02:00 [INF] Map "d5c08240-0436-454a-8993-362abf5bc477": window light drew 2/2 beam(s)
2026-05-25 22:41:59.894 +02:00 [INF] Map "d5c08240-0436-454a-8993-362abf5bc477": window light drew 2/2 beam(s)
2026-05-25 22:41:59.949 +02:00 [INF] Map "d5c08240-0436-454a-8993-362abf5bc477": window light drew 2/2 beam(s)
2026-05-25 22:42:00.003 +02:00 [INF] Map "d5c08240-0436-454a-8993-362abf5bc477": window light drew 2/2 beam(s)
2026-05-25 22:42:00.062 +02:00 [INF] Map "d5c08240-0436-454a-8993-362abf5bc477": window light drew 2/2 beam(s)
2026-05-25 22:42:00.116 +02:00 [INF] Map "d5c08240-0436-454a-8993-362abf5bc477": window light drew 2/2 beam(s)
2026-05-25 22:42:00.173 +02:00 [INF] Map "d5c08240-0436-454a-8993-362abf5bc477": window light drew 2/2 beam(s)
2026-05-25 22:42:00.228 +02:00 [INF] Map "d5c08240-0436-454a-8993-362abf5bc477": window light drew 2/2 beam(s)
2026-05-25 22:42:00.284 +02:00 [INF] Map "d5c08240-0436-454a-8993-362abf5bc477": window light drew 2/2 beam(s)
2026-05-25 22:42:00.352 +02:00 [INF] Map "d5c08240-0436-454a-8993-362abf5bc477": window light drew 2/2 beam(s)
2026-05-25 22:42:00.407 +02:00 [INF] Map "d5c08240-0436-454a-8993-362abf5bc477": window light drew 2/2 beam(s)
2026-05-25 22:42:00.462 +02:00 [INF] Map "d5c08240-0436-454a-8993-362abf5bc477": window light drew 2/2 beam(s)
2026-05-25 22:42:00.516 +02:00 [INF] Map "d5c08240-0436-454a-8993-362abf5bc477": window light drew 2/2 beam(s)
2026-05-25 22:42:00.571 +02:00 [INF] Map "d5c08240-0436-454a-8993-362abf5bc477": window light drew 2/2 beam(s)
2026-05-25 22:42:00.625 +02:00 [INF] Map "d5c08240-0436-454a-8993-362abf5bc477": window light drew 2/2 beam(s)
2026-05-25 22:42:00.681 +02:00 [INF] Map "d5c08240-0436-454a-8993-362abf5bc477": window light drew 2/2 beam(s)
2026-05-25 22:42:00.737 +02:00 [INF] Map "d5c08240-0436-454a-8993-362abf5bc477": window light drew 2/2 beam(s)
2026-05-25 22:42:00.791 +02:00 [INF] Map "d5c08240-0436-454a-8993-362abf5bc477": window light drew 2/2 beam(s)
2026-05-25 22:42:00.859 +02:00 [INF] Map "d5c08240-0436-454a-8993-362abf5bc477": window light drew 2/2 beam(s)
2026-05-25 22:42:00.913 +02:00 [INF] Map "d5c08240-0436-454a-8993-362abf5bc477": window light drew 2/2 beam(s)
2026-05-25 22:42:00.968 +02:00 [INF] Map "d5c08240-0436-454a-8993-362abf5bc477": window light drew 2/2 beam(s)
2026-05-25 22:42:01.025 +02:00 [INF] Map "d5c08240-0436-454a-8993-362abf5bc477": window light drew 2/2 beam(s)
2026-05-25 22:42:01.081 +02:00 [INF] Map "d5c08240-0436-454a-8993-362abf5bc477": window light drew 2/2 beam(s)
2026-05-25 22:42:01.137 +02:00 [INF] Map "d5c08240-0436-454a-8993-362abf5bc477": window light drew 2/2 beam(s)
2026-05-25 22:42:01.192 +02:00 [INF] Map "d5c08240-0436-454a-8993-362abf5bc477": window light drew 2/2 beam(s)
2026-05-25 22:42:01.246 +02:00 [INF] Map "d5c08240-0436-454a-8993-362abf5bc477": window light drew 2/2 beam(s)
2026-05-25 22:42:01.302 +02:00 [INF] Map "d5c08240-0436-454a-8993-362abf5bc477": window light drew 2/2 beam(s)
2026-05-25 22:42:01.370 +02:00 [INF] Map "d5c08240-0436-454a-8993-362abf5bc477": window light drew 2/2 beam(s)
2026-05-25 22:42:01.425 +02:00 [INF] Map "d5c08240-0436-454a-8993-362abf5bc477": window light drew 2/2 beam(s)
2026-05-25 22:42:01.481 +02:00 [INF] Map "d5c08240-0436-454a-8993-362abf5bc477": window light drew 2/2 beam(s)
2026-05-25 22:42:01.536 +02:00 [INF] Map "d5c08240-0436-454a-8993-362abf5bc477": window light drew 2/2 beam(s)
2026-05-25 22:42:01.590 +02:00 [INF] Map "d5c08240-0436-454a-8993-362abf5bc477": window light drew 2/2 beam(s)
2026-05-25 22:42:01.645 +02:00 [INF] Map "d5c08240-0436-454a-8993-362abf5bc477": window light drew 2/2 beam(s)
2026-05-25 22:42:01.700 +02:00 [INF] Map "d5c08240-0436-454a-8993-362abf5bc477": window light drew 2/2 beam(s)
2026-05-25 22:42:01.755 +02:00 [INF] Map "d5c08240-0436-454a-8993-362abf5bc477": window light drew 2/2 beam(s)
2026-05-25 22:42:01.810 +02:00 [INF] Map "d5c08240-0436-454a-8993-362abf5bc477": window light drew 2/2 beam(s)
2026-05-25 22:42:01.880 +02:00 [INF] Map "d5c08240-0436-454a-8993-362abf5bc477": window light drew 2/2 beam(s)
2026-05-25 22:42:01.934 +02:00 [INF] Map "d5c08240-0436-454a-8993-362abf5bc477": window light drew 2/2 beam(s)
2026-05-25 22:42:01.992 +02:00 [INF] Map "d5c08240-0436-454a-8993-362abf5bc477": window light drew 2/2 beam(s)
2026-05-25 22:42:02.048 +02:00 [INF] Map "d5c08240-0436-454a-8993-362abf5bc477": window light drew 2/2 beam(s)
2026-05-25 22:42:02.103 +02:00 [INF] Map "d5c08240-0436-454a-8993-362abf5bc477": window light drew 2/2 beam(s)
2026-05-25 22:42:02.158 +02:00 [INF] Map "d5c08240-0436-454a-8993-362abf5bc477": window light drew 2/2 beam(s)
2026-05-25 22:42:02.213 +02:00 [INF] Map "d5c08240-0436-454a-8993-362abf5bc477": window light drew 2/2 beam(s)
2026-05-25 22:42:02.269 +02:00 [INF] Map "d5c08240-0436-454a-8993-362abf5bc477": window light drew 2/2 beam(s)
2026-05-25 22:42:02.324 +02:00 [INF] Map "d5c08240-0436-454a-8993-362abf5bc477": window light drew 2/2 beam(s)
2026-05-25 22:42:02.392 +02:00 [INF] Map "d5c08240-0436-454a-8993-362abf5bc477": window light drew 2/2 beam(s)
2026-05-25 22:42:02.447 +02:00 [INF] Map "d5c08240-0436-454a-8993-362abf5bc477": window light drew 2/2 beam(s)
2026-05-25 22:42:02.502 +02:00 [INF] Map "d5c08240-0436-454a-8993-362abf5bc477": window light drew 2/2 beam(s)
2026-05-25 22:42:02.557 +02:00 [INF] Map "d5c08240-0436-454a-8993-362abf5bc477": window light drew 2/2 beam(s)
2026-05-25 22:42:02.612 +02:00 [INF] Map "d5c08240-0436-454a-8993-362abf5bc477": window light drew 2/2 beam(s)
2026-05-25 22:42:02.666 +02:00 [INF] Map "d5c08240-0436-454a-8993-362abf5bc477": window light drew 2/2 beam(s)
2026-05-25 22:42:02.720 +02:00 [INF] Map "d5c08240-0436-454a-8993-362abf5bc477": window light drew 2/2 beam(s)
2026-05-25 22:42:02.776 +02:00 [INF] Map "d5c08240-0436-454a-8993-362abf5bc477": window light drew 2/2 beam(s)
2026-05-25 22:42:02.834 +02:00 [INF] Map "d5c08240-0436-454a-8993-362abf5bc477": window light drew 2/2 beam(s)
2026-05-25 22:42:02.902 +02:00 [INF] Map "d5c08240-0436-454a-8993-362abf5bc477": window light drew 2/2 beam(s)
2026-05-25 22:42:02.957 +02:00 [INF] Map "d5c08240-0436-454a-8993-362abf5bc477": window light drew 2/2 beam(s)
2026-05-25 22:42:03.012 +02:00 [INF] Map "d5c08240-0436-454a-8993-362abf5bc477": window light drew 2/2 beam(s)
2026-05-25 22:42:03.068 +02:00 [INF] Map "d5c08240-0436-454a-8993-362abf5bc477": window light drew 2/2 beam(s)
2026-05-25 22:42:03.125 +02:00 [INF] Map "d5c08240-0436-454a-8993-362abf5bc477": window light drew 2/2 beam(s)
2026-05-25 22:42:03.183 +02:00 [INF] Map "d5c08240-0436-454a-8993-362abf5bc477": window light drew 2/2 beam(s)
2026-05-25 22:42:03.240 +02:00 [INF] Map "d5c08240-0436-454a-8993-362abf5bc477": window light drew 2/2 beam(s)
2026-05-25 22:42:03.295 +02:00 [INF] Map "d5c08240-0436-454a-8993-362abf5bc477": window light drew 2/2 beam(s)
2026-05-25 22:42:03.349 +02:00 [INF] Map "d5c08240-0436-454a-8993-362abf5bc477": window light drew 2/2 beam(s)
2026-05-25 22:42:03.417 +02:00 [INF] Map "d5c08240-0436-454a-8993-362abf5bc477": window light drew 2/2 beam(s)
2026-05-25 22:42:03.472 +02:00 [INF] Map "d5c08240-0436-454a-8993-362abf5bc477": window light drew 2/2 beam(s)
2026-05-25 22:42:03.527 +02:00 [INF] Map "d5c08240-0436-454a-8993-362abf5bc477": window light drew 2/2 beam(s)
2026-05-25 22:42:03.581 +02:00 [INF] Map "d5c08240-0436-454a-8993-362abf5bc477": window light drew 2/2 beam(s)
2026-05-25 22:42:03.636 +02:00 [INF] Map "d5c08240-0436-454a-8993-362abf5bc477": window light drew 2/2 beam(s)
2026-05-25 22:42:03.690 +02:00 [INF] Map "d5c08240-0436-454a-8993-362abf5bc477": window light drew 2/2 beam(s)
2026-05-25 22:42:03.746 +02:00 [INF] Map "d5c08240-0436-454a-8993-362abf5bc477": window light drew 2/2 beam(s)
2026-05-25 22:42:03.801 +02:00 [INF] Map "d5c08240-0436-454a-8993-362abf5bc477": window light drew 2/2 beam(s)
2026-05-25 22:42:03.857 +02:00 [INF] Map "d5c08240-0436-454a-8993-362abf5bc477": window light drew 2/2 beam(s)
2026-05-25 22:42:03.924 +02:00 [INF] Map "d5c08240-0436-454a-8993-362abf5bc477": window light drew 2/2 beam(s)
2026-05-25 22:42:03.979 +02:00 [INF] Map "d5c08240-0436-454a-8993-362abf5bc477": window light drew 2/2 beam(s)
2026-05-25 22:42:04.034 +02:00 [INF] Map "d5c08240-0436-454a-8993-362abf5bc477": window light drew 2/2 beam(s)
2026-05-25 22:42:04.089 +02:00 [INF] Map "d5c08240-0436-454a-8993-362abf5bc477": window light drew 2/2 beam(s)
2026-05-25 22:42:04.143 +02:00 [INF] Map "d5c08240-0436-454a-8993-362abf5bc477": window light drew 2/2 beam(s)
2026-05-25 22:42:04.198 +02:00 [INF] Map "d5c08240-0436-454a-8993-362abf5bc477": window light drew 2/2 beam(s)
2026-05-25 22:42:04.253 +02:00 [INF] Map "d5c08240-0436-454a-8993-362abf5bc477": window light drew 2/2 beam(s)
2026-05-25 22:42:04.308 +02:00 [INF] Map "d5c08240-0436-454a-8993-362abf5bc477": window light drew 2/2 beam(s)
2026-05-25 22:42:04.364 +02:00 [INF] Map "d5c08240-0436-454a-8993-362abf5bc477": window light drew 2/2 beam(s)
2026-05-25 22:42:04.432 +02:00 [INF] Map "d5c08240-0436-454a-8993-362abf5bc477": window light drew 2/2 beam(s)
2026-05-25 22:42:04.486 +02:00 [INF] Map "d5c08240-0436-454a-8993-362abf5bc477": window light drew 2/2 beam(s)
2026-05-25 22:42:04.540 +02:00 [INF] Map "d5c08240-0436-454a-8993-362abf5bc477": window light drew 2/2 beam(s)
2026-05-25 22:42:04.601 +02:00 [INF] Map "d5c08240-0436-454a-8993-362abf5bc477": window light drew 2/2 beam(s)
2026-05-25 22:42:04.656 +02:00 [INF] Map "d5c08240-0436-454a-8993-362abf5bc477": window light drew 2/2 beam(s)
2026-05-25 22:42:04.710 +02:00 [INF] Map "d5c08240-0436-454a-8993-362abf5bc477": window light drew 2/2 beam(s)
2026-05-25 22:42:04.767 +02:00 [INF] Map "d5c08240-0436-454a-8993-362abf5bc477": window light drew 2/2 beam(s)
2026-05-25 22:42:04.822 +02:00 [INF] Map "d5c08240-0436-454a-8993-362abf5bc477": window light drew 2/2 beam(s)
2026-05-25 22:42:04.877 +02:00 [INF] Map "d5c08240-0436-454a-8993-362abf5bc477": window light drew 2/2 beam(s)
2026-05-25 22:42:04.945 +02:00 [INF] Map "d5c08240-0436-454a-8993-362abf5bc477": window light drew 2/2 beam(s)
2026-05-25 22:42:05.000 +02:00 [INF] Map "d5c08240-0436-454a-8993-362abf5bc477": window light drew 2/2 beam(s)
2026-05-25 22:42:05.055 +02:00 [INF] Map "d5c08240-0436-454a-8993-362abf5bc477": window light drew 2/2 beam(s)
2026-05-25 22:42:05.109 +02:00 [INF] Map "d5c08240-0436-454a-8993-362abf5bc477": window light drew 2/2 beam(s)
2026-05-25 22:42:05.164 +02:00 [INF] Map "d5c08240-0436-454a-8993-362abf5bc477": window light drew 2/2 beam(s)
2026-05-25 22:42:05.219 +02:00 [INF] Map "d5c08240-0436-454a-8993-362abf5bc477": window light drew 2/2 beam(s)
2026-05-25 22:42:05.274 +02:00 [INF] Map "d5c08240-0436-454a-8993-362abf5bc477": window light drew 2/2 beam(s)
2026-05-25 22:42:05.329 +02:00 [INF] Map "d5c08240-0436-454a-8993-362abf5bc477": window light drew 2/2 beam(s)
2026-05-25 22:42:05.384 +02:00 [INF] Map "d5c08240-0436-454a-8993-362abf5bc477": window light drew 2/2 beam(s)
2026-05-25 22:42:05.453 +02:00 [INF] Map "d5c08240-0436-454a-8993-362abf5bc477": window light drew 2/2 beam(s)
2026-05-25 22:42:05.507 +02:00 [INF] Map "d5c08240-0436-454a-8993-362abf5bc477": window light drew 2/2 beam(s)
2026-05-25 22:42:05.563 +02:00 [INF] Map "d5c08240-0436-454a-8993-362abf5bc477": window light drew 2/2 beam(s)
2026-05-25 22:42:05.618 +02:00 [INF] Map "d5c08240-0436-454a-8993-362abf5bc477": window light drew 2/2 beam(s)
2026-05-25 22:42:05.672 +02:00 [INF] Map "d5c08240-0436-454a-8993-362abf5bc477": window light drew 2/2 beam(s)
2026-05-25 22:42:05.727 +02:00 [INF] Map "d5c08240-0436-454a-8993-362abf5bc477": window light drew 2/2 beam(s)
2026-05-25 22:42:05.783 +02:00 [INF] Map "d5c08240-0436-454a-8993-362abf5bc477": window light drew 2/2 beam(s)
2026-05-25 22:42:05.837 +02:00 [INF] Map "d5c08240-0436-454a-8993-362abf5bc477": window light drew 2/2 beam(s)
2026-05-25 22:42:05.892 +02:00 [INF] Map "d5c08240-0436-454a-8993-362abf5bc477": window light drew 2/2 beam(s)
2026-05-25 22:42:05.964 +02:00 [INF] Map "d5c08240-0436-454a-8993-362abf5bc477": window light drew 2/2 beam(s)
2026-05-25 22:42:06.019 +02:00 [INF] Map "d5c08240-0436-454a-8993-362abf5bc477": window light drew 2/2 beam(s)
2026-05-25 22:42:06.074 +02:00 [INF] Map "d5c08240-0436-454a-8993-362abf5bc477": window light drew 2/2 beam(s)
2026-05-25 22:42:06.129 +02:00 [INF] Map "d5c08240-0436-454a-8993-362abf5bc477": window light drew 2/2 beam(s)
2026-05-25 22:42:06.184 +02:00 [INF] Map "d5c08240-0436-454a-8993-362abf5bc477": window light drew 2/2 beam(s)
2026-05-25 22:42:06.239 +02:00 [INF] Map "d5c08240-0436-454a-8993-362abf5bc477": window light drew 2/2 beam(s)
2026-05-25 22:42:06.293 +02:00 [INF] Map "d5c08240-0436-454a-8993-362abf5bc477": window light drew 2/2 beam(s)
2026-05-25 22:42:06.349 +02:00 [INF] Map "d5c08240-0436-454a-8993-362abf5bc477": window light drew 2/2 beam(s)
2026-05-25 22:42:06.404 +02:00 [INF] Map "d5c08240-0436-454a-8993-362abf5bc477": window light drew 2/2 beam(s)
2026-05-25 22:42:06.472 +02:00 [INF] Map "d5c08240-0436-454a-8993-362abf5bc477": window light drew 2/2 beam(s)
2026-05-25 22:42:06.528 +02:00 [INF] Map "d5c08240-0436-454a-8993-362abf5bc477": window light drew 2/2 beam(s)
2026-05-25 22:42:06.583 +02:00 [INF] Map "d5c08240-0436-454a-8993-362abf5bc477": window light drew 2/2 beam(s)
2026-05-25 22:42:06.637 +02:00 [INF] Map "d5c08240-0436-454a-8993-362abf5bc477": window light drew 2/2 beam(s)
2026-05-25 22:42:06.692 +02:00 [INF] Map "d5c08240-0436-454a-8993-362abf5bc477": window light drew 2/2 beam(s)
2026-05-25 22:42:06.747 +02:00 [INF] Map "d5c08240-0436-454a-8993-362abf5bc477": window light drew 2/2 beam(s)
2026-05-25 22:42:06.802 +02:00 [INF] Map "d5c08240-0436-454a-8993-362abf5bc477": window light drew 2/2 beam(s)
2026-05-25 22:42:06.857 +02:00 [INF] Map "d5c08240-0436-454a-8993-362abf5bc477": window light drew 2/2 beam(s)
2026-05-25 22:42:06.912 +02:00 [INF] Map "d5c08240-0436-454a-8993-362abf5bc477": window light drew 2/2 beam(s)
2026-05-25 22:42:06.981 +02:00 [INF] Map "d5c08240-0436-454a-8993-362abf5bc477": window light drew 2/2 beam(s)
2026-05-25 22:42:07.036 +02:00 [INF] Map "d5c08240-0436-454a-8993-362abf5bc477": window light drew 2/2 beam(s)
2026-05-25 22:42:07.091 +02:00 [INF] Map "d5c08240-0436-454a-8993-362abf5bc477": window light drew 2/2 beam(s)
2026-05-25 22:42:07.147 +02:00 [INF] Map "d5c08240-0436-454a-8993-362abf5bc477": window light drew 2/2 beam(s)
2026-05-25 22:42:07.202 +02:00 [INF] Map "d5c08240-0436-454a-8993-362abf5bc477": window light drew 2/2 beam(s)
2026-05-25 22:42:07.257 +02:00 [INF] Map "d5c08240-0436-454a-8993-362abf5bc477": window light drew 2/2 beam(s)
2026-05-25 22:42:07.322 +02:00 [INF] Map "d5c08240-0436-454a-8993-362abf5bc477": window light drew 2/2 beam(s)
2026-05-25 22:42:07.376 +02:00 [INF] Map "d5c08240-0436-454a-8993-362abf5bc477": window light drew 2/2 beam(s)
2026-05-25 22:42:07.431 +02:00 [INF] Map "d5c08240-0436-454a-8993-362abf5bc477": window light drew 2/2 beam(s)
2026-05-25 22:42:07.499 +02:00 [INF] Map "d5c08240-0436-454a-8993-362abf5bc477": window light drew 2/2 beam(s)
2026-05-25 22:42:07.553 +02:00 [INF] Map "d5c08240-0436-454a-8993-362abf5bc477": window light drew 2/2 beam(s)
2026-05-25 22:42:07.608 +02:00 [INF] Map "d5c08240-0436-454a-8993-362abf5bc477": window light drew 2/2 beam(s)
2026-05-25 22:42:07.663 +02:00 [INF] Map "d5c08240-0436-454a-8993-362abf5bc477": window light drew 2/2 beam(s)
2026-05-25 22:42:07.718 +02:00 [INF] Map "d5c08240-0436-454a-8993-362abf5bc477": window light drew 2/2 beam(s)
2026-05-25 22:42:07.773 +02:00 [INF] Map "d5c08240-0436-454a-8993-362abf5bc477": window light drew 2/2 beam(s)
2026-05-25 22:42:07.828 +02:00 [INF] Map "d5c08240-0436-454a-8993-362abf5bc477": window light drew 2/2 beam(s)
2026-05-25 22:42:07.884 +02:00 [INF] Map "d5c08240-0436-454a-8993-362abf5bc477": window light drew 2/2 beam(s)
2026-05-25 22:42:07.939 +02:00 [INF] Map "d5c08240-0436-454a-8993-362abf5bc477": window light drew 2/2 beam(s)
2026-05-25 22:42:08.007 +02:00 [INF] Map "d5c08240-0436-454a-8993-362abf5bc477": window light drew 2/2 beam(s)
2026-05-25 22:42:08.061 +02:00 [INF] Map "d5c08240-0436-454a-8993-362abf5bc477": window light drew 2/2 beam(s)
2026-05-25 22:42:08.116 +02:00 [INF] Map "d5c08240-0436-454a-8993-362abf5bc477": window light drew 2/2 beam(s)
2026-05-25 22:42:08.171 +02:00 [INF] Map "d5c08240-0436-454a-8993-362abf5bc477": window light drew 2/2 beam(s)
2026-05-25 22:42:08.227 +02:00 [INF] Map "d5c08240-0436-454a-8993-362abf5bc477": window light drew 2/2 beam(s)
2026-05-25 22:42:08.282 +02:00 [INF] Map "d5c08240-0436-454a-8993-362abf5bc477": window light drew 2/2 beam(s)
2026-05-25 22:42:08.337 +02:00 [INF] Map "d5c08240-0436-454a-8993-362abf5bc477": window light drew 2/2 beam(s)
2026-05-25 22:42:08.392 +02:00 [INF] Map "d5c08240-0436-454a-8993-362abf5bc477": window light drew 2/2 beam(s)
2026-05-25 22:42:08.448 +02:00 [INF] Map "d5c08240-0436-454a-8993-362abf5bc477": window light drew 2/2 beam(s)
2026-05-25 22:42:08.516 +02:00 [INF] Map "d5c08240-0436-454a-8993-362abf5bc477": window light drew 2/2 beam(s)
2026-05-25 22:42:08.570 +02:00 [INF] Map "d5c08240-0436-454a-8993-362abf5bc477": window light drew 2/2 beam(s)
2026-05-25 22:42:08.625 +02:00 [INF] Map "d5c08240-0436-454a-8993-362abf5bc477": window light drew 2/2 beam(s)
2026-05-25 22:42:08.686 +02:00 [INF] Map "d5c08240-0436-454a-8993-362abf5bc477": window light drew 2/2 beam(s)
2026-05-25 22:42:08.742 +02:00 [INF] Map "d5c08240-0436-454a-8993-362abf5bc477": window light drew 2/2 beam(s)
2026-05-25 22:42:08.796 +02:00 [INF] Map "d5c08240-0436-454a-8993-362abf5bc477": window light drew 2/2 beam(s)
2026-05-25 22:42:08.851 +02:00 [INF] Map "d5c08240-0436-454a-8993-362abf5bc477": window light drew 2/2 beam(s)
2026-05-25 22:42:08.906 +02:00 [INF] Map "d5c08240-0436-454a-8993-362abf5bc477": window light drew 2/2 beam(s)
2026-05-25 22:42:08.961 +02:00 [INF] Map "d5c08240-0436-454a-8993-362abf5bc477": window light drew 2/2 beam(s)
2026-05-25 22:42:09.029 +02:00 [INF] Map "d5c08240-0436-454a-8993-362abf5bc477": window light drew 2/2 beam(s)
2026-05-25 22:42:09.084 +02:00 [INF] Map "d5c08240-0436-454a-8993-362abf5bc477": window light drew 2/2 beam(s)
2026-05-25 22:42:09.138 +02:00 [INF] Map "d5c08240-0436-454a-8993-362abf5bc477": window light drew 2/2 beam(s)
2026-05-25 22:42:09.194 +02:00 [INF] Map "d5c08240-0436-454a-8993-362abf5bc477": window light drew 2/2 beam(s)
2026-05-25 22:42:09.248 +02:00 [INF] Map "d5c08240-0436-454a-8993-362abf5bc477": window light drew 2/2 beam(s)
2026-05-25 22:42:09.304 +02:00 [INF] Map "d5c08240-0436-454a-8993-362abf5bc477": window light drew 2/2 beam(s)
2026-05-25 22:42:09.359 +02:00 [INF] Map "d5c08240-0436-454a-8993-362abf5bc477": window light drew 2/2 beam(s)
2026-05-25 22:42:09.414 +02:00 [INF] Map "d5c08240-0436-454a-8993-362abf5bc477": window light drew 2/2 beam(s)
2026-05-25 22:42:09.469 +02:00 [INF] Map "d5c08240-0436-454a-8993-362abf5bc477": window light drew 2/2 beam(s)
2026-05-25 22:42:09.539 +02:00 [INF] Map "d5c08240-0436-454a-8993-362abf5bc477": window light drew 2/2 beam(s)
2026-05-25 22:42:09.594 +02:00 [INF] Map "d5c08240-0436-454a-8993-362abf5bc477": window light drew 2/2 beam(s)
2026-05-25 22:42:09.649 +02:00 [INF] Map "d5c08240-0436-454a-8993-362abf5bc477": window light drew 2/2 beam(s)
2026-05-25 22:42:09.705 +02:00 [INF] Map "d5c08240-0436-454a-8993-362abf5bc477": window light drew 2/2 beam(s)
2026-05-25 22:42:09.760 +02:00 [INF] Map "d5c08240-0436-454a-8993-362abf5bc477": window light drew 2/2 beam(s)
2026-05-25 22:42:09.814 +02:00 [INF] Map "d5c08240-0436-454a-8993-362abf5bc477": window light drew 2/2 beam(s)
2026-05-25 22:42:09.870 +02:00 [INF] Map "d5c08240-0436-454a-8993-362abf5bc477": window light drew 2/2 beam(s)
2026-05-25 22:42:09.926 +02:00 [INF] Map "d5c08240-0436-454a-8993-362abf5bc477": window light drew 2/2 beam(s)
2026-05-25 22:42:09.981 +02:00 [INF] Map "d5c08240-0436-454a-8993-362abf5bc477": window light drew 2/2 beam(s)
2026-05-25 22:42:10.053 +02:00 [INF] Map "d5c08240-0436-454a-8993-362abf5bc477": window light drew 2/2 beam(s)
2026-05-25 22:42:10.107 +02:00 [INF] Map "d5c08240-0436-454a-8993-362abf5bc477": window light drew 2/2 beam(s)
2026-05-25 22:42:10.162 +02:00 [INF] Map "d5c08240-0436-454a-8993-362abf5bc477": window light drew 2/2 beam(s)
2026-05-25 22:42:10.217 +02:00 [INF] Map "d5c08240-0436-454a-8993-362abf5bc477": window light drew 2/2 beam(s)
2026-05-25 22:42:10.272 +02:00 [INF] Map "d5c08240-0436-454a-8993-362abf5bc477": window light drew 2/2 beam(s)
2026-05-25 22:42:10.326 +02:00 [INF] Map "d5c08240-0436-454a-8993-362abf5bc477": window light drew 2/2 beam(s)
2026-05-25 22:42:10.381 +02:00 [INF] Map "d5c08240-0436-454a-8993-362abf5bc477": window light drew 2/2 beam(s)
2026-05-25 22:42:10.436 +02:00 [INF] Map "d5c08240-0436-454a-8993-362abf5bc477": window light drew 2/2 beam(s)
2026-05-25 22:42:10.491 +02:00 [INF] Map "d5c08240-0436-454a-8993-362abf5bc477": window light drew 2/2 beam(s)
2026-05-25 22:42:10.559 +02:00 [INF] Map "d5c08240-0436-454a-8993-362abf5bc477": window light drew 2/2 beam(s)
2026-05-25 22:42:10.614 +02:00 [INF] Map "d5c08240-0436-454a-8993-362abf5bc477": window light drew 2/2 beam(s)
2026-05-25 22:42:10.668 +02:00 [INF] Map "d5c08240-0436-454a-8993-362abf5bc477": window light drew 2/2 beam(s)
2026-05-25 22:42:10.724 +02:00 [INF] Map "d5c08240-0436-454a-8993-362abf5bc477": window light drew 2/2 beam(s)
2026-05-25 22:42:10.779 +02:00 [INF] Map "d5c08240-0436-454a-8993-362abf5bc477": window light drew 2/2 beam(s)
2026-05-25 22:42:10.834 +02:00 [INF] Map "d5c08240-0436-454a-8993-362abf5bc477": window light drew 2/2 beam(s)
2026-05-25 22:42:10.889 +02:00 [INF] Map "d5c08240-0436-454a-8993-362abf5bc477": window light drew 2/2 beam(s)
2026-05-25 22:42:10.943 +02:00 [INF] Map "d5c08240-0436-454a-8993-362abf5bc477": window light drew 2/2 beam(s)
2026-05-25 22:42:10.997 +02:00 [INF] Map "d5c08240-0436-454a-8993-362abf5bc477": window light drew 2/2 beam(s)
2026-05-25 22:42:11.067 +02:00 [INF] Map "d5c08240-0436-454a-8993-362abf5bc477": window light drew 2/2 beam(s)
2026-05-25 22:42:11.126 +02:00 [INF] Map "d5c08240-0436-454a-8993-362abf5bc477": window light drew 2/2 beam(s)
2026-05-25 22:42:11.188 +02:00 [INF] Map "d5c08240-0436-454a-8993-362abf5bc477": window light drew 2/2 beam(s)
2026-05-25 22:42:11.243 +02:00 [INF] Map "d5c08240-0436-454a-8993-362abf5bc477": window light drew 2/2 beam(s)
2026-05-25 22:42:11.297 +02:00 [INF] Map "d5c08240-0436-454a-8993-362abf5bc477": window light drew 2/2 beam(s)
2026-05-25 22:42:11.353 +02:00 [INF] Map "d5c08240-0436-454a-8993-362abf5bc477": window light drew 2/2 beam(s)
2026-05-25 22:42:11.416 +02:00 [INF] Map "d5c08240-0436-454a-8993-362abf5bc477": window light drew 2/2 beam(s)
2026-05-25 22:42:11.471 +02:00 [INF] Map "d5c08240-0436-454a-8993-362abf5bc477": window light drew 2/2 beam(s)
2026-05-25 22:42:11.525 +02:00 [INF] Map "d5c08240-0436-454a-8993-362abf5bc477": window light drew 2/2 beam(s)
2026-05-25 22:42:11.594 +02:00 [INF] Map "d5c08240-0436-454a-8993-362abf5bc477": window light drew 2/2 beam(s)
2026-05-25 22:42:11.649 +02:00 [INF] Map "d5c08240-0436-454a-8993-362abf5bc477": window light drew 2/2 beam(s)
2026-05-25 22:42:11.706 +02:00 [INF] Map "d5c08240-0436-454a-8993-362abf5bc477": window light drew 2/2 beam(s)
2026-05-25 22:42:11.762 +02:00 [INF] Map "d5c08240-0436-454a-8993-362abf5bc477": window light drew 2/2 beam(s)
2026-05-25 22:42:11.817 +02:00 [INF] Map "d5c08240-0436-454a-8993-362abf5bc477": window light drew 2/2 beam(s)
2026-05-25 22:42:11.872 +02:00 [INF] Map "d5c08240-0436-454a-8993-362abf5bc477": window light drew 2/2 beam(s)
2026-05-25 22:42:11.927 +02:00 [INF] Map "d5c08240-0436-454a-8993-362abf5bc477": window light drew 2/2 beam(s)
2026-05-25 22:42:11.982 +02:00 [INF] Map "d5c08240-0436-454a-8993-362abf5bc477": window light drew 2/2 beam(s)
2026-05-25 22:42:12.036 +02:00 [INF] Map "d5c08240-0436-454a-8993-362abf5bc477": window light drew 2/2 beam(s)
2026-05-25 22:42:12.104 +02:00 [INF] Map "d5c08240-0436-454a-8993-362abf5bc477": window light drew 2/2 beam(s)
2026-05-25 22:42:12.159 +02:00 [INF] Map "d5c08240-0436-454a-8993-362abf5bc477": window light drew 2/2 beam(s)
2026-05-25 22:42:12.215 +02:00 [INF] Map "d5c08240-0436-454a-8993-362abf5bc477": window light drew 2/2 beam(s)
2026-05-25 22:42:12.270 +02:00 [INF] Map "d5c08240-0436-454a-8993-362abf5bc477": window light drew 2/2 beam(s)
2026-05-25 22:42:12.325 +02:00 [INF] Map "d5c08240-0436-454a-8993-362abf5bc477": window light drew 2/2 beam(s)
2026-05-25 22:42:12.379 +02:00 [INF] Map "d5c08240-0436-454a-8993-362abf5bc477": window light drew 2/2 beam(s)
2026-05-25 22:42:12.435 +02:00 [INF] Map "d5c08240-0436-454a-8993-362abf5bc477": window light drew 2/2 beam(s)
2026-05-25 22:42:12.490 +02:00 [INF] Map "d5c08240-0436-454a-8993-362abf5bc477": window light drew 2/2 beam(s)
2026-05-25 22:42:12.544 +02:00 [INF] Map "d5c08240-0436-454a-8993-362abf5bc477": window light drew 2/2 beam(s)
2026-05-25 22:42:12.612 +02:00 [INF] Map "d5c08240-0436-454a-8993-362abf5bc477": window light drew 2/2 beam(s)
2026-05-25 22:42:12.667 +02:00 [INF] Map "d5c08240-0436-454a-8993-362abf5bc477": window light drew 2/2 beam(s)
2026-05-25 22:42:12.722 +02:00 [INF] Map "d5c08240-0436-454a-8993-362abf5bc477": window light drew 2/2 beam(s)
2026-05-25 22:42:12.788 +02:00 [INF] Map "d5c08240-0436-454a-8993-362abf5bc477": window light drew 2/2 beam(s)
2026-05-25 22:42:12.843 +02:00 [INF] Map "d5c08240-0436-454a-8993-362abf5bc477": window light drew 2/2 beam(s)
2026-05-25 22:42:12.898 +02:00 [INF] Map "d5c08240-0436-454a-8993-362abf5bc477": window light drew 2/2 beam(s)
2026-05-25 22:42:12.954 +02:00 [INF] Map "d5c08240-0436-454a-8993-362abf5bc477": window light drew 2/2 beam(s)
2026-05-25 22:42:13.009 +02:00 [INF] Map "d5c08240-0436-454a-8993-362abf5bc477": window light drew 2/2 beam(s)
2026-05-25 22:42:13.064 +02:00 [INF] Map "d5c08240-0436-454a-8993-362abf5bc477": window light drew 2/2 beam(s)
2026-05-25 22:42:13.131 +02:00 [INF] Map "d5c08240-0436-454a-8993-362abf5bc477": window light drew 2/2 beam(s)
2026-05-25 22:42:13.187 +02:00 [INF] Map "d5c08240-0436-454a-8993-362abf5bc477": window light drew 2/2 beam(s)
2026-05-25 22:42:13.242 +02:00 [INF] Map "d5c08240-0436-454a-8993-362abf5bc477": window light drew 2/2 beam(s)
2026-05-25 22:42:13.297 +02:00 [INF] Map "d5c08240-0436-454a-8993-362abf5bc477": window light drew 2/2 beam(s)
2026-05-25 22:42:13.353 +02:00 [INF] Map "d5c08240-0436-454a-8993-362abf5bc477": window light drew 2/2 beam(s)
2026-05-25 22:42:13.408 +02:00 [INF] Map "d5c08240-0436-454a-8993-362abf5bc477": window light drew 2/2 beam(s)
2026-05-25 22:42:13.463 +02:00 [INF] Map "d5c08240-0436-454a-8993-362abf5bc477": window light drew 2/2 beam(s)
2026-05-25 22:42:13.519 +02:00 [INF] Map "d5c08240-0436-454a-8993-362abf5bc477": window light drew 2/2 beam(s)
2026-05-25 22:42:13.574 +02:00 [INF] Map "d5c08240-0436-454a-8993-362abf5bc477": window light drew 2/2 beam(s)
2026-05-25 22:42:13.642 +02:00 [INF] Map "d5c08240-0436-454a-8993-362abf5bc477": window light drew 2/2 beam(s)
2026-05-25 22:42:13.696 +02:00 [INF] Map "d5c08240-0436-454a-8993-362abf5bc477": window light drew 2/2 beam(s)
2026-05-25 22:42:13.753 +02:00 [INF] Map "d5c08240-0436-454a-8993-362abf5bc477": window light drew 2/2 beam(s)
2026-05-25 22:42:13.808 +02:00 [INF] Map "d5c08240-0436-454a-8993-362abf5bc477": window light drew 2/2 beam(s)
2026-05-25 22:42:13.864 +02:00 [INF] Map "d5c08240-0436-454a-8993-362abf5bc477": window light drew 2/2 beam(s)
2026-05-25 22:42:13.919 +02:00 [INF] Map "d5c08240-0436-454a-8993-362abf5bc477": window light drew 2/2 beam(s)
2026-05-25 22:42:13.974 +02:00 [INF] Map "d5c08240-0436-454a-8993-362abf5bc477": window light drew 2/2 beam(s)
2026-05-25 22:42:14.029 +02:00 [INF] Map "d5c08240-0436-454a-8993-362abf5bc477": window light drew 2/2 beam(s)
2026-05-25 22:42:14.085 +02:00 [INF] Map "d5c08240-0436-454a-8993-362abf5bc477": window light drew 2/2 beam(s)
2026-05-25 22:42:14.154 +02:00 [INF] Map "d5c08240-0436-454a-8993-362abf5bc477": window light drew 2/2 beam(s)
2026-05-25 22:42:14.209 +02:00 [INF] Map "d5c08240-0436-454a-8993-362abf5bc477": window light drew 2/2 beam(s)
2026-05-25 22:42:14.264 +02:00 [INF] Map "d5c08240-0436-454a-8993-362abf5bc477": window light drew 2/2 beam(s)
2026-05-25 22:42:14.318 +02:00 [INF] Map "d5c08240-0436-454a-8993-362abf5bc477": window light drew 2/2 beam(s)
2026-05-25 22:42:14.373 +02:00 [INF] Map "d5c08240-0436-454a-8993-362abf5bc477": window light drew 2/2 beam(s)
2026-05-25 22:42:14.428 +02:00 [INF] Map "d5c08240-0436-454a-8993-362abf5bc477": window light drew 2/2 beam(s)
2026-05-25 22:42:14.483 +02:00 [INF] Map "d5c08240-0436-454a-8993-362abf5bc477": window light drew 2/2 beam(s)
2026-05-25 22:42:14.538 +02:00 [INF] Map "d5c08240-0436-454a-8993-362abf5bc477": window light drew 2/2 beam(s)
2026-05-25 22:42:14.594 +02:00 [INF] Map "d5c08240-0436-454a-8993-362abf5bc477": window light drew 2/2 beam(s)
2026-05-25 22:42:14.661 +02:00 [INF] Map "d5c08240-0436-454a-8993-362abf5bc477": window light drew 2/2 beam(s)
2026-05-25 22:42:14.716 +02:00 [INF] Map "d5c08240-0436-454a-8993-362abf5bc477": window light drew 2/2 beam(s)
2026-05-25 22:42:14.771 +02:00 [INF] Map "d5c08240-0436-454a-8993-362abf5bc477": window light drew 2/2 beam(s)
2026-05-25 22:42:14.825 +02:00 [INF] Map "d5c08240-0436-454a-8993-362abf5bc477": window light drew 2/2 beam(s)
2026-05-25 22:42:14.880 +02:00 [INF] Map "d5c08240-0436-454a-8993-362abf5bc477": window light drew 2/2 beam(s)
2026-05-25 22:42:14.934 +02:00 [INF] Map "d5c08240-0436-454a-8993-362abf5bc477": window light drew 2/2 beam(s)
2026-05-25 22:42:14.989 +02:00 [INF] Map "d5c08240-0436-454a-8993-362abf5bc477": window light drew 2/2 beam(s)
2026-05-25 22:42:15.044 +02:00 [INF] Map "d5c08240-0436-454a-8993-362abf5bc477": window light drew 2/2 beam(s)
2026-05-25 22:42:15.100 +02:00 [INF] Map "d5c08240-0436-454a-8993-362abf5bc477": window light drew 2/2 beam(s)
2026-05-25 22:42:15.167 +02:00 [INF] Map "d5c08240-0436-454a-8993-362abf5bc477": window light drew 2/2 beam(s)
2026-05-25 22:42:15.222 +02:00 [INF] Map "d5c08240-0436-454a-8993-362abf5bc477": window light drew 2/2 beam(s)
2026-05-25 22:42:15.277 +02:00 [INF] Map "d5c08240-0436-454a-8993-362abf5bc477": window light drew 2/2 beam(s)
2026-05-25 22:42:15.332 +02:00 [INF] Map "d5c08240-0436-454a-8993-362abf5bc477": window light drew 2/2 beam(s)
2026-05-25 22:42:15.387 +02:00 [INF] Map "d5c08240-0436-454a-8993-362abf5bc477": window light drew 2/2 beam(s)
2026-05-25 22:42:15.443 +02:00 [INF] Map "d5c08240-0436-454a-8993-362abf5bc477": window light drew 2/2 beam(s)
2026-05-25 22:42:15.504 +02:00 [INF] Map "d5c08240-0436-454a-8993-362abf5bc477": window light drew 2/2 beam(s)
2026-05-25 22:42:15.559 +02:00 [INF] Map "d5c08240-0436-454a-8993-362abf5bc477": window light drew 2/2 beam(s)
2026-05-25 22:42:15.614 +02:00 [INF] Map "d5c08240-0436-454a-8993-362abf5bc477": window light drew 2/2 beam(s)
2026-05-25 22:42:15.682 +02:00 [INF] Map "d5c08240-0436-454a-8993-362abf5bc477": window light drew 2/2 beam(s)
2026-05-25 22:42:15.737 +02:00 [INF] Map "d5c08240-0436-454a-8993-362abf5bc477": window light drew 2/2 beam(s)
2026-05-25 22:42:15.792 +02:00 [INF] Map "d5c08240-0436-454a-8993-362abf5bc477": window light drew 2/2 beam(s)
2026-05-25 22:42:15.847 +02:00 [INF] Map "d5c08240-0436-454a-8993-362abf5bc477": window light drew 2/2 beam(s)
2026-05-25 22:42:15.902 +02:00 [INF] Map "d5c08240-0436-454a-8993-362abf5bc477": window light drew 2/2 beam(s)
2026-05-25 22:42:15.957 +02:00 [INF] Map "d5c08240-0436-454a-8993-362abf5bc477": window light drew 2/2 beam(s)
2026-05-25 22:42:16.012 +02:00 [INF] Map "d5c08240-0436-454a-8993-362abf5bc477": window light drew 2/2 beam(s)
2026-05-25 22:42:16.067 +02:00 [INF] Map "d5c08240-0436-454a-8993-362abf5bc477": window light drew 2/2 beam(s)
2026-05-25 22:42:16.121 +02:00 [INF] Map "d5c08240-0436-454a-8993-362abf5bc477": window light drew 2/2 beam(s)
2026-05-25 22:42:16.189 +02:00 [INF] Map "d5c08240-0436-454a-8993-362abf5bc477": window light drew 2/2 beam(s)
2026-05-25 22:42:16.245 +02:00 [INF] Map "d5c08240-0436-454a-8993-362abf5bc477": window light drew 2/2 beam(s)
2026-05-25 22:42:16.301 +02:00 [INF] Map "d5c08240-0436-454a-8993-362abf5bc477": window light drew 2/2 beam(s)
2026-05-25 22:42:16.356 +02:00 [INF] Map "d5c08240-0436-454a-8993-362abf5bc477": window light drew 2/2 beam(s)
2026-05-25 22:42:16.410 +02:00 [INF] Map "d5c08240-0436-454a-8993-362abf5bc477": window light drew 2/2 beam(s)
2026-05-25 22:42:16.465 +02:00 [INF] Map "d5c08240-0436-454a-8993-362abf5bc477": window light drew 2/2 beam(s)
2026-05-25 22:42:16.519 +02:00 [INF] Map "d5c08240-0436-454a-8993-362abf5bc477": window light drew 2/2 beam(s)
2026-05-25 22:42:16.574 +02:00 [INF] Map "d5c08240-0436-454a-8993-362abf5bc477": window light drew 2/2 beam(s)
2026-05-25 22:42:16.629 +02:00 [INF] Map "d5c08240-0436-454a-8993-362abf5bc477": window light drew 2/2 beam(s)
2026-05-25 22:42:16.697 +02:00 [INF] Map "d5c08240-0436-454a-8993-362abf5bc477": window light drew 2/2 beam(s)
2026-05-25 22:42:16.752 +02:00 [INF] Map "d5c08240-0436-454a-8993-362abf5bc477": window light drew 2/2 beam(s)
2026-05-25 22:42:16.807 +02:00 [INF] Map "d5c08240-0436-454a-8993-362abf5bc477": window light drew 2/2 beam(s)
2026-05-25 22:42:16.871 +02:00 [INF] Map "d5c08240-0436-454a-8993-362abf5bc477": window light drew 2/2 beam(s)
2026-05-25 22:42:16.926 +02:00 [INF] Map "d5c08240-0436-454a-8993-362abf5bc477": window light drew 2/2 beam(s)
2026-05-25 22:42:16.981 +02:00 [INF] Map "d5c08240-0436-454a-8993-362abf5bc477": window light drew 2/2 beam(s)
2026-05-25 22:42:17.036 +02:00 [INF] Map "d5c08240-0436-454a-8993-362abf5bc477": window light drew 2/2 beam(s)
2026-05-25 22:42:17.090 +02:00 [INF] Map "d5c08240-0436-454a-8993-362abf5bc477": window light drew 2/2 beam(s)
2026-05-25 22:42:17.147 +02:00 [INF] Map "d5c08240-0436-454a-8993-362abf5bc477": window light drew 2/2 beam(s)
2026-05-25 22:42:17.214 +02:00 [INF] Map "d5c08240-0436-454a-8993-362abf5bc477": window light drew 2/2 beam(s)
2026-05-25 22:42:17.270 +02:00 [INF] Map "d5c08240-0436-454a-8993-362abf5bc477": window light drew 2/2 beam(s)
2026-05-25 22:42:17.325 +02:00 [INF] Map "d5c08240-0436-454a-8993-362abf5bc477": window light drew 2/2 beam(s)
2026-05-25 22:42:17.380 +02:00 [INF] Map "d5c08240-0436-454a-8993-362abf5bc477": window light drew 2/2 beam(s)
2026-05-25 22:42:17.435 +02:00 [INF] Map "d5c08240-0436-454a-8993-362abf5bc477": window light drew 2/2 beam(s)
2026-05-25 22:42:17.489 +02:00 [INF] Map "d5c08240-0436-454a-8993-362abf5bc477": window light drew 2/2 beam(s)
2026-05-25 22:42:17.544 +02:00 [INF] Map "d5c08240-0436-454a-8993-362abf5bc477": window light drew 2/2 beam(s)
2026-05-25 22:42:17.599 +02:00 [INF] Map "d5c08240-0436-454a-8993-362abf5bc477": window light drew 2/2 beam(s)
2026-05-25 22:42:17.654 +02:00 [INF] Map "d5c08240-0436-454a-8993-362abf5bc477": window light drew 2/2 beam(s)
2026-05-25 22:42:17.722 +02:00 [INF] Map "d5c08240-0436-454a-8993-362abf5bc477": window light drew 2/2 beam(s)
2026-05-25 22:42:17.776 +02:00 [INF] Map "d5c08240-0436-454a-8993-362abf5bc477": window light drew 2/2 beam(s)
2026-05-25 22:42:17.831 +02:00 [INF] Map "d5c08240-0436-454a-8993-362abf5bc477": window light drew 2/2 beam(s)
2026-05-25 22:42:17.886 +02:00 [INF] Map "d5c08240-0436-454a-8993-362abf5bc477": window light drew 2/2 beam(s)
2026-05-25 22:42:17.941 +02:00 [INF] Map "d5c08240-0436-454a-8993-362abf5bc477": window light drew 2/2 beam(s)
2026-05-25 22:42:17.996 +02:00 [INF] Map "d5c08240-0436-454a-8993-362abf5bc477": window light drew 2/2 beam(s)
2026-05-25 22:42:18.051 +02:00 [INF] Map "d5c08240-0436-454a-8993-362abf5bc477": window light drew 2/2 beam(s)
2026-05-25 22:42:18.105 +02:00 [INF] Map "d5c08240-0436-454a-8993-362abf5bc477": window light drew 2/2 beam(s)
2026-05-25 22:42:18.159 +02:00 [INF] Map "d5c08240-0436-454a-8993-362abf5bc477": window light drew 2/2 beam(s)
2026-05-25 22:42:18.227 +02:00 [INF] Map "d5c08240-0436-454a-8993-362abf5bc477": window light drew 2/2 beam(s)
2026-05-25 22:42:18.283 +02:00 [INF] Map "d5c08240-0436-454a-8993-362abf5bc477": window light drew 2/2 beam(s)
2026-05-25 22:42:18.337 +02:00 [INF] Map "d5c08240-0436-454a-8993-362abf5bc477": window light drew 2/2 beam(s)
2026-05-25 22:42:18.392 +02:00 [INF] Map "d5c08240-0436-454a-8993-362abf5bc477": window light drew 2/2 beam(s)
2026-05-25 22:42:18.446 +02:00 [INF] Map "d5c08240-0436-454a-8993-362abf5bc477": window light drew 2/2 beam(s)
2026-05-25 22:42:18.501 +02:00 [INF] Map "d5c08240-0436-454a-8993-362abf5bc477": window light drew 2/2 beam(s)
2026-05-25 22:42:18.556 +02:00 [INF] Map "d5c08240-0436-454a-8993-362abf5bc477": window light drew 2/2 beam(s)
2026-05-25 22:42:18.610 +02:00 [INF] Map "d5c08240-0436-454a-8993-362abf5bc477": window light drew 2/2 beam(s)
2026-05-25 22:42:18.665 +02:00 [INF] Map "d5c08240-0436-454a-8993-362abf5bc477": window light drew 2/2 beam(s)
2026-05-25 22:42:18.732 +02:00 [INF] Map "d5c08240-0436-454a-8993-362abf5bc477": window light drew 2/2 beam(s)
2026-05-25 22:42:18.787 +02:00 [INF] Map "d5c08240-0436-454a-8993-362abf5bc477": window light drew 2/2 beam(s)
2026-05-25 22:42:18.841 +02:00 [INF] Map "d5c08240-0436-454a-8993-362abf5bc477": window light drew 2/2 beam(s)
2026-05-25 22:42:18.896 +02:00 [INF] Map "d5c08240-0436-454a-8993-362abf5bc477": window light drew 2/2 beam(s)
2026-05-25 22:42:18.951 +02:00 [INF] Map "d5c08240-0436-454a-8993-362abf5bc477": window light drew 2/2 beam(s)
2026-05-25 22:42:19.007 +02:00 [INF] Map "d5c08240-0436-454a-8993-362abf5bc477": window light drew 2/2 beam(s)
2026-05-25 22:42:19.063 +02:00 [INF] Map "d5c08240-0436-454a-8993-362abf5bc477": window light drew 2/2 beam(s)
2026-05-25 22:42:19.132 +02:00 [INF] Map "d5c08240-0436-454a-8993-362abf5bc477": window light drew 2/2 beam(s)
2026-05-25 22:42:19.193 +02:00 [INF] Map "d5c08240-0436-454a-8993-362abf5bc477": window light drew 2/2 beam(s)
2026-05-25 22:42:19.264 +02:00 [INF] Map "d5c08240-0436-454a-8993-362abf5bc477": window light drew 2/2 beam(s)
2026-05-25 22:42:19.322 +02:00 [INF] Map "d5c08240-0436-454a-8993-362abf5bc477": window light drew 2/2 beam(s)
2026-05-25 22:42:19.377 +02:00 [INF] Map "d5c08240-0436-454a-8993-362abf5bc477": window light drew 2/2 beam(s)
2026-05-25 22:42:19.432 +02:00 [INF] Map "d5c08240-0436-454a-8993-362abf5bc477": window light drew 2/2 beam(s)
2026-05-25 22:42:19.487 +02:00 [INF] Map "d5c08240-0436-454a-8993-362abf5bc477": window light drew 2/2 beam(s)
2026-05-25 22:42:19.541 +02:00 [INF] Map "d5c08240-0436-454a-8993-362abf5bc477": window light drew 2/2 beam(s)
2026-05-25 22:42:19.596 +02:00 [INF] Map "d5c08240-0436-454a-8993-362abf5bc477": window light drew 2/2 beam(s)
2026-05-25 22:42:19.651 +02:00 [INF] Map "d5c08240-0436-454a-8993-362abf5bc477": window light drew 2/2 beam(s)
2026-05-25 22:42:19.706 +02:00 [INF] Map "d5c08240-0436-454a-8993-362abf5bc477": window light drew 2/2 beam(s)
2026-05-25 22:42:19.774 +02:00 [INF] Map "d5c08240-0436-454a-8993-362abf5bc477": window light drew 2/2 beam(s)
2026-05-25 22:42:19.829 +02:00 [INF] Map "d5c08240-0436-454a-8993-362abf5bc477": window light drew 2/2 beam(s)
2026-05-25 22:42:19.886 +02:00 [INF] Map "d5c08240-0436-454a-8993-362abf5bc477": window light drew 2/2 beam(s)
2026-05-25 22:42:19.940 +02:00 [INF] Map "d5c08240-0436-454a-8993-362abf5bc477": window light drew 2/2 beam(s)
2026-05-25 22:42:19.995 +02:00 [INF] Map "d5c08240-0436-454a-8993-362abf5bc477": window light drew 2/2 beam(s)
2026-05-25 22:42:20.050 +02:00 [INF] Map "d5c08240-0436-454a-8993-362abf5bc477": window light drew 2/2 beam(s)
2026-05-25 22:42:20.105 +02:00 [INF] Map "d5c08240-0436-454a-8993-362abf5bc477": window light drew 2/2 beam(s)
2026-05-25 22:42:20.160 +02:00 [INF] Map "d5c08240-0436-454a-8993-362abf5bc477": window light drew 2/2 beam(s)
2026-05-25 22:42:20.215 +02:00 [INF] Map "d5c08240-0436-454a-8993-362abf5bc477": window light drew 2/2 beam(s)
2026-05-25 22:42:20.283 +02:00 [INF] Map "d5c08240-0436-454a-8993-362abf5bc477": window light drew 2/2 beam(s)
2026-05-25 22:42:20.339 +02:00 [INF] Map "d5c08240-0436-454a-8993-362abf5bc477": window light drew 2/2 beam(s)
2026-05-25 22:42:20.396 +02:00 [INF] Map "d5c08240-0436-454a-8993-362abf5bc477": window light drew 2/2 beam(s)
2026-05-25 22:42:20.451 +02:00 [INF] Map "d5c08240-0436-454a-8993-362abf5bc477": window light drew 2/2 beam(s)
2026-05-25 22:42:20.506 +02:00 [INF] Map "d5c08240-0436-454a-8993-362abf5bc477": window light drew 2/2 beam(s)
2026-05-25 22:42:20.561 +02:00 [INF] Map "d5c08240-0436-454a-8993-362abf5bc477": window light drew 2/2 beam(s)
2026-05-25 22:42:20.616 +02:00 [INF] Map "d5c08240-0436-454a-8993-362abf5bc477": window light drew 2/2 beam(s)
2026-05-25 22:42:20.671 +02:00 [INF] Map "d5c08240-0436-454a-8993-362abf5bc477": window light drew 2/2 beam(s)
2026-05-25 22:42:20.727 +02:00 [INF] Map "d5c08240-0436-454a-8993-362abf5bc477": window light drew 2/2 beam(s)
2026-05-25 22:42:20.794 +02:00 [INF] Map "d5c08240-0436-454a-8993-362abf5bc477": window light drew 2/2 beam(s)
2026-05-25 22:42:20.849 +02:00 [INF] Map "d5c08240-0436-454a-8993-362abf5bc477": window light drew 2/2 beam(s)
2026-05-25 22:42:20.904 +02:00 [INF] Map "d5c08240-0436-454a-8993-362abf5bc477": window light drew 2/2 beam(s)
2026-05-25 22:42:20.962 +02:00 [INF] Map "d5c08240-0436-454a-8993-362abf5bc477": window light drew 2/2 beam(s)
2026-05-25 22:42:21.017 +02:00 [INF] Map "d5c08240-0436-454a-8993-362abf5bc477": window light drew 2/2 beam(s)
2026-05-25 22:42:21.072 +02:00 [INF] Map "d5c08240-0436-454a-8993-362abf5bc477": window light drew 2/2 beam(s)
2026-05-25 22:42:21.128 +02:00 [INF] Map "d5c08240-0436-454a-8993-362abf5bc477": window light drew 2/2 beam(s)
2026-05-25 22:42:21.183 +02:00 [INF] Map "d5c08240-0436-454a-8993-362abf5bc477": window light drew 2/2 beam(s)
2026-05-25 22:42:21.238 +02:00 [INF] Map "d5c08240-0436-454a-8993-362abf5bc477": window light drew 2/2 beam(s)
2026-05-25 22:42:21.307 +02:00 [INF] Map "d5c08240-0436-454a-8993-362abf5bc477": window light drew 2/2 beam(s)
2026-05-25 22:42:21.362 +02:00 [INF] Map "d5c08240-0436-454a-8993-362abf5bc477": window light drew 2/2 beam(s)
2026-05-25 22:42:21.417 +02:00 [INF] Map "d5c08240-0436-454a-8993-362abf5bc477": window light drew 2/2 beam(s)
2026-05-25 22:42:21.472 +02:00 [INF] Map "d5c08240-0436-454a-8993-362abf5bc477": window light drew 2/2 beam(s)
2026-05-25 22:42:21.526 +02:00 [INF] Map "d5c08240-0436-454a-8993-362abf5bc477": window light drew 2/2 beam(s)
2026-05-25 22:42:21.581 +02:00 [INF] Map "d5c08240-0436-454a-8993-362abf5bc477": window light drew 2/2 beam(s)
2026-05-25 22:42:21.636 +02:00 [INF] Map "d5c08240-0436-454a-8993-362abf5bc477": window light drew 2/2 beam(s)
2026-05-25 22:42:21.691 +02:00 [INF] Map "d5c08240-0436-454a-8993-362abf5bc477": window light drew 2/2 beam(s)
2026-05-25 22:42:21.746 +02:00 [INF] Map "d5c08240-0436-454a-8993-362abf5bc477": window light drew 2/2 beam(s)
2026-05-25 22:42:21.814 +02:00 [INF] Map "d5c08240-0436-454a-8993-362abf5bc477": window light drew 2/2 beam(s)
2026-05-25 22:42:21.869 +02:00 [INF] Map "d5c08240-0436-454a-8993-362abf5bc477": window light drew 2/2 beam(s)
2026-05-25 22:42:21.924 +02:00 [INF] Map "d5c08240-0436-454a-8993-362abf5bc477": window light drew 2/2 beam(s)
2026-05-25 22:42:21.978 +02:00 [INF] Map "d5c08240-0436-454a-8993-362abf5bc477": window light drew 2/2 beam(s)
2026-05-25 22:42:22.034 +02:00 [INF] Map "d5c08240-0436-454a-8993-362abf5bc477": window light drew 2/2 beam(s)
2026-05-25 22:42:22.089 +02:00 [INF] Map "d5c08240-0436-454a-8993-362abf5bc477": window light drew 2/2 beam(s)
2026-05-25 22:42:22.145 +02:00 [INF] Map "d5c08240-0436-454a-8993-362abf5bc477": window light drew 2/2 beam(s)
2026-05-25 22:42:22.200 +02:00 [INF] Map "d5c08240-0436-454a-8993-362abf5bc477": window light drew 2/2 beam(s)
2026-05-25 22:42:22.254 +02:00 [INF] Map "d5c08240-0436-454a-8993-362abf5bc477": window light drew 2/2 beam(s)
2026-05-25 22:42:22.323 +02:00 [INF] Map "d5c08240-0436-454a-8993-362abf5bc477": window light drew 2/2 beam(s)
2026-05-25 22:42:22.382 +02:00 [INF] Map "d5c08240-0436-454a-8993-362abf5bc477": window light drew 2/2 beam(s)
2026-05-25 22:42:22.441 +02:00 [INF] Map "d5c08240-0436-454a-8993-362abf5bc477": window light drew 2/2 beam(s)
2026-05-25 22:42:22.496 +02:00 [INF] Map "d5c08240-0436-454a-8993-362abf5bc477": window light drew 2/2 beam(s)
2026-05-25 22:42:22.552 +02:00 [INF] Map "d5c08240-0436-454a-8993-362abf5bc477": window light drew 2/2 beam(s)
2026-05-25 22:42:22.607 +02:00 [INF] Map "d5c08240-0436-454a-8993-362abf5bc477": window light drew 2/2 beam(s)
2026-05-25 22:42:22.662 +02:00 [INF] Map "d5c08240-0436-454a-8993-362abf5bc477": window light drew 2/2 beam(s)
2026-05-25 22:42:22.718 +02:00 [INF] Map "d5c08240-0436-454a-8993-362abf5bc477": window light drew 2/2 beam(s)
2026-05-25 22:42:22.772 +02:00 [INF] Map "d5c08240-0436-454a-8993-362abf5bc477": window light drew 2/2 beam(s)
2026-05-25 22:42:22.840 +02:00 [INF] Map "d5c08240-0436-454a-8993-362abf5bc477": window light drew 2/2 beam(s)
2026-05-25 22:42:22.895 +02:00 [INF] Map "d5c08240-0436-454a-8993-362abf5bc477": window light drew 2/2 beam(s)
2026-05-25 22:42:22.950 +02:00 [INF] Map "d5c08240-0436-454a-8993-362abf5bc477": window light drew 2/2 beam(s)
2026-05-25 22:42:23.005 +02:00 [INF] Map "d5c08240-0436-454a-8993-362abf5bc477": window light drew 2/2 beam(s)
2026-05-25 22:42:23.060 +02:00 [INF] Map "d5c08240-0436-454a-8993-362abf5bc477": window light drew 2/2 beam(s)
2026-05-25 22:42:23.115 +02:00 [INF] Map "d5c08240-0436-454a-8993-362abf5bc477": window light drew 2/2 beam(s)
2026-05-25 22:42:23.169 +02:00 [INF] Map "d5c08240-0436-454a-8993-362abf5bc477": window light drew 2/2 beam(s)
2026-05-25 22:42:23.224 +02:00 [INF] Map "d5c08240-0436-454a-8993-362abf5bc477": window light drew 2/2 beam(s)
2026-05-25 22:42:23.279 +02:00 [INF] Map "d5c08240-0436-454a-8993-362abf5bc477": window light drew 2/2 beam(s)
2026-05-25 22:42:23.346 +02:00 [INF] Map "d5c08240-0436-454a-8993-362abf5bc477": window light drew 2/2 beam(s)
2026-05-25 22:42:23.401 +02:00 [INF] Map "d5c08240-0436-454a-8993-362abf5bc477": window light drew 2/2 beam(s)
2026-05-25 22:42:23.456 +02:00 [INF] Map "d5c08240-0436-454a-8993-362abf5bc477": window light drew 2/2 beam(s)
2026-05-25 22:42:23.510 +02:00 [INF] Map "d5c08240-0436-454a-8993-362abf5bc477": window light drew 2/2 beam(s)
2026-05-25 22:42:23.565 +02:00 [INF] Map "d5c08240-0436-454a-8993-362abf5bc477": window light drew 2/2 beam(s)
2026-05-25 22:42:23.619 +02:00 [INF] Map "d5c08240-0436-454a-8993-362abf5bc477": window light drew 2/2 beam(s)
2026-05-25 22:42:23.680 +02:00 [INF] Map "d5c08240-0436-454a-8993-362abf5bc477": window light drew 2/2 beam(s)
2026-05-25 22:42:23.735 +02:00 [INF] Map "d5c08240-0436-454a-8993-362abf5bc477": window light drew 2/2 beam(s)
2026-05-25 22:42:23.790 +02:00 [INF] Map "d5c08240-0436-454a-8993-362abf5bc477": window light drew 2/2 beam(s)
2026-05-25 22:42:23.859 +02:00 [INF] Map "d5c08240-0436-454a-8993-362abf5bc477": window light drew 2/2 beam(s)
2026-05-25 22:42:23.914 +02:00 [INF] Map "d5c08240-0436-454a-8993-362abf5bc477": window light drew 2/2 beam(s)
2026-05-25 22:42:23.968 +02:00 [INF] Map "d5c08240-0436-454a-8993-362abf5bc477": window light drew 2/2 beam(s)
2026-05-25 22:42:24.023 +02:00 [INF] Map "d5c08240-0436-454a-8993-362abf5bc477": window light drew 2/2 beam(s)
2026-05-25 22:42:24.078 +02:00 [INF] Map "d5c08240-0436-454a-8993-362abf5bc477": window light drew 2/2 beam(s)
2026-05-25 22:42:24.134 +02:00 [INF] Map "d5c08240-0436-454a-8993-362abf5bc477": window light drew 2/2 beam(s)
2026-05-25 22:42:24.189 +02:00 [INF] Map "d5c08240-0436-454a-8993-362abf5bc477": window light drew 2/2 beam(s)
2026-05-25 22:42:24.244 +02:00 [INF] Map "d5c08240-0436-454a-8993-362abf5bc477": window light drew 2/2 beam(s)
2026-05-25 22:42:24.300 +02:00 [INF] Map "d5c08240-0436-454a-8993-362abf5bc477": window light drew 2/2 beam(s)
2026-05-25 22:42:24.367 +02:00 [INF] Map "d5c08240-0436-454a-8993-362abf5bc477": window light drew 2/2 beam(s)
2026-05-25 22:42:24.422 +02:00 [INF] Map "d5c08240-0436-454a-8993-362abf5bc477": window light drew 2/2 beam(s)
2026-05-25 22:42:24.477 +02:00 [INF] Map "d5c08240-0436-454a-8993-362abf5bc477": window light drew 2/2 beam(s)
2026-05-25 22:42:24.532 +02:00 [INF] Map "d5c08240-0436-454a-8993-362abf5bc477": window light drew 2/2 beam(s)
2026-05-25 22:42:24.586 +02:00 [INF] Map "d5c08240-0436-454a-8993-362abf5bc477": window light drew 2/2 beam(s)
2026-05-25 22:42:24.642 +02:00 [INF] Map "d5c08240-0436-454a-8993-362abf5bc477": window light drew 2/2 beam(s)
2026-05-25 22:42:24.697 +02:00 [INF] Map "d5c08240-0436-454a-8993-362abf5bc477": window light drew 2/2 beam(s)
2026-05-25 22:42:24.753 +02:00 [INF] Map "d5c08240-0436-454a-8993-362abf5bc477": window light drew 2/2 beam(s)
2026-05-25 22:42:24.808 +02:00 [INF] Map "d5c08240-0436-454a-8993-362abf5bc477": window light drew 2/2 beam(s)
2026-05-25 22:42:24.876 +02:00 [INF] Map "d5c08240-0436-454a-8993-362abf5bc477": window light drew 2/2 beam(s)
2026-05-25 22:42:24.931 +02:00 [INF] Map "d5c08240-0436-454a-8993-362abf5bc477": window light drew 2/2 beam(s)
2026-05-25 22:42:24.986 +02:00 [INF] Map "d5c08240-0436-454a-8993-362abf5bc477": window light drew 2/2 beam(s)
2026-05-25 22:42:25.049 +02:00 [INF] Map "d5c08240-0436-454a-8993-362abf5bc477": window light drew 2/2 beam(s)
2026-05-25 22:42:25.104 +02:00 [INF] Map "d5c08240-0436-454a-8993-362abf5bc477": window light drew 2/2 beam(s)
2026-05-25 22:42:25.159 +02:00 [INF] Map "d5c08240-0436-454a-8993-362abf5bc477": window light drew 2/2 beam(s)
2026-05-25 22:42:25.214 +02:00 [INF] Map "d5c08240-0436-454a-8993-362abf5bc477": window light drew 2/2 beam(s)
2026-05-25 22:42:25.269 +02:00 [INF] Map "d5c08240-0436-454a-8993-362abf5bc477": window light drew 2/2 beam(s)
2026-05-25 22:42:25.324 +02:00 [INF] Map "d5c08240-0436-454a-8993-362abf5bc477": window light drew 2/2 beam(s)
2026-05-25 22:42:25.392 +02:00 [INF] Map "d5c08240-0436-454a-8993-362abf5bc477": window light drew 2/2 beam(s)
2026-05-25 22:42:25.447 +02:00 [INF] Map "d5c08240-0436-454a-8993-362abf5bc477": window light drew 2/2 beam(s)
2026-05-25 22:42:25.502 +02:00 [INF] Map "d5c08240-0436-454a-8993-362abf5bc477": window light drew 2/2 beam(s)
2026-05-25 22:42:25.557 +02:00 [INF] Map "d5c08240-0436-454a-8993-362abf5bc477": window light drew 2/2 beam(s)
2026-05-25 22:42:25.611 +02:00 [INF] Map "d5c08240-0436-454a-8993-362abf5bc477": window light drew 2/2 beam(s)
2026-05-25 22:42:25.665 +02:00 [INF] Map "d5c08240-0436-454a-8993-362abf5bc477": window light drew 2/2 beam(s)
2026-05-25 22:42:25.720 +02:00 [INF] Map "d5c08240-0436-454a-8993-362abf5bc477": window light drew 2/2 beam(s)
2026-05-25 22:42:25.774 +02:00 [INF] Map "d5c08240-0436-454a-8993-362abf5bc477": window light drew 2/2 beam(s)
2026-05-25 22:42:25.829 +02:00 [INF] Map "d5c08240-0436-454a-8993-362abf5bc477": window light drew 2/2 beam(s)
2026-05-25 22:42:25.898 +02:00 [INF] Map "d5c08240-0436-454a-8993-362abf5bc477": window light drew 2/2 beam(s)
2026-05-25 22:42:25.953 +02:00 [INF] Map "d5c08240-0436-454a-8993-362abf5bc477": window light drew 2/2 beam(s)
2026-05-25 22:42:26.008 +02:00 [INF] Map "d5c08240-0436-454a-8993-362abf5bc477": window light drew 2/2 beam(s)
2026-05-25 22:42:26.063 +02:00 [INF] Map "d5c08240-0436-454a-8993-362abf5bc477": window light drew 2/2 beam(s)
2026-05-25 22:42:26.118 +02:00 [INF] Map "d5c08240-0436-454a-8993-362abf5bc477": window light drew 2/2 beam(s)
2026-05-25 22:42:26.173 +02:00 [INF] Map "d5c08240-0436-454a-8993-362abf5bc477": window light drew 2/2 beam(s)
2026-05-25 22:42:26.228 +02:00 [INF] Map "d5c08240-0436-454a-8993-362abf5bc477": window light drew 2/2 beam(s)
2026-05-25 22:42:26.285 +02:00 [INF] Map "d5c08240-0436-454a-8993-362abf5bc477": window light drew 2/2 beam(s)
2026-05-25 22:42:26.345 +02:00 [INF] Map "d5c08240-0436-454a-8993-362abf5bc477": window light drew 2/2 beam(s)
2026-05-25 22:42:26.413 +02:00 [INF] Map "d5c08240-0436-454a-8993-362abf5bc477": window light drew 2/2 beam(s)
2026-05-25 22:42:26.469 +02:00 [INF] Map "d5c08240-0436-454a-8993-362abf5bc477": window light drew 2/2 beam(s)
2026-05-25 22:42:26.524 +02:00 [INF] Map "d5c08240-0436-454a-8993-362abf5bc477": window light drew 2/2 beam(s)
2026-05-25 22:42:26.579 +02:00 [INF] Map "d5c08240-0436-454a-8993-362abf5bc477": window light drew 2/2 beam(s)
2026-05-25 22:42:26.634 +02:00 [INF] Map "d5c08240-0436-454a-8993-362abf5bc477": window light drew 2/2 beam(s)
2026-05-25 22:42:26.689 +02:00 [INF] Map "d5c08240-0436-454a-8993-362abf5bc477": window light drew 2/2 beam(s)
2026-05-25 22:42:26.744 +02:00 [INF] Map "d5c08240-0436-454a-8993-362abf5bc477": window light drew 2/2 beam(s)
2026-05-25 22:42:26.799 +02:00 [INF] Map "d5c08240-0436-454a-8993-362abf5bc477": window light drew 2/2 beam(s)
2026-05-25 22:42:26.855 +02:00 [INF] Map "d5c08240-0436-454a-8993-362abf5bc477": window light drew 2/2 beam(s)
2026-05-25 22:42:26.923 +02:00 [INF] Map "d5c08240-0436-454a-8993-362abf5bc477": window light drew 2/2 beam(s)
2026-05-25 22:42:26.978 +02:00 [INF] Map "d5c08240-0436-454a-8993-362abf5bc477": window light drew 2/2 beam(s)
2026-05-25 22:42:27.033 +02:00 [INF] Map "d5c08240-0436-454a-8993-362abf5bc477": window light drew 2/2 beam(s)
2026-05-25 22:42:27.088 +02:00 [INF] Map "d5c08240-0436-454a-8993-362abf5bc477": window light drew 2/2 beam(s)
2026-05-25 22:42:27.143 +02:00 [INF] Map "d5c08240-0436-454a-8993-362abf5bc477": window light drew 2/2 beam(s)
2026-05-25 22:42:27.198 +02:00 [INF] Map "d5c08240-0436-454a-8993-362abf5bc477": window light drew 2/2 beam(s)
2026-05-25 22:42:27.254 +02:00 [INF] Map "d5c08240-0436-454a-8993-362abf5bc477": window light drew 2/2 beam(s)
2026-05-25 22:42:27.309 +02:00 [INF] Map "d5c08240-0436-454a-8993-362abf5bc477": window light drew 2/2 beam(s)
2026-05-25 22:42:27.364 +02:00 [INF] Map "d5c08240-0436-454a-8993-362abf5bc477": window light drew 2/2 beam(s)
2026-05-25 22:42:27.432 +02:00 [INF] Map "d5c08240-0436-454a-8993-362abf5bc477": window light drew 2/2 beam(s)
2026-05-25 22:42:27.489 +02:00 [INF] Map "d5c08240-0436-454a-8993-362abf5bc477": window light drew 2/2 beam(s)
2026-05-25 22:42:27.544 +02:00 [INF] Map "d5c08240-0436-454a-8993-362abf5bc477": window light drew 2/2 beam(s)
2026-05-25 22:42:27.598 +02:00 [INF] Map "d5c08240-0436-454a-8993-362abf5bc477": window light drew 2/2 beam(s)
2026-05-25 22:42:27.654 +02:00 [INF] Map "d5c08240-0436-454a-8993-362abf5bc477": window light drew 2/2 beam(s)
2026-05-25 22:42:27.709 +02:00 [INF] Map "d5c08240-0436-454a-8993-362abf5bc477": window light drew 2/2 beam(s)
2026-05-25 22:42:27.772 +02:00 [INF] Map "d5c08240-0436-454a-8993-362abf5bc477": window light drew 2/2 beam(s)
2026-05-25 22:42:27.827 +02:00 [INF] Map "d5c08240-0436-454a-8993-362abf5bc477": window light drew 2/2 beam(s)
2026-05-25 22:42:27.884 +02:00 [INF] Map "d5c08240-0436-454a-8993-362abf5bc477": window light drew 2/2 beam(s)
2026-05-25 22:42:27.952 +02:00 [INF] Map "d5c08240-0436-454a-8993-362abf5bc477": window light drew 2/2 beam(s)
2026-05-25 22:42:28.007 +02:00 [INF] Map "d5c08240-0436-454a-8993-362abf5bc477": window light drew 2/2 beam(s)
2026-05-25 22:42:28.062 +02:00 [INF] Map "d5c08240-0436-454a-8993-362abf5bc477": window light drew 2/2 beam(s)
2026-05-25 22:42:28.118 +02:00 [INF] Map "d5c08240-0436-454a-8993-362abf5bc477": window light drew 2/2 beam(s)
2026-05-25 22:42:28.173 +02:00 [INF] Map "d5c08240-0436-454a-8993-362abf5bc477": window light drew 2/2 beam(s)
2026-05-25 22:42:28.227 +02:00 [INF] Map "d5c08240-0436-454a-8993-362abf5bc477": window light drew 2/2 beam(s)
2026-05-25 22:42:28.281 +02:00 [INF] Map "d5c08240-0436-454a-8993-362abf5bc477": window light drew 2/2 beam(s)
2026-05-25 22:42:28.336 +02:00 [INF] Map "d5c08240-0436-454a-8993-362abf5bc477": window light drew 2/2 beam(s)
2026-05-25 22:42:28.390 +02:00 [INF] Map "d5c08240-0436-454a-8993-362abf5bc477": window light drew 2/2 beam(s)
2026-05-25 22:42:28.459 +02:00 [INF] Map "d5c08240-0436-454a-8993-362abf5bc477": window light drew 2/2 beam(s)
2026-05-25 22:42:28.514 +02:00 [INF] Map "d5c08240-0436-454a-8993-362abf5bc477": window light drew 2/2 beam(s)
2026-05-25 22:42:28.569 +02:00 [INF] Map "d5c08240-0436-454a-8993-362abf5bc477": window light drew 2/2 beam(s)
2026-05-25 22:42:28.623 +02:00 [INF] Map "d5c08240-0436-454a-8993-362abf5bc477": window light drew 2/2 beam(s)
2026-05-25 22:42:28.678 +02:00 [INF] Map "d5c08240-0436-454a-8993-362abf5bc477": window light drew 2/2 beam(s)
2026-05-25 22:42:28.732 +02:00 [INF] Map "d5c08240-0436-454a-8993-362abf5bc477": window light drew 2/2 beam(s)
2026-05-25 22:42:28.787 +02:00 [INF] Map "d5c08240-0436-454a-8993-362abf5bc477": window light drew 2/2 beam(s)
2026-05-25 22:42:28.842 +02:00 [INF] Map "d5c08240-0436-454a-8993-362abf5bc477": window light drew 2/2 beam(s)
2026-05-25 22:42:28.897 +02:00 [INF] Map "d5c08240-0436-454a-8993-362abf5bc477": window light drew 2/2 beam(s)
2026-05-25 22:42:28.965 +02:00 [INF] Map "d5c08240-0436-454a-8993-362abf5bc477": window light drew 2/2 beam(s)
2026-05-25 22:42:29.024 +02:00 [INF] Map "d5c08240-0436-454a-8993-362abf5bc477": window light drew 2/2 beam(s)
2026-05-25 22:42:29.079 +02:00 [INF] Map "d5c08240-0436-454a-8993-362abf5bc477": window light drew 2/2 beam(s)
2026-05-25 22:42:29.138 +02:00 [INF] Map "d5c08240-0436-454a-8993-362abf5bc477": window light drew 2/2 beam(s)
2026-05-25 22:42:29.195 +02:00 [INF] Map "d5c08240-0436-454a-8993-362abf5bc477": window light drew 2/2 beam(s)
2026-05-25 22:42:29.252 +02:00 [INF] Map "d5c08240-0436-454a-8993-362abf5bc477": window light drew 2/2 beam(s)
2026-05-25 22:42:29.309 +02:00 [INF] Map "d5c08240-0436-454a-8993-362abf5bc477": window light drew 2/2 beam(s)
2026-05-25 22:42:29.363 +02:00 [INF] Map "d5c08240-0436-454a-8993-362abf5bc477": window light drew 2/2 beam(s)
2026-05-25 22:42:29.419 +02:00 [INF] Map "d5c08240-0436-454a-8993-362abf5bc477": window light drew 2/2 beam(s)
2026-05-25 22:42:29.488 +02:00 [INF] Map "d5c08240-0436-454a-8993-362abf5bc477": window light drew 2/2 beam(s)
2026-05-25 22:42:29.543 +02:00 [INF] Map "d5c08240-0436-454a-8993-362abf5bc477": window light drew 2/2 beam(s)
2026-05-25 22:42:29.597 +02:00 [INF] Map "d5c08240-0436-454a-8993-362abf5bc477": window light drew 2/2 beam(s)
2026-05-25 22:42:29.652 +02:00 [INF] Map "d5c08240-0436-454a-8993-362abf5bc477": window light drew 2/2 beam(s)
2026-05-25 22:42:29.707 +02:00 [INF] Map "d5c08240-0436-454a-8993-362abf5bc477": window light drew 2/2 beam(s)
2026-05-25 22:42:29.762 +02:00 [INF] Map "d5c08240-0436-454a-8993-362abf5bc477": window light drew 2/2 beam(s)
2026-05-25 22:42:29.817 +02:00 [INF] Map "d5c08240-0436-454a-8993-362abf5bc477": window light drew 2/2 beam(s)
2026-05-25 22:42:29.871 +02:00 [INF] Map "d5c08240-0436-454a-8993-362abf5bc477": window light drew 2/2 beam(s)
2026-05-25 22:42:29.926 +02:00 [INF] Map "d5c08240-0436-454a-8993-362abf5bc477": window light drew 2/2 beam(s)
2026-05-25 22:42:29.994 +02:00 [INF] Map "d5c08240-0436-454a-8993-362abf5bc477": window light drew 2/2 beam(s)
2026-05-25 22:42:30.049 +02:00 [INF] Map "d5c08240-0436-454a-8993-362abf5bc477": window light drew 2/2 beam(s)
2026-05-25 22:42:30.104 +02:00 [INF] Map "d5c08240-0436-454a-8993-362abf5bc477": window light drew 2/2 beam(s)
2026-05-25 22:42:30.159 +02:00 [INF] Map "d5c08240-0436-454a-8993-362abf5bc477": window light drew 2/2 beam(s)
2026-05-25 22:42:30.214 +02:00 [INF] Map "d5c08240-0436-454a-8993-362abf5bc477": window light drew 2/2 beam(s)
2026-05-25 22:42:30.269 +02:00 [INF] Map "d5c08240-0436-454a-8993-362abf5bc477": window light drew 2/2 beam(s)
2026-05-25 22:42:30.324 +02:00 [INF] Map "d5c08240-0436-454a-8993-362abf5bc477": window light drew 2/2 beam(s)
2026-05-25 22:42:30.378 +02:00 [INF] Map "d5c08240-0436-454a-8993-362abf5bc477": window light drew 2/2 beam(s)
2026-05-25 22:42:30.438 +02:00 [INF] Map "d5c08240-0436-454a-8993-362abf5bc477": window light drew 2/2 beam(s)
2026-05-25 22:42:30.505 +02:00 [INF] Map "d5c08240-0436-454a-8993-362abf5bc477": window light drew 2/2 beam(s)
2026-05-25 22:42:30.560 +02:00 [INF] Map "d5c08240-0436-454a-8993-362abf5bc477": window light drew 2/2 beam(s)
2026-05-25 22:42:30.619 +02:00 [INF] Map "d5c08240-0436-454a-8993-362abf5bc477": window light drew 2/2 beam(s)
2026-05-25 22:42:30.674 +02:00 [INF] Map "d5c08240-0436-454a-8993-362abf5bc477": window light drew 2/2 beam(s)
2026-05-25 22:42:30.729 +02:00 [INF] Map "d5c08240-0436-454a-8993-362abf5bc477": window light drew 2/2 beam(s)
2026-05-25 22:42:30.784 +02:00 [INF] Map "d5c08240-0436-454a-8993-362abf5bc477": window light drew 2/2 beam(s)
2026-05-25 22:42:30.839 +02:00 [INF] Map "d5c08240-0436-454a-8993-362abf5bc477": window light drew 2/2 beam(s)
2026-05-25 22:42:30.894 +02:00 [INF] Map "d5c08240-0436-454a-8993-362abf5bc477": window light drew 2/2 beam(s)
2026-05-25 22:42:30.949 +02:00 [INF] Map "d5c08240-0436-454a-8993-362abf5bc477": window light drew 2/2 beam(s)
2026-05-25 22:42:31.018 +02:00 [INF] Map "d5c08240-0436-454a-8993-362abf5bc477": window light drew 2/2 beam(s)
2026-05-25 22:42:31.073 +02:00 [INF] Map "d5c08240-0436-454a-8993-362abf5bc477": window light drew 2/2 beam(s)
2026-05-25 22:42:31.128 +02:00 [INF] Map "d5c08240-0436-454a-8993-362abf5bc477": window light drew 2/2 beam(s)
2026-05-25 22:42:31.183 +02:00 [INF] Map "d5c08240-0436-454a-8993-362abf5bc477": window light drew 2/2 beam(s)
2026-05-25 22:42:31.239 +02:00 [INF] Map "d5c08240-0436-454a-8993-362abf5bc477": window light drew 2/2 beam(s)
2026-05-25 22:42:31.294 +02:00 [INF] Map "d5c08240-0436-454a-8993-362abf5bc477": window light drew 2/2 beam(s)
2026-05-25 22:42:31.350 +02:00 [INF] Map "d5c08240-0436-454a-8993-362abf5bc477": window light drew 2/2 beam(s)
2026-05-25 22:42:31.405 +02:00 [INF] Map "d5c08240-0436-454a-8993-362abf5bc477": window light drew 2/2 beam(s)
2026-05-25 22:42:31.461 +02:00 [INF] Map "d5c08240-0436-454a-8993-362abf5bc477": window light drew 2/2 beam(s)
2026-05-25 22:42:31.529 +02:00 [INF] Map "d5c08240-0436-454a-8993-362abf5bc477": window light drew 2/2 beam(s)
2026-05-25 22:42:31.584 +02:00 [INF] Map "d5c08240-0436-454a-8993-362abf5bc477": window light drew 2/2 beam(s)
2026-05-25 22:42:31.639 +02:00 [INF] Map "d5c08240-0436-454a-8993-362abf5bc477": window light drew 2/2 beam(s)
2026-05-25 22:42:31.693 +02:00 [INF] Map "d5c08240-0436-454a-8993-362abf5bc477": window light drew 2/2 beam(s)
2026-05-25 22:42:31.748 +02:00 [INF] Map "d5c08240-0436-454a-8993-362abf5bc477": window light drew 2/2 beam(s)
2026-05-25 22:42:31.803 +02:00 [INF] Map "d5c08240-0436-454a-8993-362abf5bc477": window light drew 2/2 beam(s)
2026-05-25 22:42:31.867 +02:00 [INF] Map "d5c08240-0436-454a-8993-362abf5bc477": window light drew 2/2 beam(s)
2026-05-25 22:42:31.922 +02:00 [INF] Map "d5c08240-0436-454a-8993-362abf5bc477": window light drew 2/2 beam(s)
2026-05-25 22:42:31.978 +02:00 [INF] Map "d5c08240-0436-454a-8993-362abf5bc477": window light drew 2/2 beam(s)
2026-05-25 22:42:32.046 +02:00 [INF] Map "d5c08240-0436-454a-8993-362abf5bc477": window light drew 2/2 beam(s)
2026-05-25 22:42:32.101 +02:00 [INF] Map "d5c08240-0436-454a-8993-362abf5bc477": window light drew 2/2 beam(s)
2026-05-25 22:42:32.156 +02:00 [INF] Map "d5c08240-0436-454a-8993-362abf5bc477": window light drew 2/2 beam(s)
2026-05-25 22:42:32.210 +02:00 [INF] Map "d5c08240-0436-454a-8993-362abf5bc477": window light drew 2/2 beam(s)
2026-05-25 22:42:32.265 +02:00 [INF] Map "d5c08240-0436-454a-8993-362abf5bc477": window light drew 2/2 beam(s)
2026-05-25 22:42:32.320 +02:00 [INF] Map "d5c08240-0436-454a-8993-362abf5bc477": window light drew 2/2 beam(s)
2026-05-25 22:42:32.376 +02:00 [INF] Map "d5c08240-0436-454a-8993-362abf5bc477": window light drew 2/2 beam(s)
2026-05-25 22:42:32.431 +02:00 [INF] Map "d5c08240-0436-454a-8993-362abf5bc477": window light drew 2/2 beam(s)
2026-05-25 22:42:32.486 +02:00 [INF] Map "d5c08240-0436-454a-8993-362abf5bc477": window light drew 2/2 beam(s)
2026-05-25 22:42:32.554 +02:00 [INF] Map "d5c08240-0436-454a-8993-362abf5bc477": window light drew 2/2 beam(s)
2026-05-25 22:42:32.608 +02:00 [INF] Map "d5c08240-0436-454a-8993-362abf5bc477": window light drew 2/2 beam(s)
2026-05-25 22:42:32.664 +02:00 [INF] Map "d5c08240-0436-454a-8993-362abf5bc477": window light drew 2/2 beam(s)
2026-05-25 22:42:32.718 +02:00 [INF] Map "d5c08240-0436-454a-8993-362abf5bc477": window light drew 2/2 beam(s)
2026-05-25 22:42:32.773 +02:00 [INF] Map "d5c08240-0436-454a-8993-362abf5bc477": window light drew 2/2 beam(s)
2026-05-25 22:42:32.828 +02:00 [INF] Map "d5c08240-0436-454a-8993-362abf5bc477": window light drew 2/2 beam(s)
2026-05-25 22:42:32.883 +02:00 [INF] Map "d5c08240-0436-454a-8993-362abf5bc477": window light drew 2/2 beam(s)
2026-05-25 22:42:32.938 +02:00 [INF] Map "d5c08240-0436-454a-8993-362abf5bc477": window light drew 2/2 beam(s)
2026-05-25 22:42:32.992 +02:00 [INF] Map "d5c08240-0436-454a-8993-362abf5bc477": window light drew 2/2 beam(s)
2026-05-25 22:42:33.061 +02:00 [INF] Map "d5c08240-0436-454a-8993-362abf5bc477": window light drew 2/2 beam(s)
2026-05-25 22:42:33.118 +02:00 [INF] Map "d5c08240-0436-454a-8993-362abf5bc477": window light drew 2/2 beam(s)
2026-05-25 22:42:33.175 +02:00 [INF] Map "d5c08240-0436-454a-8993-362abf5bc477": window light drew 2/2 beam(s)
2026-05-25 22:42:33.233 +02:00 [INF] Map "d5c08240-0436-454a-8993-362abf5bc477": window light drew 2/2 beam(s)
2026-05-25 22:42:33.293 +02:00 [INF] Map "d5c08240-0436-454a-8993-362abf5bc477": window light drew 2/2 beam(s)
2026-05-25 22:42:33.348 +02:00 [INF] Map "d5c08240-0436-454a-8993-362abf5bc477": window light drew 2/2 beam(s)
2026-05-25 22:42:33.402 +02:00 [INF] Map "d5c08240-0436-454a-8993-362abf5bc477": window light drew 2/2 beam(s)
2026-05-25 22:42:33.457 +02:00 [INF] Map "d5c08240-0436-454a-8993-362abf5bc477": window light drew 2/2 beam(s)
2026-05-25 22:42:33.512 +02:00 [INF] Map "d5c08240-0436-454a-8993-362abf5bc477": window light drew 2/2 beam(s)
2026-05-25 22:42:33.580 +02:00 [INF] Map "d5c08240-0436-454a-8993-362abf5bc477": window light drew 2/2 beam(s)
2026-05-25 22:42:33.634 +02:00 [INF] Map "d5c08240-0436-454a-8993-362abf5bc477": window light drew 2/2 beam(s)
2026-05-25 22:42:33.689 +02:00 [INF] Map "d5c08240-0436-454a-8993-362abf5bc477": window light drew 2/2 beam(s)
2026-05-25 22:42:33.743 +02:00 [INF] Map "d5c08240-0436-454a-8993-362abf5bc477": window light drew 2/2 beam(s)
2026-05-25 22:42:33.799 +02:00 [INF] Map "d5c08240-0436-454a-8993-362abf5bc477": window light drew 2/2 beam(s)
2026-05-25 22:42:33.854 +02:00 [INF] Map "d5c08240-0436-454a-8993-362abf5bc477": window light drew 2/2 beam(s)
2026-05-25 22:42:33.908 +02:00 [INF] Map "d5c08240-0436-454a-8993-362abf5bc477": window light drew 2/2 beam(s)
2026-05-25 22:42:33.963 +02:00 [INF] Map "d5c08240-0436-454a-8993-362abf5bc477": window light drew 2/2 beam(s)
2026-05-25 22:42:34.018 +02:00 [INF] Map "d5c08240-0436-454a-8993-362abf5bc477": window light drew 2/2 beam(s)
2026-05-25 22:42:34.086 +02:00 [INF] Map "d5c08240-0436-454a-8993-362abf5bc477": window light drew 2/2 beam(s)
2026-05-25 22:42:34.141 +02:00 [INF] Map "d5c08240-0436-454a-8993-362abf5bc477": window light drew 2/2 beam(s)
2026-05-25 22:42:34.197 +02:00 [INF] Map "d5c08240-0436-454a-8993-362abf5bc477": window light drew 2/2 beam(s)
2026-05-25 22:42:34.252 +02:00 [INF] Map "d5c08240-0436-454a-8993-362abf5bc477": window light drew 2/2 beam(s)
2026-05-25 22:42:34.307 +02:00 [INF] Map "d5c08240-0436-454a-8993-362abf5bc477": window light drew 2/2 beam(s)
2026-05-25 22:42:34.361 +02:00 [INF] Map "d5c08240-0436-454a-8993-362abf5bc477": window light drew 2/2 beam(s)
2026-05-25 22:42:34.415 +02:00 [INF] Map "d5c08240-0436-454a-8993-362abf5bc477": window light drew 2/2 beam(s)
2026-05-25 22:42:34.470 +02:00 [INF] Map "d5c08240-0436-454a-8993-362abf5bc477": window light drew 2/2 beam(s)
2026-05-25 22:42:34.524 +02:00 [INF] Map "d5c08240-0436-454a-8993-362abf5bc477": window light drew 2/2 beam(s)
2026-05-25 22:42:34.592 +02:00 [INF] Map "d5c08240-0436-454a-8993-362abf5bc477": window light drew 2/2 beam(s)
2026-05-25 22:42:34.647 +02:00 [INF] Map "d5c08240-0436-454a-8993-362abf5bc477": window light drew 2/2 beam(s)
2026-05-25 22:42:34.702 +02:00 [INF] Map "d5c08240-0436-454a-8993-362abf5bc477": window light drew 2/2 beam(s)
2026-05-25 22:42:34.758 +02:00 [INF] Map "d5c08240-0436-454a-8993-362abf5bc477": window light drew 2/2 beam(s)
2026-05-25 22:42:34.813 +02:00 [INF] Map "d5c08240-0436-454a-8993-362abf5bc477": window light drew 2/2 beam(s)
2026-05-25 22:42:34.868 +02:00 [INF] Map "d5c08240-0436-454a-8993-362abf5bc477": window light drew 2/2 beam(s)
2026-05-25 22:42:34.923 +02:00 [INF] Map "d5c08240-0436-454a-8993-362abf5bc477": window light drew 2/2 beam(s)
2026-05-25 22:42:34.979 +02:00 [INF] Map "d5c08240-0436-454a-8993-362abf5bc477": window light drew 2/2 beam(s)
2026-05-25 22:42:35.034 +02:00 [INF] Map "d5c08240-0436-454a-8993-362abf5bc477": window light drew 2/2 beam(s)
2026-05-25 22:42:35.102 +02:00 [INF] Map "d5c08240-0436-454a-8993-362abf5bc477": window light drew 2/2 beam(s)
2026-05-25 22:42:35.158 +02:00 [INF] Map "d5c08240-0436-454a-8993-362abf5bc477": window light drew 2/2 beam(s)
2026-05-25 22:42:35.213 +02:00 [INF] Map "d5c08240-0436-454a-8993-362abf5bc477": window light drew 2/2 beam(s)
2026-05-25 22:42:35.267 +02:00 [INF] Map "d5c08240-0436-454a-8993-362abf5bc477": window light drew 2/2 beam(s)
2026-05-25 22:42:35.322 +02:00 [INF] Map "d5c08240-0436-454a-8993-362abf5bc477": window light drew 2/2 beam(s)
2026-05-25 22:42:35.378 +02:00 [INF] Map "d5c08240-0436-454a-8993-362abf5bc477": window light drew 2/2 beam(s)
2026-05-25 22:42:35.432 +02:00 [INF] Map "d5c08240-0436-454a-8993-362abf5bc477": window light drew 2/2 beam(s)
2026-05-25 22:42:35.487 +02:00 [INF] Map "d5c08240-0436-454a-8993-362abf5bc477": window light drew 2/2 beam(s)
2026-05-25 22:42:35.542 +02:00 [INF] Map "d5c08240-0436-454a-8993-362abf5bc477": window light drew 2/2 beam(s)
2026-05-25 22:42:35.609 +02:00 [INF] Map "d5c08240-0436-454a-8993-362abf5bc477": window light drew 2/2 beam(s)
2026-05-25 22:42:35.663 +02:00 [INF] Map "d5c08240-0436-454a-8993-362abf5bc477": window light drew 2/2 beam(s)
2026-05-25 22:42:35.718 +02:00 [INF] Map "d5c08240-0436-454a-8993-362abf5bc477": window light drew 2/2 beam(s)
2026-05-25 22:42:35.773 +02:00 [INF] Map "d5c08240-0436-454a-8993-362abf5bc477": window light drew 2/2 beam(s)
2026-05-25 22:42:35.828 +02:00 [INF] Map "d5c08240-0436-454a-8993-362abf5bc477": window light drew 2/2 beam(s)
2026-05-25 22:42:35.883 +02:00 [INF] Map "d5c08240-0436-454a-8993-362abf5bc477": window light drew 2/2 beam(s)
2026-05-25 22:42:35.938 +02:00 [INF] Map "d5c08240-0436-454a-8993-362abf5bc477": window light drew 2/2 beam(s)
2026-05-25 22:42:35.992 +02:00 [INF] Map "d5c08240-0436-454a-8993-362abf5bc477": window light drew 2/2 beam(s)
2026-05-25 22:42:36.047 +02:00 [INF] Map "d5c08240-0436-454a-8993-362abf5bc477": window light drew 2/2 beam(s)
2026-05-25 22:42:36.117 +02:00 [INF] Map "d5c08240-0436-454a-8993-362abf5bc477": window light drew 2/2 beam(s)
2026-05-25 22:42:36.173 +02:00 [INF] Map "d5c08240-0436-454a-8993-362abf5bc477": window light drew 2/2 beam(s)
2026-05-25 22:42:36.229 +02:00 [INF] Map "d5c08240-0436-454a-8993-362abf5bc477": window light drew 2/2 beam(s)
2026-05-25 22:42:36.283 +02:00 [INF] Map "d5c08240-0436-454a-8993-362abf5bc477": window light drew 2/2 beam(s)
2026-05-25 22:42:36.337 +02:00 [INF] Map "d5c08240-0436-454a-8993-362abf5bc477": window light drew 2/2 beam(s)
2026-05-25 22:42:36.392 +02:00 [INF] Map "d5c08240-0436-454a-8993-362abf5bc477": window light drew 2/2 beam(s)
2026-05-25 22:42:36.446 +02:00 [INF] Map "d5c08240-0436-454a-8993-362abf5bc477": window light drew 2/2 beam(s)
2026-05-25 22:42:36.501 +02:00 [INF] Map "d5c08240-0436-454a-8993-362abf5bc477": window light drew 2/2 beam(s)
2026-05-25 22:42:36.556 +02:00 [INF] Map "d5c08240-0436-454a-8993-362abf5bc477": window light drew 2/2 beam(s)
2026-05-25 22:42:36.624 +02:00 [INF] Map "d5c08240-0436-454a-8993-362abf5bc477": window light drew 2/2 beam(s)
2026-05-25 22:42:36.678 +02:00 [INF] Map "d5c08240-0436-454a-8993-362abf5bc477": window light drew 2/2 beam(s)
2026-05-25 22:42:36.733 +02:00 [INF] Map "d5c08240-0436-454a-8993-362abf5bc477": window light drew 2/2 beam(s)
2026-05-25 22:42:36.787 +02:00 [INF] Map "d5c08240-0436-454a-8993-362abf5bc477": window light drew 2/2 beam(s)
2026-05-25 22:42:36.843 +02:00 [INF] Map "d5c08240-0436-454a-8993-362abf5bc477": window light drew 2/2 beam(s)
2026-05-25 22:42:36.897 +02:00 [INF] Map "d5c08240-0436-454a-8993-362abf5bc477": window light drew 2/2 beam(s)
2026-05-25 22:42:36.952 +02:00 [INF] Map "d5c08240-0436-454a-8993-362abf5bc477": window light drew 2/2 beam(s)
2026-05-25 22:42:37.006 +02:00 [INF] Map "d5c08240-0436-454a-8993-362abf5bc477": window light drew 2/2 beam(s)
2026-05-25 22:42:37.061 +02:00 [INF] Map "d5c08240-0436-454a-8993-362abf5bc477": window light drew 2/2 beam(s)
2026-05-25 22:42:37.133 +02:00 [INF] Map "d5c08240-0436-454a-8993-362abf5bc477": window light drew 2/2 beam(s)
2026-05-25 22:42:37.188 +02:00 [INF] Map "d5c08240-0436-454a-8993-362abf5bc477": window light drew 2/2 beam(s)
2026-05-25 22:42:37.243 +02:00 [INF] Map "d5c08240-0436-454a-8993-362abf5bc477": window light drew 2/2 beam(s)
2026-05-25 22:42:37.307 +02:00 [INF] Map "d5c08240-0436-454a-8993-362abf5bc477": window light drew 2/2 beam(s)
2026-05-25 22:42:37.362 +02:00 [INF] Map "d5c08240-0436-454a-8993-362abf5bc477": window light drew 2/2 beam(s)
2026-05-25 22:42:37.416 +02:00 [INF] Map "d5c08240-0436-454a-8993-362abf5bc477": window light drew 2/2 beam(s)
2026-05-25 22:42:37.471 +02:00 [INF] Map "d5c08240-0436-454a-8993-362abf5bc477": window light drew 2/2 beam(s)
2026-05-25 22:42:37.526 +02:00 [INF] Map "d5c08240-0436-454a-8993-362abf5bc477": window light drew 2/2 beam(s)
2026-05-25 22:42:37.580 +02:00 [INF] Map "d5c08240-0436-454a-8993-362abf5bc477": window light drew 2/2 beam(s)
2026-05-25 22:42:37.648 +02:00 [INF] Map "d5c08240-0436-454a-8993-362abf5bc477": window light drew 2/2 beam(s)
2026-05-25 22:42:37.703 +02:00 [INF] Map "d5c08240-0436-454a-8993-362abf5bc477": window light drew 2/2 beam(s)
2026-05-25 22:42:37.758 +02:00 [INF] Map "d5c08240-0436-454a-8993-362abf5bc477": window light drew 2/2 beam(s)
2026-05-25 22:42:37.812 +02:00 [INF] Map "d5c08240-0436-454a-8993-362abf5bc477": window light drew 2/2 beam(s)
2026-05-25 22:42:37.867 +02:00 [INF] Map "d5c08240-0436-454a-8993-362abf5bc477": window light drew 2/2 beam(s)
2026-05-25 22:42:37.921 +02:00 [INF] Map "d5c08240-0436-454a-8993-362abf5bc477": window light drew 2/2 beam(s)
2026-05-25 22:42:37.976 +02:00 [INF] Map "d5c08240-0436-454a-8993-362abf5bc477": window light drew 2/2 beam(s)
2026-05-25 22:42:38.030 +02:00 [INF] Map "d5c08240-0436-454a-8993-362abf5bc477": window light drew 2/2 beam(s)
2026-05-25 22:42:38.085 +02:00 [INF] Map "d5c08240-0436-454a-8993-362abf5bc477": window light drew 2/2 beam(s)
2026-05-25 22:42:38.153 +02:00 [INF] Map "d5c08240-0436-454a-8993-362abf5bc477": window light drew 2/2 beam(s)
2026-05-25 22:42:38.208 +02:00 [INF] Map "d5c08240-0436-454a-8993-362abf5bc477": window light drew 2/2 beam(s)
2026-05-25 22:42:38.263 +02:00 [INF] Map "d5c08240-0436-454a-8993-362abf5bc477": window light drew 2/2 beam(s)
2026-05-25 22:42:38.318 +02:00 [INF] Map "d5c08240-0436-454a-8993-362abf5bc477": window light drew 2/2 beam(s)
2026-05-25 22:42:38.372 +02:00 [INF] Map "d5c08240-0436-454a-8993-362abf5bc477": window light drew 2/2 beam(s)
2026-05-25 22:42:38.430 +02:00 [INF] Map "d5c08240-0436-454a-8993-362abf5bc477": window light drew 2/2 beam(s)
2026-05-25 22:42:38.485 +02:00 [INF] Map "d5c08240-0436-454a-8993-362abf5bc477": window light drew 2/2 beam(s)
2026-05-25 22:42:38.539 +02:00 [INF] Map "d5c08240-0436-454a-8993-362abf5bc477": window light drew 2/2 beam(s)
2026-05-25 22:42:38.594 +02:00 [INF] Map "d5c08240-0436-454a-8993-362abf5bc477": window light drew 2/2 beam(s)
2026-05-25 22:42:38.658 +02:00 [INF] Map "d5c08240-0436-454a-8993-362abf5bc477": window light drew 2/2 beam(s)
2026-05-25 22:42:38.714 +02:00 [INF] Map "d5c08240-0436-454a-8993-362abf5bc477": window light drew 2/2 beam(s)
2026-05-25 22:42:38.769 +02:00 [INF] Map "d5c08240-0436-454a-8993-362abf5bc477": window light drew 2/2 beam(s)
2026-05-25 22:42:38.824 +02:00 [INF] Map "d5c08240-0436-454a-8993-362abf5bc477": window light drew 2/2 beam(s)
2026-05-25 22:42:38.879 +02:00 [INF] Map "d5c08240-0436-454a-8993-362abf5bc477": window light drew 2/2 beam(s)
2026-05-25 22:42:38.934 +02:00 [INF] Map "d5c08240-0436-454a-8993-362abf5bc477": window light drew 2/2 beam(s)
2026-05-25 22:42:38.988 +02:00 [INF] Map "d5c08240-0436-454a-8993-362abf5bc477": window light drew 2/2 beam(s)
2026-05-25 22:42:39.044 +02:00 [INF] Map "d5c08240-0436-454a-8993-362abf5bc477": window light drew 2/2 beam(s)
2026-05-25 22:42:39.099 +02:00 [INF] Map "d5c08240-0436-454a-8993-362abf5bc477": window light drew 2/2 beam(s)
2026-05-25 22:42:39.167 +02:00 [INF] Map "d5c08240-0436-454a-8993-362abf5bc477": window light drew 2/2 beam(s)
2026-05-25 22:42:39.221 +02:00 [INF] Map "d5c08240-0436-454a-8993-362abf5bc477": window light drew 2/2 beam(s)
2026-05-25 22:42:39.276 +02:00 [INF] Map "d5c08240-0436-454a-8993-362abf5bc477": window light drew 2/2 beam(s)
2026-05-25 22:42:39.331 +02:00 [INF] Map "d5c08240-0436-454a-8993-362abf5bc477": window light drew 2/2 beam(s)
2026-05-25 22:42:39.388 +02:00 [INF] Map "d5c08240-0436-454a-8993-362abf5bc477": window light drew 2/2 beam(s)
2026-05-25 22:42:39.445 +02:00 [INF] Map "d5c08240-0436-454a-8993-362abf5bc477": window light drew 2/2 beam(s)
2026-05-25 22:42:39.501 +02:00 [INF] Map "d5c08240-0436-454a-8993-362abf5bc477": window light drew 2/2 beam(s)
2026-05-25 22:42:39.556 +02:00 [INF] Map "d5c08240-0436-454a-8993-362abf5bc477": window light drew 2/2 beam(s)
2026-05-25 22:42:39.611 +02:00 [INF] Map "d5c08240-0436-454a-8993-362abf5bc477": window light drew 2/2 beam(s)
2026-05-25 22:42:39.679 +02:00 [INF] Map "d5c08240-0436-454a-8993-362abf5bc477": window light drew 2/2 beam(s)
2026-05-25 22:42:39.734 +02:00 [INF] Map "d5c08240-0436-454a-8993-362abf5bc477": window light drew 2/2 beam(s)
2026-05-25 22:42:39.789 +02:00 [INF] Map "d5c08240-0436-454a-8993-362abf5bc477": window light drew 2/2 beam(s)
2026-05-25 22:42:39.845 +02:00 [INF] Map "d5c08240-0436-454a-8993-362abf5bc477": window light drew 2/2 beam(s)
2026-05-25 22:42:39.899 +02:00 [INF] Map "d5c08240-0436-454a-8993-362abf5bc477": window light drew 2/2 beam(s)
2026-05-25 22:42:39.954 +02:00 [INF] Map "d5c08240-0436-454a-8993-362abf5bc477": window light drew 2/2 beam(s)
2026-05-25 22:42:40.008 +02:00 [INF] Map "d5c08240-0436-454a-8993-362abf5bc477": window light drew 2/2 beam(s)
2026-05-25 22:42:40.064 +02:00 [INF] Map "d5c08240-0436-454a-8993-362abf5bc477": window light drew 2/2 beam(s)
2026-05-25 22:42:40.120 +02:00 [INF] Map "d5c08240-0436-454a-8993-362abf5bc477": window light drew 2/2 beam(s)
2026-05-25 22:42:40.188 +02:00 [INF] Map "d5c08240-0436-454a-8993-362abf5bc477": window light drew 2/2 beam(s)
2026-05-25 22:42:40.243 +02:00 [INF] Map "d5c08240-0436-454a-8993-362abf5bc477": window light drew 2/2 beam(s)
2026-05-25 22:42:40.298 +02:00 [INF] Map "d5c08240-0436-454a-8993-362abf5bc477": window light drew 2/2 beam(s)
2026-05-25 22:42:40.353 +02:00 [INF] Map "d5c08240-0436-454a-8993-362abf5bc477": window light drew 2/2 beam(s)
2026-05-25 22:42:40.408 +02:00 [INF] Map "d5c08240-0436-454a-8993-362abf5bc477": window light drew 2/2 beam(s)
2026-05-25 22:42:40.463 +02:00 [INF] Map "d5c08240-0436-454a-8993-362abf5bc477": window light drew 2/2 beam(s)
2026-05-25 22:42:40.518 +02:00 [INF] Map "d5c08240-0436-454a-8993-362abf5bc477": window light drew 2/2 beam(s)
2026-05-25 22:42:40.573 +02:00 [INF] Map "d5c08240-0436-454a-8993-362abf5bc477": window light drew 2/2 beam(s)
2026-05-25 22:42:40.628 +02:00 [INF] Map "d5c08240-0436-454a-8993-362abf5bc477": window light drew 2/2 beam(s)
2026-05-25 22:42:40.695 +02:00 [INF] Map "d5c08240-0436-454a-8993-362abf5bc477": window light drew 2/2 beam(s)
2026-05-25 22:42:40.752 +02:00 [INF] Map "d5c08240-0436-454a-8993-362abf5bc477": window light drew 2/2 beam(s)
2026-05-25 22:42:40.806 +02:00 [INF] Map "d5c08240-0436-454a-8993-362abf5bc477": window light drew 2/2 beam(s)
2026-05-25 22:42:40.861 +02:00 [INF] Map "d5c08240-0436-454a-8993-362abf5bc477": window light drew 2/2 beam(s)
2026-05-25 22:42:40.916 +02:00 [INF] Map "d5c08240-0436-454a-8993-362abf5bc477": window light drew 2/2 beam(s)
2026-05-25 22:42:40.971 +02:00 [INF] Map "d5c08240-0436-454a-8993-362abf5bc477": window light drew 2/2 beam(s)
2026-05-25 22:42:41.026 +02:00 [INF] Map "d5c08240-0436-454a-8993-362abf5bc477": window light drew 2/2 beam(s)
2026-05-25 22:42:41.081 +02:00 [INF] Map "d5c08240-0436-454a-8993-362abf5bc477": window light drew 2/2 beam(s)
2026-05-25 22:42:41.137 +02:00 [INF] Map "d5c08240-0436-454a-8993-362abf5bc477": window light drew 2/2 beam(s)
2026-05-25 22:42:41.205 +02:00 [INF] Map "d5c08240-0436-454a-8993-362abf5bc477": window light drew 2/2 beam(s)
2026-05-25 22:42:41.260 +02:00 [INF] Map "d5c08240-0436-454a-8993-362abf5bc477": window light drew 2/2 beam(s)
2026-05-25 22:42:41.315 +02:00 [INF] Map "d5c08240-0436-454a-8993-362abf5bc477": window light drew 2/2 beam(s)
2026-05-25 22:42:41.370 +02:00 [INF] Map "d5c08240-0436-454a-8993-362abf5bc477": window light drew 2/2 beam(s)
2026-05-25 22:42:41.425 +02:00 [INF] Map "d5c08240-0436-454a-8993-362abf5bc477": window light drew 2/2 beam(s)
2026-05-25 22:42:41.480 +02:00 [INF] Map "d5c08240-0436-454a-8993-362abf5bc477": window light drew 2/2 beam(s)
2026-05-25 22:42:41.535 +02:00 [INF] Map "d5c08240-0436-454a-8993-362abf5bc477": window light drew 2/2 beam(s)
2026-05-25 22:42:41.590 +02:00 [INF] Map "d5c08240-0436-454a-8993-362abf5bc477": window light drew 2/2 beam(s)
2026-05-25 22:42:41.645 +02:00 [INF] Map "d5c08240-0436-454a-8993-362abf5bc477": window light drew 2/2 beam(s)
2026-05-25 22:42:41.712 +02:00 [INF] Map "d5c08240-0436-454a-8993-362abf5bc477": window light drew 2/2 beam(s)
2026-05-25 22:42:41.767 +02:00 [INF] Map "d5c08240-0436-454a-8993-362abf5bc477": window light drew 2/2 beam(s)
2026-05-25 22:42:41.823 +02:00 [INF] Map "d5c08240-0436-454a-8993-362abf5bc477": window light drew 2/2 beam(s)
2026-05-25 22:42:41.878 +02:00 [INF] Map "d5c08240-0436-454a-8993-362abf5bc477": window light drew 2/2 beam(s)
2026-05-25 22:42:41.933 +02:00 [INF] Map "d5c08240-0436-454a-8993-362abf5bc477": window light drew 2/2 beam(s)
2026-05-25 22:42:41.988 +02:00 [INF] Map "d5c08240-0436-454a-8993-362abf5bc477": window light drew 2/2 beam(s)
2026-05-25 22:42:42.042 +02:00 [INF] Map "d5c08240-0436-454a-8993-362abf5bc477": window light drew 2/2 beam(s)
2026-05-25 22:42:42.097 +02:00 [INF] Map "d5c08240-0436-454a-8993-362abf5bc477": window light drew 2/2 beam(s)
2026-05-25 22:42:42.152 +02:00 [INF] Map "d5c08240-0436-454a-8993-362abf5bc477": window light drew 2/2 beam(s)
2026-05-25 22:42:42.217 +02:00 [INF] Map "d5c08240-0436-454a-8993-362abf5bc477": window light drew 2/2 beam(s)
2026-05-25 22:42:42.272 +02:00 [INF] Map "d5c08240-0436-454a-8993-362abf5bc477": window light drew 2/2 beam(s)
2026-05-25 22:42:42.326 +02:00 [INF] Map "d5c08240-0436-454a-8993-362abf5bc477": window light drew 2/2 beam(s)
2026-05-25 22:42:42.381 +02:00 [INF] Map "d5c08240-0436-454a-8993-362abf5bc477": window light drew 2/2 beam(s)
2026-05-25 22:42:42.436 +02:00 [INF] Map "d5c08240-0436-454a-8993-362abf5bc477": window light drew 2/2 beam(s)
2026-05-25 22:42:42.491 +02:00 [INF] Map "d5c08240-0436-454a-8993-362abf5bc477": window light drew 2/2 beam(s)
2026-05-25 22:42:42.545 +02:00 [INF] Map "d5c08240-0436-454a-8993-362abf5bc477": window light drew 2/2 beam(s)
2026-05-25 22:42:42.600 +02:00 [INF] Map "d5c08240-0436-454a-8993-362abf5bc477": window light drew 2/2 beam(s)
2026-05-25 22:42:42.655 +02:00 [INF] Map "d5c08240-0436-454a-8993-362abf5bc477": window light drew 2/2 beam(s)
2026-05-25 22:42:42.723 +02:00 [INF] Map "d5c08240-0436-454a-8993-362abf5bc477": window light drew 2/2 beam(s)
2026-05-25 22:42:42.778 +02:00 [INF] Map "d5c08240-0436-454a-8993-362abf5bc477": window light drew 2/2 beam(s)
2026-05-25 22:42:42.832 +02:00 [INF] Map "d5c08240-0436-454a-8993-362abf5bc477": window light drew 2/2 beam(s)
2026-05-25 22:42:42.888 +02:00 [INF] Map "d5c08240-0436-454a-8993-362abf5bc477": window light drew 2/2 beam(s)
2026-05-25 22:42:42.943 +02:00 [INF] Map "d5c08240-0436-454a-8993-362abf5bc477": window light drew 2/2 beam(s)
2026-05-25 22:42:42.998 +02:00 [INF] Map "d5c08240-0436-454a-8993-362abf5bc477": window light drew 2/2 beam(s)
2026-05-25 22:42:43.054 +02:00 [INF] Map "d5c08240-0436-454a-8993-362abf5bc477": window light drew 2/2 beam(s)
2026-05-25 22:42:43.109 +02:00 [INF] Map "d5c08240-0436-454a-8993-362abf5bc477": window light drew 2/2 beam(s)
2026-05-25 22:42:43.165 +02:00 [INF] Map "d5c08240-0436-454a-8993-362abf5bc477": window light drew 2/2 beam(s)
2026-05-25 22:42:43.235 +02:00 [INF] Map "d5c08240-0436-454a-8993-362abf5bc477": window light drew 2/2 beam(s)
2026-05-25 22:42:43.297 +02:00 [INF] Map "d5c08240-0436-454a-8993-362abf5bc477": window light drew 2/2 beam(s)
2026-05-25 22:42:43.357 +02:00 [INF] Map "d5c08240-0436-454a-8993-362abf5bc477": window light drew 2/2 beam(s)
2026-05-25 22:42:43.412 +02:00 [INF] Map "d5c08240-0436-454a-8993-362abf5bc477": window light drew 2/2 beam(s)
2026-05-25 22:42:43.467 +02:00 [INF] Map "d5c08240-0436-454a-8993-362abf5bc477": window light drew 2/2 beam(s)
2026-05-25 22:42:43.522 +02:00 [INF] Map "d5c08240-0436-454a-8993-362abf5bc477": window light drew 2/2 beam(s)
2026-05-25 22:42:43.576 +02:00 [INF] Map "d5c08240-0436-454a-8993-362abf5bc477": window light drew 2/2 beam(s)
2026-05-25 22:42:43.630 +02:00 [INF] Map "d5c08240-0436-454a-8993-362abf5bc477": window light drew 2/2 beam(s)
2026-05-25 22:42:43.687 +02:00 [INF] Map "d5c08240-0436-454a-8993-362abf5bc477": window light drew 2/2 beam(s)
2026-05-25 22:42:43.754 +02:00 [INF] Map "d5c08240-0436-454a-8993-362abf5bc477": window light drew 2/2 beam(s)
2026-05-25 22:42:43.809 +02:00 [INF] Map "d5c08240-0436-454a-8993-362abf5bc477": window light drew 2/2 beam(s)
2026-05-25 22:42:43.864 +02:00 [INF] Map "d5c08240-0436-454a-8993-362abf5bc477": window light drew 2/2 beam(s)
2026-05-25 22:42:43.919 +02:00 [INF] Map "d5c08240-0436-454a-8993-362abf5bc477": window light drew 2/2 beam(s)
2026-05-25 22:42:43.975 +02:00 [INF] Map "d5c08240-0436-454a-8993-362abf5bc477": window light drew 2/2 beam(s)
2026-05-25 22:42:44.031 +02:00 [INF] Map "d5c08240-0436-454a-8993-362abf5bc477": window light drew 2/2 beam(s)
2026-05-25 22:42:44.086 +02:00 [INF] Map "d5c08240-0436-454a-8993-362abf5bc477": window light drew 2/2 beam(s)
2026-05-25 22:42:44.140 +02:00 [INF] Map "d5c08240-0436-454a-8993-362abf5bc477": window light drew 2/2 beam(s)
2026-05-25 22:42:44.196 +02:00 [INF] Map "d5c08240-0436-454a-8993-362abf5bc477": window light drew 2/2 beam(s)
2026-05-25 22:42:44.264 +02:00 [INF] Map "d5c08240-0436-454a-8993-362abf5bc477": window light drew 2/2 beam(s)
2026-05-25 22:42:44.320 +02:00 [INF] Map "d5c08240-0436-454a-8993-362abf5bc477": window light drew 2/2 beam(s)
2026-05-25 22:42:44.375 +02:00 [INF] Map "d5c08240-0436-454a-8993-362abf5bc477": window light drew 2/2 beam(s)
2026-05-25 22:42:44.429 +02:00 [INF] Map "d5c08240-0436-454a-8993-362abf5bc477": window light drew 2/2 beam(s)
2026-05-25 22:42:44.483 +02:00 [INF] Map "d5c08240-0436-454a-8993-362abf5bc477": window light drew 2/2 beam(s)
2026-05-25 22:42:44.538 +02:00 [INF] Map "d5c08240-0436-454a-8993-362abf5bc477": window light drew 2/2 beam(s)
2026-05-25 22:42:44.593 +02:00 [INF] Map "d5c08240-0436-454a-8993-362abf5bc477": window light drew 2/2 beam(s)
2026-05-25 22:42:44.648 +02:00 [INF] Map "d5c08240-0436-454a-8993-362abf5bc477": window light drew 2/2 beam(s)
2026-05-25 22:42:44.703 +02:00 [INF] Map "d5c08240-0436-454a-8993-362abf5bc477": window light drew 2/2 beam(s)
2026-05-25 22:42:44.771 +02:00 [INF] Map "d5c08240-0436-454a-8993-362abf5bc477": window light drew 2/2 beam(s)
2026-05-25 22:42:44.826 +02:00 [INF] Map "d5c08240-0436-454a-8993-362abf5bc477": window light drew 2/2 beam(s)
2026-05-25 22:42:44.881 +02:00 [INF] Map "d5c08240-0436-454a-8993-362abf5bc477": window light drew 2/2 beam(s)
2026-05-25 22:42:44.936 +02:00 [INF] Map "d5c08240-0436-454a-8993-362abf5bc477": window light drew 2/2 beam(s)
2026-05-25 22:42:44.991 +02:00 [INF] Map "d5c08240-0436-454a-8993-362abf5bc477": window light drew 2/2 beam(s)
2026-05-25 22:42:45.046 +02:00 [INF] Map "d5c08240-0436-454a-8993-362abf5bc477": window light drew 2/2 beam(s)
2026-05-25 22:42:45.102 +02:00 [INF] Map "d5c08240-0436-454a-8993-362abf5bc477": window light drew 2/2 beam(s)
2026-05-25 22:42:45.158 +02:00 [INF] Map "d5c08240-0436-454a-8993-362abf5bc477": window light drew 2/2 beam(s)
2026-05-25 22:42:45.214 +02:00 [INF] Map "d5c08240-0436-454a-8993-362abf5bc477": window light drew 2/2 beam(s)
2026-05-25 22:42:45.282 +02:00 [INF] Map "d5c08240-0436-454a-8993-362abf5bc477": window light drew 2/2 beam(s)
2026-05-25 22:42:45.337 +02:00 [INF] Map "d5c08240-0436-454a-8993-362abf5bc477": window light drew 2/2 beam(s)
2026-05-25 22:42:45.393 +02:00 [INF] Map "d5c08240-0436-454a-8993-362abf5bc477": window light drew 2/2 beam(s)
2026-05-25 22:42:45.448 +02:00 [INF] Map "d5c08240-0436-454a-8993-362abf5bc477": window light drew 2/2 beam(s)
2026-05-25 22:42:45.503 +02:00 [INF] Map "d5c08240-0436-454a-8993-362abf5bc477": window light drew 2/2 beam(s)
2026-05-25 22:42:45.558 +02:00 [INF] Map "d5c08240-0436-454a-8993-362abf5bc477": window light drew 2/2 beam(s)
2026-05-25 22:42:45.613 +02:00 [INF] Map "d5c08240-0436-454a-8993-362abf5bc477": window light drew 2/2 beam(s)
2026-05-25 22:42:45.668 +02:00 [INF] Map "d5c08240-0436-454a-8993-362abf5bc477": window light drew 2/2 beam(s)
2026-05-25 22:42:45.722 +02:00 [INF] Map "d5c08240-0436-454a-8993-362abf5bc477": window light drew 2/2 beam(s)
2026-05-25 22:42:45.787 +02:00 [INF] Map "d5c08240-0436-454a-8993-362abf5bc477": window light drew 2/2 beam(s)
2026-05-25 22:42:45.842 +02:00 [INF] Map "d5c08240-0436-454a-8993-362abf5bc477": window light drew 2/2 beam(s)
2026-05-25 22:42:45.897 +02:00 [INF] Map "d5c08240-0436-454a-8993-362abf5bc477": window light drew 2/2 beam(s)
2026-05-25 22:42:45.951 +02:00 [INF] Map "d5c08240-0436-454a-8993-362abf5bc477": window light drew 2/2 beam(s)
2026-05-25 22:42:46.007 +02:00 [INF] Map "d5c08240-0436-454a-8993-362abf5bc477": window light drew 2/2 beam(s)
2026-05-25 22:42:46.062 +02:00 [INF] Map "d5c08240-0436-454a-8993-362abf5bc477": window light drew 2/2 beam(s)
2026-05-25 22:42:46.118 +02:00 [INF] Map "d5c08240-0436-454a-8993-362abf5bc477": window light drew 2/2 beam(s)
2026-05-25 22:42:46.173 +02:00 [INF] Map "d5c08240-0436-454a-8993-362abf5bc477": window light drew 2/2 beam(s)
2026-05-25 22:42:46.228 +02:00 [INF] Map "d5c08240-0436-454a-8993-362abf5bc477": window light drew 2/2 beam(s)
2026-05-25 22:42:46.296 +02:00 [INF] Map "d5c08240-0436-454a-8993-362abf5bc477": window light drew 2/2 beam(s)
2026-05-25 22:42:46.352 +02:00 [INF] Map "d5c08240-0436-454a-8993-362abf5bc477": window light drew 2/2 beam(s)
2026-05-25 22:42:46.408 +02:00 [INF] Map "d5c08240-0436-454a-8993-362abf5bc477": window light drew 2/2 beam(s)
2026-05-25 22:42:46.464 +02:00 [INF] Map "d5c08240-0436-454a-8993-362abf5bc477": window light drew 2/2 beam(s)
2026-05-25 22:42:46.519 +02:00 [INF] Map "d5c08240-0436-454a-8993-362abf5bc477": window light drew 2/2 beam(s)
2026-05-25 22:42:46.573 +02:00 [INF] Map "d5c08240-0436-454a-8993-362abf5bc477": window light drew 2/2 beam(s)
2026-05-25 22:42:46.629 +02:00 [INF] Map "d5c08240-0436-454a-8993-362abf5bc477": window light drew 2/2 beam(s)
2026-05-25 22:42:46.684 +02:00 [INF] Map "d5c08240-0436-454a-8993-362abf5bc477": window light drew 2/2 beam(s)
2026-05-25 22:42:46.739 +02:00 [INF] Map "d5c08240-0436-454a-8993-362abf5bc477": window light drew 2/2 beam(s)
2026-05-25 22:42:46.807 +02:00 [INF] Map "d5c08240-0436-454a-8993-362abf5bc477": window light drew 2/2 beam(s)
2026-05-25 22:42:46.862 +02:00 [INF] Map "d5c08240-0436-454a-8993-362abf5bc477": window light drew 2/2 beam(s)
2026-05-25 22:42:46.918 +02:00 [INF] Map "d5c08240-0436-454a-8993-362abf5bc477": window light drew 2/2 beam(s)
2026-05-25 22:42:46.974 +02:00 [INF] Map "d5c08240-0436-454a-8993-362abf5bc477": window light drew 2/2 beam(s)
2026-05-25 22:42:47.028 +02:00 [INF] Map "d5c08240-0436-454a-8993-362abf5bc477": window light drew 2/2 beam(s)
2026-05-25 22:42:47.085 +02:00 [INF] Map "d5c08240-0436-454a-8993-362abf5bc477": window light drew 2/2 beam(s)
2026-05-25 22:42:47.140 +02:00 [INF] Map "d5c08240-0436-454a-8993-362abf5bc477": window light drew 2/2 beam(s)
2026-05-25 22:42:47.196 +02:00 [INF] Map "d5c08240-0436-454a-8993-362abf5bc477": window light drew 2/2 beam(s)
2026-05-25 22:42:47.251 +02:00 [INF] Map "d5c08240-0436-454a-8993-362abf5bc477": window light drew 2/2 beam(s)
2026-05-25 22:42:47.319 +02:00 [INF] Map "d5c08240-0436-454a-8993-362abf5bc477": window light drew 2/2 beam(s)
2026-05-25 22:42:47.374 +02:00 [INF] Map "d5c08240-0436-454a-8993-362abf5bc477": window light drew 2/2 beam(s)
2026-05-25 22:42:47.428 +02:00 [INF] Map "d5c08240-0436-454a-8993-362abf5bc477": window light drew 2/2 beam(s)
2026-05-25 22:42:47.484 +02:00 [INF] Map "d5c08240-0436-454a-8993-362abf5bc477": window light drew 2/2 beam(s)
2026-05-25 22:42:47.539 +02:00 [INF] Map "d5c08240-0436-454a-8993-362abf5bc477": window light drew 2/2 beam(s)
2026-05-25 22:42:47.594 +02:00 [INF] Map "d5c08240-0436-454a-8993-362abf5bc477": window light drew 2/2 beam(s)
2026-05-25 22:42:47.649 +02:00 [INF] Map "d5c08240-0436-454a-8993-362abf5bc477": window light drew 2/2 beam(s)
2026-05-25 22:42:47.704 +02:00 [INF] Map "d5c08240-0436-454a-8993-362abf5bc477": window light drew 2/2 beam(s)
2026-05-25 22:42:47.759 +02:00 [INF] Map "d5c08240-0436-454a-8993-362abf5bc477": window light drew 2/2 beam(s)
2026-05-25 22:42:47.827 +02:00 [INF] Map "d5c08240-0436-454a-8993-362abf5bc477": window light drew 2/2 beam(s)
2026-05-25 22:42:47.883 +02:00 [INF] Map "d5c08240-0436-454a-8993-362abf5bc477": window light drew 2/2 beam(s)
2026-05-25 22:42:47.939 +02:00 [INF] Map "d5c08240-0436-454a-8993-362abf5bc477": window light drew 2/2 beam(s)
2026-05-25 22:42:47.994 +02:00 [INF] Map "d5c08240-0436-454a-8993-362abf5bc477": window light drew 2/2 beam(s)
2026-05-25 22:42:48.049 +02:00 [INF] Map "d5c08240-0436-454a-8993-362abf5bc477": window light drew 2/2 beam(s)
2026-05-25 22:42:48.104 +02:00 [INF] Map "d5c08240-0436-454a-8993-362abf5bc477": window light drew 2/2 beam(s)
2026-05-25 22:42:48.159 +02:00 [INF] Map "d5c08240-0436-454a-8993-362abf5bc477": window light drew 2/2 beam(s)
2026-05-25 22:42:48.222 +02:00 [INF] Map "d5c08240-0436-454a-8993-362abf5bc477": window light drew 2/2 beam(s)
2026-05-25 22:42:48.277 +02:00 [INF] Map "d5c08240-0436-454a-8993-362abf5bc477": window light drew 2/2 beam(s)
2026-05-25 22:42:48.345 +02:00 [INF] Map "d5c08240-0436-454a-8993-362abf5bc477": window light drew 2/2 beam(s)
2026-05-25 22:42:48.401 +02:00 [INF] Map "d5c08240-0436-454a-8993-362abf5bc477": window light drew 2/2 beam(s)
2026-05-25 22:42:48.456 +02:00 [INF] Map "d5c08240-0436-454a-8993-362abf5bc477": window light drew 2/2 beam(s)
2026-05-25 22:42:48.512 +02:00 [INF] Map "d5c08240-0436-454a-8993-362abf5bc477": window light drew 2/2 beam(s)
2026-05-25 22:42:48.567 +02:00 [INF] Map "d5c08240-0436-454a-8993-362abf5bc477": window light drew 2/2 beam(s)
2026-05-25 22:42:48.622 +02:00 [INF] Map "d5c08240-0436-454a-8993-362abf5bc477": window light drew 2/2 beam(s)
2026-05-25 22:42:48.677 +02:00 [INF] Map "d5c08240-0436-454a-8993-362abf5bc477": window light drew 2/2 beam(s)
2026-05-25 22:42:48.731 +02:00 [INF] Map "d5c08240-0436-454a-8993-362abf5bc477": window light drew 2/2 beam(s)
2026-05-25 22:42:48.786 +02:00 [INF] Map "d5c08240-0436-454a-8993-362abf5bc477": window light drew 2/2 beam(s)
2026-05-25 22:42:48.854 +02:00 [INF] Map "d5c08240-0436-454a-8993-362abf5bc477": window light drew 2/2 beam(s)
2026-05-25 22:42:48.909 +02:00 [INF] Map "d5c08240-0436-454a-8993-362abf5bc477": window light drew 2/2 beam(s)
2026-05-25 22:42:48.964 +02:00 [INF] Map "d5c08240-0436-454a-8993-362abf5bc477": window light drew 2/2 beam(s)
2026-05-25 22:42:49.019 +02:00 [INF] Map "d5c08240-0436-454a-8993-362abf5bc477": window light drew 2/2 beam(s)
2026-05-25 22:42:49.075 +02:00 [INF] Map "d5c08240-0436-454a-8993-362abf5bc477": window light drew 2/2 beam(s)
2026-05-25 22:42:49.140 +02:00 [INF] Map "d5c08240-0436-454a-8993-362abf5bc477": window light drew 2/2 beam(s)
2026-05-25 22:42:49.198 +02:00 [INF] Map "d5c08240-0436-454a-8993-362abf5bc477": window light drew 2/2 beam(s)
2026-05-25 22:42:49.256 +02:00 [INF] Map "d5c08240-0436-454a-8993-362abf5bc477": window light drew 2/2 beam(s)
2026-05-25 22:42:49.312 +02:00 [INF] Map "d5c08240-0436-454a-8993-362abf5bc477": window light drew 2/2 beam(s)
2026-05-25 22:42:49.381 +02:00 [INF] Map "d5c08240-0436-454a-8993-362abf5bc477": window light drew 2/2 beam(s)
2026-05-25 22:42:49.436 +02:00 [INF] Map "d5c08240-0436-454a-8993-362abf5bc477": window light drew 2/2 beam(s)
2026-05-25 22:42:49.492 +02:00 [INF] Map "d5c08240-0436-454a-8993-362abf5bc477": window light drew 2/2 beam(s)
2026-05-25 22:42:49.547 +02:00 [INF] Map "d5c08240-0436-454a-8993-362abf5bc477": window light drew 2/2 beam(s)
2026-05-25 22:42:49.603 +02:00 [INF] Map "d5c08240-0436-454a-8993-362abf5bc477": window light drew 2/2 beam(s)
2026-05-25 22:42:49.658 +02:00 [INF] Map "d5c08240-0436-454a-8993-362abf5bc477": window light drew 2/2 beam(s)
2026-05-25 22:42:49.714 +02:00 [INF] Map "d5c08240-0436-454a-8993-362abf5bc477": window light drew 2/2 beam(s)
2026-05-25 22:42:49.769 +02:00 [INF] Map "d5c08240-0436-454a-8993-362abf5bc477": window light drew 2/2 beam(s)
2026-05-25 22:42:49.824 +02:00 [INF] Map "d5c08240-0436-454a-8993-362abf5bc477": window light drew 2/2 beam(s)
2026-05-25 22:42:49.892 +02:00 [INF] Map "d5c08240-0436-454a-8993-362abf5bc477": window light drew 2/2 beam(s)
2026-05-25 22:42:49.947 +02:00 [INF] Map "d5c08240-0436-454a-8993-362abf5bc477": window light drew 2/2 beam(s)
2026-05-25 22:42:50.002 +02:00 [INF] Map "d5c08240-0436-454a-8993-362abf5bc477": window light drew 2/2 beam(s)
2026-05-25 22:42:50.057 +02:00 [INF] Map "d5c08240-0436-454a-8993-362abf5bc477": window light drew 2/2 beam(s)
2026-05-25 22:42:50.117 +02:00 [INF] Map "d5c08240-0436-454a-8993-362abf5bc477": window light drew 2/2 beam(s)
2026-05-25 22:42:50.173 +02:00 [INF] Map "d5c08240-0436-454a-8993-362abf5bc477": window light drew 2/2 beam(s)
2026-05-25 22:42:50.237 +02:00 [INF] Map "d5c08240-0436-454a-8993-362abf5bc477": window light drew 2/2 beam(s)
2026-05-25 22:42:50.291 +02:00 [INF] Map "d5c08240-0436-454a-8993-362abf5bc477": window light drew 2/2 beam(s)
2026-05-25 22:42:50.346 +02:00 [INF] Map "d5c08240-0436-454a-8993-362abf5bc477": window light drew 2/2 beam(s)
2026-05-25 22:42:50.414 +02:00 [INF] Map "d5c08240-0436-454a-8993-362abf5bc477": window light drew 2/2 beam(s)
2026-05-25 22:42:50.470 +02:00 [INF] Map "d5c08240-0436-454a-8993-362abf5bc477": window light drew 2/2 beam(s)
2026-05-25 22:42:50.525 +02:00 [INF] Map "d5c08240-0436-454a-8993-362abf5bc477": window light drew 2/2 beam(s)
2026-05-25 22:42:50.580 +02:00 [INF] Map "d5c08240-0436-454a-8993-362abf5bc477": window light drew 2/2 beam(s)
2026-05-25 22:42:50.634 +02:00 [INF] Map "d5c08240-0436-454a-8993-362abf5bc477": window light drew 2/2 beam(s)
2026-05-25 22:42:50.688 +02:00 [INF] Map "d5c08240-0436-454a-8993-362abf5bc477": window light drew 2/2 beam(s)
2026-05-25 22:42:50.743 +02:00 [INF] Map "d5c08240-0436-454a-8993-362abf5bc477": window light drew 2/2 beam(s)
2026-05-25 22:42:50.798 +02:00 [INF] Map "d5c08240-0436-454a-8993-362abf5bc477": window light drew 2/2 beam(s)
2026-05-25 22:42:50.854 +02:00 [INF] Map "d5c08240-0436-454a-8993-362abf5bc477": window light drew 2/2 beam(s)
2026-05-25 22:42:50.923 +02:00 [INF] Map "d5c08240-0436-454a-8993-362abf5bc477": window light drew 2/2 beam(s)
2026-05-25 22:42:50.978 +02:00 [INF] Map "d5c08240-0436-454a-8993-362abf5bc477": window light drew 2/2 beam(s)
2026-05-25 22:42:51.034 +02:00 [INF] Map "d5c08240-0436-454a-8993-362abf5bc477": window light drew 2/2 beam(s)
2026-05-25 22:42:51.089 +02:00 [INF] Map "d5c08240-0436-454a-8993-362abf5bc477": window light drew 2/2 beam(s)
2026-05-25 22:42:51.144 +02:00 [INF] Map "d5c08240-0436-454a-8993-362abf5bc477": window light drew 2/2 beam(s)
2026-05-25 22:42:51.199 +02:00 [INF] Map "d5c08240-0436-454a-8993-362abf5bc477": window light drew 2/2 beam(s)
2026-05-25 22:42:51.254 +02:00 [INF] Map "d5c08240-0436-454a-8993-362abf5bc477": window light drew 2/2 beam(s)
2026-05-25 22:42:51.309 +02:00 [INF] Map "d5c08240-0436-454a-8993-362abf5bc477": window light drew 2/2 beam(s)
2026-05-25 22:42:51.363 +02:00 [INF] Map "d5c08240-0436-454a-8993-362abf5bc477": window light drew 2/2 beam(s)
2026-05-25 22:42:51.431 +02:00 [INF] Map "d5c08240-0436-454a-8993-362abf5bc477": window light drew 2/2 beam(s)
2026-05-25 22:42:51.486 +02:00 [INF] Map "d5c08240-0436-454a-8993-362abf5bc477": window light drew 2/2 beam(s)
2026-05-25 22:42:51.542 +02:00 [INF] Map "d5c08240-0436-454a-8993-362abf5bc477": window light drew 2/2 beam(s)
2026-05-25 22:42:51.597 +02:00 [INF] Map "d5c08240-0436-454a-8993-362abf5bc477": window light drew 2/2 beam(s)
2026-05-25 22:42:51.652 +02:00 [INF] Map "d5c08240-0436-454a-8993-362abf5bc477": window light drew 2/2 beam(s)
2026-05-25 22:42:51.707 +02:00 [INF] Map "d5c08240-0436-454a-8993-362abf5bc477": window light drew 2/2 beam(s)
2026-05-25 22:42:51.762 +02:00 [INF] Map "d5c08240-0436-454a-8993-362abf5bc477": window light drew 2/2 beam(s)
2026-05-25 22:42:51.817 +02:00 [INF] Map "d5c08240-0436-454a-8993-362abf5bc477": window light drew 2/2 beam(s)
2026-05-25 22:42:51.872 +02:00 [INF] Map "d5c08240-0436-454a-8993-362abf5bc477": window light drew 2/2 beam(s)
2026-05-25 22:42:51.941 +02:00 [INF] Map "d5c08240-0436-454a-8993-362abf5bc477": window light drew 2/2 beam(s)
2026-05-25 22:42:51.996 +02:00 [INF] Map "d5c08240-0436-454a-8993-362abf5bc477": window light drew 2/2 beam(s)
2026-05-25 22:42:52.052 +02:00 [INF] Map "d5c08240-0436-454a-8993-362abf5bc477": window light drew 2/2 beam(s)
2026-05-25 22:42:52.107 +02:00 [INF] Map "d5c08240-0436-454a-8993-362abf5bc477": window light drew 2/2 beam(s)
2026-05-25 22:42:52.162 +02:00 [INF] Map "d5c08240-0436-454a-8993-362abf5bc477": window light drew 2/2 beam(s)
2026-05-25 22:42:52.219 +02:00 [INF] Map "d5c08240-0436-454a-8993-362abf5bc477": window light drew 2/2 beam(s)
2026-05-25 22:42:52.274 +02:00 [INF] Map "d5c08240-0436-454a-8993-362abf5bc477": window light drew 2/2 beam(s)
2026-05-25 22:42:52.329 +02:00 [INF] Map "d5c08240-0436-454a-8993-362abf5bc477": window light drew 2/2 beam(s)
2026-05-25 22:42:52.384 +02:00 [INF] Map "d5c08240-0436-454a-8993-362abf5bc477": window light drew 2/2 beam(s)
2026-05-25 22:42:52.453 +02:00 [INF] Map "d5c08240-0436-454a-8993-362abf5bc477": window light drew 2/2 beam(s)
2026-05-25 22:42:52.508 +02:00 [INF] Map "d5c08240-0436-454a-8993-362abf5bc477": window light drew 2/2 beam(s)
2026-05-25 22:42:52.563 +02:00 [INF] Map "d5c08240-0436-454a-8993-362abf5bc477": window light drew 2/2 beam(s)
2026-05-25 22:42:52.618 +02:00 [INF] Map "d5c08240-0436-454a-8993-362abf5bc477": window light drew 2/2 beam(s)
2026-05-25 22:42:52.674 +02:00 [INF] Map "d5c08240-0436-454a-8993-362abf5bc477": window light drew 2/2 beam(s)
2026-05-25 22:42:52.729 +02:00 [INF] Map "d5c08240-0436-454a-8993-362abf5bc477": window light drew 2/2 beam(s)
2026-05-25 22:42:52.784 +02:00 [INF] Map "d5c08240-0436-454a-8993-362abf5bc477": window light drew 2/2 beam(s)
2026-05-25 22:42:52.839 +02:00 [INF] Map "d5c08240-0436-454a-8993-362abf5bc477": window light drew 2/2 beam(s)
2026-05-25 22:42:52.894 +02:00 [INF] Map "d5c08240-0436-454a-8993-362abf5bc477": window light drew 2/2 beam(s)
2026-05-25 22:42:52.963 +02:00 [INF] Map "d5c08240-0436-454a-8993-362abf5bc477": window light drew 2/2 beam(s)
2026-05-25 22:42:53.018 +02:00 [INF] Map "d5c08240-0436-454a-8993-362abf5bc477": window light drew 2/2 beam(s)
2026-05-25 22:42:53.074 +02:00 [INF] Map "d5c08240-0436-454a-8993-362abf5bc477": window light drew 2/2 beam(s)
2026-05-25 22:42:53.129 +02:00 [INF] Map "d5c08240-0436-454a-8993-362abf5bc477": window light drew 2/2 beam(s)
2026-05-25 22:42:53.184 +02:00 [INF] Map "d5c08240-0436-454a-8993-362abf5bc477": window light drew 2/2 beam(s)
2026-05-25 22:42:53.238 +02:00 [INF] Map "d5c08240-0436-454a-8993-362abf5bc477": window light drew 2/2 beam(s)
2026-05-25 22:42:53.294 +02:00 [INF] Map "d5c08240-0436-454a-8993-362abf5bc477": window light drew 2/2 beam(s)
2026-05-25 22:42:53.349 +02:00 [INF] Map "d5c08240-0436-454a-8993-362abf5bc477": window light drew 2/2 beam(s)
2026-05-25 22:42:53.404 +02:00 [INF] Map "d5c08240-0436-454a-8993-362abf5bc477": window light drew 2/2 beam(s)
2026-05-25 22:42:53.471 +02:00 [INF] Map "d5c08240-0436-454a-8993-362abf5bc477": window light drew 2/2 beam(s)
2026-05-25 22:42:53.526 +02:00 [INF] Map "d5c08240-0436-454a-8993-362abf5bc477": window light drew 2/2 beam(s)
2026-05-25 22:42:53.581 +02:00 [INF] Map "d5c08240-0436-454a-8993-362abf5bc477": window light drew 2/2 beam(s)
2026-05-25 22:42:53.636 +02:00 [INF] Map "d5c08240-0436-454a-8993-362abf5bc477": window light drew 2/2 beam(s)
2026-05-25 22:42:53.691 +02:00 [INF] Map "d5c08240-0436-454a-8993-362abf5bc477": window light drew 2/2 beam(s)
2026-05-25 22:42:53.746 +02:00 [INF] Map "d5c08240-0436-454a-8993-362abf5bc477": window light drew 2/2 beam(s)
2026-05-25 22:42:53.801 +02:00 [INF] Map "d5c08240-0436-454a-8993-362abf5bc477": window light drew 2/2 beam(s)
2026-05-25 22:42:53.857 +02:00 [INF] Map "d5c08240-0436-454a-8993-362abf5bc477": window light drew 2/2 beam(s)
2026-05-25 22:42:53.911 +02:00 [INF] Map "d5c08240-0436-454a-8993-362abf5bc477": window light drew 2/2 beam(s)
2026-05-25 22:42:53.979 +02:00 [INF] Map "d5c08240-0436-454a-8993-362abf5bc477": window light drew 2/2 beam(s)
2026-05-25 22:42:54.034 +02:00 [INF] Map "d5c08240-0436-454a-8993-362abf5bc477": window light drew 2/2 beam(s)
2026-05-25 22:42:54.090 +02:00 [INF] Map "d5c08240-0436-454a-8993-362abf5bc477": window light drew 2/2 beam(s)
2026-05-25 22:42:54.146 +02:00 [INF] Map "d5c08240-0436-454a-8993-362abf5bc477": window light drew 2/2 beam(s)
2026-05-25 22:42:54.201 +02:00 [INF] Map "d5c08240-0436-454a-8993-362abf5bc477": window light drew 2/2 beam(s)
2026-05-25 22:42:54.256 +02:00 [INF] Map "d5c08240-0436-454a-8993-362abf5bc477": window light drew 2/2 beam(s)
2026-05-25 22:42:54.311 +02:00 [INF] Map "d5c08240-0436-454a-8993-362abf5bc477": window light drew 2/2 beam(s)
2026-05-25 22:42:54.366 +02:00 [INF] Map "d5c08240-0436-454a-8993-362abf5bc477": window light drew 2/2 beam(s)
2026-05-25 22:42:54.421 +02:00 [INF] Map "d5c08240-0436-454a-8993-362abf5bc477": window light drew 2/2 beam(s)
2026-05-25 22:42:54.489 +02:00 [INF] Map "d5c08240-0436-454a-8993-362abf5bc477": window light drew 2/2 beam(s)
2026-05-25 22:42:54.545 +02:00 [INF] Map "d5c08240-0436-454a-8993-362abf5bc477": window light drew 2/2 beam(s)
2026-05-25 22:42:54.600 +02:00 [INF] Map "d5c08240-0436-454a-8993-362abf5bc477": window light drew 2/2 beam(s)
2026-05-25 22:42:54.655 +02:00 [INF] Map "d5c08240-0436-454a-8993-362abf5bc477": window light drew 2/2 beam(s)
2026-05-25 22:42:54.709 +02:00 [INF] Map "d5c08240-0436-454a-8993-362abf5bc477": window light drew 2/2 beam(s)
2026-05-25 22:42:54.764 +02:00 [INF] Map "d5c08240-0436-454a-8993-362abf5bc477": window light drew 2/2 beam(s)
2026-05-25 22:42:54.820 +02:00 [INF] Map "d5c08240-0436-454a-8993-362abf5bc477": window light drew 2/2 beam(s)
2026-05-25 22:42:54.876 +02:00 [INF] Map "d5c08240-0436-454a-8993-362abf5bc477": window light drew 2/2 beam(s)
2026-05-25 22:42:54.930 +02:00 [INF] Map "d5c08240-0436-454a-8993-362abf5bc477": window light drew 2/2 beam(s)
2026-05-25 22:42:54.998 +02:00 [INF] Map "d5c08240-0436-454a-8993-362abf5bc477": window light drew 2/2 beam(s)
2026-05-25 22:42:55.052 +02:00 [INF] Map "d5c08240-0436-454a-8993-362abf5bc477": window light drew 2/2 beam(s)
2026-05-25 22:42:55.106 +02:00 [INF] Map "d5c08240-0436-454a-8993-362abf5bc477": window light drew 2/2 beam(s)
2026-05-25 22:42:55.161 +02:00 [INF] Map "d5c08240-0436-454a-8993-362abf5bc477": window light drew 2/2 beam(s)
2026-05-25 22:42:55.216 +02:00 [INF] Map "d5c08240-0436-454a-8993-362abf5bc477": window light drew 2/2 beam(s)
2026-05-25 22:42:55.271 +02:00 [INF] Map "d5c08240-0436-454a-8993-362abf5bc477": window light drew 2/2 beam(s)
2026-05-25 22:42:55.325 +02:00 [INF] Map "d5c08240-0436-454a-8993-362abf5bc477": window light drew 2/2 beam(s)
2026-05-25 22:42:55.381 +02:00 [INF] Map "d5c08240-0436-454a-8993-362abf5bc477": window light drew 2/2 beam(s)
2026-05-25 22:42:55.436 +02:00 [INF] Map "d5c08240-0436-454a-8993-362abf5bc477": window light drew 2/2 beam(s)
2026-05-25 22:42:55.508 +02:00 [INF] Map "d5c08240-0436-454a-8993-362abf5bc477": window light drew 2/2 beam(s)
2026-05-25 22:42:55.564 +02:00 [INF] Map "d5c08240-0436-454a-8993-362abf5bc477": window light drew 2/2 beam(s)
2026-05-25 22:42:55.619 +02:00 [INF] Map "d5c08240-0436-454a-8993-362abf5bc477": window light drew 2/2 beam(s)
2026-05-25 22:42:55.674 +02:00 [INF] Map "d5c08240-0436-454a-8993-362abf5bc477": window light drew 2/2 beam(s)
2026-05-25 22:42:55.730 +02:00 [INF] Map "d5c08240-0436-454a-8993-362abf5bc477": window light drew 2/2 beam(s)
2026-05-25 22:42:55.784 +02:00 [INF] Map "d5c08240-0436-454a-8993-362abf5bc477": window light drew 2/2 beam(s)
2026-05-25 22:42:55.840 +02:00 [INF] Map "d5c08240-0436-454a-8993-362abf5bc477": window light drew 2/2 beam(s)
2026-05-25 22:42:55.895 +02:00 [INF] Map "d5c08240-0436-454a-8993-362abf5bc477": window light drew 2/2 beam(s)
2026-05-25 22:42:55.950 +02:00 [INF] Map "d5c08240-0436-454a-8993-362abf5bc477": window light drew 2/2 beam(s)
2026-05-25 22:42:56.019 +02:00 [INF] Map "d5c08240-0436-454a-8993-362abf5bc477": window light drew 2/2 beam(s)
2026-05-25 22:42:56.074 +02:00 [INF] Map "d5c08240-0436-454a-8993-362abf5bc477": window light drew 2/2 beam(s)
2026-05-25 22:42:56.129 +02:00 [INF] Map "d5c08240-0436-454a-8993-362abf5bc477": window light drew 2/2 beam(s)
2026-05-25 22:42:56.183 +02:00 [INF] Map "d5c08240-0436-454a-8993-362abf5bc477": window light drew 2/2 beam(s)
2026-05-25 22:42:56.239 +02:00 [INF] Map "d5c08240-0436-454a-8993-362abf5bc477": window light drew 2/2 beam(s)
2026-05-25 22:42:56.294 +02:00 [INF] Map "d5c08240-0436-454a-8993-362abf5bc477": window light drew 2/2 beam(s)
2026-05-25 22:42:56.349 +02:00 [INF] Map "d5c08240-0436-454a-8993-362abf5bc477": window light drew 2/2 beam(s)
2026-05-25 22:42:56.404 +02:00 [INF] Map "d5c08240-0436-454a-8993-362abf5bc477": window light drew 2/2 beam(s)
2026-05-25 22:42:56.459 +02:00 [INF] Map "d5c08240-0436-454a-8993-362abf5bc477": window light drew 2/2 beam(s)
2026-05-25 22:42:56.526 +02:00 [INF] Map "d5c08240-0436-454a-8993-362abf5bc477": window light drew 2/2 beam(s)
2026-05-25 22:42:56.582 +02:00 [INF] Map "d5c08240-0436-454a-8993-362abf5bc477": window light drew 2/2 beam(s)
2026-05-25 22:42:56.637 +02:00 [INF] Map "d5c08240-0436-454a-8993-362abf5bc477": window light drew 2/2 beam(s)
2026-05-25 22:42:56.691 +02:00 [INF] Map "d5c08240-0436-454a-8993-362abf5bc477": window light drew 2/2 beam(s)
2026-05-25 22:42:56.746 +02:00 [INF] Map "d5c08240-0436-454a-8993-362abf5bc477": window light drew 2/2 beam(s)
2026-05-25 22:42:56.802 +02:00 [INF] Map "d5c08240-0436-454a-8993-362abf5bc477": window light drew 2/2 beam(s)
2026-05-25 22:42:56.856 +02:00 [INF] Map "d5c08240-0436-454a-8993-362abf5bc477": window light drew 2/2 beam(s)
2026-05-25 22:42:56.911 +02:00 [INF] Map "d5c08240-0436-454a-8993-362abf5bc477": window light drew 2/2 beam(s)
2026-05-25 22:42:56.966 +02:00 [INF] Map "d5c08240-0436-454a-8993-362abf5bc477": window light drew 2/2 beam(s)
2026-05-25 22:42:57.037 +02:00 [INF] Map "d5c08240-0436-454a-8993-362abf5bc477": window light drew 2/2 beam(s)
2026-05-25 22:42:57.092 +02:00 [INF] Map "d5c08240-0436-454a-8993-362abf5bc477": window light drew 2/2 beam(s)
2026-05-25 22:42:57.147 +02:00 [INF] Map "d5c08240-0436-454a-8993-362abf5bc477": window light drew 2/2 beam(s)
2026-05-25 22:42:57.201 +02:00 [INF] Map "d5c08240-0436-454a-8993-362abf5bc477": window light drew 2/2 beam(s)
2026-05-25 22:42:57.257 +02:00 [INF] Map "d5c08240-0436-454a-8993-362abf5bc477": window light drew 2/2 beam(s)
2026-05-25 22:42:57.312 +02:00 [INF] Map "d5c08240-0436-454a-8993-362abf5bc477": window light drew 2/2 beam(s)
2026-05-25 22:42:57.367 +02:00 [INF] Map "d5c08240-0436-454a-8993-362abf5bc477": window light drew 2/2 beam(s)
2026-05-25 22:42:57.422 +02:00 [INF] Map "d5c08240-0436-454a-8993-362abf5bc477": window light drew 2/2 beam(s)
2026-05-25 22:42:57.477 +02:00 [INF] Map "d5c08240-0436-454a-8993-362abf5bc477": window light drew 2/2 beam(s)
2026-05-25 22:42:57.546 +02:00 [INF] Map "d5c08240-0436-454a-8993-362abf5bc477": window light drew 2/2 beam(s)
2026-05-25 22:42:57.601 +02:00 [INF] Map "d5c08240-0436-454a-8993-362abf5bc477": window light drew 2/2 beam(s)
2026-05-25 22:42:57.656 +02:00 [INF] Map "d5c08240-0436-454a-8993-362abf5bc477": window light drew 2/2 beam(s)
2026-05-25 22:42:57.710 +02:00 [INF] Map "d5c08240-0436-454a-8993-362abf5bc477": window light drew 2/2 beam(s)
2026-05-25 22:42:57.765 +02:00 [INF] Map "d5c08240-0436-454a-8993-362abf5bc477": window light drew 2/2 beam(s)
2026-05-25 22:42:57.821 +02:00 [INF] Map "d5c08240-0436-454a-8993-362abf5bc477": window light drew 2/2 beam(s)
2026-05-25 22:42:57.876 +02:00 [INF] Map "d5c08240-0436-454a-8993-362abf5bc477": window light drew 2/2 beam(s)
2026-05-25 22:42:57.930 +02:00 [INF] Map "d5c08240-0436-454a-8993-362abf5bc477": window light drew 2/2 beam(s)
2026-05-25 22:42:57.985 +02:00 [INF] Map "d5c08240-0436-454a-8993-362abf5bc477": window light drew 2/2 beam(s)
2026-05-25 22:42:58.053 +02:00 [INF] Map "d5c08240-0436-454a-8993-362abf5bc477": window light drew 2/2 beam(s)
2026-05-25 22:42:58.107 +02:00 [INF] Map "d5c08240-0436-454a-8993-362abf5bc477": window light drew 2/2 beam(s)
2026-05-25 22:42:58.166 +02:00 [INF] Map "d5c08240-0436-454a-8993-362abf5bc477": window light drew 2/2 beam(s)
2026-05-25 22:42:58.223 +02:00 [INF] Map "d5c08240-0436-454a-8993-362abf5bc477": window light drew 2/2 beam(s)
2026-05-25 22:42:58.280 +02:00 [INF] Map "d5c08240-0436-454a-8993-362abf5bc477": window light drew 2/2 beam(s)
2026-05-25 22:42:58.334 +02:00 [INF] Map "d5c08240-0436-454a-8993-362abf5bc477": window light drew 2/2 beam(s)
2026-05-25 22:42:58.389 +02:00 [INF] Map "d5c08240-0436-454a-8993-362abf5bc477": window light drew 2/2 beam(s)
2026-05-25 22:42:58.444 +02:00 [INF] Map "d5c08240-0436-454a-8993-362abf5bc477": window light drew 2/2 beam(s)
2026-05-25 22:42:58.499 +02:00 [INF] Map "d5c08240-0436-454a-8993-362abf5bc477": window light drew 2/2 beam(s)
2026-05-25 22:42:58.567 +02:00 [INF] Map "d5c08240-0436-454a-8993-362abf5bc477": window light drew 2/2 beam(s)
2026-05-25 22:42:58.622 +02:00 [INF] Map "d5c08240-0436-454a-8993-362abf5bc477": window light drew 2/2 beam(s)
2026-05-25 22:42:58.677 +02:00 [INF] Map "d5c08240-0436-454a-8993-362abf5bc477": window light drew 2/2 beam(s)
2026-05-25 22:42:58.732 +02:00 [INF] Map "d5c08240-0436-454a-8993-362abf5bc477": window light drew 2/2 beam(s)
2026-05-25 22:42:58.789 +02:00 [INF] Map "d5c08240-0436-454a-8993-362abf5bc477": window light drew 2/2 beam(s)
2026-05-25 22:42:58.845 +02:00 [INF] Map "d5c08240-0436-454a-8993-362abf5bc477": window light drew 2/2 beam(s)
2026-05-25 22:42:58.900 +02:00 [INF] Map "d5c08240-0436-454a-8993-362abf5bc477": window light drew 2/2 beam(s)
2026-05-25 22:42:58.956 +02:00 [INF] Map "d5c08240-0436-454a-8993-362abf5bc477": window light drew 2/2 beam(s)
2026-05-25 22:42:59.011 +02:00 [INF] Map "d5c08240-0436-454a-8993-362abf5bc477": window light drew 2/2 beam(s)
2026-05-25 22:42:59.081 +02:00 [INF] Map "d5c08240-0436-454a-8993-362abf5bc477": window light drew 2/2 beam(s)
2026-05-25 22:42:59.137 +02:00 [INF] Map "d5c08240-0436-454a-8993-362abf5bc477": window light drew 2/2 beam(s)
2026-05-25 22:42:59.193 +02:00 [INF] Map "d5c08240-0436-454a-8993-362abf5bc477": window light drew 2/2 beam(s)
2026-05-25 22:42:59.250 +02:00 [INF] Map "d5c08240-0436-454a-8993-362abf5bc477": window light drew 2/2 beam(s)
2026-05-25 22:42:59.309 +02:00 [INF] Map "d5c08240-0436-454a-8993-362abf5bc477": window light drew 2/2 beam(s)
2026-05-25 22:42:59.366 +02:00 [INF] Map "d5c08240-0436-454a-8993-362abf5bc477": window light drew 2/2 beam(s)
2026-05-25 22:42:59.422 +02:00 [INF] Map "d5c08240-0436-454a-8993-362abf5bc477": window light drew 2/2 beam(s)
2026-05-25 22:42:59.480 +02:00 [INF] Map "d5c08240-0436-454a-8993-362abf5bc477": window light drew 2/2 beam(s)
2026-05-25 22:42:59.536 +02:00 [INF] Map "d5c08240-0436-454a-8993-362abf5bc477": window light drew 2/2 beam(s)
2026-05-25 22:42:59.605 +02:00 [INF] Map "d5c08240-0436-454a-8993-362abf5bc477": window light drew 2/2 beam(s)
2026-05-25 22:42:59.661 +02:00 [INF] Map "d5c08240-0436-454a-8993-362abf5bc477": window light drew 2/2 beam(s)
2026-05-25 22:42:59.716 +02:00 [INF] Map "d5c08240-0436-454a-8993-362abf5bc477": window light drew 2/2 beam(s)
2026-05-25 22:42:59.771 +02:00 [INF] Map "d5c08240-0436-454a-8993-362abf5bc477": window light drew 2/2 beam(s)
2026-05-25 22:42:59.826 +02:00 [INF] Map "d5c08240-0436-454a-8993-362abf5bc477": window light drew 2/2 beam(s)
2026-05-25 22:42:59.881 +02:00 [INF] Map "d5c08240-0436-454a-8993-362abf5bc477": window light drew 2/2 beam(s)
2026-05-25 22:42:59.936 +02:00 [INF] Map "d5c08240-0436-454a-8993-362abf5bc477": window light drew 2/2 beam(s)
2026-05-25 22:42:59.991 +02:00 [INF] Map "d5c08240-0436-454a-8993-362abf5bc477": window light drew 2/2 beam(s)
2026-05-25 22:43:00.047 +02:00 [INF] Map "d5c08240-0436-454a-8993-362abf5bc477": window light drew 2/2 beam(s)
2026-05-25 22:43:00.115 +02:00 [INF] Map "d5c08240-0436-454a-8993-362abf5bc477": window light drew 2/2 beam(s)
2026-05-25 22:43:00.171 +02:00 [INF] Map "d5c08240-0436-454a-8993-362abf5bc477": window light drew 2/2 beam(s)
2026-05-25 22:43:00.226 +02:00 [INF] Map "d5c08240-0436-454a-8993-362abf5bc477": window light drew 2/2 beam(s)
2026-05-25 22:43:00.271 +02:00 [INF] Map "d5c08240-0436-454a-8993-362abf5bc477": window light drew 2/2 beam(s)
2026-05-25 22:43:00.306 +02:00 [INF] Map "d5c08240-0436-454a-8993-362abf5bc477": window light drew 2/2 beam(s)
2026-05-25 22:43:00.341 +02:00 [INF] Map "d5c08240-0436-454a-8993-362abf5bc477": window light drew 2/2 beam(s)
2026-05-25 22:43:00.375 +02:00 [INF] Map "d5c08240-0436-454a-8993-362abf5bc477": window light drew 2/2 beam(s)
2026-05-25 22:43:00.411 +02:00 [INF] Map "d5c08240-0436-454a-8993-362abf5bc477": window light drew 2/2 beam(s)
2026-05-25 22:43:00.445 +02:00 [INF] Map "d5c08240-0436-454a-8993-362abf5bc477": window light drew 2/2 beam(s)
2026-05-25 22:43:00.492 +02:00 [INF] Map "d5c08240-0436-454a-8993-362abf5bc477": window light drew 2/2 beam(s)
2026-05-25 22:43:00.527 +02:00 [INF] Map "d5c08240-0436-454a-8993-362abf5bc477": window light drew 2/2 beam(s)
2026-05-25 22:43:00.561 +02:00 [INF] Map "d5c08240-0436-454a-8993-362abf5bc477": window light drew 2/2 beam(s)
2026-05-25 22:43:00.595 +02:00 [INF] Map "d5c08240-0436-454a-8993-362abf5bc477": window light drew 2/2 beam(s)
2026-05-25 22:43:00.629 +02:00 [INF] Map "d5c08240-0436-454a-8993-362abf5bc477": window light drew 2/2 beam(s)
2026-05-25 22:43:00.664 +02:00 [INF] Map "d5c08240-0436-454a-8993-362abf5bc477": window light drew 2/2 beam(s)
2026-05-25 22:43:00.698 +02:00 [INF] Map "d5c08240-0436-454a-8993-362abf5bc477": window light drew 2/2 beam(s)
2026-05-25 22:43:00.733 +02:00 [INF] Map "d5c08240-0436-454a-8993-362abf5bc477": window light drew 2/2 beam(s)
2026-05-25 22:43:00.768 +02:00 [INF] Map "d5c08240-0436-454a-8993-362abf5bc477": window light drew 2/2 beam(s)
2026-05-25 22:43:00.816 +02:00 [INF] Map "d5c08240-0436-454a-8993-362abf5bc477": window light drew 2/2 beam(s)
2026-05-25 22:43:00.851 +02:00 [INF] Map "d5c08240-0436-454a-8993-362abf5bc477": window light drew 2/2 beam(s)
2026-05-25 22:43:00.886 +02:00 [INF] Map "d5c08240-0436-454a-8993-362abf5bc477": window light drew 2/2 beam(s)
2026-05-25 22:43:00.920 +02:00 [INF] Map "d5c08240-0436-454a-8993-362abf5bc477": window light drew 2/2 beam(s)
2026-05-25 22:43:00.957 +02:00 [INF] Map "d5c08240-0436-454a-8993-362abf5bc477": window light drew 2/2 beam(s)
2026-05-25 22:43:00.992 +02:00 [INF] Map "d5c08240-0436-454a-8993-362abf5bc477": window light drew 2/2 beam(s)
2026-05-25 22:43:01.027 +02:00 [INF] Map "d5c08240-0436-454a-8993-362abf5bc477": window light drew 2/2 beam(s)
2026-05-25 22:43:01.061 +02:00 [INF] Map "d5c08240-0436-454a-8993-362abf5bc477": window light drew 2/2 beam(s)
2026-05-25 22:43:01.096 +02:00 [INF] Map "d5c08240-0436-454a-8993-362abf5bc477": window light drew 2/2 beam(s)
2026-05-25 22:43:01.144 +02:00 [INF] Map "d5c08240-0436-454a-8993-362abf5bc477": window light drew 2/2 beam(s)
2026-05-25 22:43:01.178 +02:00 [INF] Map "d5c08240-0436-454a-8993-362abf5bc477": window light drew 2/2 beam(s)
2026-05-25 22:43:01.212 +02:00 [INF] Map "d5c08240-0436-454a-8993-362abf5bc477": window light drew 2/2 beam(s)
2026-05-25 22:43:01.247 +02:00 [INF] Map "d5c08240-0436-454a-8993-362abf5bc477": window light drew 2/2 beam(s)
2026-05-25 22:43:01.281 +02:00 [INF] Map "d5c08240-0436-454a-8993-362abf5bc477": window light drew 2/2 beam(s)
2026-05-25 22:43:01.315 +02:00 [INF] Map "d5c08240-0436-454a-8993-362abf5bc477": window light drew 2/2 beam(s)
2026-05-25 22:43:01.350 +02:00 [INF] Map "d5c08240-0436-454a-8993-362abf5bc477": window light drew 2/2 beam(s)
2026-05-25 22:43:01.384 +02:00 [INF] Map "d5c08240-0436-454a-8993-362abf5bc477": window light drew 2/2 beam(s)
2026-05-25 22:43:01.419 +02:00 [INF] Map "d5c08240-0436-454a-8993-362abf5bc477": window light drew 2/2 beam(s)
2026-05-25 22:43:01.466 +02:00 [INF] Map "d5c08240-0436-454a-8993-362abf5bc477": window light drew 2/2 beam(s)
2026-05-25 22:43:01.501 +02:00 [INF] Map "d5c08240-0436-454a-8993-362abf5bc477": window light drew 2/2 beam(s)
2026-05-25 22:43:01.535 +02:00 [INF] Map "d5c08240-0436-454a-8993-362abf5bc477": window light drew 2/2 beam(s)
2026-05-25 22:43:01.569 +02:00 [INF] Map "d5c08240-0436-454a-8993-362abf5bc477": window light drew 2/2 beam(s)
2026-05-25 22:43:01.603 +02:00 [INF] Map "d5c08240-0436-454a-8993-362abf5bc477": window light drew 2/2 beam(s)
2026-05-25 22:43:01.639 +02:00 [INF] Map "d5c08240-0436-454a-8993-362abf5bc477": window light drew 2/2 beam(s)
2026-05-25 22:43:01.673 +02:00 [INF] Map "d5c08240-0436-454a-8993-362abf5bc477": window light drew 2/2 beam(s)
2026-05-25 22:43:01.707 +02:00 [INF] Map "d5c08240-0436-454a-8993-362abf5bc477": window light drew 2/2 beam(s)
2026-05-25 22:43:01.741 +02:00 [INF] Map "d5c08240-0436-454a-8993-362abf5bc477": window light drew 2/2 beam(s)
2026-05-25 22:43:01.789 +02:00 [INF] Map "d5c08240-0436-454a-8993-362abf5bc477": window light drew 2/2 beam(s)
2026-05-25 22:43:01.823 +02:00 [INF] Map "d5c08240-0436-454a-8993-362abf5bc477": window light drew 2/2 beam(s)
2026-05-25 22:43:01.863 +02:00 [INF] Map "d5c08240-0436-454a-8993-362abf5bc477": window light drew 2/2 beam(s)
2026-05-25 22:43:01.897 +02:00 [INF] Map "d5c08240-0436-454a-8993-362abf5bc477": window light drew 2/2 beam(s)
2026-05-25 22:43:01.931 +02:00 [INF] Map "d5c08240-0436-454a-8993-362abf5bc477": window light drew 2/2 beam(s)
2026-05-25 22:43:01.965 +02:00 [INF] Map "d5c08240-0436-454a-8993-362abf5bc477": window light drew 2/2 beam(s)
2026-05-25 22:43:01.999 +02:00 [INF] Map "d5c08240-0436-454a-8993-362abf5bc477": window light drew 2/2 beam(s)
2026-05-25 22:43:02.033 +02:00 [INF] Map "d5c08240-0436-454a-8993-362abf5bc477": window light drew 2/2 beam(s)
2026-05-25 22:43:02.067 +02:00 [INF] Map "d5c08240-0436-454a-8993-362abf5bc477": window light drew 2/2 beam(s)
2026-05-25 22:43:02.117 +02:00 [INF] Map "d5c08240-0436-454a-8993-362abf5bc477": window light drew 2/2 beam(s)
2026-05-25 22:43:02.153 +02:00 [INF] Map "d5c08240-0436-454a-8993-362abf5bc477": window light drew 2/2 beam(s)
2026-05-25 22:43:02.187 +02:00 [INF] Map "d5c08240-0436-454a-8993-362abf5bc477": window light drew 2/2 beam(s)
2026-05-25 22:43:02.222 +02:00 [INF] Map "d5c08240-0436-454a-8993-362abf5bc477": window light drew 2/2 beam(s)
2026-05-25 22:43:02.256 +02:00 [INF] Map "d5c08240-0436-454a-8993-362abf5bc477": window light drew 2/2 beam(s)
2026-05-25 22:43:02.290 +02:00 [INF] Map "d5c08240-0436-454a-8993-362abf5bc477": window light drew 2/2 beam(s)
2026-05-25 22:43:02.324 +02:00 [INF] Map "d5c08240-0436-454a-8993-362abf5bc477": window light drew 2/2 beam(s)
2026-05-25 22:43:02.358 +02:00 [INF] Map "d5c08240-0436-454a-8993-362abf5bc477": window light drew 2/2 beam(s)
2026-05-25 22:43:02.392 +02:00 [INF] Map "d5c08240-0436-454a-8993-362abf5bc477": window light drew 2/2 beam(s)
2026-05-25 22:43:02.439 +02:00 [INF] Map "d5c08240-0436-454a-8993-362abf5bc477": window light drew 2/2 beam(s)
2026-05-25 22:43:02.474 +02:00 [INF] Map "d5c08240-0436-454a-8993-362abf5bc477": window light drew 2/2 beam(s)
2026-05-25 22:43:02.508 +02:00 [INF] Map "d5c08240-0436-454a-8993-362abf5bc477": window light drew 2/2 beam(s)
2026-05-25 22:43:02.542 +02:00 [INF] Map "d5c08240-0436-454a-8993-362abf5bc477": window light drew 2/2 beam(s)
2026-05-25 22:43:02.577 +02:00 [INF] Map "d5c08240-0436-454a-8993-362abf5bc477": window light drew 2/2 beam(s)
2026-05-25 22:43:02.611 +02:00 [INF] Map "d5c08240-0436-454a-8993-362abf5bc477": window light drew 2/2 beam(s)
2026-05-25 22:43:02.645 +02:00 [INF] Map "d5c08240-0436-454a-8993-362abf5bc477": window light drew 2/2 beam(s)
2026-05-25 22:43:02.679 +02:00 [INF] Map "d5c08240-0436-454a-8993-362abf5bc477": window light drew 2/2 beam(s)
2026-05-25 22:43:02.713 +02:00 [INF] Map "d5c08240-0436-454a-8993-362abf5bc477": window light drew 2/2 beam(s)
2026-05-25 22:43:02.760 +02:00 [INF] Map "d5c08240-0436-454a-8993-362abf5bc477": window light drew 2/2 beam(s)
2026-05-25 22:43:02.794 +02:00 [INF] Map "d5c08240-0436-454a-8993-362abf5bc477": window light drew 2/2 beam(s)
2026-05-25 22:43:02.850 +02:00 [INF] Map "d5c08240-0436-454a-8993-362abf5bc477": window light drew 2/2 beam(s)
2026-05-25 22:43:02.906 +02:00 [INF] Map "d5c08240-0436-454a-8993-362abf5bc477": window light drew 2/2 beam(s)
2026-05-25 22:43:02.962 +02:00 [INF] Map "d5c08240-0436-454a-8993-362abf5bc477": window light drew 2/2 beam(s)
2026-05-25 22:43:03.017 +02:00 [INF] Map "d5c08240-0436-454a-8993-362abf5bc477": window light drew 2/2 beam(s)
2026-05-25 22:43:03.074 +02:00 [INF] Map "d5c08240-0436-454a-8993-362abf5bc477": window light drew 2/2 beam(s)
2026-05-25 22:43:03.128 +02:00 [INF] Map "d5c08240-0436-454a-8993-362abf5bc477": window light drew 2/2 beam(s)
2026-05-25 22:43:03.183 +02:00 [INF] Map "d5c08240-0436-454a-8993-362abf5bc477": window light drew 2/2 beam(s)
2026-05-25 22:43:03.253 +02:00 [INF] Map "d5c08240-0436-454a-8993-362abf5bc477": window light drew 2/2 beam(s)
2026-05-25 22:43:03.308 +02:00 [INF] Map "d5c08240-0436-454a-8993-362abf5bc477": window light drew 2/2 beam(s)
2026-05-25 22:43:03.364 +02:00 [INF] Map "d5c08240-0436-454a-8993-362abf5bc477": window light drew 2/2 beam(s)
2026-05-25 22:43:03.419 +02:00 [INF] Map "d5c08240-0436-454a-8993-362abf5bc477": window light drew 2/2 beam(s)
2026-05-25 22:43:03.474 +02:00 [INF] Map "d5c08240-0436-454a-8993-362abf5bc477": window light drew 2/2 beam(s)
2026-05-25 22:43:03.529 +02:00 [INF] Map "d5c08240-0436-454a-8993-362abf5bc477": window light drew 2/2 beam(s)
2026-05-25 22:43:03.585 +02:00 [INF] Map "d5c08240-0436-454a-8993-362abf5bc477": window light drew 2/2 beam(s)
2026-05-25 22:43:03.640 +02:00 [INF] Map "d5c08240-0436-454a-8993-362abf5bc477": window light drew 2/2 beam(s)
2026-05-25 22:43:03.694 +02:00 [INF] Map "d5c08240-0436-454a-8993-362abf5bc477": window light drew 2/2 beam(s)
2026-05-25 22:43:03.762 +02:00 [INF] Map "d5c08240-0436-454a-8993-362abf5bc477": window light drew 2/2 beam(s)
2026-05-25 22:43:03.818 +02:00 [INF] Map "d5c08240-0436-454a-8993-362abf5bc477": window light drew 2/2 beam(s)
2026-05-25 22:43:03.872 +02:00 [INF] Map "d5c08240-0436-454a-8993-362abf5bc477": window light drew 2/2 beam(s)
2026-05-25 22:43:03.927 +02:00 [INF] Map "d5c08240-0436-454a-8993-362abf5bc477": window light drew 2/2 beam(s)
2026-05-25 22:43:03.983 +02:00 [INF] Map "d5c08240-0436-454a-8993-362abf5bc477": window light drew 2/2 beam(s)
2026-05-25 22:43:04.040 +02:00 [INF] Map "d5c08240-0436-454a-8993-362abf5bc477": window light drew 2/2 beam(s)
2026-05-25 22:43:04.096 +02:00 [INF] Map "d5c08240-0436-454a-8993-362abf5bc477": window light drew 2/2 beam(s)
2026-05-25 22:43:04.151 +02:00 [INF] Map "d5c08240-0436-454a-8993-362abf5bc477": window light drew 2/2 beam(s)
2026-05-25 22:43:04.207 +02:00 [INF] Map "d5c08240-0436-454a-8993-362abf5bc477": window light drew 2/2 beam(s)
2026-05-25 22:43:04.276 +02:00 [INF] Map "d5c08240-0436-454a-8993-362abf5bc477": window light drew 2/2 beam(s)
2026-05-25 22:43:04.331 +02:00 [INF] Map "d5c08240-0436-454a-8993-362abf5bc477": window light drew 2/2 beam(s)
2026-05-25 22:43:04.385 +02:00 [INF] Map "d5c08240-0436-454a-8993-362abf5bc477": window light drew 2/2 beam(s)
2026-05-25 22:43:04.441 +02:00 [INF] Map "d5c08240-0436-454a-8993-362abf5bc477": window light drew 2/2 beam(s)
2026-05-25 22:43:04.495 +02:00 [INF] Map "d5c08240-0436-454a-8993-362abf5bc477": window light drew 2/2 beam(s)
2026-05-25 22:43:04.551 +02:00 [INF] Map "d5c08240-0436-454a-8993-362abf5bc477": window light drew 2/2 beam(s)
2026-05-25 22:43:04.606 +02:00 [INF] Map "d5c08240-0436-454a-8993-362abf5bc477": window light drew 2/2 beam(s)
2026-05-25 22:43:04.662 +02:00 [INF] Map "d5c08240-0436-454a-8993-362abf5bc477": window light drew 2/2 beam(s)
2026-05-25 22:43:04.718 +02:00 [INF] Map "d5c08240-0436-454a-8993-362abf5bc477": window light drew 2/2 beam(s)
2026-05-25 22:43:04.786 +02:00 [INF] Map "d5c08240-0436-454a-8993-362abf5bc477": window light drew 2/2 beam(s)
2026-05-25 22:43:04.842 +02:00 [INF] Map "d5c08240-0436-454a-8993-362abf5bc477": window light drew 2/2 beam(s)
2026-05-25 22:43:04.897 +02:00 [INF] Map "d5c08240-0436-454a-8993-362abf5bc477": window light drew 2/2 beam(s)
2026-05-25 22:43:04.952 +02:00 [INF] Map "d5c08240-0436-454a-8993-362abf5bc477": window light drew 2/2 beam(s)
2026-05-25 22:43:05.007 +02:00 [INF] Map "d5c08240-0436-454a-8993-362abf5bc477": window light drew 2/2 beam(s)
2026-05-25 22:43:05.062 +02:00 [INF] Map "d5c08240-0436-454a-8993-362abf5bc477": window light drew 2/2 beam(s)
2026-05-25 22:43:05.118 +02:00 [INF] Map "d5c08240-0436-454a-8993-362abf5bc477": window light drew 2/2 beam(s)
2026-05-25 22:43:05.172 +02:00 [INF] Map "d5c08240-0436-454a-8993-362abf5bc477": window light drew 2/2 beam(s)
2026-05-25 22:43:05.227 +02:00 [INF] Map "d5c08240-0436-454a-8993-362abf5bc477": window light drew 2/2 beam(s)
2026-05-25 22:43:05.295 +02:00 [INF] Map "d5c08240-0436-454a-8993-362abf5bc477": window light drew 2/2 beam(s)
2026-05-25 22:43:05.350 +02:00 [INF] Map "d5c08240-0436-454a-8993-362abf5bc477": window light drew 2/2 beam(s)
2026-05-25 22:43:05.405 +02:00 [INF] Map "d5c08240-0436-454a-8993-362abf5bc477": window light drew 2/2 beam(s)
2026-05-25 22:43:05.459 +02:00 [INF] Map "d5c08240-0436-454a-8993-362abf5bc477": window light drew 2/2 beam(s)
2026-05-25 22:43:05.514 +02:00 [INF] Map "d5c08240-0436-454a-8993-362abf5bc477": window light drew 2/2 beam(s)
2026-05-25 22:43:05.569 +02:00 [INF] Map "d5c08240-0436-454a-8993-362abf5bc477": window light drew 2/2 beam(s)
2026-05-25 22:43:05.624 +02:00 [INF] Map "d5c08240-0436-454a-8993-362abf5bc477": window light drew 2/2 beam(s)
2026-05-25 22:43:05.679 +02:00 [INF] Map "d5c08240-0436-454a-8993-362abf5bc477": window light drew 2/2 beam(s)
2026-05-25 22:43:05.734 +02:00 [INF] Map "d5c08240-0436-454a-8993-362abf5bc477": window light drew 2/2 beam(s)
2026-05-25 22:43:05.802 +02:00 [INF] Map "d5c08240-0436-454a-8993-362abf5bc477": window light drew 2/2 beam(s)
2026-05-25 22:43:05.858 +02:00 [INF] Map "d5c08240-0436-454a-8993-362abf5bc477": window light drew 2/2 beam(s)
2026-05-25 22:43:05.913 +02:00 [INF] Map "d5c08240-0436-454a-8993-362abf5bc477": window light drew 2/2 beam(s)
2026-05-25 22:43:05.969 +02:00 [INF] Map "d5c08240-0436-454a-8993-362abf5bc477": window light drew 2/2 beam(s)
2026-05-25 22:43:06.024 +02:00 [INF] Map "d5c08240-0436-454a-8993-362abf5bc477": window light drew 2/2 beam(s)
2026-05-25 22:43:06.079 +02:00 [INF] Map "d5c08240-0436-454a-8993-362abf5bc477": window light drew 2/2 beam(s)
2026-05-25 22:43:06.134 +02:00 [INF] Map "d5c08240-0436-454a-8993-362abf5bc477": window light drew 2/2 beam(s)
2026-05-25 22:43:06.198 +02:00 [INF] Map "d5c08240-0436-454a-8993-362abf5bc477": window light drew 2/2 beam(s)
2026-05-25 22:43:06.256 +02:00 [INF] Map "d5c08240-0436-454a-8993-362abf5bc477": window light drew 2/2 beam(s)
2026-05-25 22:43:06.324 +02:00 [INF] Map "d5c08240-0436-454a-8993-362abf5bc477": window light drew 2/2 beam(s)
2026-05-25 22:43:06.378 +02:00 [INF] Map "d5c08240-0436-454a-8993-362abf5bc477": window light drew 2/2 beam(s)
2026-05-25 22:43:06.435 +02:00 [INF] Map "d5c08240-0436-454a-8993-362abf5bc477": window light drew 2/2 beam(s)
2026-05-25 22:43:06.492 +02:00 [INF] Map "d5c08240-0436-454a-8993-362abf5bc477": window light drew 2/2 beam(s)
2026-05-25 22:43:06.547 +02:00 [INF] Map "d5c08240-0436-454a-8993-362abf5bc477": window light drew 2/2 beam(s)
2026-05-25 22:43:06.604 +02:00 [INF] Map "d5c08240-0436-454a-8993-362abf5bc477": window light drew 2/2 beam(s)
2026-05-25 22:43:06.658 +02:00 [INF] Map "d5c08240-0436-454a-8993-362abf5bc477": window light drew 2/2 beam(s)
2026-05-25 22:43:06.714 +02:00 [INF] Map "d5c08240-0436-454a-8993-362abf5bc477": window light drew 2/2 beam(s)
2026-05-25 22:43:06.769 +02:00 [INF] Map "d5c08240-0436-454a-8993-362abf5bc477": window light drew 2/2 beam(s)
2026-05-25 22:43:06.838 +02:00 [INF] Map "d5c08240-0436-454a-8993-362abf5bc477": window light drew 2/2 beam(s)
2026-05-25 22:43:06.893 +02:00 [INF] Map "d5c08240-0436-454a-8993-362abf5bc477": window light drew 2/2 beam(s)
2026-05-25 22:43:06.949 +02:00 [INF] Map "d5c08240-0436-454a-8993-362abf5bc477": window light drew 2/2 beam(s)
2026-05-25 22:43:07.004 +02:00 [INF] Map "d5c08240-0436-454a-8993-362abf5bc477": window light drew 2/2 beam(s)
2026-05-25 22:43:07.059 +02:00 [INF] Map "d5c08240-0436-454a-8993-362abf5bc477": window light drew 2/2 beam(s)
2026-05-25 22:43:07.115 +02:00 [INF] Map "d5c08240-0436-454a-8993-362abf5bc477": window light drew 2/2 beam(s)
2026-05-25 22:43:07.172 +02:00 [INF] Map "d5c08240-0436-454a-8993-362abf5bc477": window light drew 2/2 beam(s)
2026-05-25 22:43:07.227 +02:00 [INF] Map "d5c08240-0436-454a-8993-362abf5bc477": window light drew 2/2 beam(s)
2026-05-25 22:43:07.283 +02:00 [INF] Map "d5c08240-0436-454a-8993-362abf5bc477": window light drew 2/2 beam(s)
2026-05-25 22:43:07.352 +02:00 [INF] Map "d5c08240-0436-454a-8993-362abf5bc477": window light drew 2/2 beam(s)
2026-05-25 22:43:07.407 +02:00 [INF] Map "d5c08240-0436-454a-8993-362abf5bc477": window light drew 2/2 beam(s)
2026-05-25 22:43:07.464 +02:00 [INF] Map "d5c08240-0436-454a-8993-362abf5bc477": window light drew 2/2 beam(s)
2026-05-25 22:43:07.521 +02:00 [INF] Map "d5c08240-0436-454a-8993-362abf5bc477": window light drew 2/2 beam(s)
2026-05-25 22:43:07.578 +02:00 [INF] Map "d5c08240-0436-454a-8993-362abf5bc477": window light drew 2/2 beam(s)
2026-05-25 22:43:07.635 +02:00 [INF] Map "d5c08240-0436-454a-8993-362abf5bc477": window light drew 2/2 beam(s)
2026-05-25 22:43:07.691 +02:00 [INF] Map "d5c08240-0436-454a-8993-362abf5bc477": window light drew 2/2 beam(s)
2026-05-25 22:43:07.746 +02:00 [INF] Map "d5c08240-0436-454a-8993-362abf5bc477": window light drew 2/2 beam(s)
2026-05-25 22:43:07.802 +02:00 [INF] Map "d5c08240-0436-454a-8993-362abf5bc477": window light drew 2/2 beam(s)
2026-05-25 22:43:07.871 +02:00 [INF] Map "d5c08240-0436-454a-8993-362abf5bc477": window light drew 2/2 beam(s)
2026-05-25 22:43:07.931 +02:00 [INF] Map "d5c08240-0436-454a-8993-362abf5bc477": window light drew 2/2 beam(s)
2026-05-25 22:43:07.986 +02:00 [INF] Map "d5c08240-0436-454a-8993-362abf5bc477": window light drew 2/2 beam(s)
2026-05-25 22:43:08.042 +02:00 [INF] Map "d5c08240-0436-454a-8993-362abf5bc477": window light drew 2/2 beam(s)
2026-05-25 22:43:08.097 +02:00 [INF] Map "d5c08240-0436-454a-8993-362abf5bc477": window light drew 2/2 beam(s)
2026-05-25 22:43:08.153 +02:00 [INF] Map "d5c08240-0436-454a-8993-362abf5bc477": window light drew 2/2 beam(s)
2026-05-25 22:43:08.209 +02:00 [INF] Map "d5c08240-0436-454a-8993-362abf5bc477": window light drew 2/2 beam(s)
2026-05-25 22:43:08.264 +02:00 [INF] Map "d5c08240-0436-454a-8993-362abf5bc477": window light drew 2/2 beam(s)
2026-05-25 22:43:08.320 +02:00 [INF] Map "d5c08240-0436-454a-8993-362abf5bc477": window light drew 2/2 beam(s)
2026-05-25 22:43:08.388 +02:00 [INF] Map "d5c08240-0436-454a-8993-362abf5bc477": window light drew 2/2 beam(s)
2026-05-25 22:43:08.444 +02:00 [INF] Map "d5c08240-0436-454a-8993-362abf5bc477": window light drew 2/2 beam(s)
2026-05-25 22:43:08.500 +02:00 [INF] Map "d5c08240-0436-454a-8993-362abf5bc477": window light drew 2/2 beam(s)
2026-05-25 22:43:08.555 +02:00 [INF] Map "d5c08240-0436-454a-8993-362abf5bc477": window light drew 2/2 beam(s)
2026-05-25 22:43:08.612 +02:00 [INF] Map "d5c08240-0436-454a-8993-362abf5bc477": window light drew 2/2 beam(s)
2026-05-25 22:43:08.668 +02:00 [INF] Map "d5c08240-0436-454a-8993-362abf5bc477": window light drew 2/2 beam(s)
2026-05-25 22:43:08.724 +02:00 [INF] Map "d5c08240-0436-454a-8993-362abf5bc477": window light drew 2/2 beam(s)
2026-05-25 22:43:08.780 +02:00 [INF] Map "d5c08240-0436-454a-8993-362abf5bc477": window light drew 2/2 beam(s)
2026-05-25 22:43:08.837 +02:00 [INF] Map "d5c08240-0436-454a-8993-362abf5bc477": window light drew 2/2 beam(s)
2026-05-25 22:43:08.906 +02:00 [INF] Map "d5c08240-0436-454a-8993-362abf5bc477": window light drew 2/2 beam(s)
2026-05-25 22:43:08.962 +02:00 [INF] Map "d5c08240-0436-454a-8993-362abf5bc477": window light drew 2/2 beam(s)
2026-05-25 22:43:09.018 +02:00 [INF] Map "d5c08240-0436-454a-8993-362abf5bc477": window light drew 2/2 beam(s)
2026-05-25 22:43:09.076 +02:00 [INF] Map "d5c08240-0436-454a-8993-362abf5bc477": window light drew 2/2 beam(s)
2026-05-25 22:43:09.132 +02:00 [INF] Map "d5c08240-0436-454a-8993-362abf5bc477": window light drew 2/2 beam(s)
2026-05-25 22:43:09.190 +02:00 [INF] Map "d5c08240-0436-454a-8993-362abf5bc477": window light drew 2/2 beam(s)
2026-05-25 22:43:09.248 +02:00 [INF] Map "d5c08240-0436-454a-8993-362abf5bc477": window light drew 2/2 beam(s)
2026-05-25 22:43:09.308 +02:00 [INF] Map "d5c08240-0436-454a-8993-362abf5bc477": window light drew 2/2 beam(s)
2026-05-25 22:43:09.363 +02:00 [INF] Map "d5c08240-0436-454a-8993-362abf5bc477": window light drew 2/2 beam(s)
2026-05-25 22:43:09.431 +02:00 [INF] Map "d5c08240-0436-454a-8993-362abf5bc477": window light drew 2/2 beam(s)
2026-05-25 22:43:09.488 +02:00 [INF] Map "d5c08240-0436-454a-8993-362abf5bc477": window light drew 2/2 beam(s)
2026-05-25 22:43:09.543 +02:00 [INF] Map "d5c08240-0436-454a-8993-362abf5bc477": window light drew 2/2 beam(s)
2026-05-25 22:43:09.599 +02:00 [INF] Map "d5c08240-0436-454a-8993-362abf5bc477": window light drew 2/2 beam(s)
2026-05-25 22:43:09.655 +02:00 [INF] Map "d5c08240-0436-454a-8993-362abf5bc477": window light drew 2/2 beam(s)
2026-05-25 22:43:09.710 +02:00 [INF] Map "d5c08240-0436-454a-8993-362abf5bc477": window light drew 2/2 beam(s)
2026-05-25 22:43:09.766 +02:00 [INF] Map "d5c08240-0436-454a-8993-362abf5bc477": window light drew 2/2 beam(s)
2026-05-25 22:43:09.821 +02:00 [INF] Map "d5c08240-0436-454a-8993-362abf5bc477": window light drew 2/2 beam(s)
2026-05-25 22:43:09.877 +02:00 [INF] Map "d5c08240-0436-454a-8993-362abf5bc477": window light drew 2/2 beam(s)
2026-05-25 22:43:09.946 +02:00 [INF] Map "d5c08240-0436-454a-8993-362abf5bc477": window light drew 2/2 beam(s)
2026-05-25 22:43:10.003 +02:00 [INF] Map "d5c08240-0436-454a-8993-362abf5bc477": window light drew 2/2 beam(s)
2026-05-25 22:43:10.060 +02:00 [INF] Map "d5c08240-0436-454a-8993-362abf5bc477": window light drew 2/2 beam(s)
2026-05-25 22:43:10.117 +02:00 [INF] Map "d5c08240-0436-454a-8993-362abf5bc477": window light drew 2/2 beam(s)
2026-05-25 22:43:10.175 +02:00 [INF] Map "d5c08240-0436-454a-8993-362abf5bc477": window light drew 2/2 beam(s)
2026-05-25 22:43:10.230 +02:00 [INF] Map "d5c08240-0436-454a-8993-362abf5bc477": window light drew 2/2 beam(s)
2026-05-25 22:43:10.286 +02:00 [INF] Map "d5c08240-0436-454a-8993-362abf5bc477": window light drew 2/2 beam(s)
2026-05-25 22:43:10.343 +02:00 [INF] Map "d5c08240-0436-454a-8993-362abf5bc477": window light drew 2/2 beam(s)
2026-05-25 22:43:10.400 +02:00 [INF] Map "d5c08240-0436-454a-8993-362abf5bc477": window light drew 2/2 beam(s)
2026-05-25 22:43:10.471 +02:00 [INF] Map "d5c08240-0436-454a-8993-362abf5bc477": window light drew 2/2 beam(s)
2026-05-25 22:43:10.528 +02:00 [INF] Map "d5c08240-0436-454a-8993-362abf5bc477": window light drew 2/2 beam(s)
2026-05-25 22:43:10.584 +02:00 [INF] Map "d5c08240-0436-454a-8993-362abf5bc477": window light drew 2/2 beam(s)
2026-05-25 22:43:10.640 +02:00 [INF] Map "d5c08240-0436-454a-8993-362abf5bc477": window light drew 2/2 beam(s)
2026-05-25 22:43:10.695 +02:00 [INF] Map "d5c08240-0436-454a-8993-362abf5bc477": window light drew 2/2 beam(s)
2026-05-25 22:43:10.750 +02:00 [INF] Map "d5c08240-0436-454a-8993-362abf5bc477": window light drew 2/2 beam(s)
2026-05-25 22:43:10.805 +02:00 [INF] Map "d5c08240-0436-454a-8993-362abf5bc477": window light drew 2/2 beam(s)
2026-05-25 22:43:10.861 +02:00 [INF] Map "d5c08240-0436-454a-8993-362abf5bc477": window light drew 2/2 beam(s)
2026-05-25 22:43:10.917 +02:00 [INF] Map "d5c08240-0436-454a-8993-362abf5bc477": window light drew 2/2 beam(s)
2026-05-25 22:43:10.987 +02:00 [INF] Map "d5c08240-0436-454a-8993-362abf5bc477": window light drew 2/2 beam(s)
2026-05-25 22:43:11.044 +02:00 [INF] Map "d5c08240-0436-454a-8993-362abf5bc477": window light drew 2/2 beam(s)
2026-05-25 22:43:11.098 +02:00 [INF] Map "d5c08240-0436-454a-8993-362abf5bc477": window light drew 2/2 beam(s)
2026-05-25 22:43:11.156 +02:00 [INF] Map "d5c08240-0436-454a-8993-362abf5bc477": window light drew 2/2 beam(s)
2026-05-25 22:43:11.213 +02:00 [INF] Map "d5c08240-0436-454a-8993-362abf5bc477": window light drew 2/2 beam(s)
2026-05-25 22:43:11.268 +02:00 [INF] Map "d5c08240-0436-454a-8993-362abf5bc477": window light drew 2/2 beam(s)
2026-05-25 22:43:11.325 +02:00 [INF] Map "d5c08240-0436-454a-8993-362abf5bc477": window light drew 2/2 beam(s)
2026-05-25 22:43:11.390 +02:00 [INF] Map "d5c08240-0436-454a-8993-362abf5bc477": window light drew 2/2 beam(s)
2026-05-25 22:43:11.445 +02:00 [INF] Map "d5c08240-0436-454a-8993-362abf5bc477": window light drew 2/2 beam(s)
2026-05-25 22:43:11.514 +02:00 [INF] Map "d5c08240-0436-454a-8993-362abf5bc477": window light drew 2/2 beam(s)
2026-05-25 22:43:11.571 +02:00 [INF] Map "d5c08240-0436-454a-8993-362abf5bc477": window light drew 2/2 beam(s)
2026-05-25 22:43:11.626 +02:00 [INF] Map "d5c08240-0436-454a-8993-362abf5bc477": window light drew 2/2 beam(s)
2026-05-25 22:43:11.683 +02:00 [INF] Map "d5c08240-0436-454a-8993-362abf5bc477": window light drew 2/2 beam(s)
2026-05-25 22:43:11.738 +02:00 [INF] Map "d5c08240-0436-454a-8993-362abf5bc477": window light drew 2/2 beam(s)
2026-05-25 22:43:11.794 +02:00 [INF] Map "d5c08240-0436-454a-8993-362abf5bc477": window light drew 2/2 beam(s)
2026-05-25 22:43:11.851 +02:00 [INF] Map "d5c08240-0436-454a-8993-362abf5bc477": window light drew 2/2 beam(s)
2026-05-25 22:43:11.907 +02:00 [INF] Map "d5c08240-0436-454a-8993-362abf5bc477": window light drew 2/2 beam(s)
2026-05-25 22:43:11.963 +02:00 [INF] Map "d5c08240-0436-454a-8993-362abf5bc477": window light drew 2/2 beam(s)
2026-05-25 22:43:12.032 +02:00 [INF] Map "d5c08240-0436-454a-8993-362abf5bc477": window light drew 2/2 beam(s)
2026-05-25 22:43:12.087 +02:00 [INF] Map "d5c08240-0436-454a-8993-362abf5bc477": window light drew 2/2 beam(s)
2026-05-25 22:43:12.142 +02:00 [INF] Map "d5c08240-0436-454a-8993-362abf5bc477": window light drew 2/2 beam(s)
2026-05-25 22:43:12.199 +02:00 [INF] Map "d5c08240-0436-454a-8993-362abf5bc477": window light drew 2/2 beam(s)
2026-05-25 22:43:12.256 +02:00 [INF] Map "d5c08240-0436-454a-8993-362abf5bc477": window light drew 2/2 beam(s)
2026-05-25 22:43:12.311 +02:00 [INF] Map "d5c08240-0436-454a-8993-362abf5bc477": window light drew 2/2 beam(s)
2026-05-25 22:43:12.366 +02:00 [INF] Map "d5c08240-0436-454a-8993-362abf5bc477": window light drew 2/2 beam(s)
2026-05-25 22:43:12.420 +02:00 [INF] Map "d5c08240-0436-454a-8993-362abf5bc477": window light drew 2/2 beam(s)
2026-05-25 22:43:12.476 +02:00 [INF] Map "d5c08240-0436-454a-8993-362abf5bc477": window light drew 2/2 beam(s)
2026-05-25 22:43:12.545 +02:00 [INF] Map "d5c08240-0436-454a-8993-362abf5bc477": window light drew 2/2 beam(s)
2026-05-25 22:43:12.600 +02:00 [INF] Map "d5c08240-0436-454a-8993-362abf5bc477": window light drew 2/2 beam(s)
2026-05-25 22:43:12.655 +02:00 [INF] Map "d5c08240-0436-454a-8993-362abf5bc477": window light drew 2/2 beam(s)
2026-05-25 22:43:12.711 +02:00 [INF] Map "d5c08240-0436-454a-8993-362abf5bc477": window light drew 2/2 beam(s)
2026-05-25 22:43:12.765 +02:00 [INF] Map "d5c08240-0436-454a-8993-362abf5bc477": window light drew 2/2 beam(s)
2026-05-25 22:43:12.821 +02:00 [INF] Map "d5c08240-0436-454a-8993-362abf5bc477": window light drew 2/2 beam(s)
2026-05-25 22:43:12.876 +02:00 [INF] Map "d5c08240-0436-454a-8993-362abf5bc477": window light drew 2/2 beam(s)
2026-05-25 22:43:12.930 +02:00 [INF] Map "d5c08240-0436-454a-8993-362abf5bc477": window light drew 2/2 beam(s)
2026-05-25 22:43:12.986 +02:00 [INF] Map "d5c08240-0436-454a-8993-362abf5bc477": window light drew 2/2 beam(s)
2026-05-25 22:43:13.055 +02:00 [INF] Map "d5c08240-0436-454a-8993-362abf5bc477": window light drew 2/2 beam(s)
2026-05-25 22:43:13.112 +02:00 [INF] Map "d5c08240-0436-454a-8993-362abf5bc477": window light drew 2/2 beam(s)
2026-05-25 22:43:13.168 +02:00 [INF] Map "d5c08240-0436-454a-8993-362abf5bc477": window light drew 2/2 beam(s)
2026-05-25 22:43:13.223 +02:00 [INF] Map "d5c08240-0436-454a-8993-362abf5bc477": window light drew 2/2 beam(s)
2026-05-25 22:43:13.278 +02:00 [INF] Map "d5c08240-0436-454a-8993-362abf5bc477": window light drew 2/2 beam(s)
2026-05-25 22:43:13.334 +02:00 [INF] Map "d5c08240-0436-454a-8993-362abf5bc477": window light drew 2/2 beam(s)
2026-05-25 22:43:13.389 +02:00 [INF] Map "d5c08240-0436-454a-8993-362abf5bc477": window light drew 2/2 beam(s)
2026-05-25 22:43:13.445 +02:00 [INF] Map "d5c08240-0436-454a-8993-362abf5bc477": window light drew 2/2 beam(s)
2026-05-25 22:43:13.501 +02:00 [INF] Map "d5c08240-0436-454a-8993-362abf5bc477": window light drew 2/2 beam(s)
2026-05-25 22:43:13.568 +02:00 [INF] Map "d5c08240-0436-454a-8993-362abf5bc477": window light drew 2/2 beam(s)
2026-05-25 22:43:13.623 +02:00 [INF] Map "d5c08240-0436-454a-8993-362abf5bc477": window light drew 2/2 beam(s)
2026-05-25 22:43:13.677 +02:00 [INF] Map "d5c08240-0436-454a-8993-362abf5bc477": window light drew 2/2 beam(s)
2026-05-25 22:43:13.733 +02:00 [INF] Map "d5c08240-0436-454a-8993-362abf5bc477": window light drew 2/2 beam(s)
2026-05-25 22:43:13.789 +02:00 [INF] Map "d5c08240-0436-454a-8993-362abf5bc477": window light drew 2/2 beam(s)
2026-05-25 22:43:13.844 +02:00 [INF] Map "d5c08240-0436-454a-8993-362abf5bc477": window light drew 2/2 beam(s)
2026-05-25 22:43:13.899 +02:00 [INF] Map "d5c08240-0436-454a-8993-362abf5bc477": window light drew 2/2 beam(s)
2026-05-25 22:43:13.954 +02:00 [INF] Map "d5c08240-0436-454a-8993-362abf5bc477": window light drew 2/2 beam(s)
2026-05-25 22:43:14.009 +02:00 [INF] Map "d5c08240-0436-454a-8993-362abf5bc477": window light drew 2/2 beam(s)
2026-05-25 22:43:14.079 +02:00 [INF] Map "d5c08240-0436-454a-8993-362abf5bc477": window light drew 2/2 beam(s)
2026-05-25 22:43:14.139 +02:00 [INF] Map "d5c08240-0436-454a-8993-362abf5bc477": window light drew 2/2 beam(s)
2026-05-25 22:43:14.195 +02:00 [INF] Map "d5c08240-0436-454a-8993-362abf5bc477": window light drew 2/2 beam(s)
2026-05-25 22:43:14.249 +02:00 [INF] Map "d5c08240-0436-454a-8993-362abf5bc477": window light drew 2/2 beam(s)
2026-05-25 22:43:14.305 +02:00 [INF] Map "d5c08240-0436-454a-8993-362abf5bc477": window light drew 2/2 beam(s)
2026-05-25 22:43:14.359 +02:00 [INF] Map "d5c08240-0436-454a-8993-362abf5bc477": window light drew 2/2 beam(s)
2026-05-25 22:43:14.414 +02:00 [INF] Map "d5c08240-0436-454a-8993-362abf5bc477": window light drew 2/2 beam(s)
2026-05-25 22:43:14.468 +02:00 [INF] Map "d5c08240-0436-454a-8993-362abf5bc477": window light drew 2/2 beam(s)
2026-05-25 22:43:14.524 +02:00 [INF] Map "d5c08240-0436-454a-8993-362abf5bc477": window light drew 2/2 beam(s)
2026-05-25 22:43:14.593 +02:00 [INF] Map "d5c08240-0436-454a-8993-362abf5bc477": window light drew 2/2 beam(s)
2026-05-25 22:43:14.649 +02:00 [INF] Map "d5c08240-0436-454a-8993-362abf5bc477": window light drew 2/2 beam(s)
2026-05-25 22:43:14.704 +02:00 [INF] Map "d5c08240-0436-454a-8993-362abf5bc477": window light drew 2/2 beam(s)
2026-05-25 22:43:14.759 +02:00 [INF] Map "d5c08240-0436-454a-8993-362abf5bc477": window light drew 2/2 beam(s)
2026-05-25 22:43:14.814 +02:00 [INF] Map "d5c08240-0436-454a-8993-362abf5bc477": window light drew 2/2 beam(s)
2026-05-25 22:43:14.869 +02:00 [INF] Map "d5c08240-0436-454a-8993-362abf5bc477": window light drew 2/2 beam(s)
2026-05-25 22:43:14.924 +02:00 [INF] Map "d5c08240-0436-454a-8993-362abf5bc477": window light drew 2/2 beam(s)
2026-05-25 22:43:14.979 +02:00 [INF] Map "d5c08240-0436-454a-8993-362abf5bc477": window light drew 2/2 beam(s)
2026-05-25 22:43:15.034 +02:00 [INF] Map "d5c08240-0436-454a-8993-362abf5bc477": window light drew 2/2 beam(s)
2026-05-25 22:43:15.103 +02:00 [INF] Map "d5c08240-0436-454a-8993-362abf5bc477": window light drew 2/2 beam(s)
2026-05-25 22:43:15.158 +02:00 [INF] Map "d5c08240-0436-454a-8993-362abf5bc477": window light drew 2/2 beam(s)
2026-05-25 22:43:15.214 +02:00 [INF] Map "d5c08240-0436-454a-8993-362abf5bc477": window light drew 2/2 beam(s)
2026-05-25 22:43:15.270 +02:00 [INF] Map "d5c08240-0436-454a-8993-362abf5bc477": window light drew 2/2 beam(s)
2026-05-25 22:43:15.324 +02:00 [INF] Map "d5c08240-0436-454a-8993-362abf5bc477": window light drew 2/2 beam(s)
2026-05-25 22:43:15.380 +02:00 [INF] Map "d5c08240-0436-454a-8993-362abf5bc477": window light drew 2/2 beam(s)
2026-05-25 22:43:15.435 +02:00 [INF] Map "d5c08240-0436-454a-8993-362abf5bc477": window light drew 2/2 beam(s)
2026-05-25 22:43:15.490 +02:00 [INF] Map "d5c08240-0436-454a-8993-362abf5bc477": window light drew 2/2 beam(s)
2026-05-25 22:43:15.545 +02:00 [INF] Map "d5c08240-0436-454a-8993-362abf5bc477": window light drew 2/2 beam(s)
2026-05-25 22:43:15.612 +02:00 [INF] Map "d5c08240-0436-454a-8993-362abf5bc477": window light drew 2/2 beam(s)
2026-05-25 22:43:15.666 +02:00 [INF] Map "d5c08240-0436-454a-8993-362abf5bc477": window light drew 2/2 beam(s)
2026-05-25 22:43:15.720 +02:00 [INF] Map "d5c08240-0436-454a-8993-362abf5bc477": window light drew 2/2 beam(s)
2026-05-25 22:43:15.775 +02:00 [INF] Map "d5c08240-0436-454a-8993-362abf5bc477": window light drew 2/2 beam(s)
2026-05-25 22:43:15.830 +02:00 [INF] Map "d5c08240-0436-454a-8993-362abf5bc477": window light drew 2/2 beam(s)
2026-05-25 22:43:15.886 +02:00 [INF] Map "d5c08240-0436-454a-8993-362abf5bc477": window light drew 2/2 beam(s)
2026-05-25 22:43:15.941 +02:00 [INF] Map "d5c08240-0436-454a-8993-362abf5bc477": window light drew 2/2 beam(s)
2026-05-25 22:43:15.996 +02:00 [INF] Map "d5c08240-0436-454a-8993-362abf5bc477": window light drew 2/2 beam(s)
2026-05-25 22:43:16.051 +02:00 [INF] Map "d5c08240-0436-454a-8993-362abf5bc477": window light drew 2/2 beam(s)
2026-05-25 22:43:16.119 +02:00 [INF] Map "d5c08240-0436-454a-8993-362abf5bc477": window light drew 2/2 beam(s)
2026-05-25 22:43:16.174 +02:00 [INF] Map "d5c08240-0436-454a-8993-362abf5bc477": window light drew 2/2 beam(s)
2026-05-25 22:43:16.231 +02:00 [INF] Map "d5c08240-0436-454a-8993-362abf5bc477": window light drew 2/2 beam(s)
2026-05-25 22:43:16.286 +02:00 [INF] Map "d5c08240-0436-454a-8993-362abf5bc477": window light drew 2/2 beam(s)
2026-05-25 22:43:16.341 +02:00 [INF] Map "d5c08240-0436-454a-8993-362abf5bc477": window light drew 2/2 beam(s)
2026-05-25 22:43:16.398 +02:00 [INF] Map "d5c08240-0436-454a-8993-362abf5bc477": window light drew 2/2 beam(s)
2026-05-25 22:43:16.454 +02:00 [INF] Map "d5c08240-0436-454a-8993-362abf5bc477": window light drew 2/2 beam(s)
2026-05-25 22:43:16.510 +02:00 [INF] Map "d5c08240-0436-454a-8993-362abf5bc477": window light drew 2/2 beam(s)
2026-05-25 22:43:16.565 +02:00 [INF] Map "d5c08240-0436-454a-8993-362abf5bc477": window light drew 2/2 beam(s)
2026-05-25 22:43:16.634 +02:00 [INF] Map "d5c08240-0436-454a-8993-362abf5bc477": window light drew 2/2 beam(s)
2026-05-25 22:43:16.691 +02:00 [INF] Map "d5c08240-0436-454a-8993-362abf5bc477": window light drew 2/2 beam(s)
2026-05-25 22:43:16.747 +02:00 [INF] Map "d5c08240-0436-454a-8993-362abf5bc477": window light drew 2/2 beam(s)
2026-05-25 22:43:16.805 +02:00 [INF] Map "d5c08240-0436-454a-8993-362abf5bc477": window light drew 2/2 beam(s)
2026-05-25 22:43:16.862 +02:00 [INF] Map "d5c08240-0436-454a-8993-362abf5bc477": window light drew 2/2 beam(s)
2026-05-25 22:43:16.917 +02:00 [INF] Map "d5c08240-0436-454a-8993-362abf5bc477": window light drew 2/2 beam(s)
2026-05-25 22:43:16.972 +02:00 [INF] Map "d5c08240-0436-454a-8993-362abf5bc477": window light drew 2/2 beam(s)
2026-05-25 22:43:17.028 +02:00 [INF] Map "d5c08240-0436-454a-8993-362abf5bc477": window light drew 2/2 beam(s)
2026-05-25 22:43:17.085 +02:00 [INF] Map "d5c08240-0436-454a-8993-362abf5bc477": window light drew 2/2 beam(s)
2026-05-25 22:43:17.154 +02:00 [INF] Map "d5c08240-0436-454a-8993-362abf5bc477": window light drew 2/2 beam(s)
2026-05-25 22:43:17.211 +02:00 [INF] Map "d5c08240-0436-454a-8993-362abf5bc477": window light drew 2/2 beam(s)
2026-05-25 22:43:17.267 +02:00 [INF] Map "d5c08240-0436-454a-8993-362abf5bc477": window light drew 2/2 beam(s)
2026-05-25 22:43:17.322 +02:00 [INF] Map "d5c08240-0436-454a-8993-362abf5bc477": window light drew 2/2 beam(s)
2026-05-25 22:43:17.377 +02:00 [INF] Map "d5c08240-0436-454a-8993-362abf5bc477": window light drew 2/2 beam(s)
2026-05-25 22:43:17.433 +02:00 [INF] Map "d5c08240-0436-454a-8993-362abf5bc477": window light drew 2/2 beam(s)
2026-05-25 22:43:17.489 +02:00 [INF] Map "d5c08240-0436-454a-8993-362abf5bc477": window light drew 2/2 beam(s)
2026-05-25 22:43:17.545 +02:00 [INF] Map "d5c08240-0436-454a-8993-362abf5bc477": window light drew 2/2 beam(s)
2026-05-25 22:43:17.600 +02:00 [INF] Map "d5c08240-0436-454a-8993-362abf5bc477": window light drew 2/2 beam(s)
2026-05-25 22:43:17.668 +02:00 [INF] Map "d5c08240-0436-454a-8993-362abf5bc477": window light drew 2/2 beam(s)
2026-05-25 22:43:17.724 +02:00 [INF] Map "d5c08240-0436-454a-8993-362abf5bc477": window light drew 2/2 beam(s)
2026-05-25 22:43:17.781 +02:00 [INF] Map "d5c08240-0436-454a-8993-362abf5bc477": window light drew 2/2 beam(s)
2026-05-25 22:43:17.842 +02:00 [INF] Map "d5c08240-0436-454a-8993-362abf5bc477": window light drew 2/2 beam(s)
2026-05-25 22:43:17.896 +02:00 [INF] Map "d5c08240-0436-454a-8993-362abf5bc477": window light drew 2/2 beam(s)
2026-05-25 22:43:17.951 +02:00 [INF] Map "d5c08240-0436-454a-8993-362abf5bc477": window light drew 2/2 beam(s)
2026-05-25 22:43:18.006 +02:00 [INF] Map "d5c08240-0436-454a-8993-362abf5bc477": window light drew 2/2 beam(s)
2026-05-25 22:43:18.063 +02:00 [INF] Map "d5c08240-0436-454a-8993-362abf5bc477": window light drew 2/2 beam(s)
2026-05-25 22:43:18.118 +02:00 [INF] Map "d5c08240-0436-454a-8993-362abf5bc477": window light drew 2/2 beam(s)
2026-05-25 22:43:18.186 +02:00 [INF] Map "d5c08240-0436-454a-8993-362abf5bc477": window light drew 2/2 beam(s)
2026-05-25 22:43:18.241 +02:00 [INF] Map "d5c08240-0436-454a-8993-362abf5bc477": window light drew 2/2 beam(s)
2026-05-25 22:43:18.296 +02:00 [INF] Map "d5c08240-0436-454a-8993-362abf5bc477": window light drew 2/2 beam(s)
2026-05-25 22:43:18.353 +02:00 [INF] Map "d5c08240-0436-454a-8993-362abf5bc477": window light drew 2/2 beam(s)
2026-05-25 22:43:18.408 +02:00 [INF] Map "d5c08240-0436-454a-8993-362abf5bc477": window light drew 2/2 beam(s)
2026-05-25 22:43:18.463 +02:00 [INF] Map "d5c08240-0436-454a-8993-362abf5bc477": window light drew 2/2 beam(s)
2026-05-25 22:43:18.518 +02:00 [INF] Map "d5c08240-0436-454a-8993-362abf5bc477": window light drew 2/2 beam(s)
2026-05-25 22:43:18.573 +02:00 [INF] Map "d5c08240-0436-454a-8993-362abf5bc477": window light drew 2/2 beam(s)
2026-05-25 22:43:18.627 +02:00 [INF] Map "d5c08240-0436-454a-8993-362abf5bc477": window light drew 2/2 beam(s)
2026-05-25 22:43:18.695 +02:00 [INF] Map "d5c08240-0436-454a-8993-362abf5bc477": window light drew 2/2 beam(s)
2026-05-25 22:43:18.751 +02:00 [INF] Map "d5c08240-0436-454a-8993-362abf5bc477": window light drew 2/2 beam(s)
2026-05-25 22:43:18.807 +02:00 [INF] Map "d5c08240-0436-454a-8993-362abf5bc477": window light drew 2/2 beam(s)
2026-05-25 22:43:18.862 +02:00 [INF] Map "d5c08240-0436-454a-8993-362abf5bc477": window light drew 2/2 beam(s)
2026-05-25 22:43:18.917 +02:00 [INF] Map "d5c08240-0436-454a-8993-362abf5bc477": window light drew 2/2 beam(s)
2026-05-25 22:43:18.971 +02:00 [INF] Map "d5c08240-0436-454a-8993-362abf5bc477": window light drew 2/2 beam(s)
2026-05-25 22:43:19.026 +02:00 [INF] Map "d5c08240-0436-454a-8993-362abf5bc477": window light drew 2/2 beam(s)
2026-05-25 22:43:19.081 +02:00 [INF] Map "d5c08240-0436-454a-8993-362abf5bc477": window light drew 2/2 beam(s)
2026-05-25 22:43:19.139 +02:00 [INF] Map "d5c08240-0436-454a-8993-362abf5bc477": window light drew 2/2 beam(s)
2026-05-25 22:43:19.208 +02:00 [INF] Map "d5c08240-0436-454a-8993-362abf5bc477": window light drew 2/2 beam(s)
2026-05-25 22:43:19.263 +02:00 [INF] Map "d5c08240-0436-454a-8993-362abf5bc477": window light drew 2/2 beam(s)
2026-05-25 22:43:19.319 +02:00 [INF] Map "d5c08240-0436-454a-8993-362abf5bc477": window light drew 2/2 beam(s)
2026-05-25 22:43:19.375 +02:00 [INF] Map "d5c08240-0436-454a-8993-362abf5bc477": window light drew 2/2 beam(s)
2026-05-25 22:43:19.431 +02:00 [INF] Map "d5c08240-0436-454a-8993-362abf5bc477": window light drew 2/2 beam(s)
2026-05-25 22:43:19.487 +02:00 [INF] Map "d5c08240-0436-454a-8993-362abf5bc477": window light drew 2/2 beam(s)
2026-05-25 22:43:19.542 +02:00 [INF] Map "d5c08240-0436-454a-8993-362abf5bc477": window light drew 2/2 beam(s)
2026-05-25 22:43:19.601 +02:00 [INF] Map "d5c08240-0436-454a-8993-362abf5bc477": window light drew 2/2 beam(s)
2026-05-25 22:43:19.657 +02:00 [INF] Map "d5c08240-0436-454a-8993-362abf5bc477": window light drew 2/2 beam(s)
2026-05-25 22:43:19.727 +02:00 [INF] Map "d5c08240-0436-454a-8993-362abf5bc477": window light drew 2/2 beam(s)
2026-05-25 22:43:19.784 +02:00 [INF] Map "d5c08240-0436-454a-8993-362abf5bc477": window light drew 2/2 beam(s)
2026-05-25 22:43:19.839 +02:00 [INF] Map "d5c08240-0436-454a-8993-362abf5bc477": window light drew 2/2 beam(s)
2026-05-25 22:43:19.895 +02:00 [INF] Map "d5c08240-0436-454a-8993-362abf5bc477": window light drew 2/2 beam(s)
2026-05-25 22:43:19.951 +02:00 [INF] Map "d5c08240-0436-454a-8993-362abf5bc477": window light drew 2/2 beam(s)
2026-05-25 22:43:20.007 +02:00 [INF] Map "d5c08240-0436-454a-8993-362abf5bc477": window light drew 2/2 beam(s)
2026-05-25 22:43:20.062 +02:00 [INF] Map "d5c08240-0436-454a-8993-362abf5bc477": window light drew 2/2 beam(s)
2026-05-25 22:43:20.117 +02:00 [INF] Map "d5c08240-0436-454a-8993-362abf5bc477": window light drew 2/2 beam(s)
2026-05-25 22:43:20.173 +02:00 [INF] Map "d5c08240-0436-454a-8993-362abf5bc477": window light drew 2/2 beam(s)
2026-05-25 22:43:20.242 +02:00 [INF] Map "d5c08240-0436-454a-8993-362abf5bc477": window light drew 2/2 beam(s)
2026-05-25 22:43:20.297 +02:00 [INF] Map "d5c08240-0436-454a-8993-362abf5bc477": window light drew 2/2 beam(s)
2026-05-25 22:43:20.353 +02:00 [INF] Map "d5c08240-0436-454a-8993-362abf5bc477": window light drew 2/2 beam(s)
2026-05-25 22:43:20.408 +02:00 [INF] Map "d5c08240-0436-454a-8993-362abf5bc477": window light drew 2/2 beam(s)
2026-05-25 22:43:20.462 +02:00 [INF] Map "d5c08240-0436-454a-8993-362abf5bc477": window light drew 2/2 beam(s)
2026-05-25 22:43:20.516 +02:00 [INF] Map "d5c08240-0436-454a-8993-362abf5bc477": window light drew 2/2 beam(s)
2026-05-25 22:43:20.571 +02:00 [INF] Map "d5c08240-0436-454a-8993-362abf5bc477": window light drew 2/2 beam(s)
2026-05-25 22:43:20.630 +02:00 [INF] Map "d5c08240-0436-454a-8993-362abf5bc477": window light drew 2/2 beam(s)
2026-05-25 22:43:20.684 +02:00 [INF] Map "d5c08240-0436-454a-8993-362abf5bc477": window light drew 2/2 beam(s)
2026-05-25 22:43:20.752 +02:00 [INF] Map "d5c08240-0436-454a-8993-362abf5bc477": window light drew 2/2 beam(s)
2026-05-25 22:43:20.808 +02:00 [INF] Map "d5c08240-0436-454a-8993-362abf5bc477": window light drew 2/2 beam(s)
2026-05-25 22:43:20.863 +02:00 [INF] Map "d5c08240-0436-454a-8993-362abf5bc477": window light drew 2/2 beam(s)
2026-05-25 22:43:20.924 +02:00 [INF] Map "d5c08240-0436-454a-8993-362abf5bc477": window light drew 2/2 beam(s)
2026-05-25 22:43:20.980 +02:00 [INF] Map "d5c08240-0436-454a-8993-362abf5bc477": window light drew 2/2 beam(s)
2026-05-25 22:43:21.035 +02:00 [INF] Map "d5c08240-0436-454a-8993-362abf5bc477": window light drew 2/2 beam(s)
2026-05-25 22:43:21.091 +02:00 [INF] Map "d5c08240-0436-454a-8993-362abf5bc477": window light drew 2/2 beam(s)
2026-05-25 22:43:21.147 +02:00 [INF] Map "d5c08240-0436-454a-8993-362abf5bc477": window light drew 2/2 beam(s)
2026-05-25 22:43:21.202 +02:00 [INF] Map "d5c08240-0436-454a-8993-362abf5bc477": window light drew 2/2 beam(s)
2026-05-25 22:43:21.271 +02:00 [INF] Map "d5c08240-0436-454a-8993-362abf5bc477": window light drew 2/2 beam(s)
2026-05-25 22:43:21.328 +02:00 [INF] Map "d5c08240-0436-454a-8993-362abf5bc477": window light drew 2/2 beam(s)
2026-05-25 22:43:21.386 +02:00 [INF] Map "d5c08240-0436-454a-8993-362abf5bc477": window light drew 2/2 beam(s)
2026-05-25 22:43:21.441 +02:00 [INF] Map "d5c08240-0436-454a-8993-362abf5bc477": window light drew 2/2 beam(s)
2026-05-25 22:43:21.495 +02:00 [INF] Map "d5c08240-0436-454a-8993-362abf5bc477": window light drew 2/2 beam(s)
2026-05-25 22:43:21.550 +02:00 [INF] Map "d5c08240-0436-454a-8993-362abf5bc477": window light drew 2/2 beam(s)
2026-05-25 22:43:21.605 +02:00 [INF] Map "d5c08240-0436-454a-8993-362abf5bc477": window light drew 2/2 beam(s)
2026-05-25 22:43:21.659 +02:00 [INF] Map "d5c08240-0436-454a-8993-362abf5bc477": window light drew 2/2 beam(s)
2026-05-25 22:43:21.714 +02:00 [INF] Map "d5c08240-0436-454a-8993-362abf5bc477": window light drew 2/2 beam(s)
2026-05-25 22:43:21.782 +02:00 [INF] Map "d5c08240-0436-454a-8993-362abf5bc477": window light drew 2/2 beam(s)
2026-05-25 22:43:21.838 +02:00 [INF] Map "d5c08240-0436-454a-8993-362abf5bc477": window light drew 2/2 beam(s)
2026-05-25 22:43:21.893 +02:00 [INF] Map "d5c08240-0436-454a-8993-362abf5bc477": window light drew 2/2 beam(s)
2026-05-25 22:43:21.948 +02:00 [INF] Map "d5c08240-0436-454a-8993-362abf5bc477": window light drew 2/2 beam(s)
2026-05-25 22:43:22.002 +02:00 [INF] Map "d5c08240-0436-454a-8993-362abf5bc477": window light drew 2/2 beam(s)
2026-05-25 22:43:22.058 +02:00 [INF] Map "d5c08240-0436-454a-8993-362abf5bc477": window light drew 2/2 beam(s)
2026-05-25 22:43:22.114 +02:00 [INF] Map "d5c08240-0436-454a-8993-362abf5bc477": window light drew 2/2 beam(s)
2026-05-25 22:43:22.169 +02:00 [INF] Map "d5c08240-0436-454a-8993-362abf5bc477": window light drew 2/2 beam(s)
2026-05-25 22:43:22.224 +02:00 [INF] Map "d5c08240-0436-454a-8993-362abf5bc477": window light drew 2/2 beam(s)
2026-05-25 22:43:22.302 +02:00 [INF] Map "d5c08240-0436-454a-8993-362abf5bc477": window light drew 2/2 beam(s)
2026-05-25 22:43:22.356 +02:00 [INF] Map "d5c08240-0436-454a-8993-362abf5bc477": window light drew 2/2 beam(s)
2026-05-25 22:43:22.412 +02:00 [INF] Map "d5c08240-0436-454a-8993-362abf5bc477": window light drew 2/2 beam(s)
2026-05-25 22:43:22.467 +02:00 [INF] Map "d5c08240-0436-454a-8993-362abf5bc477": window light drew 2/2 beam(s)
2026-05-25 22:43:22.523 +02:00 [INF] Map "d5c08240-0436-454a-8993-362abf5bc477": window light drew 2/2 beam(s)
2026-05-25 22:43:22.578 +02:00 [INF] Map "d5c08240-0436-454a-8993-362abf5bc477": window light drew 2/2 beam(s)
2026-05-25 22:43:22.633 +02:00 [INF] Map "d5c08240-0436-454a-8993-362abf5bc477": window light drew 2/2 beam(s)
2026-05-25 22:43:22.687 +02:00 [INF] Map "d5c08240-0436-454a-8993-362abf5bc477": window light drew 2/2 beam(s)
2026-05-25 22:43:22.743 +02:00 [INF] Map "d5c08240-0436-454a-8993-362abf5bc477": window light drew 2/2 beam(s)
2026-05-25 22:43:22.811 +02:00 [INF] Map "d5c08240-0436-454a-8993-362abf5bc477": window light drew 2/2 beam(s)
2026-05-25 22:43:22.866 +02:00 [INF] Map "d5c08240-0436-454a-8993-362abf5bc477": window light drew 2/2 beam(s)
2026-05-25 22:43:22.921 +02:00 [INF] Map "d5c08240-0436-454a-8993-362abf5bc477": window light drew 2/2 beam(s)
2026-05-25 22:43:22.976 +02:00 [INF] Map "d5c08240-0436-454a-8993-362abf5bc477": window light drew 2/2 beam(s)
2026-05-25 22:43:23.031 +02:00 [INF] Map "d5c08240-0436-454a-8993-362abf5bc477": window light drew 2/2 beam(s)
2026-05-25 22:43:23.085 +02:00 [INF] Map "d5c08240-0436-454a-8993-362abf5bc477": window light drew 2/2 beam(s)
2026-05-25 22:43:23.140 +02:00 [INF] Map "d5c08240-0436-454a-8993-362abf5bc477": window light drew 2/2 beam(s)
2026-05-25 22:43:23.196 +02:00 [INF] Map "d5c08240-0436-454a-8993-362abf5bc477": window light drew 2/2 beam(s)
2026-05-25 22:43:23.252 +02:00 [INF] Map "d5c08240-0436-454a-8993-362abf5bc477": window light drew 2/2 beam(s)
2026-05-25 22:43:23.322 +02:00 [INF] Map "d5c08240-0436-454a-8993-362abf5bc477": window light drew 2/2 beam(s)
2026-05-25 22:43:23.377 +02:00 [INF] Map "d5c08240-0436-454a-8993-362abf5bc477": window light drew 2/2 beam(s)
2026-05-25 22:43:23.433 +02:00 [INF] Map "d5c08240-0436-454a-8993-362abf5bc477": window light drew 2/2 beam(s)
2026-05-25 22:43:23.489 +02:00 [INF] Map "d5c08240-0436-454a-8993-362abf5bc477": window light drew 2/2 beam(s)
2026-05-25 22:43:23.546 +02:00 [INF] Map "d5c08240-0436-454a-8993-362abf5bc477": window light drew 2/2 beam(s)
2026-05-25 22:43:23.605 +02:00 [INF] Map "d5c08240-0436-454a-8993-362abf5bc477": window light drew 2/2 beam(s)
2026-05-25 22:43:23.671 +02:00 [INF] Map "d5c08240-0436-454a-8993-362abf5bc477": window light drew 2/2 beam(s)
2026-05-25 22:43:23.726 +02:00 [INF] Map "d5c08240-0436-454a-8993-362abf5bc477": window light drew 2/2 beam(s)
2026-05-25 22:43:23.786 +02:00 [INF] Map "d5c08240-0436-454a-8993-362abf5bc477": window light drew 2/2 beam(s)
2026-05-25 22:43:23.855 +02:00 [INF] Map "d5c08240-0436-454a-8993-362abf5bc477": window light drew 2/2 beam(s)
2026-05-25 22:43:23.911 +02:00 [INF] Map "d5c08240-0436-454a-8993-362abf5bc477": window light drew 2/2 beam(s)
2026-05-25 22:43:23.967 +02:00 [INF] Map "d5c08240-0436-454a-8993-362abf5bc477": window light drew 2/2 beam(s)
2026-05-25 22:43:24.022 +02:00 [INF] Map "d5c08240-0436-454a-8993-362abf5bc477": window light drew 2/2 beam(s)
2026-05-25 22:43:24.078 +02:00 [INF] Map "d5c08240-0436-454a-8993-362abf5bc477": window light drew 2/2 beam(s)
2026-05-25 22:43:24.134 +02:00 [INF] Map "d5c08240-0436-454a-8993-362abf5bc477": window light drew 2/2 beam(s)
2026-05-25 22:43:24.189 +02:00 [INF] Map "d5c08240-0436-454a-8993-362abf5bc477": window light drew 2/2 beam(s)
2026-05-25 22:43:24.244 +02:00 [INF] Map "d5c08240-0436-454a-8993-362abf5bc477": window light drew 2/2 beam(s)
2026-05-25 22:43:24.300 +02:00 [INF] Map "d5c08240-0436-454a-8993-362abf5bc477": window light drew 2/2 beam(s)
2026-05-25 22:43:24.367 +02:00 [INF] Map "d5c08240-0436-454a-8993-362abf5bc477": window light drew 2/2 beam(s)
2026-05-25 22:43:24.422 +02:00 [INF] Map "d5c08240-0436-454a-8993-362abf5bc477": window light drew 2/2 beam(s)
2026-05-25 22:43:24.477 +02:00 [INF] Map "d5c08240-0436-454a-8993-362abf5bc477": window light drew 2/2 beam(s)
2026-05-25 22:43:24.531 +02:00 [INF] Map "d5c08240-0436-454a-8993-362abf5bc477": window light drew 2/2 beam(s)
2026-05-25 22:43:24.585 +02:00 [INF] Map "d5c08240-0436-454a-8993-362abf5bc477": window light drew 2/2 beam(s)
2026-05-25 22:43:24.639 +02:00 [INF] Map "d5c08240-0436-454a-8993-362abf5bc477": window light drew 2/2 beam(s)
2026-05-25 22:43:24.694 +02:00 [INF] Map "d5c08240-0436-454a-8993-362abf5bc477": window light drew 2/2 beam(s)
2026-05-25 22:43:24.749 +02:00 [INF] Map "d5c08240-0436-454a-8993-362abf5bc477": window light drew 2/2 beam(s)
2026-05-25 22:43:24.803 +02:00 [INF] Map "d5c08240-0436-454a-8993-362abf5bc477": window light drew 2/2 beam(s)
2026-05-25 22:43:24.871 +02:00 [INF] Map "d5c08240-0436-454a-8993-362abf5bc477": window light drew 2/2 beam(s)
2026-05-25 22:43:24.925 +02:00 [INF] Map "d5c08240-0436-454a-8993-362abf5bc477": window light drew 2/2 beam(s)
2026-05-25 22:43:24.980 +02:00 [INF] Map "d5c08240-0436-454a-8993-362abf5bc477": window light drew 2/2 beam(s)
2026-05-25 22:43:25.036 +02:00 [INF] Map "d5c08240-0436-454a-8993-362abf5bc477": window light drew 2/2 beam(s)
2026-05-25 22:43:25.091 +02:00 [INF] Map "d5c08240-0436-454a-8993-362abf5bc477": window light drew 2/2 beam(s)
2026-05-25 22:43:25.146 +02:00 [INF] Map "d5c08240-0436-454a-8993-362abf5bc477": window light drew 2/2 beam(s)
2026-05-25 22:43:25.201 +02:00 [INF] Map "d5c08240-0436-454a-8993-362abf5bc477": window light drew 2/2 beam(s)
2026-05-25 22:43:25.257 +02:00 [INF] Map "d5c08240-0436-454a-8993-362abf5bc477": window light drew 2/2 beam(s)
2026-05-25 22:43:25.313 +02:00 [INF] Map "d5c08240-0436-454a-8993-362abf5bc477": window light drew 2/2 beam(s)
2026-05-25 22:43:25.381 +02:00 [INF] Map "d5c08240-0436-454a-8993-362abf5bc477": window light drew 2/2 beam(s)
2026-05-25 22:43:25.437 +02:00 [INF] Map "d5c08240-0436-454a-8993-362abf5bc477": window light drew 2/2 beam(s)
2026-05-25 22:43:25.493 +02:00 [INF] Map "d5c08240-0436-454a-8993-362abf5bc477": window light drew 2/2 beam(s)
2026-05-25 22:43:25.548 +02:00 [INF] Map "d5c08240-0436-454a-8993-362abf5bc477": window light drew 2/2 beam(s)
2026-05-25 22:43:25.603 +02:00 [INF] Map "d5c08240-0436-454a-8993-362abf5bc477": window light drew 2/2 beam(s)
2026-05-25 22:43:25.657 +02:00 [INF] Map "d5c08240-0436-454a-8993-362abf5bc477": window light drew 2/2 beam(s)
2026-05-25 22:43:25.711 +02:00 [INF] Map "d5c08240-0436-454a-8993-362abf5bc477": window light drew 2/2 beam(s)
2026-05-25 22:43:25.766 +02:00 [INF] Map "d5c08240-0436-454a-8993-362abf5bc477": window light drew 2/2 beam(s)
2026-05-25 22:43:25.821 +02:00 [INF] Map "d5c08240-0436-454a-8993-362abf5bc477": window light drew 2/2 beam(s)
2026-05-25 22:43:25.888 +02:00 [INF] Map "d5c08240-0436-454a-8993-362abf5bc477": window light drew 2/2 beam(s)
2026-05-25 22:43:25.944 +02:00 [INF] Map "d5c08240-0436-454a-8993-362abf5bc477": window light drew 2/2 beam(s)
2026-05-25 22:43:25.999 +02:00 [INF] Map "d5c08240-0436-454a-8993-362abf5bc477": window light drew 2/2 beam(s)
2026-05-25 22:43:26.054 +02:00 [INF] Map "d5c08240-0436-454a-8993-362abf5bc477": window light drew 2/2 beam(s)
2026-05-25 22:43:26.109 +02:00 [INF] Map "d5c08240-0436-454a-8993-362abf5bc477": window light drew 2/2 beam(s)
2026-05-25 22:43:26.167 +02:00 [INF] Map "d5c08240-0436-454a-8993-362abf5bc477": window light drew 2/2 beam(s)
2026-05-25 22:43:26.229 +02:00 [INF] Map "d5c08240-0436-454a-8993-362abf5bc477": window light drew 2/2 beam(s)
2026-05-25 22:43:26.286 +02:00 [INF] Map "d5c08240-0436-454a-8993-362abf5bc477": window light drew 2/2 beam(s)
2026-05-25 22:43:26.341 +02:00 [INF] Map "d5c08240-0436-454a-8993-362abf5bc477": window light drew 2/2 beam(s)
2026-05-25 22:43:26.409 +02:00 [INF] Map "d5c08240-0436-454a-8993-362abf5bc477": window light drew 2/2 beam(s)
2026-05-25 22:43:26.465 +02:00 [INF] Map "d5c08240-0436-454a-8993-362abf5bc477": window light drew 2/2 beam(s)
2026-05-25 22:43:26.520 +02:00 [INF] Map "d5c08240-0436-454a-8993-362abf5bc477": window light drew 2/2 beam(s)
2026-05-25 22:43:26.576 +02:00 [INF] Map "d5c08240-0436-454a-8993-362abf5bc477": window light drew 2/2 beam(s)
2026-05-25 22:43:26.630 +02:00 [INF] Map "d5c08240-0436-454a-8993-362abf5bc477": window light drew 2/2 beam(s)
2026-05-25 22:43:26.685 +02:00 [INF] Map "d5c08240-0436-454a-8993-362abf5bc477": window light drew 2/2 beam(s)
2026-05-25 22:43:26.739 +02:00 [INF] Map "d5c08240-0436-454a-8993-362abf5bc477": window light drew 2/2 beam(s)
2026-05-25 22:43:26.794 +02:00 [INF] Map "d5c08240-0436-454a-8993-362abf5bc477": window light drew 2/2 beam(s)
2026-05-25 22:43:26.850 +02:00 [INF] Map "d5c08240-0436-454a-8993-362abf5bc477": window light drew 2/2 beam(s)
2026-05-25 22:43:26.918 +02:00 [INF] Map "d5c08240-0436-454a-8993-362abf5bc477": window light drew 2/2 beam(s)
2026-05-25 22:43:26.972 +02:00 [INF] Map "d5c08240-0436-454a-8993-362abf5bc477": window light drew 2/2 beam(s)
2026-05-25 22:43:27.026 +02:00 [INF] Map "d5c08240-0436-454a-8993-362abf5bc477": window light drew 2/2 beam(s)
2026-05-25 22:43:27.082 +02:00 [INF] Map "d5c08240-0436-454a-8993-362abf5bc477": window light drew 2/2 beam(s)
2026-05-25 22:43:27.137 +02:00 [INF] Map "d5c08240-0436-454a-8993-362abf5bc477": window light drew 2/2 beam(s)
2026-05-25 22:43:27.192 +02:00 [INF] Map "d5c08240-0436-454a-8993-362abf5bc477": window light drew 2/2 beam(s)
2026-05-25 22:43:27.247 +02:00 [INF] Map "d5c08240-0436-454a-8993-362abf5bc477": window light drew 2/2 beam(s)
2026-05-25 22:43:27.302 +02:00 [INF] Map "d5c08240-0436-454a-8993-362abf5bc477": window light drew 2/2 beam(s)
2026-05-25 22:43:27.358 +02:00 [INF] Map "d5c08240-0436-454a-8993-362abf5bc477": window light drew 2/2 beam(s)
2026-05-25 22:43:27.427 +02:00 [INF] Map "d5c08240-0436-454a-8993-362abf5bc477": window light drew 2/2 beam(s)
2026-05-25 22:43:27.482 +02:00 [INF] Map "d5c08240-0436-454a-8993-362abf5bc477": window light drew 2/2 beam(s)
2026-05-25 22:43:27.538 +02:00 [INF] Map "d5c08240-0436-454a-8993-362abf5bc477": window light drew 2/2 beam(s)
2026-05-25 22:43:27.594 +02:00 [INF] Map "d5c08240-0436-454a-8993-362abf5bc477": window light drew 2/2 beam(s)
2026-05-25 22:43:27.649 +02:00 [INF] Map "d5c08240-0436-454a-8993-362abf5bc477": window light drew 2/2 beam(s)
2026-05-25 22:43:27.705 +02:00 [INF] Map "d5c08240-0436-454a-8993-362abf5bc477": window light drew 2/2 beam(s)
2026-05-25 22:43:27.760 +02:00 [INF] Map "d5c08240-0436-454a-8993-362abf5bc477": window light drew 2/2 beam(s)
2026-05-25 22:43:27.816 +02:00 [INF] Map "d5c08240-0436-454a-8993-362abf5bc477": window light drew 2/2 beam(s)
2026-05-25 22:43:27.871 +02:00 [INF] Map "d5c08240-0436-454a-8993-362abf5bc477": window light drew 2/2 beam(s)
2026-05-25 22:43:27.940 +02:00 [INF] Map "d5c08240-0436-454a-8993-362abf5bc477": window light drew 2/2 beam(s)
2026-05-25 22:43:27.995 +02:00 [INF] Map "d5c08240-0436-454a-8993-362abf5bc477": window light drew 2/2 beam(s)
2026-05-25 22:43:28.050 +02:00 [INF] Map "d5c08240-0436-454a-8993-362abf5bc477": window light drew 2/2 beam(s)
2026-05-25 22:43:28.106 +02:00 [INF] Map "d5c08240-0436-454a-8993-362abf5bc477": window light drew 2/2 beam(s)
2026-05-25 22:43:28.161 +02:00 [INF] Map "d5c08240-0436-454a-8993-362abf5bc477": window light drew 2/2 beam(s)
2026-05-25 22:43:28.217 +02:00 [INF] Map "d5c08240-0436-454a-8993-362abf5bc477": window light drew 2/2 beam(s)
2026-05-25 22:43:28.274 +02:00 [INF] Map "d5c08240-0436-454a-8993-362abf5bc477": window light drew 2/2 beam(s)
2026-05-25 22:43:28.330 +02:00 [INF] Map "d5c08240-0436-454a-8993-362abf5bc477": window light drew 2/2 beam(s)
2026-05-25 22:43:28.385 +02:00 [INF] Map "d5c08240-0436-454a-8993-362abf5bc477": window light drew 2/2 beam(s)
2026-05-25 22:43:28.454 +02:00 [INF] Map "d5c08240-0436-454a-8993-362abf5bc477": window light drew 2/2 beam(s)
2026-05-25 22:43:28.510 +02:00 [INF] Map "d5c08240-0436-454a-8993-362abf5bc477": window light drew 2/2 beam(s)
2026-05-25 22:43:28.567 +02:00 [INF] Map "d5c08240-0436-454a-8993-362abf5bc477": window light drew 2/2 beam(s)
2026-05-25 22:43:28.624 +02:00 [INF] Map "d5c08240-0436-454a-8993-362abf5bc477": window light drew 2/2 beam(s)
2026-05-25 22:43:28.684 +02:00 [INF] Map "d5c08240-0436-454a-8993-362abf5bc477": window light drew 2/2 beam(s)
2026-05-25 22:43:28.739 +02:00 [INF] Map "d5c08240-0436-454a-8993-362abf5bc477": window light drew 2/2 beam(s)
2026-05-25 22:43:28.795 +02:00 [INF] Map "d5c08240-0436-454a-8993-362abf5bc477": window light drew 2/2 beam(s)
2026-05-25 22:43:28.851 +02:00 [INF] Map "d5c08240-0436-454a-8993-362abf5bc477": window light drew 2/2 beam(s)
2026-05-25 22:43:28.907 +02:00 [INF] Map "d5c08240-0436-454a-8993-362abf5bc477": window light drew 2/2 beam(s)
2026-05-25 22:43:28.976 +02:00 [INF] Map "d5c08240-0436-454a-8993-362abf5bc477": window light drew 2/2 beam(s)
2026-05-25 22:43:29.034 +02:00 [INF] Map "d5c08240-0436-454a-8993-362abf5bc477": window light drew 2/2 beam(s)
2026-05-25 22:43:29.089 +02:00 [INF] Map "d5c08240-0436-454a-8993-362abf5bc477": window light drew 2/2 beam(s)
2026-05-25 22:43:29.144 +02:00 [INF] Map "d5c08240-0436-454a-8993-362abf5bc477": window light drew 2/2 beam(s)
2026-05-25 22:43:29.201 +02:00 [INF] Map "d5c08240-0436-454a-8993-362abf5bc477": window light drew 2/2 beam(s)
2026-05-25 22:43:29.257 +02:00 [INF] Map "d5c08240-0436-454a-8993-362abf5bc477": window light drew 2/2 beam(s)
2026-05-25 22:43:29.313 +02:00 [INF] Map "d5c08240-0436-454a-8993-362abf5bc477": window light drew 2/2 beam(s)
2026-05-25 22:43:29.371 +02:00 [INF] Map "d5c08240-0436-454a-8993-362abf5bc477": window light drew 2/2 beam(s)
2026-05-25 22:43:29.429 +02:00 [INF] Map "d5c08240-0436-454a-8993-362abf5bc477": window light drew 2/2 beam(s)
2026-05-25 22:43:29.501 +02:00 [INF] Map "d5c08240-0436-454a-8993-362abf5bc477": window light drew 2/2 beam(s)
2026-05-25 22:43:29.559 +02:00 [INF] Map "d5c08240-0436-454a-8993-362abf5bc477": window light drew 2/2 beam(s)
2026-05-25 22:43:29.615 +02:00 [INF] Map "d5c08240-0436-454a-8993-362abf5bc477": window light drew 2/2 beam(s)
2026-05-25 22:43:29.671 +02:00 [INF] Map "d5c08240-0436-454a-8993-362abf5bc477": window light drew 2/2 beam(s)
2026-05-25 22:43:29.727 +02:00 [INF] Map "d5c08240-0436-454a-8993-362abf5bc477": window light drew 2/2 beam(s)
2026-05-25 22:43:29.783 +02:00 [INF] Map "d5c08240-0436-454a-8993-362abf5bc477": window light drew 2/2 beam(s)
2026-05-25 22:43:29.839 +02:00 [INF] Map "d5c08240-0436-454a-8993-362abf5bc477": window light drew 2/2 beam(s)
2026-05-25 22:43:29.896 +02:00 [INF] Map "d5c08240-0436-454a-8993-362abf5bc477": window light drew 2/2 beam(s)
2026-05-25 22:43:29.951 +02:00 [INF] Map "d5c08240-0436-454a-8993-362abf5bc477": window light drew 2/2 beam(s)
2026-05-25 22:43:30.021 +02:00 [INF] Map "d5c08240-0436-454a-8993-362abf5bc477": window light drew 2/2 beam(s)
2026-05-25 22:43:30.076 +02:00 [INF] Map "d5c08240-0436-454a-8993-362abf5bc477": window light drew 2/2 beam(s)
2026-05-25 22:43:30.131 +02:00 [INF] Map "d5c08240-0436-454a-8993-362abf5bc477": window light drew 2/2 beam(s)
2026-05-25 22:43:30.187 +02:00 [INF] Map "d5c08240-0436-454a-8993-362abf5bc477": window light drew 2/2 beam(s)
2026-05-25 22:43:30.244 +02:00 [INF] Map "d5c08240-0436-454a-8993-362abf5bc477": window light drew 2/2 beam(s)
2026-05-25 22:43:30.300 +02:00 [INF] Map "d5c08240-0436-454a-8993-362abf5bc477": window light drew 2/2 beam(s)
2026-05-25 22:43:30.356 +02:00 [INF] Map "d5c08240-0436-454a-8993-362abf5bc477": window light drew 2/2 beam(s)
2026-05-25 22:43:30.412 +02:00 [INF] Map "d5c08240-0436-454a-8993-362abf5bc477": window light drew 2/2 beam(s)
2026-05-25 22:43:30.481 +02:00 [INF] Map "d5c08240-0436-454a-8993-362abf5bc477": window light drew 2/2 beam(s)
2026-05-25 22:43:30.549 +02:00 [INF] Map "d5c08240-0436-454a-8993-362abf5bc477": window light drew 2/2 beam(s)
2026-05-25 22:43:30.605 +02:00 [INF] Map "d5c08240-0436-454a-8993-362abf5bc477": window light drew 2/2 beam(s)
2026-05-25 22:43:30.659 +02:00 [INF] Map "d5c08240-0436-454a-8993-362abf5bc477": window light drew 2/2 beam(s)
2026-05-25 22:43:30.715 +02:00 [INF] Map "d5c08240-0436-454a-8993-362abf5bc477": window light drew 2/2 beam(s)
2026-05-25 22:43:30.770 +02:00 [INF] Map "d5c08240-0436-454a-8993-362abf5bc477": window light drew 2/2 beam(s)
2026-05-25 22:43:30.826 +02:00 [INF] Map "d5c08240-0436-454a-8993-362abf5bc477": window light drew 2/2 beam(s)
2026-05-25 22:43:30.882 +02:00 [INF] Map "d5c08240-0436-454a-8993-362abf5bc477": window light drew 2/2 beam(s)
2026-05-25 22:43:30.941 +02:00 [INF] Map "d5c08240-0436-454a-8993-362abf5bc477": window light drew 2/2 beam(s)
2026-05-25 22:43:30.996 +02:00 [INF] Map "d5c08240-0436-454a-8993-362abf5bc477": window light drew 2/2 beam(s)
2026-05-25 22:43:31.064 +02:00 [INF] Map "d5c08240-0436-454a-8993-362abf5bc477": window light drew 2/2 beam(s)
2026-05-25 22:43:31.121 +02:00 [INF] Map "d5c08240-0436-454a-8993-362abf5bc477": window light drew 2/2 beam(s)
2026-05-25 22:43:31.178 +02:00 [INF] Map "d5c08240-0436-454a-8993-362abf5bc477": window light drew 2/2 beam(s)
2026-05-25 22:43:31.234 +02:00 [INF] Map "d5c08240-0436-454a-8993-362abf5bc477": window light drew 2/2 beam(s)
2026-05-25 22:43:31.290 +02:00 [INF] Map "d5c08240-0436-454a-8993-362abf5bc477": window light drew 2/2 beam(s)
2026-05-25 22:43:31.345 +02:00 [INF] Map "d5c08240-0436-454a-8993-362abf5bc477": window light drew 2/2 beam(s)
2026-05-25 22:43:31.400 +02:00 [INF] Map "d5c08240-0436-454a-8993-362abf5bc477": window light drew 2/2 beam(s)
2026-05-25 22:43:31.455 +02:00 [INF] Map "d5c08240-0436-454a-8993-362abf5bc477": window light drew 2/2 beam(s)
2026-05-25 22:43:31.510 +02:00 [INF] Map "d5c08240-0436-454a-8993-362abf5bc477": window light drew 2/2 beam(s)
2026-05-25 22:43:31.579 +02:00 [INF] Map "d5c08240-0436-454a-8993-362abf5bc477": window light drew 2/2 beam(s)
2026-05-25 22:43:31.634 +02:00 [INF] Map "d5c08240-0436-454a-8993-362abf5bc477": window light drew 2/2 beam(s)
2026-05-25 22:43:31.690 +02:00 [INF] Map "d5c08240-0436-454a-8993-362abf5bc477": window light drew 2/2 beam(s)
2026-05-25 22:43:31.746 +02:00 [INF] Map "d5c08240-0436-454a-8993-362abf5bc477": window light drew 2/2 beam(s)
2026-05-25 22:43:31.800 +02:00 [INF] Map "d5c08240-0436-454a-8993-362abf5bc477": window light drew 2/2 beam(s)
2026-05-25 22:43:31.856 +02:00 [INF] Map "d5c08240-0436-454a-8993-362abf5bc477": window light drew 2/2 beam(s)
2026-05-25 22:43:31.912 +02:00 [INF] Map "d5c08240-0436-454a-8993-362abf5bc477": window light drew 2/2 beam(s)
2026-05-25 22:43:31.968 +02:00 [INF] Map "d5c08240-0436-454a-8993-362abf5bc477": window light drew 2/2 beam(s)
2026-05-25 22:43:32.024 +02:00 [INF] Map "d5c08240-0436-454a-8993-362abf5bc477": window light drew 2/2 beam(s)
2026-05-25 22:43:32.092 +02:00 [INF] Map "d5c08240-0436-454a-8993-362abf5bc477": window light drew 2/2 beam(s)
2026-05-25 22:43:32.148 +02:00 [INF] Map "d5c08240-0436-454a-8993-362abf5bc477": window light drew 2/2 beam(s)
2026-05-25 22:43:32.204 +02:00 [INF] Map "d5c08240-0436-454a-8993-362abf5bc477": window light drew 2/2 beam(s)
2026-05-25 22:43:32.261 +02:00 [INF] Map "d5c08240-0436-454a-8993-362abf5bc477": window light drew 2/2 beam(s)
2026-05-25 22:43:32.316 +02:00 [INF] Map "d5c08240-0436-454a-8993-362abf5bc477": window light drew 2/2 beam(s)
2026-05-25 22:43:32.372 +02:00 [INF] Map "d5c08240-0436-454a-8993-362abf5bc477": window light drew 2/2 beam(s)
2026-05-25 22:43:32.428 +02:00 [INF] Map "d5c08240-0436-454a-8993-362abf5bc477": window light drew 2/2 beam(s)
2026-05-25 22:43:32.484 +02:00 [INF] Map "d5c08240-0436-454a-8993-362abf5bc477": window light drew 2/2 beam(s)
2026-05-25 22:43:32.540 +02:00 [INF] Map "d5c08240-0436-454a-8993-362abf5bc477": window light drew 2/2 beam(s)
2026-05-25 22:43:32.608 +02:00 [INF] Map "d5c08240-0436-454a-8993-362abf5bc477": window light drew 2/2 beam(s)
2026-05-25 22:43:32.664 +02:00 [INF] Map "d5c08240-0436-454a-8993-362abf5bc477": window light drew 2/2 beam(s)
2026-05-25 22:43:32.719 +02:00 [INF] Map "d5c08240-0436-454a-8993-362abf5bc477": window light drew 2/2 beam(s)
2026-05-25 22:43:32.775 +02:00 [INF] Map "d5c08240-0436-454a-8993-362abf5bc477": window light drew 2/2 beam(s)
2026-05-25 22:43:32.831 +02:00 [INF] Map "d5c08240-0436-454a-8993-362abf5bc477": window light drew 2/2 beam(s)
2026-05-25 22:43:32.887 +02:00 [INF] Map "d5c08240-0436-454a-8993-362abf5bc477": window light drew 2/2 beam(s)
2026-05-25 22:43:32.942 +02:00 [INF] Map "d5c08240-0436-454a-8993-362abf5bc477": window light drew 2/2 beam(s)
2026-05-25 22:43:32.997 +02:00 [INF] Map "d5c08240-0436-454a-8993-362abf5bc477": window light drew 2/2 beam(s)
2026-05-25 22:43:33.052 +02:00 [INF] Map "d5c08240-0436-454a-8993-362abf5bc477": window light drew 2/2 beam(s)
2026-05-25 22:43:33.121 +02:00 [INF] Map "d5c08240-0436-454a-8993-362abf5bc477": window light drew 2/2 beam(s)
2026-05-25 22:43:33.176 +02:00 [INF] Map "d5c08240-0436-454a-8993-362abf5bc477": window light drew 2/2 beam(s)
2026-05-25 22:43:33.231 +02:00 [INF] Map "d5c08240-0436-454a-8993-362abf5bc477": window light drew 2/2 beam(s)
2026-05-25 22:43:33.288 +02:00 [INF] Map "d5c08240-0436-454a-8993-362abf5bc477": window light drew 2/2 beam(s)
2026-05-25 22:43:33.344 +02:00 [INF] Map "d5c08240-0436-454a-8993-362abf5bc477": window light drew 2/2 beam(s)
2026-05-25 22:43:33.400 +02:00 [INF] Map "d5c08240-0436-454a-8993-362abf5bc477": window light drew 2/2 beam(s)
2026-05-25 22:43:33.456 +02:00 [INF] Map "d5c08240-0436-454a-8993-362abf5bc477": window light drew 2/2 beam(s)
2026-05-25 22:43:33.511 +02:00 [INF] Map "d5c08240-0436-454a-8993-362abf5bc477": window light drew 2/2 beam(s)
2026-05-25 22:43:33.567 +02:00 [INF] Map "d5c08240-0436-454a-8993-362abf5bc477": window light drew 2/2 beam(s)
2026-05-25 22:43:33.637 +02:00 [INF] Map "d5c08240-0436-454a-8993-362abf5bc477": window light drew 2/2 beam(s)
2026-05-25 22:43:33.695 +02:00 [INF] Map "d5c08240-0436-454a-8993-362abf5bc477": window light drew 2/2 beam(s)
2026-05-25 22:43:33.751 +02:00 [INF] Map "d5c08240-0436-454a-8993-362abf5bc477": window light drew 2/2 beam(s)
2026-05-25 22:43:33.807 +02:00 [INF] Map "d5c08240-0436-454a-8993-362abf5bc477": window light drew 2/2 beam(s)
2026-05-25 22:43:33.862 +02:00 [INF] Map "d5c08240-0436-454a-8993-362abf5bc477": window light drew 2/2 beam(s)
2026-05-25 22:43:33.918 +02:00 [INF] Map "d5c08240-0436-454a-8993-362abf5bc477": window light drew 2/2 beam(s)
2026-05-25 22:43:33.973 +02:00 [INF] Map "d5c08240-0436-454a-8993-362abf5bc477": window light drew 2/2 beam(s)
2026-05-25 22:43:34.029 +02:00 [INF] Map "d5c08240-0436-454a-8993-362abf5bc477": window light drew 2/2 beam(s)
2026-05-25 22:43:34.085 +02:00 [INF] Map "d5c08240-0436-454a-8993-362abf5bc477": window light drew 2/2 beam(s)
2026-05-25 22:43:34.154 +02:00 [INF] Map "d5c08240-0436-454a-8993-362abf5bc477": window light drew 2/2 beam(s)
2026-05-25 22:43:34.209 +02:00 [INF] Map "d5c08240-0436-454a-8993-362abf5bc477": window light drew 2/2 beam(s)
2026-05-25 22:43:34.264 +02:00 [INF] Map "d5c08240-0436-454a-8993-362abf5bc477": window light drew 2/2 beam(s)
2026-05-25 22:43:34.320 +02:00 [INF] Map "d5c08240-0436-454a-8993-362abf5bc477": window light drew 2/2 beam(s)
2026-05-25 22:43:34.375 +02:00 [INF] Map "d5c08240-0436-454a-8993-362abf5bc477": window light drew 2/2 beam(s)
2026-05-25 22:43:34.430 +02:00 [INF] Map "d5c08240-0436-454a-8993-362abf5bc477": window light drew 2/2 beam(s)
2026-05-25 22:43:34.486 +02:00 [INF] Map "d5c08240-0436-454a-8993-362abf5bc477": window light drew 2/2 beam(s)
2026-05-25 22:43:34.541 +02:00 [INF] Map "d5c08240-0436-454a-8993-362abf5bc477": window light drew 2/2 beam(s)
2026-05-25 22:43:34.598 +02:00 [INF] Map "d5c08240-0436-454a-8993-362abf5bc477": window light drew 2/2 beam(s)
2026-05-25 22:43:34.666 +02:00 [INF] Map "d5c08240-0436-454a-8993-362abf5bc477": window light drew 2/2 beam(s)
2026-05-25 22:43:34.722 +02:00 [INF] Map "d5c08240-0436-454a-8993-362abf5bc477": window light drew 2/2 beam(s)
2026-05-25 22:43:34.782 +02:00 [INF] Map "d5c08240-0436-454a-8993-362abf5bc477": window light drew 2/2 beam(s)
2026-05-25 22:43:34.838 +02:00 [INF] Map "d5c08240-0436-454a-8993-362abf5bc477": window light drew 2/2 beam(s)
2026-05-25 22:43:34.894 +02:00 [INF] Map "d5c08240-0436-454a-8993-362abf5bc477": window light drew 2/2 beam(s)
2026-05-25 22:43:34.949 +02:00 [INF] Map "d5c08240-0436-454a-8993-362abf5bc477": window light drew 2/2 beam(s)
2026-05-25 22:43:35.005 +02:00 [INF] Map "d5c08240-0436-454a-8993-362abf5bc477": window light drew 2/2 beam(s)
2026-05-25 22:43:35.061 +02:00 [INF] Map "d5c08240-0436-454a-8993-362abf5bc477": window light drew 2/2 beam(s)
2026-05-25 22:43:35.117 +02:00 [INF] Map "d5c08240-0436-454a-8993-362abf5bc477": window light drew 2/2 beam(s)
2026-05-25 22:43:35.185 +02:00 [INF] Map "d5c08240-0436-454a-8993-362abf5bc477": window light drew 2/2 beam(s)
2026-05-25 22:43:35.241 +02:00 [INF] Map "d5c08240-0436-454a-8993-362abf5bc477": window light drew 2/2 beam(s)
2026-05-25 22:43:35.296 +02:00 [INF] Map "d5c08240-0436-454a-8993-362abf5bc477": window light drew 2/2 beam(s)
2026-05-25 22:43:35.352 +02:00 [INF] Map "d5c08240-0436-454a-8993-362abf5bc477": window light drew 2/2 beam(s)
2026-05-25 22:43:35.408 +02:00 [INF] Map "d5c08240-0436-454a-8993-362abf5bc477": window light drew 2/2 beam(s)
2026-05-25 22:43:35.463 +02:00 [INF] Map "d5c08240-0436-454a-8993-362abf5bc477": window light drew 2/2 beam(s)
2026-05-25 22:43:35.519 +02:00 [INF] Map "d5c08240-0436-454a-8993-362abf5bc477": window light drew 2/2 beam(s)
2026-05-25 22:43:35.575 +02:00 [INF] Map "d5c08240-0436-454a-8993-362abf5bc477": window light drew 2/2 beam(s)
2026-05-25 22:43:35.631 +02:00 [INF] Map "d5c08240-0436-454a-8993-362abf5bc477": window light drew 2/2 beam(s)
2026-05-25 22:43:35.699 +02:00 [INF] Map "d5c08240-0436-454a-8993-362abf5bc477": window light drew 2/2 beam(s)
2026-05-25 22:43:35.754 +02:00 [INF] Map "d5c08240-0436-454a-8993-362abf5bc477": window light drew 2/2 beam(s)
2026-05-25 22:43:35.809 +02:00 [INF] Map "d5c08240-0436-454a-8993-362abf5bc477": window light drew 2/2 beam(s)
2026-05-25 22:43:35.865 +02:00 [INF] Map "d5c08240-0436-454a-8993-362abf5bc477": window light drew 2/2 beam(s)
2026-05-25 22:43:35.924 +02:00 [INF] Map "d5c08240-0436-454a-8993-362abf5bc477": window light drew 2/2 beam(s)
2026-05-25 22:43:35.979 +02:00 [INF] Map "d5c08240-0436-454a-8993-362abf5bc477": window light drew 2/2 beam(s)
2026-05-25 22:43:36.034 +02:00 [INF] Map "d5c08240-0436-454a-8993-362abf5bc477": window light drew 2/2 beam(s)
2026-05-25 22:43:36.089 +02:00 [INF] Map "d5c08240-0436-454a-8993-362abf5bc477": window light drew 2/2 beam(s)
2026-05-25 22:43:36.144 +02:00 [INF] Map "d5c08240-0436-454a-8993-362abf5bc477": window light drew 2/2 beam(s)
2026-05-25 22:43:36.214 +02:00 [INF] Map "d5c08240-0436-454a-8993-362abf5bc477": window light drew 2/2 beam(s)
2026-05-25 22:43:36.270 +02:00 [INF] Map "d5c08240-0436-454a-8993-362abf5bc477": window light drew 2/2 beam(s)
2026-05-25 22:43:36.326 +02:00 [INF] Map "d5c08240-0436-454a-8993-362abf5bc477": window light drew 2/2 beam(s)
2026-05-25 22:43:36.382 +02:00 [INF] Map "d5c08240-0436-454a-8993-362abf5bc477": window light drew 2/2 beam(s)
2026-05-25 22:43:36.437 +02:00 [INF] Map "d5c08240-0436-454a-8993-362abf5bc477": window light drew 2/2 beam(s)
2026-05-25 22:43:36.493 +02:00 [INF] Map "d5c08240-0436-454a-8993-362abf5bc477": window light drew 2/2 beam(s)
2026-05-25 22:43:36.549 +02:00 [INF] Map "d5c08240-0436-454a-8993-362abf5bc477": window light drew 2/2 beam(s)
2026-05-25 22:43:36.607 +02:00 [INF] Map "d5c08240-0436-454a-8993-362abf5bc477": window light drew 2/2 beam(s)
2026-05-25 22:43:36.663 +02:00 [INF] Map "d5c08240-0436-454a-8993-362abf5bc477": window light drew 2/2 beam(s)
2026-05-25 22:43:36.731 +02:00 [INF] Map "d5c08240-0436-454a-8993-362abf5bc477": window light drew 2/2 beam(s)
2026-05-25 22:43:36.787 +02:00 [INF] Map "d5c08240-0436-454a-8993-362abf5bc477": window light drew 2/2 beam(s)
2026-05-25 22:43:36.842 +02:00 [INF] Map "d5c08240-0436-454a-8993-362abf5bc477": window light drew 2/2 beam(s)
2026-05-25 22:43:36.898 +02:00 [INF] Map "d5c08240-0436-454a-8993-362abf5bc477": window light drew 2/2 beam(s)
2026-05-25 22:43:36.954 +02:00 [INF] Map "d5c08240-0436-454a-8993-362abf5bc477": window light drew 2/2 beam(s)
2026-05-25 22:43:37.009 +02:00 [INF] Map "d5c08240-0436-454a-8993-362abf5bc477": window light drew 2/2 beam(s)
2026-05-25 22:43:37.065 +02:00 [INF] Map "d5c08240-0436-454a-8993-362abf5bc477": window light drew 2/2 beam(s)
2026-05-25 22:43:37.120 +02:00 [INF] Map "d5c08240-0436-454a-8993-362abf5bc477": window light drew 2/2 beam(s)
2026-05-25 22:43:37.176 +02:00 [INF] Map "d5c08240-0436-454a-8993-362abf5bc477": window light drew 2/2 beam(s)
2026-05-25 22:43:37.245 +02:00 [INF] Map "d5c08240-0436-454a-8993-362abf5bc477": window light drew 2/2 beam(s)
2026-05-25 22:43:37.300 +02:00 [INF] Map "d5c08240-0436-454a-8993-362abf5bc477": window light drew 2/2 beam(s)
2026-05-25 22:43:37.356 +02:00 [INF] Map "d5c08240-0436-454a-8993-362abf5bc477": window light drew 2/2 beam(s)
2026-05-25 22:43:37.412 +02:00 [INF] Map "d5c08240-0436-454a-8993-362abf5bc477": window light drew 2/2 beam(s)
2026-05-25 22:43:37.467 +02:00 [INF] Map "d5c08240-0436-454a-8993-362abf5bc477": window light drew 2/2 beam(s)
2026-05-25 22:43:37.524 +02:00 [INF] Map "d5c08240-0436-454a-8993-362abf5bc477": window light drew 2/2 beam(s)
2026-05-25 22:43:37.579 +02:00 [INF] Map "d5c08240-0436-454a-8993-362abf5bc477": window light drew 2/2 beam(s)
2026-05-25 22:43:37.634 +02:00 [INF] Map "d5c08240-0436-454a-8993-362abf5bc477": window light drew 2/2 beam(s)
2026-05-25 22:43:37.689 +02:00 [INF] Map "d5c08240-0436-454a-8993-362abf5bc477": window light drew 2/2 beam(s)
2026-05-25 22:43:37.758 +02:00 [INF] Map "d5c08240-0436-454a-8993-362abf5bc477": window light drew 2/2 beam(s)
2026-05-25 22:43:37.814 +02:00 [INF] Map "d5c08240-0436-454a-8993-362abf5bc477": window light drew 2/2 beam(s)
2026-05-25 22:43:37.869 +02:00 [INF] Map "d5c08240-0436-454a-8993-362abf5bc477": window light drew 2/2 beam(s)
2026-05-25 22:43:37.925 +02:00 [INF] Map "d5c08240-0436-454a-8993-362abf5bc477": window light drew 2/2 beam(s)
2026-05-25 22:43:37.980 +02:00 [INF] Map "d5c08240-0436-454a-8993-362abf5bc477": window light drew 2/2 beam(s)
2026-05-25 22:43:38.036 +02:00 [INF] Map "d5c08240-0436-454a-8993-362abf5bc477": window light drew 2/2 beam(s)
2026-05-25 22:43:38.092 +02:00 [INF] Map "d5c08240-0436-454a-8993-362abf5bc477": window light drew 2/2 beam(s)
2026-05-25 22:43:38.147 +02:00 [INF] Map "d5c08240-0436-454a-8993-362abf5bc477": window light drew 2/2 beam(s)
2026-05-25 22:43:38.203 +02:00 [INF] Map "d5c08240-0436-454a-8993-362abf5bc477": window light drew 2/2 beam(s)
2026-05-25 22:43:38.271 +02:00 [INF] Map "d5c08240-0436-454a-8993-362abf5bc477": window light drew 2/2 beam(s)
2026-05-25 22:43:38.326 +02:00 [INF] Map "d5c08240-0436-454a-8993-362abf5bc477": window light drew 2/2 beam(s)
2026-05-25 22:43:38.382 +02:00 [INF] Map "d5c08240-0436-454a-8993-362abf5bc477": window light drew 2/2 beam(s)
2026-05-25 22:43:38.439 +02:00 [INF] Map "d5c08240-0436-454a-8993-362abf5bc477": window light drew 2/2 beam(s)
2026-05-25 22:43:38.495 +02:00 [INF] Map "d5c08240-0436-454a-8993-362abf5bc477": window light drew 2/2 beam(s)
2026-05-25 22:43:38.550 +02:00 [INF] Map "d5c08240-0436-454a-8993-362abf5bc477": window light drew 2/2 beam(s)
2026-05-25 22:43:38.606 +02:00 [INF] Map "d5c08240-0436-454a-8993-362abf5bc477": window light drew 2/2 beam(s)
2026-05-25 22:43:38.662 +02:00 [INF] Map "d5c08240-0436-454a-8993-362abf5bc477": window light drew 2/2 beam(s)
2026-05-25 22:43:38.718 +02:00 [INF] Map "d5c08240-0436-454a-8993-362abf5bc477": window light drew 2/2 beam(s)
2026-05-25 22:43:38.786 +02:00 [INF] Map "d5c08240-0436-454a-8993-362abf5bc477": window light drew 2/2 beam(s)
2026-05-25 22:43:38.843 +02:00 [INF] Map "d5c08240-0436-454a-8993-362abf5bc477": window light drew 2/2 beam(s)
2026-05-25 22:43:38.898 +02:00 [INF] Map "d5c08240-0436-454a-8993-362abf5bc477": window light drew 2/2 beam(s)
2026-05-25 22:43:38.953 +02:00 [INF] Map "d5c08240-0436-454a-8993-362abf5bc477": window light drew 2/2 beam(s)
2026-05-25 22:43:39.009 +02:00 [INF] Map "d5c08240-0436-454a-8993-362abf5bc477": window light drew 2/2 beam(s)
2026-05-25 22:43:39.064 +02:00 [INF] Map "d5c08240-0436-454a-8993-362abf5bc477": window light drew 2/2 beam(s)
2026-05-25 22:43:39.121 +02:00 [INF] Map "d5c08240-0436-454a-8993-362abf5bc477": window light drew 2/2 beam(s)
2026-05-25 22:43:39.179 +02:00 [INF] Map "d5c08240-0436-454a-8993-362abf5bc477": window light drew 2/2 beam(s)
2026-05-25 22:43:39.236 +02:00 [INF] Map "d5c08240-0436-454a-8993-362abf5bc477": window light drew 2/2 beam(s)
2026-05-25 22:43:39.308 +02:00 [INF] Map "d5c08240-0436-454a-8993-362abf5bc477": window light drew 2/2 beam(s)
2026-05-25 22:43:39.365 +02:00 [INF] Map "d5c08240-0436-454a-8993-362abf5bc477": window light drew 2/2 beam(s)
2026-05-25 22:43:39.421 +02:00 [INF] Map "d5c08240-0436-454a-8993-362abf5bc477": window light drew 2/2 beam(s)
2026-05-25 22:43:39.480 +02:00 [INF] Map "d5c08240-0436-454a-8993-362abf5bc477": window light drew 2/2 beam(s)
2026-05-25 22:43:39.537 +02:00 [INF] Map "d5c08240-0436-454a-8993-362abf5bc477": window light drew 2/2 beam(s)
2026-05-25 22:43:39.595 +02:00 [INF] Map "d5c08240-0436-454a-8993-362abf5bc477": window light drew 2/2 beam(s)
2026-05-25 22:43:39.651 +02:00 [INF] Map "d5c08240-0436-454a-8993-362abf5bc477": window light drew 2/2 beam(s)
2026-05-25 22:43:39.706 +02:00 [INF] Map "d5c08240-0436-454a-8993-362abf5bc477": window light drew 2/2 beam(s)
2026-05-25 22:43:39.762 +02:00 [INF] Map "d5c08240-0436-454a-8993-362abf5bc477": window light drew 2/2 beam(s)
2026-05-25 22:43:39.831 +02:00 [INF] Map "d5c08240-0436-454a-8993-362abf5bc477": window light drew 2/2 beam(s)
2026-05-25 22:43:39.887 +02:00 [INF] Map "d5c08240-0436-454a-8993-362abf5bc477": window light drew 2/2 beam(s)
2026-05-25 22:43:39.943 +02:00 [INF] Map "d5c08240-0436-454a-8993-362abf5bc477": window light drew 2/2 beam(s)
2026-05-25 22:43:40.008 +02:00 [INF] Map "d5c08240-0436-454a-8993-362abf5bc477": window light drew 2/2 beam(s)
2026-05-25 22:43:40.064 +02:00 [INF] Map "d5c08240-0436-454a-8993-362abf5bc477": window light drew 2/2 beam(s)
2026-05-25 22:43:40.120 +02:00 [INF] Map "d5c08240-0436-454a-8993-362abf5bc477": window light drew 2/2 beam(s)
2026-05-25 22:43:40.176 +02:00 [INF] Map "d5c08240-0436-454a-8993-362abf5bc477": window light drew 2/2 beam(s)
2026-05-25 22:43:40.232 +02:00 [INF] Map "d5c08240-0436-454a-8993-362abf5bc477": window light drew 2/2 beam(s)
2026-05-25 22:43:40.287 +02:00 [INF] Map "d5c08240-0436-454a-8993-362abf5bc477": window light drew 2/2 beam(s)
2026-05-25 22:43:40.356 +02:00 [INF] Map "d5c08240-0436-454a-8993-362abf5bc477": window light drew 2/2 beam(s)
2026-05-25 22:43:40.412 +02:00 [INF] Map "d5c08240-0436-454a-8993-362abf5bc477": window light drew 2/2 beam(s)
2026-05-25 22:43:40.468 +02:00 [INF] Map "d5c08240-0436-454a-8993-362abf5bc477": window light drew 2/2 beam(s)
2026-05-25 22:43:40.525 +02:00 [INF] Map "d5c08240-0436-454a-8993-362abf5bc477": window light drew 2/2 beam(s)
2026-05-25 22:43:40.581 +02:00 [INF] Map "d5c08240-0436-454a-8993-362abf5bc477": window light drew 2/2 beam(s)
2026-05-25 22:43:40.637 +02:00 [INF] Map "d5c08240-0436-454a-8993-362abf5bc477": window light drew 2/2 beam(s)
2026-05-25 22:43:40.695 +02:00 [INF] Map "d5c08240-0436-454a-8993-362abf5bc477": window light drew 2/2 beam(s)
2026-05-25 22:43:40.751 +02:00 [INF] Map "d5c08240-0436-454a-8993-362abf5bc477": window light drew 2/2 beam(s)
2026-05-25 22:43:40.809 +02:00 [INF] Map "d5c08240-0436-454a-8993-362abf5bc477": window light drew 2/2 beam(s)
2026-05-25 22:43:40.879 +02:00 [INF] Map "d5c08240-0436-454a-8993-362abf5bc477": window light drew 2/2 beam(s)
2026-05-25 22:43:40.934 +02:00 [INF] Map "d5c08240-0436-454a-8993-362abf5bc477": window light drew 2/2 beam(s)
2026-05-25 22:43:40.993 +02:00 [INF] Map "d5c08240-0436-454a-8993-362abf5bc477": window light drew 2/2 beam(s)
2026-05-25 22:43:41.048 +02:00 [INF] Map "d5c08240-0436-454a-8993-362abf5bc477": window light drew 2/2 beam(s)
2026-05-25 22:43:41.104 +02:00 [INF] Map "d5c08240-0436-454a-8993-362abf5bc477": window light drew 2/2 beam(s)
2026-05-25 22:43:41.159 +02:00 [INF] Map "d5c08240-0436-454a-8993-362abf5bc477": window light drew 2/2 beam(s)
2026-05-25 22:43:41.215 +02:00 [INF] Map "d5c08240-0436-454a-8993-362abf5bc477": window light drew 2/2 beam(s)
2026-05-25 22:43:41.270 +02:00 [INF] Map "d5c08240-0436-454a-8993-362abf5bc477": window light drew 2/2 beam(s)
2026-05-25 22:43:41.326 +02:00 [INF] Map "d5c08240-0436-454a-8993-362abf5bc477": window light drew 2/2 beam(s)
2026-05-25 22:43:41.394 +02:00 [INF] Map "d5c08240-0436-454a-8993-362abf5bc477": window light drew 2/2 beam(s)
2026-05-25 22:43:41.450 +02:00 [INF] Map "d5c08240-0436-454a-8993-362abf5bc477": window light drew 2/2 beam(s)
2026-05-25 22:43:41.506 +02:00 [INF] Map "d5c08240-0436-454a-8993-362abf5bc477": window light drew 2/2 beam(s)
2026-05-25 22:43:41.562 +02:00 [INF] Map "d5c08240-0436-454a-8993-362abf5bc477": window light drew 2/2 beam(s)
2026-05-25 22:43:41.618 +02:00 [INF] Map "d5c08240-0436-454a-8993-362abf5bc477": window light drew 2/2 beam(s)
2026-05-25 22:43:41.674 +02:00 [INF] Map "d5c08240-0436-454a-8993-362abf5bc477": window light drew 2/2 beam(s)
2026-05-25 22:43:41.730 +02:00 [INF] Map "d5c08240-0436-454a-8993-362abf5bc477": window light drew 2/2 beam(s)
2026-05-25 22:43:41.786 +02:00 [INF] Map "d5c08240-0436-454a-8993-362abf5bc477": window light drew 2/2 beam(s)
2026-05-25 22:43:41.841 +02:00 [INF] Map "d5c08240-0436-454a-8993-362abf5bc477": window light drew 2/2 beam(s)
2026-05-25 22:43:41.911 +02:00 [INF] Map "d5c08240-0436-454a-8993-362abf5bc477": window light drew 2/2 beam(s)
2026-05-25 22:43:41.966 +02:00 [INF] Map "d5c08240-0436-454a-8993-362abf5bc477": window light drew 2/2 beam(s)
2026-05-25 22:43:42.021 +02:00 [INF] Map "d5c08240-0436-454a-8993-362abf5bc477": window light drew 2/2 beam(s)
2026-05-25 22:43:42.079 +02:00 [INF] Map "d5c08240-0436-454a-8993-362abf5bc477": window light drew 2/2 beam(s)
2026-05-25 22:43:42.133 +02:00 [INF] Map "d5c08240-0436-454a-8993-362abf5bc477": window light drew 2/2 beam(s)
2026-05-25 22:43:42.189 +02:00 [INF] Map "d5c08240-0436-454a-8993-362abf5bc477": window light drew 2/2 beam(s)
2026-05-25 22:43:42.246 +02:00 [INF] Map "d5c08240-0436-454a-8993-362abf5bc477": window light drew 2/2 beam(s)
2026-05-25 22:43:42.302 +02:00 [INF] Map "d5c08240-0436-454a-8993-362abf5bc477": window light drew 2/2 beam(s)
2026-05-25 22:43:42.357 +02:00 [INF] Map "d5c08240-0436-454a-8993-362abf5bc477": window light drew 2/2 beam(s)
2026-05-25 22:43:42.426 +02:00 [INF] Map "d5c08240-0436-454a-8993-362abf5bc477": window light drew 2/2 beam(s)
2026-05-25 22:43:42.482 +02:00 [INF] Map "d5c08240-0436-454a-8993-362abf5bc477": window light drew 2/2 beam(s)
2026-05-25 22:43:42.538 +02:00 [INF] Map "d5c08240-0436-454a-8993-362abf5bc477": window light drew 2/2 beam(s)
2026-05-25 22:43:42.594 +02:00 [INF] Map "d5c08240-0436-454a-8993-362abf5bc477": window light drew 2/2 beam(s)
2026-05-25 22:43:42.649 +02:00 [INF] Map "d5c08240-0436-454a-8993-362abf5bc477": window light drew 2/2 beam(s)
2026-05-25 22:43:42.705 +02:00 [INF] Map "d5c08240-0436-454a-8993-362abf5bc477": window light drew 2/2 beam(s)
2026-05-25 22:43:42.761 +02:00 [INF] Map "d5c08240-0436-454a-8993-362abf5bc477": window light drew 2/2 beam(s)
2026-05-25 22:43:42.817 +02:00 [INF] Map "d5c08240-0436-454a-8993-362abf5bc477": window light drew 2/2 beam(s)
2026-05-25 22:43:42.872 +02:00 [INF] Map "d5c08240-0436-454a-8993-362abf5bc477": window light drew 2/2 beam(s)
2026-05-25 22:43:42.941 +02:00 [INF] Map "d5c08240-0436-454a-8993-362abf5bc477": window light drew 2/2 beam(s)
2026-05-25 22:43:42.997 +02:00 [INF] Map "d5c08240-0436-454a-8993-362abf5bc477": window light drew 2/2 beam(s)
2026-05-25 22:43:43.053 +02:00 [INF] Map "d5c08240-0436-454a-8993-362abf5bc477": window light drew 2/2 beam(s)
2026-05-25 22:43:43.109 +02:00 [INF] Map "d5c08240-0436-454a-8993-362abf5bc477": window light drew 2/2 beam(s)
2026-05-25 22:43:43.164 +02:00 [INF] Map "d5c08240-0436-454a-8993-362abf5bc477": window light drew 2/2 beam(s)
2026-05-25 22:43:43.221 +02:00 [INF] Map "d5c08240-0436-454a-8993-362abf5bc477": window light drew 2/2 beam(s)
2026-05-25 22:43:43.277 +02:00 [INF] Map "d5c08240-0436-454a-8993-362abf5bc477": window light drew 2/2 beam(s)
2026-05-25 22:43:43.333 +02:00 [INF] Map "d5c08240-0436-454a-8993-362abf5bc477": window light drew 2/2 beam(s)
2026-05-25 22:43:43.390 +02:00 [INF] Map "d5c08240-0436-454a-8993-362abf5bc477": window light drew 2/2 beam(s)
2026-05-25 22:43:43.460 +02:00 [INF] Map "d5c08240-0436-454a-8993-362abf5bc477": window light drew 2/2 beam(s)
2026-05-25 22:43:43.518 +02:00 [INF] Map "d5c08240-0436-454a-8993-362abf5bc477": window light drew 2/2 beam(s)
2026-05-25 22:43:43.575 +02:00 [INF] Map "d5c08240-0436-454a-8993-362abf5bc477": window light drew 2/2 beam(s)
2026-05-25 22:43:43.631 +02:00 [INF] Map "d5c08240-0436-454a-8993-362abf5bc477": window light drew 2/2 beam(s)
2026-05-25 22:43:43.687 +02:00 [INF] Map "d5c08240-0436-454a-8993-362abf5bc477": window light drew 2/2 beam(s)
2026-05-25 22:43:43.743 +02:00 [INF] Map "d5c08240-0436-454a-8993-362abf5bc477": window light drew 2/2 beam(s)
2026-05-25 22:43:43.799 +02:00 [INF] Map "d5c08240-0436-454a-8993-362abf5bc477": window light drew 2/2 beam(s)
2026-05-25 22:43:43.855 +02:00 [INF] Map "d5c08240-0436-454a-8993-362abf5bc477": window light drew 2/2 beam(s)
2026-05-25 22:43:43.911 +02:00 [INF] Map "d5c08240-0436-454a-8993-362abf5bc477": window light drew 2/2 beam(s)
2026-05-25 22:43:43.980 +02:00 [INF] Map "d5c08240-0436-454a-8993-362abf5bc477": window light drew 2/2 beam(s)
2026-05-25 22:43:44.036 +02:00 [INF] Map "d5c08240-0436-454a-8993-362abf5bc477": window light drew 2/2 beam(s)
2026-05-25 22:43:44.092 +02:00 [INF] Map "d5c08240-0436-454a-8993-362abf5bc477": window light drew 2/2 beam(s)
2026-05-25 22:43:44.148 +02:00 [INF] Map "d5c08240-0436-454a-8993-362abf5bc477": window light drew 2/2 beam(s)
2026-05-25 22:43:44.204 +02:00 [INF] Map "d5c08240-0436-454a-8993-362abf5bc477": window light drew 2/2 beam(s)
2026-05-25 22:43:44.260 +02:00 [INF] Map "d5c08240-0436-454a-8993-362abf5bc477": window light drew 2/2 beam(s)
2026-05-25 22:43:44.317 +02:00 [INF] Map "d5c08240-0436-454a-8993-362abf5bc477": window light drew 2/2 beam(s)
2026-05-25 22:43:44.372 +02:00 [INF] Map "d5c08240-0436-454a-8993-362abf5bc477": window light drew 2/2 beam(s)
2026-05-25 22:43:44.428 +02:00 [INF] Map "d5c08240-0436-454a-8993-362abf5bc477": window light drew 2/2 beam(s)
2026-05-25 22:43:44.496 +02:00 [INF] Map "d5c08240-0436-454a-8993-362abf5bc477": window light drew 2/2 beam(s)
2026-05-25 22:43:44.551 +02:00 [INF] Map "d5c08240-0436-454a-8993-362abf5bc477": window light drew 2/2 beam(s)
2026-05-25 22:43:44.607 +02:00 [INF] Map "d5c08240-0436-454a-8993-362abf5bc477": window light drew 2/2 beam(s)
2026-05-25 22:43:44.663 +02:00 [INF] Map "d5c08240-0436-454a-8993-362abf5bc477": window light drew 2/2 beam(s)
2026-05-25 22:43:44.719 +02:00 [INF] Map "d5c08240-0436-454a-8993-362abf5bc477": window light drew 2/2 beam(s)
2026-05-25 22:43:44.776 +02:00 [INF] Map "d5c08240-0436-454a-8993-362abf5bc477": window light drew 2/2 beam(s)
2026-05-25 22:43:44.832 +02:00 [INF] Map "d5c08240-0436-454a-8993-362abf5bc477": window light drew 2/2 beam(s)
2026-05-25 22:43:44.888 +02:00 [INF] Map "d5c08240-0436-454a-8993-362abf5bc477": window light drew 2/2 beam(s)
2026-05-25 22:43:44.947 +02:00 [INF] Map "d5c08240-0436-454a-8993-362abf5bc477": window light drew 2/2 beam(s)
2026-05-25 22:43:45.020 +02:00 [INF] Map "d5c08240-0436-454a-8993-362abf5bc477": window light drew 2/2 beam(s)
2026-05-25 22:43:45.075 +02:00 [INF] Map "d5c08240-0436-454a-8993-362abf5bc477": window light drew 2/2 beam(s)
2026-05-25 22:43:45.131 +02:00 [INF] Map "d5c08240-0436-454a-8993-362abf5bc477": window light drew 2/2 beam(s)
2026-05-25 22:43:45.186 +02:00 [INF] Map "d5c08240-0436-454a-8993-362abf5bc477": window light drew 2/2 beam(s)
2026-05-25 22:43:45.242 +02:00 [INF] Map "d5c08240-0436-454a-8993-362abf5bc477": window light drew 2/2 beam(s)
2026-05-25 22:43:45.299 +02:00 [INF] Map "d5c08240-0436-454a-8993-362abf5bc477": window light drew 2/2 beam(s)
2026-05-25 22:43:45.355 +02:00 [INF] Map "d5c08240-0436-454a-8993-362abf5bc477": window light drew 2/2 beam(s)
2026-05-25 22:43:45.411 +02:00 [INF] Map "d5c08240-0436-454a-8993-362abf5bc477": window light drew 2/2 beam(s)
2026-05-25 22:43:45.468 +02:00 [INF] Map "d5c08240-0436-454a-8993-362abf5bc477": window light drew 2/2 beam(s)
2026-05-25 22:43:45.538 +02:00 [INF] Map "d5c08240-0436-454a-8993-362abf5bc477": window light drew 2/2 beam(s)
2026-05-25 22:43:45.595 +02:00 [INF] Map "d5c08240-0436-454a-8993-362abf5bc477": window light drew 2/2 beam(s)
2026-05-25 22:43:45.651 +02:00 [INF] Map "d5c08240-0436-454a-8993-362abf5bc477": window light drew 2/2 beam(s)
2026-05-25 22:43:45.711 +02:00 [INF] Map "d5c08240-0436-454a-8993-362abf5bc477": window light drew 2/2 beam(s)
2026-05-25 22:43:45.768 +02:00 [INF] Map "d5c08240-0436-454a-8993-362abf5bc477": window light drew 2/2 beam(s)
2026-05-25 22:43:45.824 +02:00 [INF] Map "d5c08240-0436-454a-8993-362abf5bc477": window light drew 2/2 beam(s)
2026-05-25 22:43:45.880 +02:00 [INF] Map "d5c08240-0436-454a-8993-362abf5bc477": window light drew 2/2 beam(s)
2026-05-25 22:43:45.936 +02:00 [INF] Map "d5c08240-0436-454a-8993-362abf5bc477": window light drew 2/2 beam(s)
2026-05-25 22:43:45.992 +02:00 [INF] Map "d5c08240-0436-454a-8993-362abf5bc477": window light drew 2/2 beam(s)
2026-05-25 22:43:46.061 +02:00 [INF] Map "d5c08240-0436-454a-8993-362abf5bc477": window light drew 2/2 beam(s)
2026-05-25 22:43:46.116 +02:00 [INF] Map "d5c08240-0436-454a-8993-362abf5bc477": window light drew 2/2 beam(s)
2026-05-25 22:43:46.172 +02:00 [INF] Map "d5c08240-0436-454a-8993-362abf5bc477": window light drew 2/2 beam(s)
2026-05-25 22:43:46.227 +02:00 [INF] Map "d5c08240-0436-454a-8993-362abf5bc477": window light drew 2/2 beam(s)
2026-05-25 22:43:46.282 +02:00 [INF] Map "d5c08240-0436-454a-8993-362abf5bc477": window light drew 2/2 beam(s)
2026-05-25 22:43:46.338 +02:00 [INF] Map "d5c08240-0436-454a-8993-362abf5bc477": window light drew 2/2 beam(s)
2026-05-25 22:43:46.394 +02:00 [INF] Map "d5c08240-0436-454a-8993-362abf5bc477": window light drew 2/2 beam(s)
2026-05-25 22:43:46.450 +02:00 [INF] Map "d5c08240-0436-454a-8993-362abf5bc477": window light drew 2/2 beam(s)
2026-05-25 22:43:46.506 +02:00 [INF] Map "d5c08240-0436-454a-8993-362abf5bc477": window light drew 2/2 beam(s)
2026-05-25 22:43:46.576 +02:00 [INF] Map "d5c08240-0436-454a-8993-362abf5bc477": window light drew 2/2 beam(s)
2026-05-25 22:43:46.632 +02:00 [INF] Map "d5c08240-0436-454a-8993-362abf5bc477": window light drew 2/2 beam(s)
2026-05-25 22:43:46.687 +02:00 [INF] Map "d5c08240-0436-454a-8993-362abf5bc477": window light drew 2/2 beam(s)
2026-05-25 22:43:46.742 +02:00 [INF] Map "d5c08240-0436-454a-8993-362abf5bc477": window light drew 2/2 beam(s)
2026-05-25 22:43:46.799 +02:00 [INF] Map "d5c08240-0436-454a-8993-362abf5bc477": window light drew 2/2 beam(s)
2026-05-25 22:43:46.855 +02:00 [INF] Map "d5c08240-0436-454a-8993-362abf5bc477": window light drew 2/2 beam(s)
2026-05-25 22:43:46.910 +02:00 [INF] Map "d5c08240-0436-454a-8993-362abf5bc477": window light drew 2/2 beam(s)
2026-05-25 22:43:46.966 +02:00 [INF] Map "d5c08240-0436-454a-8993-362abf5bc477": window light drew 2/2 beam(s)
2026-05-25 22:43:47.020 +02:00 [INF] Map "d5c08240-0436-454a-8993-362abf5bc477": window light drew 2/2 beam(s)
2026-05-25 22:43:47.090 +02:00 [INF] Map "d5c08240-0436-454a-8993-362abf5bc477": window light drew 2/2 beam(s)
2026-05-25 22:43:47.145 +02:00 [INF] Map "d5c08240-0436-454a-8993-362abf5bc477": window light drew 2/2 beam(s)
2026-05-25 22:43:47.201 +02:00 [INF] Map "d5c08240-0436-454a-8993-362abf5bc477": window light drew 2/2 beam(s)
2026-05-25 22:43:47.256 +02:00 [INF] Map "d5c08240-0436-454a-8993-362abf5bc477": window light drew 2/2 beam(s)
2026-05-25 22:43:47.312 +02:00 [INF] Map "d5c08240-0436-454a-8993-362abf5bc477": window light drew 2/2 beam(s)
2026-05-25 22:43:47.368 +02:00 [INF] Map "d5c08240-0436-454a-8993-362abf5bc477": window light drew 2/2 beam(s)
2026-05-25 22:43:47.424 +02:00 [INF] Map "d5c08240-0436-454a-8993-362abf5bc477": window light drew 2/2 beam(s)
2026-05-25 22:43:47.480 +02:00 [INF] Map "d5c08240-0436-454a-8993-362abf5bc477": window light drew 2/2 beam(s)
2026-05-25 22:43:47.535 +02:00 [INF] Map "d5c08240-0436-454a-8993-362abf5bc477": window light drew 2/2 beam(s)
2026-05-25 22:43:47.603 +02:00 [INF] Map "d5c08240-0436-454a-8993-362abf5bc477": window light drew 2/2 beam(s)
2026-05-25 22:43:47.658 +02:00 [INF] Map "d5c08240-0436-454a-8993-362abf5bc477": window light drew 2/2 beam(s)
2026-05-25 22:43:47.714 +02:00 [INF] Map "d5c08240-0436-454a-8993-362abf5bc477": window light drew 2/2 beam(s)
2026-05-25 22:43:47.769 +02:00 [INF] Map "d5c08240-0436-454a-8993-362abf5bc477": window light drew 2/2 beam(s)
2026-05-25 22:43:47.825 +02:00 [INF] Map "d5c08240-0436-454a-8993-362abf5bc477": window light drew 2/2 beam(s)
2026-05-25 22:43:47.880 +02:00 [INF] Map "d5c08240-0436-454a-8993-362abf5bc477": window light drew 2/2 beam(s)
2026-05-25 22:43:47.936 +02:00 [INF] Map "d5c08240-0436-454a-8993-362abf5bc477": window light drew 2/2 beam(s)
2026-05-25 22:43:47.992 +02:00 [INF] Map "d5c08240-0436-454a-8993-362abf5bc477": window light drew 2/2 beam(s)
2026-05-25 22:43:48.048 +02:00 [INF] Map "d5c08240-0436-454a-8993-362abf5bc477": window light drew 2/2 beam(s)
2026-05-25 22:43:48.117 +02:00 [INF] Map "d5c08240-0436-454a-8993-362abf5bc477": window light drew 2/2 beam(s)
2026-05-25 22:43:48.174 +02:00 [INF] Map "d5c08240-0436-454a-8993-362abf5bc477": window light drew 2/2 beam(s)
2026-05-25 22:43:48.231 +02:00 [INF] Map "d5c08240-0436-454a-8993-362abf5bc477": window light drew 2/2 beam(s)
2026-05-25 22:43:48.287 +02:00 [INF] Map "d5c08240-0436-454a-8993-362abf5bc477": window light drew 2/2 beam(s)
2026-05-25 22:43:48.346 +02:00 [INF] Map "d5c08240-0436-454a-8993-362abf5bc477": window light drew 2/2 beam(s)
2026-05-25 22:43:48.402 +02:00 [INF] Map "d5c08240-0436-454a-8993-362abf5bc477": window light drew 2/2 beam(s)
2026-05-25 22:43:48.458 +02:00 [INF] Map "d5c08240-0436-454a-8993-362abf5bc477": window light drew 2/2 beam(s)
2026-05-25 22:43:48.514 +02:00 [INF] Map "d5c08240-0436-454a-8993-362abf5bc477": window light drew 2/2 beam(s)
2026-05-25 22:43:48.570 +02:00 [INF] Map "d5c08240-0436-454a-8993-362abf5bc477": window light drew 2/2 beam(s)
2026-05-25 22:43:48.638 +02:00 [INF] Map "d5c08240-0436-454a-8993-362abf5bc477": window light drew 2/2 beam(s)
2026-05-25 22:43:48.694 +02:00 [INF] Map "d5c08240-0436-454a-8993-362abf5bc477": window light drew 2/2 beam(s)
2026-05-25 22:43:48.750 +02:00 [INF] Map "d5c08240-0436-454a-8993-362abf5bc477": window light drew 2/2 beam(s)
2026-05-25 22:43:48.806 +02:00 [INF] Map "d5c08240-0436-454a-8993-362abf5bc477": window light drew 2/2 beam(s)
2026-05-25 22:43:48.863 +02:00 [INF] Map "d5c08240-0436-454a-8993-362abf5bc477": window light drew 2/2 beam(s)
2026-05-25 22:43:48.918 +02:00 [INF] Map "d5c08240-0436-454a-8993-362abf5bc477": window light drew 2/2 beam(s)
2026-05-25 22:43:48.975 +02:00 [INF] Map "d5c08240-0436-454a-8993-362abf5bc477": window light drew 2/2 beam(s)
2026-05-25 22:43:49.030 +02:00 [INF] Map "d5c08240-0436-454a-8993-362abf5bc477": window light drew 2/2 beam(s)
2026-05-25 22:43:49.086 +02:00 [INF] Map "d5c08240-0436-454a-8993-362abf5bc477": window light drew 2/2 beam(s)
2026-05-25 22:43:49.155 +02:00 [INF] Map "d5c08240-0436-454a-8993-362abf5bc477": window light drew 2/2 beam(s)
2026-05-25 22:43:49.211 +02:00 [INF] Map "d5c08240-0436-454a-8993-362abf5bc477": window light drew 2/2 beam(s)
2026-05-25 22:43:49.268 +02:00 [INF] Map "d5c08240-0436-454a-8993-362abf5bc477": window light drew 2/2 beam(s)
2026-05-25 22:43:49.327 +02:00 [INF] Map "d5c08240-0436-454a-8993-362abf5bc477": window light drew 2/2 beam(s)
2026-05-25 22:43:49.384 +02:00 [INF] Map "d5c08240-0436-454a-8993-362abf5bc477": window light drew 2/2 beam(s)
2026-05-25 22:43:49.440 +02:00 [INF] Map "d5c08240-0436-454a-8993-362abf5bc477": window light drew 2/2 beam(s)
2026-05-25 22:43:49.497 +02:00 [INF] Map "d5c08240-0436-454a-8993-362abf5bc477": window light drew 2/2 beam(s)
2026-05-25 22:43:49.560 +02:00 [INF] Map "d5c08240-0436-454a-8993-362abf5bc477": window light drew 2/2 beam(s)
2026-05-25 22:43:49.615 +02:00 [INF] Map "d5c08240-0436-454a-8993-362abf5bc477": window light drew 2/2 beam(s)
2026-05-25 22:43:49.683 +02:00 [INF] Map "d5c08240-0436-454a-8993-362abf5bc477": window light drew 2/2 beam(s)
2026-05-25 22:43:49.738 +02:00 [INF] Map "d5c08240-0436-454a-8993-362abf5bc477": window light drew 2/2 beam(s)
2026-05-25 22:43:49.794 +02:00 [INF] Map "d5c08240-0436-454a-8993-362abf5bc477": window light drew 2/2 beam(s)
2026-05-25 22:43:49.849 +02:00 [INF] Map "d5c08240-0436-454a-8993-362abf5bc477": window light drew 2/2 beam(s)
2026-05-25 22:43:49.905 +02:00 [INF] Map "d5c08240-0436-454a-8993-362abf5bc477": window light drew 2/2 beam(s)
2026-05-25 22:43:49.960 +02:00 [INF] Map "d5c08240-0436-454a-8993-362abf5bc477": window light drew 2/2 beam(s)
2026-05-25 22:43:50.017 +02:00 [INF] Map "d5c08240-0436-454a-8993-362abf5bc477": window light drew 2/2 beam(s)
2026-05-25 22:43:50.073 +02:00 [INF] Map "d5c08240-0436-454a-8993-362abf5bc477": window light drew 2/2 beam(s)
2026-05-25 22:43:50.129 +02:00 [INF] Map "d5c08240-0436-454a-8993-362abf5bc477": window light drew 2/2 beam(s)
2026-05-25 22:43:50.199 +02:00 [INF] Map "d5c08240-0436-454a-8993-362abf5bc477": window light drew 2/2 beam(s)
2026-05-25 22:43:50.255 +02:00 [INF] Map "d5c08240-0436-454a-8993-362abf5bc477": window light drew 2/2 beam(s)
2026-05-25 22:43:50.311 +02:00 [INF] Map "d5c08240-0436-454a-8993-362abf5bc477": window light drew 2/2 beam(s)
2026-05-25 22:43:50.367 +02:00 [INF] Map "d5c08240-0436-454a-8993-362abf5bc477": window light drew 2/2 beam(s)
2026-05-25 22:43:50.422 +02:00 [INF] Map "d5c08240-0436-454a-8993-362abf5bc477": window light drew 2/2 beam(s)
2026-05-25 22:43:50.479 +02:00 [INF] Map "d5c08240-0436-454a-8993-362abf5bc477": window light drew 2/2 beam(s)
2026-05-25 22:43:50.536 +02:00 [INF] Map "d5c08240-0436-454a-8993-362abf5bc477": window light drew 2/2 beam(s)
2026-05-25 22:43:50.591 +02:00 [INF] Map "d5c08240-0436-454a-8993-362abf5bc477": window light drew 2/2 beam(s)
2026-05-25 22:43:50.647 +02:00 [INF] Map "d5c08240-0436-454a-8993-362abf5bc477": window light drew 2/2 beam(s)
2026-05-25 22:43:50.716 +02:00 [INF] Map "d5c08240-0436-454a-8993-362abf5bc477": window light drew 2/2 beam(s)
2026-05-25 22:43:50.772 +02:00 [INF] Map "d5c08240-0436-454a-8993-362abf5bc477": window light drew 2/2 beam(s)
2026-05-25 22:43:50.828 +02:00 [INF] Map "d5c08240-0436-454a-8993-362abf5bc477": window light drew 2/2 beam(s)
2026-05-25 22:43:50.884 +02:00 [INF] Map "d5c08240-0436-454a-8993-362abf5bc477": window light drew 2/2 beam(s)
2026-05-25 22:43:50.939 +02:00 [INF] Map "d5c08240-0436-454a-8993-362abf5bc477": window light drew 2/2 beam(s)
2026-05-25 22:43:50.994 +02:00 [INF] Map "d5c08240-0436-454a-8993-362abf5bc477": window light drew 2/2 beam(s)
2026-05-25 22:43:51.051 +02:00 [INF] Map "d5c08240-0436-454a-8993-362abf5bc477": window light drew 2/2 beam(s)
2026-05-25 22:43:51.107 +02:00 [INF] Map "d5c08240-0436-454a-8993-362abf5bc477": window light drew 2/2 beam(s)
2026-05-25 22:43:51.164 +02:00 [INF] Map "d5c08240-0436-454a-8993-362abf5bc477": window light drew 2/2 beam(s)
2026-05-25 22:43:51.233 +02:00 [INF] Map "d5c08240-0436-454a-8993-362abf5bc477": window light drew 2/2 beam(s)
2026-05-25 22:43:51.289 +02:00 [INF] Map "d5c08240-0436-454a-8993-362abf5bc477": window light drew 2/2 beam(s)
2026-05-25 22:43:51.345 +02:00 [INF] Map "d5c08240-0436-454a-8993-362abf5bc477": window light drew 2/2 beam(s)
2026-05-25 22:43:51.401 +02:00 [INF] Map "d5c08240-0436-454a-8993-362abf5bc477": window light drew 2/2 beam(s)
2026-05-25 22:43:51.457 +02:00 [INF] Map "d5c08240-0436-454a-8993-362abf5bc477": window light drew 2/2 beam(s)
2026-05-25 22:43:51.512 +02:00 [INF] Map "d5c08240-0436-454a-8993-362abf5bc477": window light drew 2/2 beam(s)
2026-05-25 22:43:51.568 +02:00 [INF] Map "d5c08240-0436-454a-8993-362abf5bc477": window light drew 2/2 beam(s)
2026-05-25 22:43:51.623 +02:00 [INF] Map "d5c08240-0436-454a-8993-362abf5bc477": window light drew 2/2 beam(s)
2026-05-25 22:43:51.679 +02:00 [INF] Map "d5c08240-0436-454a-8993-362abf5bc477": window light drew 2/2 beam(s)
2026-05-25 22:43:51.747 +02:00 [INF] Map "d5c08240-0436-454a-8993-362abf5bc477": window light drew 2/2 beam(s)
2026-05-25 22:43:51.804 +02:00 [INF] Map "d5c08240-0436-454a-8993-362abf5bc477": window light drew 2/2 beam(s)
2026-05-25 22:43:51.862 +02:00 [INF] Map "d5c08240-0436-454a-8993-362abf5bc477": window light drew 2/2 beam(s)
2026-05-25 22:43:51.919 +02:00 [INF] Map "d5c08240-0436-454a-8993-362abf5bc477": window light drew 2/2 beam(s)
2026-05-25 22:43:51.974 +02:00 [INF] Map "d5c08240-0436-454a-8993-362abf5bc477": window light drew 2/2 beam(s)
2026-05-25 22:43:52.030 +02:00 [INF] Map "d5c08240-0436-454a-8993-362abf5bc477": window light drew 2/2 beam(s)
2026-05-25 22:43:52.086 +02:00 [INF] Map "d5c08240-0436-454a-8993-362abf5bc477": window light drew 2/2 beam(s)
2026-05-25 22:43:52.143 +02:00 [INF] Map "d5c08240-0436-454a-8993-362abf5bc477": window light drew 2/2 beam(s)
2026-05-25 22:43:52.198 +02:00 [INF] Map "d5c08240-0436-454a-8993-362abf5bc477": window light drew 2/2 beam(s)
2026-05-25 22:43:52.268 +02:00 [INF] Map "d5c08240-0436-454a-8993-362abf5bc477": window light drew 2/2 beam(s)
2026-05-25 22:43:52.324 +02:00 [INF] Map "d5c08240-0436-454a-8993-362abf5bc477": window light drew 2/2 beam(s)
2026-05-25 22:43:52.381 +02:00 [INF] Map "d5c08240-0436-454a-8993-362abf5bc477": window light drew 2/2 beam(s)
2026-05-25 22:43:52.436 +02:00 [INF] Map "d5c08240-0436-454a-8993-362abf5bc477": window light drew 2/2 beam(s)
2026-05-25 22:43:52.493 +02:00 [INF] Map "d5c08240-0436-454a-8993-362abf5bc477": window light drew 2/2 beam(s)
2026-05-25 22:43:52.548 +02:00 [INF] Map "d5c08240-0436-454a-8993-362abf5bc477": window light drew 2/2 beam(s)
2026-05-25 22:43:52.604 +02:00 [INF] Map "d5c08240-0436-454a-8993-362abf5bc477": window light drew 2/2 beam(s)
2026-05-25 22:43:52.660 +02:00 [INF] Map "d5c08240-0436-454a-8993-362abf5bc477": window light drew 2/2 beam(s)
2026-05-25 22:43:52.716 +02:00 [INF] Map "d5c08240-0436-454a-8993-362abf5bc477": window light drew 2/2 beam(s)
2026-05-25 22:43:52.786 +02:00 [INF] Map "d5c08240-0436-454a-8993-362abf5bc477": window light drew 2/2 beam(s)
2026-05-25 22:43:52.842 +02:00 [INF] Map "d5c08240-0436-454a-8993-362abf5bc477": window light drew 2/2 beam(s)
2026-05-25 22:43:52.899 +02:00 [INF] Map "d5c08240-0436-454a-8993-362abf5bc477": window light drew 2/2 beam(s)
2026-05-25 22:43:52.957 +02:00 [INF] Map "d5c08240-0436-454a-8993-362abf5bc477": window light drew 2/2 beam(s)
2026-05-25 22:43:53.013 +02:00 [INF] Map "d5c08240-0436-454a-8993-362abf5bc477": window light drew 2/2 beam(s)
2026-05-25 22:43:53.068 +02:00 [INF] Map "d5c08240-0436-454a-8993-362abf5bc477": window light drew 2/2 beam(s)
2026-05-25 22:43:53.124 +02:00 [INF] Map "d5c08240-0436-454a-8993-362abf5bc477": window light drew 2/2 beam(s)
2026-05-25 22:43:53.180 +02:00 [INF] Map "d5c08240-0436-454a-8993-362abf5bc477": window light drew 2/2 beam(s)
2026-05-25 22:43:53.236 +02:00 [INF] Map "d5c08240-0436-454a-8993-362abf5bc477": window light drew 2/2 beam(s)
2026-05-25 22:43:53.305 +02:00 [INF] Map "d5c08240-0436-454a-8993-362abf5bc477": window light drew 2/2 beam(s)
2026-05-25 22:43:53.360 +02:00 [INF] Map "d5c08240-0436-454a-8993-362abf5bc477": window light drew 2/2 beam(s)
2026-05-25 22:43:53.415 +02:00 [INF] Map "d5c08240-0436-454a-8993-362abf5bc477": window light drew 2/2 beam(s)
2026-05-25 22:43:53.471 +02:00 [INF] Map "d5c08240-0436-454a-8993-362abf5bc477": window light drew 2/2 beam(s)
2026-05-25 22:43:53.527 +02:00 [INF] Map "d5c08240-0436-454a-8993-362abf5bc477": window light drew 2/2 beam(s)
2026-05-25 22:43:53.582 +02:00 [INF] Map "d5c08240-0436-454a-8993-362abf5bc477": window light drew 2/2 beam(s)
2026-05-25 22:43:53.637 +02:00 [INF] Map "d5c08240-0436-454a-8993-362abf5bc477": window light drew 2/2 beam(s)
2026-05-25 22:43:53.693 +02:00 [INF] Map "d5c08240-0436-454a-8993-362abf5bc477": window light drew 2/2 beam(s)
2026-05-25 22:43:53.748 +02:00 [INF] Map "d5c08240-0436-454a-8993-362abf5bc477": window light drew 2/2 beam(s)
2026-05-25 22:43:53.817 +02:00 [INF] Map "d5c08240-0436-454a-8993-362abf5bc477": window light drew 2/2 beam(s)
2026-05-25 22:43:53.873 +02:00 [INF] Map "d5c08240-0436-454a-8993-362abf5bc477": window light drew 2/2 beam(s)
2026-05-25 22:43:53.929 +02:00 [INF] Map "d5c08240-0436-454a-8993-362abf5bc477": window light drew 2/2 beam(s)
2026-05-25 22:43:53.985 +02:00 [INF] Map "d5c08240-0436-454a-8993-362abf5bc477": window light drew 2/2 beam(s)
2026-05-25 22:43:54.041 +02:00 [INF] Map "d5c08240-0436-454a-8993-362abf5bc477": window light drew 2/2 beam(s)
2026-05-25 22:43:54.096 +02:00 [INF] Map "d5c08240-0436-454a-8993-362abf5bc477": window light drew 2/2 beam(s)
2026-05-25 22:43:54.152 +02:00 [INF] Map "d5c08240-0436-454a-8993-362abf5bc477": window light drew 2/2 beam(s)
2026-05-25 22:43:54.207 +02:00 [INF] Map "d5c08240-0436-454a-8993-362abf5bc477": window light drew 2/2 beam(s)
2026-05-25 22:43:54.263 +02:00 [INF] Map "d5c08240-0436-454a-8993-362abf5bc477": window light drew 2/2 beam(s)
2026-05-25 22:43:54.331 +02:00 [INF] Map "d5c08240-0436-454a-8993-362abf5bc477": window light drew 2/2 beam(s)
2026-05-25 22:43:54.387 +02:00 [INF] Map "d5c08240-0436-454a-8993-362abf5bc477": window light drew 2/2 beam(s)
2026-05-25 22:43:54.443 +02:00 [INF] Map "d5c08240-0436-454a-8993-362abf5bc477": window light drew 2/2 beam(s)
2026-05-25 22:43:54.498 +02:00 [INF] Map "d5c08240-0436-454a-8993-362abf5bc477": window light drew 2/2 beam(s)
2026-05-25 22:43:54.554 +02:00 [INF] Map "d5c08240-0436-454a-8993-362abf5bc477": window light drew 2/2 beam(s)
2026-05-25 22:43:54.608 +02:00 [INF] Map "d5c08240-0436-454a-8993-362abf5bc477": window light drew 2/2 beam(s)
2026-05-25 22:43:54.664 +02:00 [INF] Map "d5c08240-0436-454a-8993-362abf5bc477": window light drew 2/2 beam(s)
2026-05-25 22:43:54.720 +02:00 [INF] Map "d5c08240-0436-454a-8993-362abf5bc477": window light drew 2/2 beam(s)
2026-05-25 22:43:54.776 +02:00 [INF] Map "d5c08240-0436-454a-8993-362abf5bc477": window light drew 2/2 beam(s)
2026-05-25 22:43:54.845 +02:00 [INF] Map "d5c08240-0436-454a-8993-362abf5bc477": window light drew 2/2 beam(s)
2026-05-25 22:43:54.901 +02:00 [INF] Map "d5c08240-0436-454a-8993-362abf5bc477": window light drew 2/2 beam(s)
2026-05-25 22:43:54.958 +02:00 [INF] Map "d5c08240-0436-454a-8993-362abf5bc477": window light drew 2/2 beam(s)
2026-05-25 22:43:55.022 +02:00 [INF] Map "d5c08240-0436-454a-8993-362abf5bc477": window light drew 2/2 beam(s)
2026-05-25 22:43:55.078 +02:00 [INF] Map "d5c08240-0436-454a-8993-362abf5bc477": window light drew 2/2 beam(s)
2026-05-25 22:43:55.135 +02:00 [INF] Map "d5c08240-0436-454a-8993-362abf5bc477": window light drew 2/2 beam(s)
2026-05-25 22:43:55.190 +02:00 [INF] Map "d5c08240-0436-454a-8993-362abf5bc477": window light drew 2/2 beam(s)
2026-05-25 22:43:55.246 +02:00 [INF] Map "d5c08240-0436-454a-8993-362abf5bc477": window light drew 2/2 beam(s)
2026-05-25 22:43:55.302 +02:00 [INF] Map "d5c08240-0436-454a-8993-362abf5bc477": window light drew 2/2 beam(s)
2026-05-25 22:43:55.371 +02:00 [INF] Map "d5c08240-0436-454a-8993-362abf5bc477": window light drew 2/2 beam(s)
2026-05-25 22:43:55.428 +02:00 [INF] Map "d5c08240-0436-454a-8993-362abf5bc477": window light drew 2/2 beam(s)
2026-05-25 22:43:55.484 +02:00 [INF] Map "d5c08240-0436-454a-8993-362abf5bc477": window light drew 2/2 beam(s)
2026-05-25 22:43:55.544 +02:00 [INF] Map "d5c08240-0436-454a-8993-362abf5bc477": window light drew 2/2 beam(s)
2026-05-25 22:43:55.599 +02:00 [INF] Map "d5c08240-0436-454a-8993-362abf5bc477": window light drew 2/2 beam(s)
2026-05-25 22:43:55.655 +02:00 [INF] Map "d5c08240-0436-454a-8993-362abf5bc477": window light drew 2/2 beam(s)
2026-05-25 22:43:55.712 +02:00 [INF] Map "d5c08240-0436-454a-8993-362abf5bc477": window light drew 2/2 beam(s)
2026-05-25 22:43:55.768 +02:00 [INF] Map "d5c08240-0436-454a-8993-362abf5bc477": window light drew 2/2 beam(s)
2026-05-25 22:43:55.823 +02:00 [INF] Map "d5c08240-0436-454a-8993-362abf5bc477": window light drew 2/2 beam(s)
2026-05-25 22:43:55.892 +02:00 [INF] Map "d5c08240-0436-454a-8993-362abf5bc477": window light drew 2/2 beam(s)
2026-05-25 22:43:55.948 +02:00 [INF] Map "d5c08240-0436-454a-8993-362abf5bc477": window light drew 2/2 beam(s)
2026-05-25 22:43:56.004 +02:00 [INF] Map "d5c08240-0436-454a-8993-362abf5bc477": window light drew 2/2 beam(s)
2026-05-25 22:43:56.060 +02:00 [INF] Map "d5c08240-0436-454a-8993-362abf5bc477": window light drew 2/2 beam(s)
2026-05-25 22:43:56.116 +02:00 [INF] Map "d5c08240-0436-454a-8993-362abf5bc477": window light drew 2/2 beam(s)
2026-05-25 22:43:56.173 +02:00 [INF] Map "d5c08240-0436-454a-8993-362abf5bc477": window light drew 2/2 beam(s)
2026-05-25 22:43:56.229 +02:00 [INF] Map "d5c08240-0436-454a-8993-362abf5bc477": window light drew 2/2 beam(s)
2026-05-25 22:43:56.284 +02:00 [INF] Map "d5c08240-0436-454a-8993-362abf5bc477": window light drew 2/2 beam(s)
2026-05-25 22:43:56.340 +02:00 [INF] Map "d5c08240-0436-454a-8993-362abf5bc477": window light drew 2/2 beam(s)
2026-05-25 22:43:56.408 +02:00 [INF] Map "d5c08240-0436-454a-8993-362abf5bc477": window light drew 2/2 beam(s)
2026-05-25 22:43:56.464 +02:00 [INF] Map "d5c08240-0436-454a-8993-362abf5bc477": window light drew 2/2 beam(s)
2026-05-25 22:43:56.519 +02:00 [INF] Map "d5c08240-0436-454a-8993-362abf5bc477": window light drew 2/2 beam(s)
2026-05-25 22:43:56.577 +02:00 [INF] Map "d5c08240-0436-454a-8993-362abf5bc477": window light drew 2/2 beam(s)
2026-05-25 22:43:56.632 +02:00 [INF] Map "d5c08240-0436-454a-8993-362abf5bc477": window light drew 2/2 beam(s)
2026-05-25 22:43:56.687 +02:00 [INF] Map "d5c08240-0436-454a-8993-362abf5bc477": window light drew 2/2 beam(s)
2026-05-25 22:43:56.743 +02:00 [INF] Map "d5c08240-0436-454a-8993-362abf5bc477": window light drew 2/2 beam(s)
2026-05-25 22:43:56.799 +02:00 [INF] Map "d5c08240-0436-454a-8993-362abf5bc477": window light drew 2/2 beam(s)
2026-05-25 22:43:56.855 +02:00 [INF] Map "d5c08240-0436-454a-8993-362abf5bc477": window light drew 2/2 beam(s)
2026-05-25 22:43:56.924 +02:00 [INF] Map "d5c08240-0436-454a-8993-362abf5bc477": window light drew 2/2 beam(s)
2026-05-25 22:43:56.982 +02:00 [INF] Map "d5c08240-0436-454a-8993-362abf5bc477": window light drew 2/2 beam(s)
2026-05-25 22:43:57.037 +02:00 [INF] Map "d5c08240-0436-454a-8993-362abf5bc477": window light drew 2/2 beam(s)
2026-05-25 22:43:57.092 +02:00 [INF] Map "d5c08240-0436-454a-8993-362abf5bc477": window light drew 2/2 beam(s)
2026-05-25 22:43:57.148 +02:00 [INF] Map "d5c08240-0436-454a-8993-362abf5bc477": window light drew 2/2 beam(s)
2026-05-25 22:43:57.204 +02:00 [INF] Map "d5c08240-0436-454a-8993-362abf5bc477": window light drew 2/2 beam(s)
2026-05-25 22:43:57.260 +02:00 [INF] Map "d5c08240-0436-454a-8993-362abf5bc477": window light drew 2/2 beam(s)
2026-05-25 22:43:57.320 +02:00 [INF] Map "d5c08240-0436-454a-8993-362abf5bc477": window light drew 2/2 beam(s)
2026-05-25 22:43:57.379 +02:00 [INF] Map "d5c08240-0436-454a-8993-362abf5bc477": window light drew 2/2 beam(s)
2026-05-25 22:43:57.453 +02:00 [INF] Map "d5c08240-0436-454a-8993-362abf5bc477": window light drew 2/2 beam(s)
2026-05-25 22:43:57.511 +02:00 [INF] Map "d5c08240-0436-454a-8993-362abf5bc477": window light drew 2/2 beam(s)
2026-05-25 22:43:57.569 +02:00 [INF] Map "d5c08240-0436-454a-8993-362abf5bc477": window light drew 2/2 beam(s)
2026-05-25 22:43:57.626 +02:00 [INF] Map "d5c08240-0436-454a-8993-362abf5bc477": window light drew 2/2 beam(s)
2026-05-25 22:43:57.683 +02:00 [INF] Map "d5c08240-0436-454a-8993-362abf5bc477": window light drew 2/2 beam(s)
2026-05-25 22:43:57.739 +02:00 [INF] Map "d5c08240-0436-454a-8993-362abf5bc477": window light drew 2/2 beam(s)
2026-05-25 22:43:57.794 +02:00 [INF] Map "d5c08240-0436-454a-8993-362abf5bc477": window light drew 2/2 beam(s)
2026-05-25 22:43:57.851 +02:00 [INF] Map "d5c08240-0436-454a-8993-362abf5bc477": window light drew 2/2 beam(s)
2026-05-25 22:43:57.907 +02:00 [INF] Map "d5c08240-0436-454a-8993-362abf5bc477": window light drew 2/2 beam(s)
2026-05-25 22:43:57.975 +02:00 [INF] Map "d5c08240-0436-454a-8993-362abf5bc477": window light drew 2/2 beam(s)
2026-05-25 22:43:58.032 +02:00 [INF] Map "d5c08240-0436-454a-8993-362abf5bc477": window light drew 2/2 beam(s)
2026-05-25 22:43:58.088 +02:00 [INF] Map "d5c08240-0436-454a-8993-362abf5bc477": window light drew 2/2 beam(s)
2026-05-25 22:43:58.145 +02:00 [INF] Map "d5c08240-0436-454a-8993-362abf5bc477": window light drew 2/2 beam(s)
2026-05-25 22:43:58.201 +02:00 [INF] Map "d5c08240-0436-454a-8993-362abf5bc477": window light drew 2/2 beam(s)
2026-05-25 22:43:58.258 +02:00 [INF] Map "d5c08240-0436-454a-8993-362abf5bc477": window light drew 2/2 beam(s)
2026-05-25 22:43:58.315 +02:00 [INF] Map "d5c08240-0436-454a-8993-362abf5bc477": window light drew 2/2 beam(s)
2026-05-25 22:43:58.373 +02:00 [INF] Map "d5c08240-0436-454a-8993-362abf5bc477": window light drew 2/2 beam(s)
2026-05-25 22:43:58.429 +02:00 [INF] Map "d5c08240-0436-454a-8993-362abf5bc477": window light drew 2/2 beam(s)
2026-05-25 22:43:58.501 +02:00 [INF] Map "d5c08240-0436-454a-8993-362abf5bc477": window light drew 2/2 beam(s)
2026-05-25 22:43:58.556 +02:00 [INF] Map "d5c08240-0436-454a-8993-362abf5bc477": window light drew 2/2 beam(s)
2026-05-25 22:43:58.612 +02:00 [INF] Map "d5c08240-0436-454a-8993-362abf5bc477": window light drew 2/2 beam(s)
2026-05-25 22:43:58.668 +02:00 [INF] Map "d5c08240-0436-454a-8993-362abf5bc477": window light drew 2/2 beam(s)
2026-05-25 22:43:58.723 +02:00 [INF] Map "d5c08240-0436-454a-8993-362abf5bc477": window light drew 2/2 beam(s)
2026-05-25 22:43:58.780 +02:00 [INF] Map "d5c08240-0436-454a-8993-362abf5bc477": window light drew 2/2 beam(s)
2026-05-25 22:43:58.835 +02:00 [INF] Map "d5c08240-0436-454a-8993-362abf5bc477": window light drew 2/2 beam(s)
2026-05-25 22:43:58.891 +02:00 [INF] Map "d5c08240-0436-454a-8993-362abf5bc477": window light drew 2/2 beam(s)
2026-05-25 22:43:58.947 +02:00 [INF] Map "d5c08240-0436-454a-8993-362abf5bc477": window light drew 2/2 beam(s)
2026-05-25 22:43:59.017 +02:00 [INF] Map "d5c08240-0436-454a-8993-362abf5bc477": window light drew 2/2 beam(s)
2026-05-25 22:43:59.074 +02:00 [INF] Map "d5c08240-0436-454a-8993-362abf5bc477": window light drew 2/2 beam(s)
2026-05-25 22:43:59.133 +02:00 [INF] Map "d5c08240-0436-454a-8993-362abf5bc477": window light drew 2/2 beam(s)
2026-05-25 22:43:59.192 +02:00 [INF] Map "d5c08240-0436-454a-8993-362abf5bc477": window light drew 2/2 beam(s)
2026-05-25 22:43:59.250 +02:00 [INF] Map "d5c08240-0436-454a-8993-362abf5bc477": window light drew 2/2 beam(s)
2026-05-25 22:43:59.308 +02:00 [INF] Map "d5c08240-0436-454a-8993-362abf5bc477": window light drew 2/2 beam(s)
2026-05-25 22:43:59.365 +02:00 [INF] Map "d5c08240-0436-454a-8993-362abf5bc477": window light drew 2/2 beam(s)
2026-05-25 22:43:59.423 +02:00 [INF] Map "d5c08240-0436-454a-8993-362abf5bc477": window light drew 2/2 beam(s)
2026-05-25 22:43:59.479 +02:00 [INF] Map "d5c08240-0436-454a-8993-362abf5bc477": window light drew 2/2 beam(s)
2026-05-25 22:43:59.549 +02:00 [INF] Map "d5c08240-0436-454a-8993-362abf5bc477": window light drew 2/2 beam(s)
2026-05-25 22:43:59.605 +02:00 [INF] Map "d5c08240-0436-454a-8993-362abf5bc477": window light drew 2/2 beam(s)
2026-05-25 22:43:59.661 +02:00 [INF] Map "d5c08240-0436-454a-8993-362abf5bc477": window light drew 2/2 beam(s)
2026-05-25 22:43:59.717 +02:00 [INF] Map "d5c08240-0436-454a-8993-362abf5bc477": window light drew 2/2 beam(s)
2026-05-25 22:43:59.773 +02:00 [INF] Map "d5c08240-0436-454a-8993-362abf5bc477": window light drew 2/2 beam(s)
2026-05-25 22:43:59.829 +02:00 [INF] Map "d5c08240-0436-454a-8993-362abf5bc477": window light drew 2/2 beam(s)
2026-05-25 22:43:59.884 +02:00 [INF] Map "d5c08240-0436-454a-8993-362abf5bc477": window light drew 2/2 beam(s)
2026-05-25 22:43:59.941 +02:00 [INF] Map "d5c08240-0436-454a-8993-362abf5bc477": window light drew 2/2 beam(s)
2026-05-25 22:43:59.997 +02:00 [INF] Map "d5c08240-0436-454a-8993-362abf5bc477": window light drew 2/2 beam(s)
2026-05-25 22:44:00.068 +02:00 [INF] Map "d5c08240-0436-454a-8993-362abf5bc477": window light drew 2/2 beam(s)
2026-05-25 22:44:00.127 +02:00 [INF] Map "d5c08240-0436-454a-8993-362abf5bc477": window light drew 2/2 beam(s)
2026-05-25 22:44:00.185 +02:00 [INF] Map "d5c08240-0436-454a-8993-362abf5bc477": window light drew 2/2 beam(s)
2026-05-25 22:44:00.242 +02:00 [INF] Map "d5c08240-0436-454a-8993-362abf5bc477": window light drew 2/2 beam(s)
2026-05-25 22:44:00.300 +02:00 [INF] Map "d5c08240-0436-454a-8993-362abf5bc477": window light drew 2/2 beam(s)
2026-05-25 22:44:00.355 +02:00 [INF] Map "d5c08240-0436-454a-8993-362abf5bc477": window light drew 2/2 beam(s)
2026-05-25 22:44:00.411 +02:00 [INF] Map "d5c08240-0436-454a-8993-362abf5bc477": window light drew 2/2 beam(s)
2026-05-25 22:44:00.474 +02:00 [INF] Map "d5c08240-0436-454a-8993-362abf5bc477": window light drew 2/2 beam(s)
2026-05-25 22:44:00.531 +02:00 [INF] Map "d5c08240-0436-454a-8993-362abf5bc477": window light drew 2/2 beam(s)
2026-05-25 22:44:00.601 +02:00 [INF] Map "d5c08240-0436-454a-8993-362abf5bc477": window light drew 2/2 beam(s)
2026-05-25 22:44:00.657 +02:00 [INF] Map "d5c08240-0436-454a-8993-362abf5bc477": window light drew 2/2 beam(s)
2026-05-25 22:44:00.713 +02:00 [INF] Map "d5c08240-0436-454a-8993-362abf5bc477": window light drew 2/2 beam(s)
2026-05-25 22:44:00.770 +02:00 [INF] Map "d5c08240-0436-454a-8993-362abf5bc477": window light drew 2/2 beam(s)
2026-05-25 22:44:00.826 +02:00 [INF] Map "d5c08240-0436-454a-8993-362abf5bc477": window light drew 2/2 beam(s)
2026-05-25 22:44:00.883 +02:00 [INF] Map "d5c08240-0436-454a-8993-362abf5bc477": window light drew 2/2 beam(s)
2026-05-25 22:44:00.938 +02:00 [INF] Map "d5c08240-0436-454a-8993-362abf5bc477": window light drew 2/2 beam(s)
2026-05-25 22:44:00.997 +02:00 [INF] Map "d5c08240-0436-454a-8993-362abf5bc477": window light drew 2/2 beam(s)
2026-05-25 22:44:01.053 +02:00 [INF] Map "d5c08240-0436-454a-8993-362abf5bc477": window light drew 2/2 beam(s)
2026-05-25 22:44:01.122 +02:00 [INF] Map "d5c08240-0436-454a-8993-362abf5bc477": window light drew 2/2 beam(s)
2026-05-25 22:44:01.178 +02:00 [INF] Map "d5c08240-0436-454a-8993-362abf5bc477": window light drew 2/2 beam(s)
2026-05-25 22:44:01.235 +02:00 [INF] Map "d5c08240-0436-454a-8993-362abf5bc477": window light drew 2/2 beam(s)
2026-05-25 22:44:01.290 +02:00 [INF] Map "d5c08240-0436-454a-8993-362abf5bc477": window light drew 2/2 beam(s)
2026-05-25 22:44:01.346 +02:00 [INF] Map "d5c08240-0436-454a-8993-362abf5bc477": window light drew 2/2 beam(s)
2026-05-25 22:44:01.402 +02:00 [INF] Map "d5c08240-0436-454a-8993-362abf5bc477": window light drew 2/2 beam(s)
2026-05-25 22:44:01.458 +02:00 [INF] Map "d5c08240-0436-454a-8993-362abf5bc477": window light drew 2/2 beam(s)
2026-05-25 22:44:01.514 +02:00 [INF] Map "d5c08240-0436-454a-8993-362abf5bc477": window light drew 2/2 beam(s)
2026-05-25 22:44:01.569 +02:00 [INF] Map "d5c08240-0436-454a-8993-362abf5bc477": window light drew 2/2 beam(s)
2026-05-25 22:44:01.639 +02:00 [INF] Map "d5c08240-0436-454a-8993-362abf5bc477": window light drew 2/2 beam(s)
2026-05-25 22:44:01.694 +02:00 [INF] Map "d5c08240-0436-454a-8993-362abf5bc477": window light drew 2/2 beam(s)
2026-05-25 22:44:01.749 +02:00 [INF] Map "d5c08240-0436-454a-8993-362abf5bc477": window light drew 2/2 beam(s)
2026-05-25 22:44:01.805 +02:00 [INF] Map "d5c08240-0436-454a-8993-362abf5bc477": window light drew 2/2 beam(s)
2026-05-25 22:44:01.861 +02:00 [INF] Map "d5c08240-0436-454a-8993-362abf5bc477": window light drew 2/2 beam(s)
2026-05-25 22:44:01.916 +02:00 [INF] Map "d5c08240-0436-454a-8993-362abf5bc477": window light drew 2/2 beam(s)
2026-05-25 22:44:01.973 +02:00 [INF] Map "d5c08240-0436-454a-8993-362abf5bc477": window light drew 2/2 beam(s)
2026-05-25 22:44:02.028 +02:00 [INF] Map "d5c08240-0436-454a-8993-362abf5bc477": window light drew 2/2 beam(s)
2026-05-25 22:44:02.083 +02:00 [INF] Map "d5c08240-0436-454a-8993-362abf5bc477": window light drew 2/2 beam(s)
2026-05-25 22:44:02.153 +02:00 [INF] Map "d5c08240-0436-454a-8993-362abf5bc477": window light drew 2/2 beam(s)
2026-05-25 22:44:02.209 +02:00 [INF] Map "d5c08240-0436-454a-8993-362abf5bc477": window light drew 2/2 beam(s)
2026-05-25 22:44:02.266 +02:00 [INF] Map "d5c08240-0436-454a-8993-362abf5bc477": window light drew 2/2 beam(s)
2026-05-25 22:44:02.321 +02:00 [INF] Map "d5c08240-0436-454a-8993-362abf5bc477": window light drew 2/2 beam(s)
2026-05-25 22:44:02.376 +02:00 [INF] Map "d5c08240-0436-454a-8993-362abf5bc477": window light drew 2/2 beam(s)
2026-05-25 22:44:02.432 +02:00 [INF] Map "d5c08240-0436-454a-8993-362abf5bc477": window light drew 2/2 beam(s)
2026-05-25 22:44:02.488 +02:00 [INF] Map "d5c08240-0436-454a-8993-362abf5bc477": window light drew 2/2 beam(s)
2026-05-25 22:44:02.544 +02:00 [INF] Map "d5c08240-0436-454a-8993-362abf5bc477": window light drew 2/2 beam(s)
2026-05-25 22:44:02.599 +02:00 [INF] Map "d5c08240-0436-454a-8993-362abf5bc477": window light drew 2/2 beam(s)
2026-05-25 22:44:02.667 +02:00 [INF] Map "d5c08240-0436-454a-8993-362abf5bc477": window light drew 2/2 beam(s)
2026-05-25 22:44:02.723 +02:00 [INF] Map "d5c08240-0436-454a-8993-362abf5bc477": window light drew 2/2 beam(s)
2026-05-25 22:44:02.778 +02:00 [INF] Map "d5c08240-0436-454a-8993-362abf5bc477": window light drew 2/2 beam(s)
2026-05-25 22:44:02.834 +02:00 [INF] Map "d5c08240-0436-454a-8993-362abf5bc477": window light drew 2/2 beam(s)
2026-05-25 22:44:02.891 +02:00 [INF] Map "d5c08240-0436-454a-8993-362abf5bc477": window light drew 2/2 beam(s)
2026-05-25 22:44:02.947 +02:00 [INF] Map "d5c08240-0436-454a-8993-362abf5bc477": window light drew 2/2 beam(s)
2026-05-25 22:44:03.002 +02:00 [INF] Map "d5c08240-0436-454a-8993-362abf5bc477": window light drew 2/2 beam(s)
2026-05-25 22:44:03.059 +02:00 [INF] Map "d5c08240-0436-454a-8993-362abf5bc477": window light drew 2/2 beam(s)
2026-05-25 22:44:03.115 +02:00 [INF] Map "d5c08240-0436-454a-8993-362abf5bc477": window light drew 2/2 beam(s)
2026-05-25 22:44:03.206 +02:00 [INF] Map "d5c08240-0436-454a-8993-362abf5bc477": window light drew 2/2 beam(s)
2026-05-25 22:44:03.274 +02:00 [INF] Map "d5c08240-0436-454a-8993-362abf5bc477": window light drew 2/2 beam(s)
2026-05-25 22:44:03.334 +02:00 [INF] Map "d5c08240-0436-454a-8993-362abf5bc477": window light drew 2/2 beam(s)
2026-05-25 22:44:03.391 +02:00 [INF] Map "d5c08240-0436-454a-8993-362abf5bc477": window light drew 2/2 beam(s)
2026-05-25 22:44:03.446 +02:00 [INF] Map "d5c08240-0436-454a-8993-362abf5bc477": window light drew 2/2 beam(s)
2026-05-25 22:44:03.501 +02:00 [INF] Map "d5c08240-0436-454a-8993-362abf5bc477": window light drew 2/2 beam(s)
2026-05-25 22:44:03.556 +02:00 [INF] Map "d5c08240-0436-454a-8993-362abf5bc477": window light drew 2/2 beam(s)
2026-05-25 22:44:03.612 +02:00 [INF] Map "d5c08240-0436-454a-8993-362abf5bc477": window light drew 2/2 beam(s)
2026-05-25 22:44:03.667 +02:00 [INF] Map "d5c08240-0436-454a-8993-362abf5bc477": window light drew 2/2 beam(s)
2026-05-25 22:44:03.736 +02:00 [INF] Map "d5c08240-0436-454a-8993-362abf5bc477": window light drew 2/2 beam(s)
2026-05-25 22:44:03.791 +02:00 [INF] Map "d5c08240-0436-454a-8993-362abf5bc477": window light drew 2/2 beam(s)
2026-05-25 22:44:03.846 +02:00 [INF] Map "d5c08240-0436-454a-8993-362abf5bc477": window light drew 2/2 beam(s)
2026-05-25 22:44:03.901 +02:00 [INF] Map "d5c08240-0436-454a-8993-362abf5bc477": window light drew 2/2 beam(s)
2026-05-25 22:44:03.959 +02:00 [INF] Map "d5c08240-0436-454a-8993-362abf5bc477": window light drew 2/2 beam(s)
2026-05-25 22:44:04.014 +02:00 [INF] Map "d5c08240-0436-454a-8993-362abf5bc477": window light drew 2/2 beam(s)
2026-05-25 22:44:04.070 +02:00 [INF] Map "d5c08240-0436-454a-8993-362abf5bc477": window light drew 2/2 beam(s)
2026-05-25 22:44:04.126 +02:00 [INF] Map "d5c08240-0436-454a-8993-362abf5bc477": window light drew 2/2 beam(s)
2026-05-25 22:44:04.182 +02:00 [INF] Map "d5c08240-0436-454a-8993-362abf5bc477": window light drew 2/2 beam(s)
2026-05-25 22:44:04.251 +02:00 [INF] Map "d5c08240-0436-454a-8993-362abf5bc477": window light drew 2/2 beam(s)
2026-05-25 22:44:04.308 +02:00 [INF] Map "d5c08240-0436-454a-8993-362abf5bc477": window light drew 2/2 beam(s)
2026-05-25 22:44:04.364 +02:00 [INF] Map "d5c08240-0436-454a-8993-362abf5bc477": window light drew 2/2 beam(s)
2026-05-25 22:44:04.419 +02:00 [INF] Map "d5c08240-0436-454a-8993-362abf5bc477": window light drew 2/2 beam(s)
2026-05-25 22:44:04.474 +02:00 [INF] Map "d5c08240-0436-454a-8993-362abf5bc477": window light drew 2/2 beam(s)
2026-05-25 22:44:04.530 +02:00 [INF] Map "d5c08240-0436-454a-8993-362abf5bc477": window light drew 2/2 beam(s)
2026-05-25 22:44:04.620 +02:00 [INF] Map "d5c08240-0436-454a-8993-362abf5bc477": window light drew 2/2 beam(s)
2026-05-25 22:44:04.655 +02:00 [INF] Map "d5c08240-0436-454a-8993-362abf5bc477": window light drew 2/2 beam(s)
2026-05-25 22:44:04.724 +02:00 [INF] Map "d5c08240-0436-454a-8993-362abf5bc477": window light drew 2/2 beam(s)
2026-05-25 22:44:04.773 +02:00 [INF] Map "d5c08240-0436-454a-8993-362abf5bc477": window light drew 2/2 beam(s)
2026-05-25 22:44:04.810 +02:00 [INF] Map "d5c08240-0436-454a-8993-362abf5bc477": window light drew 2/2 beam(s)
2026-05-25 22:44:04.847 +02:00 [INF] Map "d5c08240-0436-454a-8993-362abf5bc477": window light drew 2/2 beam(s)
2026-05-25 22:44:04.882 +02:00 [INF] Map "d5c08240-0436-454a-8993-362abf5bc477": window light drew 2/2 beam(s)
2026-05-25 22:44:04.916 +02:00 [INF] Map "d5c08240-0436-454a-8993-362abf5bc477": window light drew 2/2 beam(s)
2026-05-25 22:44:04.951 +02:00 [INF] Map "d5c08240-0436-454a-8993-362abf5bc477": window light drew 2/2 beam(s)
2026-05-25 22:44:04.986 +02:00 [INF] Map "d5c08240-0436-454a-8993-362abf5bc477": window light drew 2/2 beam(s)
2026-05-25 22:44:05.020 +02:00 [INF] Map "d5c08240-0436-454a-8993-362abf5bc477": window light drew 2/2 beam(s)
2026-05-25 22:44:05.068 +02:00 [INF] Map "d5c08240-0436-454a-8993-362abf5bc477": window light drew 2/2 beam(s)
2026-05-25 22:44:05.103 +02:00 [INF] Map "d5c08240-0436-454a-8993-362abf5bc477": window light drew 2/2 beam(s)
2026-05-25 22:44:05.138 +02:00 [INF] Map "d5c08240-0436-454a-8993-362abf5bc477": window light drew 2/2 beam(s)
2026-05-25 22:44:05.173 +02:00 [INF] Map "d5c08240-0436-454a-8993-362abf5bc477": window light drew 2/2 beam(s)
2026-05-25 22:44:05.208 +02:00 [INF] Map "d5c08240-0436-454a-8993-362abf5bc477": window light drew 2/2 beam(s)
2026-05-25 22:44:05.243 +02:00 [INF] Map "d5c08240-0436-454a-8993-362abf5bc477": window light drew 2/2 beam(s)
2026-05-25 22:44:05.278 +02:00 [INF] Map "d5c08240-0436-454a-8993-362abf5bc477": window light drew 2/2 beam(s)
2026-05-25 22:44:05.313 +02:00 [INF] Map "d5c08240-0436-454a-8993-362abf5bc477": window light drew 2/2 beam(s)
2026-05-25 22:44:05.349 +02:00 [INF] Map "d5c08240-0436-454a-8993-362abf5bc477": window light drew 2/2 beam(s)
2026-05-25 22:44:05.397 +02:00 [INF] Map "d5c08240-0436-454a-8993-362abf5bc477": window light drew 2/2 beam(s)
2026-05-25 22:44:05.487 +02:00 [INF] System window closing (due to user interaction most likely).
2026-05-25 22:44:05.490 +02:00 [INF] Disconnected [fdc9b258-a624-4ab5-83b4-ea1cdd4aca6e].
2026-05-25 22:44:05.491 +02:00 [INF] Updating active permission set to 'default'
2026-05-25 22:44:05.527 +02:00 [INF] Acquiring context lock... (0ms)
2026-05-25 22:44:05.527 +02:00 [INF] Acquired. (0ms)
2026-05-25 22:44:05.528 +02:00 [INF] Beginning context dispose. (0ms)
2026-05-25 22:44:05.528 +02:00 [INF] GC.SuppressFinalize (0ms)
2026-05-25 22:44:05.528 +02:00 [INF] InternalDispose() completed. (0ms)
2026-05-25 22:44:05.528 +02:00 [INF] Clearing instance... (1ms)
2026-05-25 22:44:05.528 +02:00 [INF] Releasing context lock... (1ms)
2026-05-25 22:44:05.528 +02:00 [INF] Released. (1ms)
