2026-05-25 22:09:33.318 +02:00 [INF] Starting Intersect Client v0.8.0.0-custom+32d39132dace1351f63375b261f241297dd35be8-dirty
2026-05-25 22:09:33.526 +02:00 [INF] Discovered service type: Intersect.Plugins.PluginService
2026-05-25 22:09:33.530 +02:00 [WRN] Directory was specified as a plugin directory but does not exist: 'resources\plugins'
2026-05-25 22:09:33.531 +02:00 [INF] Discovered 0 plugins:

2026-05-25 22:09:35.629 +02:00 [INF] Connecting to 127.0.0.1:5400...
2026-05-25 22:09:35.650 +02:00 [INF] Connected [c6026382-b2aa-4b1a-a608-81cc74a30519].
2026-05-25 22:09:35.672 +02:00 [INF] Connection approved [c6026382-b2aa-4b1a-a608-81cc74a30519].
2026-05-25 22:09:35.768 +02:00 [INF] Updated PermissionSet 'default'
2026-05-25 22:09:40.835 +02:00 [INF] Updated PermissionSet 'admin'
2026-05-25 22:09:40.836 +02:00 [INF] Updating active permission set to 'admin'
2026-05-25 22:09:41.476 +02:00 [WRN] 'Me' is null.
2026-05-25 22:09:41.619 +02:00 [INF] Map "d5c08240-0436-454a-8993-362abf5bc477" 'New Map' loaded with 1 window light zone(s)
2026-05-25 22:09:41.655 +02:00 [WRN] Tried to load entity "f748a57f-2b1b-4791-910e-91ddb85352c2" (Oran) from packet before in-game UI was ready
2026-05-25 22:09:41.658 +02:00 [WRN] Tried to load entity "f748a57f-2b1b-4791-910e-91ddb85352c2" (Oran) from packet before in-game UI was ready
2026-05-25 22:09:42.167 +02:00 [INF] BuildWindowLightBeams() map "d5c08240-0436-454a-8993-362abf5bc477": WindowLightZones=1
2026-05-25 22:09:42.172 +02:00 [INF] BuildWindowLightBeams() map "d5c08240-0436-454a-8993-362abf5bc477": created 1 beam(s) from 1 zone(s)
2026-05-25 22:09:42.172 +02:00 [INF] Built VBO for map d5c08240-0436-454a-8993-362abf5bc477 'New Map' in 17.9068ms
2026-05-25 22:09:42.234 +02:00 [INF] Map "d5c08240-0436-454a-8993-362abf5bc477": window light drew 1/1 beam(s)
2026-05-25 22:09:42.297 +02:00 [INF] Map "d5c08240-0436-454a-8993-362abf5bc477": window light drew 1/1 beam(s)
2026-05-25 22:09:42.328 +02:00 [INF] Map "d5c08240-0436-454a-8993-362abf5bc477": window light drew 1/1 beam(s)
2026-05-25 22:09:42.361 +02:00 [INF] Map "d5c08240-0436-454a-8993-362abf5bc477": window light drew 1/1 beam(s)
2026-05-25 22:09:42.392 +02:00 [INF] Map "d5c08240-0436-454a-8993-362abf5bc477": window light drew 1/1 beam(s)
2026-05-25 22:09:42.424 +02:00 [INF] Map "d5c08240-0436-454a-8993-362abf5bc477": window light drew 1/1 beam(s)
2026-05-25 22:09:42.455 +02:00 [INF] Map "d5c08240-0436-454a-8993-362abf5bc477": window light drew 1/1 beam(s)
2026-05-25 22:09:42.487 +02:00 [INF] Map "d5c08240-0436-454a-8993-362abf5bc477": window light drew 1/1 beam(s)
2026-05-25 22:09:42.518 +02:00 [INF] Map "d5c08240-0436-454a-8993-362abf5bc477": window light drew 1/1 beam(s)
2026-05-25 22:09:42.563 +02:00 [INF] Map "d5c08240-0436-454a-8993-362abf5bc477": window light drew 1/1 beam(s)
2026-05-25 22:09:42.594 +02:00 [INF] Map "d5c08240-0436-454a-8993-362abf5bc477": window light drew 1/1 beam(s)
2026-05-25 22:09:42.625 +02:00 [INF] Map "d5c08240-0436-454a-8993-362abf5bc477": window light drew 1/1 beam(s)
2026-05-25 22:09:42.657 +02:00 [INF] Map "d5c08240-0436-454a-8993-362abf5bc477": window light drew 1/1 beam(s)
2026-05-25 22:09:42.688 +02:00 [INF] Map "d5c08240-0436-454a-8993-362abf5bc477": window light drew 1/1 beam(s)
2026-05-25 22:09:42.718 +02:00 [INF] Map "d5c08240-0436-454a-8993-362abf5bc477": window light drew 1/1 beam(s)
2026-05-25 22:09:42.749 +02:00 [INF] Map "d5c08240-0436-454a-8993-362abf5bc477": window light drew 1/1 beam(s)
2026-05-25 22:09:42.780 +02:00 [INF] Map "d5c08240-0436-454a-8993-362abf5bc477": window light drew 1/1 beam(s)
2026-05-25 22:09:42.812 +02:00 [INF] Map "d5c08240-0436-454a-8993-362abf5bc477": window light drew 1/1 beam(s)
2026-05-25 22:09:42.857 +02:00 [INF] Map "d5c08240-0436-454a-8993-362abf5bc477": window light drew 1/1 beam(s)
2026-05-25 22:09:42.888 +02:00 [INF] Map "d5c08240-0436-454a-8993-362abf5bc477": window light drew 1/1 beam(s)
2026-05-25 22:09:42.919 +02:00 [INF] Map "d5c08240-0436-454a-8993-362abf5bc477": window light drew 1/1 beam(s)
2026-05-25 22:09:42.949 +02:00 [INF] Map "d5c08240-0436-454a-8993-362abf5bc477": window light drew 1/1 beam(s)
2026-05-25 22:09:42.980 +02:00 [INF] Map "d5c08240-0436-454a-8993-362abf5bc477": window light drew 1/1 beam(s)
2026-05-25 22:09:43.011 +02:00 [INF] Map "d5c08240-0436-454a-8993-362abf5bc477": window light drew 1/1 beam(s)
2026-05-25 22:09:43.042 +02:00 [INF] Map "d5c08240-0436-454a-8993-362abf5bc477": window light drew 1/1 beam(s)
2026-05-25 22:09:43.073 +02:00 [INF] Map "d5c08240-0436-454a-8993-362abf5bc477": window light drew 1/1 beam(s)
2026-05-25 22:09:43.103 +02:00 [INF] Map "d5c08240-0436-454a-8993-362abf5bc477": window light drew 1/1 beam(s)
2026-05-25 22:09:43.147 +02:00 [INF] Map "d5c08240-0436-454a-8993-362abf5bc477": window light drew 1/1 beam(s)
2026-05-25 22:09:43.179 +02:00 [INF] Map "d5c08240-0436-454a-8993-362abf5bc477": window light drew 1/1 beam(s)
2026-05-25 22:09:43.211 +02:00 [INF] Map "d5c08240-0436-454a-8993-362abf5bc477": window light drew 1/1 beam(s)
2026-05-25 22:09:43.242 +02:00 [INF] Map "d5c08240-0436-454a-8993-362abf5bc477": window light drew 1/1 beam(s)
2026-05-25 22:09:43.274 +02:00 [INF] Map "d5c08240-0436-454a-8993-362abf5bc477": window light drew 1/1 beam(s)
2026-05-25 22:09:43.321 +02:00 [INF] Map "d5c08240-0436-454a-8993-362abf5bc477": window light drew 1/1 beam(s)
2026-05-25 22:09:43.353 +02:00 [INF] Map "d5c08240-0436-454a-8993-362abf5bc477": window light drew 1/1 beam(s)
2026-05-25 22:09:43.385 +02:00 [INF] Map "d5c08240-0436-454a-8993-362abf5bc477": window light drew 1/1 beam(s)
2026-05-25 22:09:43.416 +02:00 [INF] Map "d5c08240-0436-454a-8993-362abf5bc477": window light drew 1/1 beam(s)
2026-05-25 22:09:43.460 +02:00 [INF] Map "d5c08240-0436-454a-8993-362abf5bc477": window light drew 1/1 beam(s)
2026-05-25 22:09:43.491 +02:00 [INF] Map "d5c08240-0436-454a-8993-362abf5bc477": window light drew 1/1 beam(s)
2026-05-25 22:09:43.521 +02:00 [INF] Map "d5c08240-0436-454a-8993-362abf5bc477": window light drew 1/1 beam(s)
2026-05-25 22:09:43.552 +02:00 [INF] Map "d5c08240-0436-454a-8993-362abf5bc477": window light drew 1/1 beam(s)
2026-05-25 22:09:43.584 +02:00 [INF] Map "d5c08240-0436-454a-8993-362abf5bc477": window light drew 1/1 beam(s)
2026-05-25 22:09:43.616 +02:00 [INF] Map "d5c08240-0436-454a-8993-362abf5bc477": window light drew 1/1 beam(s)
2026-05-25 22:09:43.648 +02:00 [INF] Map "d5c08240-0436-454a-8993-362abf5bc477": window light drew 1/1 beam(s)
2026-05-25 22:09:43.680 +02:00 [INF] Map "d5c08240-0436-454a-8993-362abf5bc477": window light drew 1/1 beam(s)
2026-05-25 22:09:43.713 +02:00 [INF] Map "d5c08240-0436-454a-8993-362abf5bc477": window light drew 1/1 beam(s)
2026-05-25 22:09:43.758 +02:00 [INF] Map "d5c08240-0436-454a-8993-362abf5bc477": window light drew 1/1 beam(s)
2026-05-25 22:09:43.787 +02:00 [INF] Map "d5c08240-0436-454a-8993-362abf5bc477": window light drew 1/1 beam(s)
2026-05-25 22:09:43.817 +02:00 [INF] Map "d5c08240-0436-454a-8993-362abf5bc477": window light drew 1/1 beam(s)
2026-05-25 22:09:43.846 +02:00 [INF] Map "d5c08240-0436-454a-8993-362abf5bc477": window light drew 1/1 beam(s)
2026-05-25 22:09:43.875 +02:00 [INF] Map "d5c08240-0436-454a-8993-362abf5bc477": window light drew 1/1 beam(s)
2026-05-25 22:09:43.904 +02:00 [INF] Map "d5c08240-0436-454a-8993-362abf5bc477": window light drew 1/1 beam(s)
2026-05-25 22:09:43.933 +02:00 [INF] Map "d5c08240-0436-454a-8993-362abf5bc477": window light drew 1/1 beam(s)
2026-05-25 22:09:43.963 +02:00 [INF] Map "d5c08240-0436-454a-8993-362abf5bc477": window light drew 1/1 beam(s)
2026-05-25 22:09:43.992 +02:00 [INF] Map "d5c08240-0436-454a-8993-362abf5bc477": window light drew 1/1 beam(s)
2026-05-25 22:09:44.037 +02:00 [INF] Map "d5c08240-0436-454a-8993-362abf5bc477": window light drew 1/1 beam(s)
2026-05-25 22:09:44.066 +02:00 [INF] Map "d5c08240-0436-454a-8993-362abf5bc477": window light drew 1/1 beam(s)
2026-05-25 22:09:44.095 +02:00 [INF] Map "d5c08240-0436-454a-8993-362abf5bc477": window light drew 1/1 beam(s)
2026-05-25 22:09:44.124 +02:00 [INF] Map "d5c08240-0436-454a-8993-362abf5bc477": window light drew 1/1 beam(s)
2026-05-25 22:09:44.153 +02:00 [INF] Map "d5c08240-0436-454a-8993-362abf5bc477": window light drew 1/1 beam(s)
2026-05-25 22:09:44.182 +02:00 [INF] Map "d5c08240-0436-454a-8993-362abf5bc477": window light drew 1/1 beam(s)
2026-05-25 22:09:44.213 +02:00 [INF] Map "d5c08240-0436-454a-8993-362abf5bc477": window light drew 1/1 beam(s)
2026-05-25 22:09:44.242 +02:00 [INF] Map "d5c08240-0436-454a-8993-362abf5bc477": window light drew 1/1 beam(s)
2026-05-25 22:09:44.272 +02:00 [INF] Map "d5c08240-0436-454a-8993-362abf5bc477": window light drew 1/1 beam(s)
2026-05-25 22:09:44.315 +02:00 [INF] Map "d5c08240-0436-454a-8993-362abf5bc477": window light drew 1/1 beam(s)
2026-05-25 22:09:44.345 +02:00 [INF] Map "d5c08240-0436-454a-8993-362abf5bc477": window light drew 1/1 beam(s)
2026-05-25 22:09:44.374 +02:00 [INF] Map "d5c08240-0436-454a-8993-362abf5bc477": window light drew 1/1 beam(s)
2026-05-25 22:09:44.404 +02:00 [INF] Map "d5c08240-0436-454a-8993-362abf5bc477": window light drew 1/1 beam(s)
2026-05-25 22:09:44.433 +02:00 [INF] Map "d5c08240-0436-454a-8993-362abf5bc477": window light drew 1/1 beam(s)
2026-05-25 22:09:44.462 +02:00 [INF] Map "d5c08240-0436-454a-8993-362abf5bc477": window light drew 1/1 beam(s)
2026-05-25 22:09:44.492 +02:00 [INF] Map "d5c08240-0436-454a-8993-362abf5bc477": window light drew 1/1 beam(s)
2026-05-25 22:09:44.521 +02:00 [INF] Map "d5c08240-0436-454a-8993-362abf5bc477": window light drew 1/1 beam(s)
2026-05-25 22:09:44.551 +02:00 [INF] Map "d5c08240-0436-454a-8993-362abf5bc477": window light drew 1/1 beam(s)
2026-05-25 22:09:44.594 +02:00 [INF] Map "d5c08240-0436-454a-8993-362abf5bc477": window light drew 1/1 beam(s)
2026-05-25 22:09:44.623 +02:00 [INF] Map "d5c08240-0436-454a-8993-362abf5bc477": window light drew 1/1 beam(s)
2026-05-25 22:09:44.653 +02:00 [INF] Map "d5c08240-0436-454a-8993-362abf5bc477": window light drew 1/1 beam(s)
2026-05-25 22:09:44.685 +02:00 [INF] Map "d5c08240-0436-454a-8993-362abf5bc477": window light drew 1/1 beam(s)
2026-05-25 22:09:44.715 +02:00 [INF] Map "d5c08240-0436-454a-8993-362abf5bc477": window light drew 1/1 beam(s)
2026-05-25 22:09:44.745 +02:00 [INF] Map "d5c08240-0436-454a-8993-362abf5bc477": window light drew 1/1 beam(s)
2026-05-25 22:09:44.775 +02:00 [INF] Map "d5c08240-0436-454a-8993-362abf5bc477": window light drew 1/1 beam(s)
2026-05-25 22:09:44.805 +02:00 [INF] Map "d5c08240-0436-454a-8993-362abf5bc477": window light drew 1/1 beam(s)
2026-05-25 22:09:44.834 +02:00 [INF] Map "d5c08240-0436-454a-8993-362abf5bc477": window light drew 1/1 beam(s)
2026-05-25 22:09:44.876 +02:00 [INF] Map "d5c08240-0436-454a-8993-362abf5bc477": window light drew 1/1 beam(s)
2026-05-25 22:09:44.905 +02:00 [INF] Map "d5c08240-0436-454a-8993-362abf5bc477": window light drew 1/1 beam(s)
2026-05-25 22:09:44.933 +02:00 [INF] Map "d5c08240-0436-454a-8993-362abf5bc477": window light drew 1/1 beam(s)
2026-05-25 22:09:44.962 +02:00 [INF] Map "d5c08240-0436-454a-8993-362abf5bc477": window light drew 1/1 beam(s)
2026-05-25 22:09:44.992 +02:00 [INF] Map "d5c08240-0436-454a-8993-362abf5bc477": window light drew 1/1 beam(s)
2026-05-25 22:09:45.022 +02:00 [INF] Map "d5c08240-0436-454a-8993-362abf5bc477": window light drew 1/1 beam(s)
2026-05-25 22:09:45.051 +02:00 [INF] Map "d5c08240-0436-454a-8993-362abf5bc477": window light drew 1/1 beam(s)
2026-05-25 22:09:45.080 +02:00 [INF] Map "d5c08240-0436-454a-8993-362abf5bc477": window light drew 1/1 beam(s)
2026-05-25 22:09:45.109 +02:00 [INF] Map "d5c08240-0436-454a-8993-362abf5bc477": window light drew 1/1 beam(s)
2026-05-25 22:09:45.150 +02:00 [INF] Map "d5c08240-0436-454a-8993-362abf5bc477": window light drew 1/1 beam(s)
2026-05-25 22:09:45.179 +02:00 [INF] Map "d5c08240-0436-454a-8993-362abf5bc477": window light drew 1/1 beam(s)
2026-05-25 22:09:45.208 +02:00 [INF] Map "d5c08240-0436-454a-8993-362abf5bc477": window light drew 1/1 beam(s)
2026-05-25 22:09:45.237 +02:00 [INF] Map "d5c08240-0436-454a-8993-362abf5bc477": window light drew 1/1 beam(s)
2026-05-25 22:09:45.267 +02:00 [INF] Map "d5c08240-0436-454a-8993-362abf5bc477": window light drew 1/1 beam(s)
2026-05-25 22:09:45.299 +02:00 [INF] Map "d5c08240-0436-454a-8993-362abf5bc477": window light drew 1/1 beam(s)
2026-05-25 22:09:45.329 +02:00 [INF] Map "d5c08240-0436-454a-8993-362abf5bc477": window light drew 1/1 beam(s)
2026-05-25 22:09:45.359 +02:00 [INF] Map "d5c08240-0436-454a-8993-362abf5bc477": window light drew 1/1 beam(s)
2026-05-25 22:09:45.390 +02:00 [INF] Map "d5c08240-0436-454a-8993-362abf5bc477": window light drew 1/1 beam(s)
2026-05-25 22:09:45.432 +02:00 [INF] Map "d5c08240-0436-454a-8993-362abf5bc477": window light drew 1/1 beam(s)
2026-05-25 22:09:45.461 +02:00 [INF] Map "d5c08240-0436-454a-8993-362abf5bc477": window light drew 1/1 beam(s)
2026-05-25 22:09:45.490 +02:00 [INF] Map "d5c08240-0436-454a-8993-362abf5bc477": window light drew 1/1 beam(s)
2026-05-25 22:09:45.519 +02:00 [INF] Map "d5c08240-0436-454a-8993-362abf5bc477": window light drew 1/1 beam(s)
2026-05-25 22:09:45.547 +02:00 [INF] Map "d5c08240-0436-454a-8993-362abf5bc477": window light drew 1/1 beam(s)
2026-05-25 22:09:45.576 +02:00 [INF] Map "d5c08240-0436-454a-8993-362abf5bc477": window light drew 1/1 beam(s)
2026-05-25 22:09:45.605 +02:00 [INF] Map "d5c08240-0436-454a-8993-362abf5bc477": window light drew 1/1 beam(s)
2026-05-25 22:09:45.634 +02:00 [INF] Map "d5c08240-0436-454a-8993-362abf5bc477": window light drew 1/1 beam(s)
2026-05-25 22:09:45.664 +02:00 [INF] Map "d5c08240-0436-454a-8993-362abf5bc477": window light drew 1/1 beam(s)
2026-05-25 22:09:45.706 +02:00 [INF] Map "d5c08240-0436-454a-8993-362abf5bc477": window light drew 1/1 beam(s)
2026-05-25 22:09:45.734 +02:00 [INF] Map "d5c08240-0436-454a-8993-362abf5bc477": window light drew 1/1 beam(s)
2026-05-25 22:09:45.763 +02:00 [INF] Map "d5c08240-0436-454a-8993-362abf5bc477": window light drew 1/1 beam(s)
2026-05-25 22:09:45.792 +02:00 [INF] Map "d5c08240-0436-454a-8993-362abf5bc477": window light drew 1/1 beam(s)
2026-05-25 22:09:45.821 +02:00 [INF] Map "d5c08240-0436-454a-8993-362abf5bc477": window light drew 1/1 beam(s)
2026-05-25 22:09:45.850 +02:00 [INF] Map "d5c08240-0436-454a-8993-362abf5bc477": window light drew 1/1 beam(s)
2026-05-25 22:09:45.879 +02:00 [INF] Map "d5c08240-0436-454a-8993-362abf5bc477": window light drew 1/1 beam(s)
2026-05-25 22:09:45.908 +02:00 [INF] Map "d5c08240-0436-454a-8993-362abf5bc477": window light drew 1/1 beam(s)
2026-05-25 22:09:45.937 +02:00 [INF] Map "d5c08240-0436-454a-8993-362abf5bc477": window light drew 1/1 beam(s)
2026-05-25 22:09:45.980 +02:00 [INF] Map "d5c08240-0436-454a-8993-362abf5bc477": window light drew 1/1 beam(s)
2026-05-25 22:09:46.009 +02:00 [INF] Map "d5c08240-0436-454a-8993-362abf5bc477": window light drew 1/1 beam(s)
2026-05-25 22:09:46.038 +02:00 [INF] Map "d5c08240-0436-454a-8993-362abf5bc477": window light drew 1/1 beam(s)
2026-05-25 22:09:46.067 +02:00 [INF] Map "d5c08240-0436-454a-8993-362abf5bc477": window light drew 1/1 beam(s)
2026-05-25 22:09:46.096 +02:00 [INF] Map "d5c08240-0436-454a-8993-362abf5bc477": window light drew 1/1 beam(s)
2026-05-25 22:09:46.125 +02:00 [INF] Map "d5c08240-0436-454a-8993-362abf5bc477": window light drew 1/1 beam(s)
2026-05-25 22:09:46.154 +02:00 [INF] Map "d5c08240-0436-454a-8993-362abf5bc477": window light drew 1/1 beam(s)
2026-05-25 22:09:46.183 +02:00 [INF] Map "d5c08240-0436-454a-8993-362abf5bc477": window light drew 1/1 beam(s)
2026-05-25 22:09:46.212 +02:00 [INF] Map "d5c08240-0436-454a-8993-362abf5bc477": window light drew 1/1 beam(s)
2026-05-25 22:09:46.254 +02:00 [INF] Map "d5c08240-0436-454a-8993-362abf5bc477": window light drew 1/1 beam(s)
2026-05-25 22:09:46.284 +02:00 [INF] Map "d5c08240-0436-454a-8993-362abf5bc477": window light drew 1/1 beam(s)
2026-05-25 22:09:46.314 +02:00 [INF] Map "d5c08240-0436-454a-8993-362abf5bc477": window light drew 1/1 beam(s)
2026-05-25 22:09:46.343 +02:00 [INF] Map "d5c08240-0436-454a-8993-362abf5bc477": window light drew 1/1 beam(s)
2026-05-25 22:09:46.372 +02:00 [INF] Map "d5c08240-0436-454a-8993-362abf5bc477": window light drew 1/1 beam(s)
2026-05-25 22:09:46.401 +02:00 [INF] Map "d5c08240-0436-454a-8993-362abf5bc477": window light drew 1/1 beam(s)
2026-05-25 22:09:46.430 +02:00 [INF] Map "d5c08240-0436-454a-8993-362abf5bc477": window light drew 1/1 beam(s)
2026-05-25 22:09:46.459 +02:00 [INF] Map "d5c08240-0436-454a-8993-362abf5bc477": window light drew 1/1 beam(s)
2026-05-25 22:09:46.488 +02:00 [INF] Map "d5c08240-0436-454a-8993-362abf5bc477": window light drew 1/1 beam(s)
2026-05-25 22:09:46.530 +02:00 [INF] Map "d5c08240-0436-454a-8993-362abf5bc477": window light drew 1/1 beam(s)
2026-05-25 22:09:46.560 +02:00 [INF] Map "d5c08240-0436-454a-8993-362abf5bc477": window light drew 1/1 beam(s)
2026-05-25 22:09:46.589 +02:00 [INF] Map "d5c08240-0436-454a-8993-362abf5bc477": window light drew 1/1 beam(s)
2026-05-25 22:09:46.618 +02:00 [INF] Map "d5c08240-0436-454a-8993-362abf5bc477": window light drew 1/1 beam(s)
2026-05-25 22:09:46.647 +02:00 [INF] Map "d5c08240-0436-454a-8993-362abf5bc477": window light drew 1/1 beam(s)
2026-05-25 22:09:46.676 +02:00 [INF] Map "d5c08240-0436-454a-8993-362abf5bc477": window light drew 1/1 beam(s)
2026-05-25 22:09:46.706 +02:00 [INF] Map "d5c08240-0436-454a-8993-362abf5bc477": window light drew 1/1 beam(s)
2026-05-25 22:09:46.734 +02:00 [INF] Map "d5c08240-0436-454a-8993-362abf5bc477": window light drew 1/1 beam(s)
2026-05-25 22:09:46.763 +02:00 [INF] Map "d5c08240-0436-454a-8993-362abf5bc477": window light drew 1/1 beam(s)
2026-05-25 22:09:46.805 +02:00 [INF] Map "d5c08240-0436-454a-8993-362abf5bc477": window light drew 1/1 beam(s)
2026-05-25 22:09:46.834 +02:00 [INF] Map "d5c08240-0436-454a-8993-362abf5bc477": window light drew 1/1 beam(s)
2026-05-25 22:09:46.864 +02:00 [INF] Map "d5c08240-0436-454a-8993-362abf5bc477": window light drew 1/1 beam(s)
2026-05-25 22:09:46.893 +02:00 [INF] Map "d5c08240-0436-454a-8993-362abf5bc477": window light drew 1/1 beam(s)
2026-05-25 22:09:46.922 +02:00 [INF] Map "d5c08240-0436-454a-8993-362abf5bc477": window light drew 1/1 beam(s)
2026-05-25 22:09:46.951 +02:00 [INF] Map "d5c08240-0436-454a-8993-362abf5bc477": window light drew 1/1 beam(s)
2026-05-25 22:09:46.980 +02:00 [INF] Map "d5c08240-0436-454a-8993-362abf5bc477": window light drew 1/1 beam(s)
2026-05-25 22:09:47.009 +02:00 [INF] Map "d5c08240-0436-454a-8993-362abf5bc477": window light drew 1/1 beam(s)
2026-05-25 22:09:47.038 +02:00 [INF] Map "d5c08240-0436-454a-8993-362abf5bc477": window light drew 1/1 beam(s)
2026-05-25 22:09:47.080 +02:00 [INF] Map "d5c08240-0436-454a-8993-362abf5bc477": window light drew 1/1 beam(s)
2026-05-25 22:09:47.110 +02:00 [INF] Map "d5c08240-0436-454a-8993-362abf5bc477": window light drew 1/1 beam(s)
2026-05-25 22:09:47.139 +02:00 [INF] Map "d5c08240-0436-454a-8993-362abf5bc477": window light drew 1/1 beam(s)
2026-05-25 22:09:47.168 +02:00 [INF] Map "d5c08240-0436-454a-8993-362abf5bc477": window light drew 1/1 beam(s)
2026-05-25 22:09:47.199 +02:00 [INF] Map "d5c08240-0436-454a-8993-362abf5bc477": window light drew 1/1 beam(s)
2026-05-25 22:09:47.228 +02:00 [INF] Map "d5c08240-0436-454a-8993-362abf5bc477": window light drew 1/1 beam(s)
2026-05-25 22:09:47.257 +02:00 [INF] Map "d5c08240-0436-454a-8993-362abf5bc477": window light drew 1/1 beam(s)
2026-05-25 22:09:47.286 +02:00 [INF] Map "d5c08240-0436-454a-8993-362abf5bc477": window light drew 1/1 beam(s)
2026-05-25 22:09:47.315 +02:00 [INF] Map "d5c08240-0436-454a-8993-362abf5bc477": window light drew 1/1 beam(s)
2026-05-25 22:09:47.357 +02:00 [INF] Map "d5c08240-0436-454a-8993-362abf5bc477": window light drew 1/1 beam(s)
2026-05-25 22:09:47.386 +02:00 [INF] Map "d5c08240-0436-454a-8993-362abf5bc477": window light drew 1/1 beam(s)
2026-05-25 22:09:47.415 +02:00 [INF] Map "d5c08240-0436-454a-8993-362abf5bc477": window light drew 1/1 beam(s)
2026-05-25 22:09:47.467 +02:00 [INF] Map "d5c08240-0436-454a-8993-362abf5bc477": window light drew 1/1 beam(s)
2026-05-25 22:09:47.517 +02:00 [INF] Map "d5c08240-0436-454a-8993-362abf5bc477": window light drew 1/1 beam(s)
2026-05-25 22:09:47.567 +02:00 [INF] Map "d5c08240-0436-454a-8993-362abf5bc477": window light drew 1/1 beam(s)
2026-05-25 22:09:47.618 +02:00 [INF] Map "d5c08240-0436-454a-8993-362abf5bc477": window light drew 1/1 beam(s)
2026-05-25 22:09:47.668 +02:00 [INF] Map "d5c08240-0436-454a-8993-362abf5bc477": window light drew 1/1 beam(s)
2026-05-25 22:09:47.718 +02:00 [INF] Map "d5c08240-0436-454a-8993-362abf5bc477": window light drew 1/1 beam(s)
2026-05-25 22:09:47.780 +02:00 [INF] Map "d5c08240-0436-454a-8993-362abf5bc477": window light drew 1/1 beam(s)
2026-05-25 22:09:47.829 +02:00 [INF] Map "d5c08240-0436-454a-8993-362abf5bc477": window light drew 1/1 beam(s)
2026-05-25 22:09:47.880 +02:00 [INF] Map "d5c08240-0436-454a-8993-362abf5bc477": window light drew 1/1 beam(s)
2026-05-25 22:09:47.930 +02:00 [INF] Map "d5c08240-0436-454a-8993-362abf5bc477": window light drew 1/1 beam(s)
2026-05-25 22:09:47.979 +02:00 [INF] Map "d5c08240-0436-454a-8993-362abf5bc477": window light drew 1/1 beam(s)
2026-05-25 22:09:48.029 +02:00 [INF] Map "d5c08240-0436-454a-8993-362abf5bc477": window light drew 1/1 beam(s)
2026-05-25 22:09:48.079 +02:00 [INF] Map "d5c08240-0436-454a-8993-362abf5bc477": window light drew 1/1 beam(s)
2026-05-25 22:09:48.130 +02:00 [INF] Map "d5c08240-0436-454a-8993-362abf5bc477": window light drew 1/1 beam(s)
2026-05-25 22:09:48.180 +02:00 [INF] Map "d5c08240-0436-454a-8993-362abf5bc477": window light drew 1/1 beam(s)
2026-05-25 22:09:48.243 +02:00 [INF] Map "d5c08240-0436-454a-8993-362abf5bc477": window light drew 1/1 beam(s)
2026-05-25 22:09:48.293 +02:00 [INF] Map "d5c08240-0436-454a-8993-362abf5bc477": window light drew 1/1 beam(s)
2026-05-25 22:09:48.343 +02:00 [INF] Map "d5c08240-0436-454a-8993-362abf5bc477": window light drew 1/1 beam(s)
2026-05-25 22:09:48.393 +02:00 [INF] Map "d5c08240-0436-454a-8993-362abf5bc477": window light drew 1/1 beam(s)
2026-05-25 22:09:48.442 +02:00 [INF] Map "d5c08240-0436-454a-8993-362abf5bc477": window light drew 1/1 beam(s)
2026-05-25 22:09:48.492 +02:00 [INF] Map "d5c08240-0436-454a-8993-362abf5bc477": window light drew 1/1 beam(s)
2026-05-25 22:09:48.541 +02:00 [INF] Map "d5c08240-0436-454a-8993-362abf5bc477": window light drew 1/1 beam(s)
2026-05-25 22:09:48.591 +02:00 [INF] Map "d5c08240-0436-454a-8993-362abf5bc477": window light drew 1/1 beam(s)
2026-05-25 22:09:48.641 +02:00 [INF] Map "d5c08240-0436-454a-8993-362abf5bc477": window light drew 1/1 beam(s)
2026-05-25 22:09:48.703 +02:00 [INF] Map "d5c08240-0436-454a-8993-362abf5bc477": window light drew 1/1 beam(s)
2026-05-25 22:09:48.753 +02:00 [INF] Map "d5c08240-0436-454a-8993-362abf5bc477": window light drew 1/1 beam(s)
2026-05-25 22:09:48.803 +02:00 [INF] Map "d5c08240-0436-454a-8993-362abf5bc477": window light drew 1/1 beam(s)
2026-05-25 22:09:48.854 +02:00 [INF] Map "d5c08240-0436-454a-8993-362abf5bc477": window light drew 1/1 beam(s)
2026-05-25 22:09:48.905 +02:00 [INF] Map "d5c08240-0436-454a-8993-362abf5bc477": window light drew 1/1 beam(s)
2026-05-25 22:09:48.956 +02:00 [INF] Map "d5c08240-0436-454a-8993-362abf5bc477": window light drew 1/1 beam(s)
2026-05-25 22:09:49.007 +02:00 [INF] Map "d5c08240-0436-454a-8993-362abf5bc477": window light drew 1/1 beam(s)
2026-05-25 22:09:49.057 +02:00 [INF] Map "d5c08240-0436-454a-8993-362abf5bc477": window light drew 1/1 beam(s)
2026-05-25 22:09:49.106 +02:00 [INF] Map "d5c08240-0436-454a-8993-362abf5bc477": window light drew 1/1 beam(s)
2026-05-25 22:09:49.171 +02:00 [INF] Map "d5c08240-0436-454a-8993-362abf5bc477": window light drew 1/1 beam(s)
2026-05-25 22:09:49.221 +02:00 [INF] Map "d5c08240-0436-454a-8993-362abf5bc477": window light drew 1/1 beam(s)
2026-05-25 22:09:49.274 +02:00 [INF] Map "d5c08240-0436-454a-8993-362abf5bc477": window light drew 1/1 beam(s)
2026-05-25 22:09:49.325 +02:00 [INF] Map "d5c08240-0436-454a-8993-362abf5bc477": window light drew 1/1 beam(s)
2026-05-25 22:09:49.374 +02:00 [INF] Map "d5c08240-0436-454a-8993-362abf5bc477": window light drew 1/1 beam(s)
2026-05-25 22:09:49.424 +02:00 [INF] Map "d5c08240-0436-454a-8993-362abf5bc477": window light drew 1/1 beam(s)
2026-05-25 22:09:49.474 +02:00 [INF] Map "d5c08240-0436-454a-8993-362abf5bc477": window light drew 1/1 beam(s)
2026-05-25 22:09:49.525 +02:00 [INF] Map "d5c08240-0436-454a-8993-362abf5bc477": window light drew 1/1 beam(s)
2026-05-25 22:09:49.574 +02:00 [INF] Map "d5c08240-0436-454a-8993-362abf5bc477": window light drew 1/1 beam(s)
2026-05-25 22:09:49.638 +02:00 [INF] Map "d5c08240-0436-454a-8993-362abf5bc477": window light drew 1/1 beam(s)
2026-05-25 22:09:49.688 +02:00 [INF] Map "d5c08240-0436-454a-8993-362abf5bc477": window light drew 1/1 beam(s)
2026-05-25 22:09:49.739 +02:00 [INF] Map "d5c08240-0436-454a-8993-362abf5bc477": window light drew 1/1 beam(s)
2026-05-25 22:09:49.789 +02:00 [INF] Map "d5c08240-0436-454a-8993-362abf5bc477": window light drew 1/1 beam(s)
2026-05-25 22:09:49.839 +02:00 [INF] Map "d5c08240-0436-454a-8993-362abf5bc477": window light drew 1/1 beam(s)
2026-05-25 22:09:49.890 +02:00 [INF] Map "d5c08240-0436-454a-8993-362abf5bc477": window light drew 1/1 beam(s)
2026-05-25 22:09:49.941 +02:00 [INF] Map "d5c08240-0436-454a-8993-362abf5bc477": window light drew 1/1 beam(s)
2026-05-25 22:09:49.991 +02:00 [INF] Map "d5c08240-0436-454a-8993-362abf5bc477": window light drew 1/1 beam(s)
2026-05-25 22:09:50.041 +02:00 [INF] Map "d5c08240-0436-454a-8993-362abf5bc477": window light drew 1/1 beam(s)
2026-05-25 22:09:50.104 +02:00 [INF] Map "d5c08240-0436-454a-8993-362abf5bc477": window light drew 1/1 beam(s)
2026-05-25 22:09:50.154 +02:00 [INF] Map "d5c08240-0436-454a-8993-362abf5bc477": window light drew 1/1 beam(s)
2026-05-25 22:09:50.204 +02:00 [INF] Map "d5c08240-0436-454a-8993-362abf5bc477": window light drew 1/1 beam(s)
2026-05-25 22:09:50.255 +02:00 [INF] Map "d5c08240-0436-454a-8993-362abf5bc477": window light drew 1/1 beam(s)
2026-05-25 22:09:50.307 +02:00 [INF] Map "d5c08240-0436-454a-8993-362abf5bc477": window light drew 1/1 beam(s)
2026-05-25 22:09:50.359 +02:00 [INF] Map "d5c08240-0436-454a-8993-362abf5bc477": window light drew 1/1 beam(s)
2026-05-25 22:09:50.409 +02:00 [INF] Map "d5c08240-0436-454a-8993-362abf5bc477": window light drew 1/1 beam(s)
2026-05-25 22:09:50.460 +02:00 [INF] Map "d5c08240-0436-454a-8993-362abf5bc477": window light drew 1/1 beam(s)
2026-05-25 22:09:50.510 +02:00 [INF] Map "d5c08240-0436-454a-8993-362abf5bc477": window light drew 1/1 beam(s)
2026-05-25 22:09:50.573 +02:00 [INF] Map "d5c08240-0436-454a-8993-362abf5bc477": window light drew 1/1 beam(s)
2026-05-25 22:09:50.623 +02:00 [INF] Map "d5c08240-0436-454a-8993-362abf5bc477": window light drew 1/1 beam(s)
2026-05-25 22:09:50.674 +02:00 [INF] Map "d5c08240-0436-454a-8993-362abf5bc477": window light drew 1/1 beam(s)
2026-05-25 22:09:50.725 +02:00 [INF] Map "d5c08240-0436-454a-8993-362abf5bc477": window light drew 1/1 beam(s)
2026-05-25 22:09:50.774 +02:00 [INF] Map "d5c08240-0436-454a-8993-362abf5bc477": window light drew 1/1 beam(s)
2026-05-25 22:09:50.824 +02:00 [INF] Map "d5c08240-0436-454a-8993-362abf5bc477": window light drew 1/1 beam(s)
2026-05-25 22:09:50.875 +02:00 [INF] Map "d5c08240-0436-454a-8993-362abf5bc477": window light drew 1/1 beam(s)
2026-05-25 22:09:50.924 +02:00 [INF] Map "d5c08240-0436-454a-8993-362abf5bc477": window light drew 1/1 beam(s)
2026-05-25 22:09:50.974 +02:00 [INF] Map "d5c08240-0436-454a-8993-362abf5bc477": window light drew 1/1 beam(s)
2026-05-25 22:09:51.037 +02:00 [INF] Map "d5c08240-0436-454a-8993-362abf5bc477": window light drew 1/1 beam(s)
2026-05-25 22:09:51.088 +02:00 [INF] Map "d5c08240-0436-454a-8993-362abf5bc477": window light drew 1/1 beam(s)
2026-05-25 22:09:51.137 +02:00 [INF] Map "d5c08240-0436-454a-8993-362abf5bc477": window light drew 1/1 beam(s)
2026-05-25 22:09:51.187 +02:00 [INF] Map "d5c08240-0436-454a-8993-362abf5bc477": window light drew 1/1 beam(s)
2026-05-25 22:09:51.237 +02:00 [INF] Map "d5c08240-0436-454a-8993-362abf5bc477": window light drew 1/1 beam(s)
2026-05-25 22:09:51.287 +02:00 [INF] Map "d5c08240-0436-454a-8993-362abf5bc477": window light drew 1/1 beam(s)
2026-05-25 22:09:51.338 +02:00 [INF] Map "d5c08240-0436-454a-8993-362abf5bc477": window light drew 1/1 beam(s)
2026-05-25 22:09:51.389 +02:00 [INF] Map "d5c08240-0436-454a-8993-362abf5bc477": window light drew 1/1 beam(s)
2026-05-25 22:09:51.440 +02:00 [INF] Map "d5c08240-0436-454a-8993-362abf5bc477": window light drew 1/1 beam(s)
2026-05-25 22:09:51.506 +02:00 [INF] Map "d5c08240-0436-454a-8993-362abf5bc477": window light drew 1/1 beam(s)
2026-05-25 22:09:51.556 +02:00 [INF] Map "d5c08240-0436-454a-8993-362abf5bc477": window light drew 1/1 beam(s)
2026-05-25 22:09:51.607 +02:00 [INF] Map "d5c08240-0436-454a-8993-362abf5bc477": window light drew 1/1 beam(s)
2026-05-25 22:09:51.658 +02:00 [INF] Map "d5c08240-0436-454a-8993-362abf5bc477": window light drew 1/1 beam(s)
2026-05-25 22:09:51.709 +02:00 [INF] Map "d5c08240-0436-454a-8993-362abf5bc477": window light drew 1/1 beam(s)
2026-05-25 22:09:51.763 +02:00 [INF] Map "d5c08240-0436-454a-8993-362abf5bc477": window light drew 1/1 beam(s)
2026-05-25 22:09:51.815 +02:00 [INF] Map "d5c08240-0436-454a-8993-362abf5bc477": window light drew 1/1 beam(s)
2026-05-25 22:09:51.866 +02:00 [INF] Map "d5c08240-0436-454a-8993-362abf5bc477": window light drew 1/1 beam(s)
2026-05-25 22:09:51.917 +02:00 [INF] Map "d5c08240-0436-454a-8993-362abf5bc477": window light drew 1/1 beam(s)
2026-05-25 22:09:51.981 +02:00 [INF] Map "d5c08240-0436-454a-8993-362abf5bc477": window light drew 1/1 beam(s)
2026-05-25 22:09:52.033 +02:00 [INF] Map "d5c08240-0436-454a-8993-362abf5bc477": window light drew 1/1 beam(s)
2026-05-25 22:09:52.083 +02:00 [INF] Map "d5c08240-0436-454a-8993-362abf5bc477": window light drew 1/1 beam(s)
2026-05-25 22:09:52.133 +02:00 [INF] Map "d5c08240-0436-454a-8993-362abf5bc477": window light drew 1/1 beam(s)
2026-05-25 22:09:52.183 +02:00 [INF] Map "d5c08240-0436-454a-8993-362abf5bc477": window light drew 1/1 beam(s)
2026-05-25 22:09:52.233 +02:00 [INF] Map "d5c08240-0436-454a-8993-362abf5bc477": window light drew 1/1 beam(s)
2026-05-25 22:09:52.283 +02:00 [INF] Map "d5c08240-0436-454a-8993-362abf5bc477": window light drew 1/1 beam(s)
2026-05-25 22:09:52.334 +02:00 [INF] Map "d5c08240-0436-454a-8993-362abf5bc477": window light drew 1/1 beam(s)
2026-05-25 22:09:52.385 +02:00 [INF] Map "d5c08240-0436-454a-8993-362abf5bc477": window light drew 1/1 beam(s)
2026-05-25 22:09:52.449 +02:00 [INF] Map "d5c08240-0436-454a-8993-362abf5bc477": window light drew 1/1 beam(s)
2026-05-25 22:09:52.500 +02:00 [INF] Map "d5c08240-0436-454a-8993-362abf5bc477": window light drew 1/1 beam(s)
2026-05-25 22:09:52.551 +02:00 [INF] Map "d5c08240-0436-454a-8993-362abf5bc477": window light drew 1/1 beam(s)
2026-05-25 22:09:52.602 +02:00 [INF] Map "d5c08240-0436-454a-8993-362abf5bc477": window light drew 1/1 beam(s)
2026-05-25 22:09:52.652 +02:00 [INF] Map "d5c08240-0436-454a-8993-362abf5bc477": window light drew 1/1 beam(s)
2026-05-25 22:09:52.702 +02:00 [INF] Map "d5c08240-0436-454a-8993-362abf5bc477": window light drew 1/1 beam(s)
2026-05-25 22:09:52.753 +02:00 [INF] Map "d5c08240-0436-454a-8993-362abf5bc477": window light drew 1/1 beam(s)
2026-05-25 22:09:52.803 +02:00 [INF] Map "d5c08240-0436-454a-8993-362abf5bc477": window light drew 1/1 beam(s)
2026-05-25 22:09:52.854 +02:00 [INF] Map "d5c08240-0436-454a-8993-362abf5bc477": window light drew 1/1 beam(s)
2026-05-25 22:09:52.918 +02:00 [INF] Map "d5c08240-0436-454a-8993-362abf5bc477": window light drew 1/1 beam(s)
2026-05-25 22:09:52.968 +02:00 [INF] Map "d5c08240-0436-454a-8993-362abf5bc477": window light drew 1/1 beam(s)
2026-05-25 22:09:53.018 +02:00 [INF] Map "d5c08240-0436-454a-8993-362abf5bc477": window light drew 1/1 beam(s)
2026-05-25 22:09:53.069 +02:00 [INF] Map "d5c08240-0436-454a-8993-362abf5bc477": window light drew 1/1 beam(s)
2026-05-25 22:09:53.119 +02:00 [INF] Map "d5c08240-0436-454a-8993-362abf5bc477": window light drew 1/1 beam(s)
2026-05-25 22:09:53.169 +02:00 [INF] Map "d5c08240-0436-454a-8993-362abf5bc477": window light drew 1/1 beam(s)
2026-05-25 22:09:53.220 +02:00 [INF] Map "d5c08240-0436-454a-8993-362abf5bc477": window light drew 1/1 beam(s)
2026-05-25 22:09:53.270 +02:00 [INF] Map "d5c08240-0436-454a-8993-362abf5bc477": window light drew 1/1 beam(s)
2026-05-25 22:09:53.320 +02:00 [INF] Map "d5c08240-0436-454a-8993-362abf5bc477": window light drew 1/1 beam(s)
2026-05-25 22:09:53.383 +02:00 [INF] Map "d5c08240-0436-454a-8993-362abf5bc477": window light drew 1/1 beam(s)
2026-05-25 22:09:53.433 +02:00 [INF] Map "d5c08240-0436-454a-8993-362abf5bc477": window light drew 1/1 beam(s)
2026-05-25 22:09:53.484 +02:00 [INF] Map "d5c08240-0436-454a-8993-362abf5bc477": window light drew 1/1 beam(s)
2026-05-25 22:09:53.533 +02:00 [INF] Map "d5c08240-0436-454a-8993-362abf5bc477": window light drew 1/1 beam(s)
2026-05-25 22:09:53.584 +02:00 [INF] Map "d5c08240-0436-454a-8993-362abf5bc477": window light drew 1/1 beam(s)
2026-05-25 22:09:53.634 +02:00 [INF] Map "d5c08240-0436-454a-8993-362abf5bc477": window light drew 1/1 beam(s)
2026-05-25 22:09:53.684 +02:00 [INF] Map "d5c08240-0436-454a-8993-362abf5bc477": window light drew 1/1 beam(s)
2026-05-25 22:09:53.733 +02:00 [INF] Map "d5c08240-0436-454a-8993-362abf5bc477": window light drew 1/1 beam(s)
2026-05-25 22:09:53.783 +02:00 [INF] Map "d5c08240-0436-454a-8993-362abf5bc477": window light drew 1/1 beam(s)
2026-05-25 22:09:53.845 +02:00 [INF] Map "d5c08240-0436-454a-8993-362abf5bc477": window light drew 1/1 beam(s)
2026-05-25 22:09:53.896 +02:00 [INF] Map "d5c08240-0436-454a-8993-362abf5bc477": window light drew 1/1 beam(s)
2026-05-25 22:09:53.946 +02:00 [INF] Map "d5c08240-0436-454a-8993-362abf5bc477": window light drew 1/1 beam(s)
2026-05-25 22:09:53.997 +02:00 [INF] Map "d5c08240-0436-454a-8993-362abf5bc477": window light drew 1/1 beam(s)
2026-05-25 22:09:54.047 +02:00 [INF] Map "d5c08240-0436-454a-8993-362abf5bc477": window light drew 1/1 beam(s)
2026-05-25 22:09:54.096 +02:00 [INF] Map "d5c08240-0436-454a-8993-362abf5bc477": window light drew 1/1 beam(s)
2026-05-25 22:09:54.146 +02:00 [INF] Map "d5c08240-0436-454a-8993-362abf5bc477": window light drew 1/1 beam(s)
2026-05-25 22:09:54.196 +02:00 [INF] Map "d5c08240-0436-454a-8993-362abf5bc477": window light drew 1/1 beam(s)
2026-05-25 22:09:54.247 +02:00 [INF] Map "d5c08240-0436-454a-8993-362abf5bc477": window light drew 1/1 beam(s)
2026-05-25 22:09:54.309 +02:00 [INF] Map "d5c08240-0436-454a-8993-362abf5bc477": window light drew 1/1 beam(s)
2026-05-25 22:09:54.359 +02:00 [INF] Map "d5c08240-0436-454a-8993-362abf5bc477": window light drew 1/1 beam(s)
2026-05-25 22:09:54.409 +02:00 [INF] Map "d5c08240-0436-454a-8993-362abf5bc477": window light drew 1/1 beam(s)
2026-05-25 22:09:54.460 +02:00 [INF] Map "d5c08240-0436-454a-8993-362abf5bc477": window light drew 1/1 beam(s)
2026-05-25 22:09:54.512 +02:00 [INF] Map "d5c08240-0436-454a-8993-362abf5bc477": window light drew 1/1 beam(s)
2026-05-25 22:09:54.563 +02:00 [INF] Map "d5c08240-0436-454a-8993-362abf5bc477": window light drew 1/1 beam(s)
2026-05-25 22:09:54.613 +02:00 [INF] Map "d5c08240-0436-454a-8993-362abf5bc477": window light drew 1/1 beam(s)
2026-05-25 22:09:54.663 +02:00 [INF] Map "d5c08240-0436-454a-8993-362abf5bc477": window light drew 1/1 beam(s)
2026-05-25 22:09:54.714 +02:00 [INF] Map "d5c08240-0436-454a-8993-362abf5bc477": window light drew 1/1 beam(s)
2026-05-25 22:09:54.778 +02:00 [INF] Map "d5c08240-0436-454a-8993-362abf5bc477": window light drew 1/1 beam(s)
2026-05-25 22:09:54.833 +02:00 [INF] Map "d5c08240-0436-454a-8993-362abf5bc477": window light drew 1/1 beam(s)
2026-05-25 22:09:54.886 +02:00 [INF] Map "d5c08240-0436-454a-8993-362abf5bc477": window light drew 1/1 beam(s)
2026-05-25 22:09:54.937 +02:00 [INF] Map "d5c08240-0436-454a-8993-362abf5bc477": window light drew 1/1 beam(s)
2026-05-25 22:09:54.986 +02:00 [INF] Map "d5c08240-0436-454a-8993-362abf5bc477": window light drew 1/1 beam(s)
2026-05-25 22:09:55.038 +02:00 [INF] Map "d5c08240-0436-454a-8993-362abf5bc477": window light drew 1/1 beam(s)
2026-05-25 22:09:55.089 +02:00 [INF] Map "d5c08240-0436-454a-8993-362abf5bc477": window light drew 1/1 beam(s)
2026-05-25 22:09:55.139 +02:00 [INF] Map "d5c08240-0436-454a-8993-362abf5bc477": window light drew 1/1 beam(s)
2026-05-25 22:09:55.189 +02:00 [INF] Map "d5c08240-0436-454a-8993-362abf5bc477": window light drew 1/1 beam(s)
2026-05-25 22:09:55.252 +02:00 [INF] Map "d5c08240-0436-454a-8993-362abf5bc477": window light drew 1/1 beam(s)
2026-05-25 22:09:55.303 +02:00 [INF] Map "d5c08240-0436-454a-8993-362abf5bc477": window light drew 1/1 beam(s)
2026-05-25 22:09:55.353 +02:00 [INF] Map "d5c08240-0436-454a-8993-362abf5bc477": window light drew 1/1 beam(s)
2026-05-25 22:09:55.403 +02:00 [INF] Map "d5c08240-0436-454a-8993-362abf5bc477": window light drew 1/1 beam(s)
2026-05-25 22:09:55.454 +02:00 [INF] Map "d5c08240-0436-454a-8993-362abf5bc477": window light drew 1/1 beam(s)
2026-05-25 22:09:55.504 +02:00 [INF] Map "d5c08240-0436-454a-8993-362abf5bc477": window light drew 1/1 beam(s)
2026-05-25 22:09:55.554 +02:00 [INF] Map "d5c08240-0436-454a-8993-362abf5bc477": window light drew 1/1 beam(s)
2026-05-25 22:09:55.604 +02:00 [INF] Map "d5c08240-0436-454a-8993-362abf5bc477": window light drew 1/1 beam(s)
2026-05-25 22:09:55.655 +02:00 [INF] Map "d5c08240-0436-454a-8993-362abf5bc477": window light drew 1/1 beam(s)
2026-05-25 22:09:55.718 +02:00 [INF] Map "d5c08240-0436-454a-8993-362abf5bc477": window light drew 1/1 beam(s)
2026-05-25 22:09:55.768 +02:00 [INF] Map "d5c08240-0436-454a-8993-362abf5bc477": window light drew 1/1 beam(s)
2026-05-25 22:09:55.819 +02:00 [INF] Map "d5c08240-0436-454a-8993-362abf5bc477": window light drew 1/1 beam(s)
2026-05-25 22:09:55.869 +02:00 [INF] Map "d5c08240-0436-454a-8993-362abf5bc477": window light drew 1/1 beam(s)
2026-05-25 22:09:55.920 +02:00 [INF] Map "d5c08240-0436-454a-8993-362abf5bc477": window light drew 1/1 beam(s)
2026-05-25 22:09:55.970 +02:00 [INF] Map "d5c08240-0436-454a-8993-362abf5bc477": window light drew 1/1 beam(s)
2026-05-25 22:09:56.020 +02:00 [INF] Map "d5c08240-0436-454a-8993-362abf5bc477": window light drew 1/1 beam(s)
2026-05-25 22:09:56.070 +02:00 [INF] Map "d5c08240-0436-454a-8993-362abf5bc477": window light drew 1/1 beam(s)
2026-05-25 22:09:56.119 +02:00 [INF] Map "d5c08240-0436-454a-8993-362abf5bc477": window light drew 1/1 beam(s)
2026-05-25 22:09:56.183 +02:00 [INF] Map "d5c08240-0436-454a-8993-362abf5bc477": window light drew 1/1 beam(s)
2026-05-25 22:09:56.234 +02:00 [INF] Map "d5c08240-0436-454a-8993-362abf5bc477": window light drew 1/1 beam(s)
2026-05-25 22:09:56.285 +02:00 [INF] Map "d5c08240-0436-454a-8993-362abf5bc477": window light drew 1/1 beam(s)
2026-05-25 22:09:56.336 +02:00 [INF] Map "d5c08240-0436-454a-8993-362abf5bc477": window light drew 1/1 beam(s)
2026-05-25 22:09:56.386 +02:00 [INF] Map "d5c08240-0436-454a-8993-362abf5bc477": window light drew 1/1 beam(s)
2026-05-25 22:09:56.436 +02:00 [INF] Map "d5c08240-0436-454a-8993-362abf5bc477": window light drew 1/1 beam(s)
2026-05-25 22:09:56.487 +02:00 [INF] Map "d5c08240-0436-454a-8993-362abf5bc477": window light drew 1/1 beam(s)
2026-05-25 22:09:56.537 +02:00 [INF] Map "d5c08240-0436-454a-8993-362abf5bc477": window light drew 1/1 beam(s)
2026-05-25 22:09:56.589 +02:00 [INF] Map "d5c08240-0436-454a-8993-362abf5bc477": window light drew 1/1 beam(s)
2026-05-25 22:09:56.653 +02:00 [INF] Map "d5c08240-0436-454a-8993-362abf5bc477": window light drew 1/1 beam(s)
2026-05-25 22:09:56.703 +02:00 [INF] Map "d5c08240-0436-454a-8993-362abf5bc477": window light drew 1/1 beam(s)
2026-05-25 22:09:56.752 +02:00 [INF] Map "d5c08240-0436-454a-8993-362abf5bc477": window light drew 1/1 beam(s)
2026-05-25 22:09:56.802 +02:00 [INF] Map "d5c08240-0436-454a-8993-362abf5bc477": window light drew 1/1 beam(s)
2026-05-25 22:09:56.852 +02:00 [INF] Map "d5c08240-0436-454a-8993-362abf5bc477": window light drew 1/1 beam(s)
2026-05-25 22:09:56.901 +02:00 [INF] Map "d5c08240-0436-454a-8993-362abf5bc477": window light drew 1/1 beam(s)
2026-05-25 22:09:56.952 +02:00 [INF] Map "d5c08240-0436-454a-8993-362abf5bc477": window light drew 1/1 beam(s)
2026-05-25 22:09:57.002 +02:00 [INF] Map "d5c08240-0436-454a-8993-362abf5bc477": window light drew 1/1 beam(s)
2026-05-25 22:09:57.053 +02:00 [INF] Map "d5c08240-0436-454a-8993-362abf5bc477": window light drew 1/1 beam(s)
2026-05-25 22:09:57.117 +02:00 [INF] Map "d5c08240-0436-454a-8993-362abf5bc477": window light drew 1/1 beam(s)
2026-05-25 22:09:57.167 +02:00 [INF] Map "d5c08240-0436-454a-8993-362abf5bc477": window light drew 1/1 beam(s)
2026-05-25 22:09:57.218 +02:00 [INF] Map "d5c08240-0436-454a-8993-362abf5bc477": window light drew 1/1 beam(s)
2026-05-25 22:09:57.268 +02:00 [INF] Map "d5c08240-0436-454a-8993-362abf5bc477": window light drew 1/1 beam(s)
2026-05-25 22:09:57.317 +02:00 [INF] Map "d5c08240-0436-454a-8993-362abf5bc477": window light drew 1/1 beam(s)
2026-05-25 22:09:57.368 +02:00 [INF] Map "d5c08240-0436-454a-8993-362abf5bc477": window light drew 1/1 beam(s)
2026-05-25 22:09:57.418 +02:00 [INF] Map "d5c08240-0436-454a-8993-362abf5bc477": window light drew 1/1 beam(s)
2026-05-25 22:09:57.468 +02:00 [INF] Map "d5c08240-0436-454a-8993-362abf5bc477": window light drew 1/1 beam(s)
2026-05-25 22:09:57.518 +02:00 [INF] Map "d5c08240-0436-454a-8993-362abf5bc477": window light drew 1/1 beam(s)
2026-05-25 22:09:57.580 +02:00 [INF] Map "d5c08240-0436-454a-8993-362abf5bc477": window light drew 1/1 beam(s)
2026-05-25 22:09:57.630 +02:00 [INF] Map "d5c08240-0436-454a-8993-362abf5bc477": window light drew 1/1 beam(s)
2026-05-25 22:09:57.681 +02:00 [INF] Map "d5c08240-0436-454a-8993-362abf5bc477": window light drew 1/1 beam(s)
2026-05-25 22:09:57.730 +02:00 [INF] Map "d5c08240-0436-454a-8993-362abf5bc477": window light drew 1/1 beam(s)
2026-05-25 22:09:57.780 +02:00 [INF] Map "d5c08240-0436-454a-8993-362abf5bc477": window light drew 1/1 beam(s)
2026-05-25 22:09:57.831 +02:00 [INF] Map "d5c08240-0436-454a-8993-362abf5bc477": window light drew 1/1 beam(s)
2026-05-25 22:09:57.883 +02:00 [INF] Map "d5c08240-0436-454a-8993-362abf5bc477": window light drew 1/1 beam(s)
2026-05-25 22:09:57.935 +02:00 [INF] Map "d5c08240-0436-454a-8993-362abf5bc477": window light drew 1/1 beam(s)
2026-05-25 22:09:57.985 +02:00 [INF] Map "d5c08240-0436-454a-8993-362abf5bc477": window light drew 1/1 beam(s)
2026-05-25 22:09:58.049 +02:00 [INF] Map "d5c08240-0436-454a-8993-362abf5bc477": window light drew 1/1 beam(s)
2026-05-25 22:09:58.100 +02:00 [INF] Map "d5c08240-0436-454a-8993-362abf5bc477": window light drew 1/1 beam(s)
2026-05-25 22:09:58.151 +02:00 [INF] Map "d5c08240-0436-454a-8993-362abf5bc477": window light drew 1/1 beam(s)
2026-05-25 22:09:58.201 +02:00 [INF] Map "d5c08240-0436-454a-8993-362abf5bc477": window light drew 1/1 beam(s)
2026-05-25 22:09:58.251 +02:00 [INF] Map "d5c08240-0436-454a-8993-362abf5bc477": window light drew 1/1 beam(s)
2026-05-25 22:09:58.301 +02:00 [INF] Map "d5c08240-0436-454a-8993-362abf5bc477": window light drew 1/1 beam(s)
2026-05-25 22:09:58.351 +02:00 [INF] Map "d5c08240-0436-454a-8993-362abf5bc477": window light drew 1/1 beam(s)
2026-05-25 22:09:58.401 +02:00 [INF] Map "d5c08240-0436-454a-8993-362abf5bc477": window light drew 1/1 beam(s)
2026-05-25 22:09:58.452 +02:00 [INF] Map "d5c08240-0436-454a-8993-362abf5bc477": window light drew 1/1 beam(s)
2026-05-25 22:09:58.514 +02:00 [INF] Map "d5c08240-0436-454a-8993-362abf5bc477": window light drew 1/1 beam(s)
2026-05-25 22:09:58.565 +02:00 [INF] Map "d5c08240-0436-454a-8993-362abf5bc477": window light drew 1/1 beam(s)
2026-05-25 22:09:58.617 +02:00 [INF] Map "d5c08240-0436-454a-8993-362abf5bc477": window light drew 1/1 beam(s)
2026-05-25 22:09:58.667 +02:00 [INF] Map "d5c08240-0436-454a-8993-362abf5bc477": window light drew 1/1 beam(s)
2026-05-25 22:09:58.717 +02:00 [INF] Map "d5c08240-0436-454a-8993-362abf5bc477": window light drew 1/1 beam(s)
2026-05-25 22:09:58.767 +02:00 [INF] Map "d5c08240-0436-454a-8993-362abf5bc477": window light drew 1/1 beam(s)
2026-05-25 22:09:58.818 +02:00 [INF] Map "d5c08240-0436-454a-8993-362abf5bc477": window light drew 1/1 beam(s)
2026-05-25 22:09:58.869 +02:00 [INF] Map "d5c08240-0436-454a-8993-362abf5bc477": window light drew 1/1 beam(s)
2026-05-25 22:09:58.919 +02:00 [INF] Map "d5c08240-0436-454a-8993-362abf5bc477": window light drew 1/1 beam(s)
2026-05-25 22:09:58.983 +02:00 [INF] Map "d5c08240-0436-454a-8993-362abf5bc477": window light drew 1/1 beam(s)
2026-05-25 22:09:59.033 +02:00 [INF] Map "d5c08240-0436-454a-8993-362abf5bc477": window light drew 1/1 beam(s)
2026-05-25 22:09:59.086 +02:00 [INF] Map "d5c08240-0436-454a-8993-362abf5bc477": window light drew 1/1 beam(s)
2026-05-25 22:09:59.137 +02:00 [INF] Map "d5c08240-0436-454a-8993-362abf5bc477": window light drew 1/1 beam(s)
2026-05-25 22:09:59.187 +02:00 [INF] Map "d5c08240-0436-454a-8993-362abf5bc477": window light drew 1/1 beam(s)
2026-05-25 22:09:59.237 +02:00 [INF] Map "d5c08240-0436-454a-8993-362abf5bc477": window light drew 1/1 beam(s)
2026-05-25 22:09:59.287 +02:00 [INF] Map "d5c08240-0436-454a-8993-362abf5bc477": window light drew 1/1 beam(s)
2026-05-25 22:09:59.338 +02:00 [INF] Map "d5c08240-0436-454a-8993-362abf5bc477": window light drew 1/1 beam(s)
2026-05-25 22:09:59.387 +02:00 [INF] Map "d5c08240-0436-454a-8993-362abf5bc477": window light drew 1/1 beam(s)
2026-05-25 22:09:59.451 +02:00 [INF] Map "d5c08240-0436-454a-8993-362abf5bc477": window light drew 1/1 beam(s)
2026-05-25 22:09:59.501 +02:00 [INF] Map "d5c08240-0436-454a-8993-362abf5bc477": window light drew 1/1 beam(s)
2026-05-25 22:09:59.551 +02:00 [INF] Map "d5c08240-0436-454a-8993-362abf5bc477": window light drew 1/1 beam(s)
2026-05-25 22:09:59.602 +02:00 [INF] Map "d5c08240-0436-454a-8993-362abf5bc477": window light drew 1/1 beam(s)
2026-05-25 22:09:59.651 +02:00 [INF] Map "d5c08240-0436-454a-8993-362abf5bc477": window light drew 1/1 beam(s)
2026-05-25 22:09:59.702 +02:00 [INF] Map "d5c08240-0436-454a-8993-362abf5bc477": window light drew 1/1 beam(s)
2026-05-25 22:09:59.751 +02:00 [INF] Map "d5c08240-0436-454a-8993-362abf5bc477": window light drew 1/1 beam(s)
2026-05-25 22:09:59.806 +02:00 [INF] Map "d5c08240-0436-454a-8993-362abf5bc477": window light drew 1/1 beam(s)
2026-05-25 22:09:59.857 +02:00 [INF] Map "d5c08240-0436-454a-8993-362abf5bc477": window light drew 1/1 beam(s)
2026-05-25 22:09:59.919 +02:00 [INF] Map "d5c08240-0436-454a-8993-362abf5bc477": window light drew 1/1 beam(s)
2026-05-25 22:09:59.970 +02:00 [INF] Map "d5c08240-0436-454a-8993-362abf5bc477": window light drew 1/1 beam(s)
2026-05-25 22:10:00.022 +02:00 [INF] Map "d5c08240-0436-454a-8993-362abf5bc477": window light drew 1/1 beam(s)
2026-05-25 22:10:00.072 +02:00 [INF] Map "d5c08240-0436-454a-8993-362abf5bc477": window light drew 1/1 beam(s)
2026-05-25 22:10:00.124 +02:00 [INF] Map "d5c08240-0436-454a-8993-362abf5bc477": window light drew 1/1 beam(s)
2026-05-25 22:10:00.180 +02:00 [INF] Map "d5c08240-0436-454a-8993-362abf5bc477": window light drew 1/1 beam(s)
2026-05-25 22:10:00.230 +02:00 [INF] Map "d5c08240-0436-454a-8993-362abf5bc477": window light drew 1/1 beam(s)
2026-05-25 22:10:00.280 +02:00 [INF] Map "d5c08240-0436-454a-8993-362abf5bc477": window light drew 1/1 beam(s)
2026-05-25 22:10:00.330 +02:00 [INF] Map "d5c08240-0436-454a-8993-362abf5bc477": window light drew 1/1 beam(s)
2026-05-25 22:10:00.394 +02:00 [INF] Map "d5c08240-0436-454a-8993-362abf5bc477": window light drew 1/1 beam(s)
2026-05-25 22:10:00.444 +02:00 [INF] Map "d5c08240-0436-454a-8993-362abf5bc477": window light drew 1/1 beam(s)
2026-05-25 22:10:00.495 +02:00 [INF] Map "d5c08240-0436-454a-8993-362abf5bc477": window light drew 1/1 beam(s)
2026-05-25 22:10:00.545 +02:00 [INF] Map "d5c08240-0436-454a-8993-362abf5bc477": window light drew 1/1 beam(s)
2026-05-25 22:10:00.595 +02:00 [INF] Map "d5c08240-0436-454a-8993-362abf5bc477": window light drew 1/1 beam(s)
2026-05-25 22:10:00.645 +02:00 [INF] Map "d5c08240-0436-454a-8993-362abf5bc477": window light drew 1/1 beam(s)
2026-05-25 22:10:00.698 +02:00 [INF] Map "d5c08240-0436-454a-8993-362abf5bc477": window light drew 1/1 beam(s)
2026-05-25 22:10:00.749 +02:00 [INF] Map "d5c08240-0436-454a-8993-362abf5bc477": window light drew 1/1 beam(s)
2026-05-25 22:10:00.799 +02:00 [INF] Map "d5c08240-0436-454a-8993-362abf5bc477": window light drew 1/1 beam(s)
2026-05-25 22:10:00.863 +02:00 [INF] Map "d5c08240-0436-454a-8993-362abf5bc477": window light drew 1/1 beam(s)
2026-05-25 22:10:00.913 +02:00 [INF] Map "d5c08240-0436-454a-8993-362abf5bc477": window light drew 1/1 beam(s)
2026-05-25 22:10:00.965 +02:00 [INF] Map "d5c08240-0436-454a-8993-362abf5bc477": window light drew 1/1 beam(s)
2026-05-25 22:10:01.015 +02:00 [INF] Map "d5c08240-0436-454a-8993-362abf5bc477": window light drew 1/1 beam(s)
2026-05-25 22:10:01.066 +02:00 [INF] Map "d5c08240-0436-454a-8993-362abf5bc477": window light drew 1/1 beam(s)
2026-05-25 22:10:01.117 +02:00 [INF] Map "d5c08240-0436-454a-8993-362abf5bc477": window light drew 1/1 beam(s)
2026-05-25 22:10:01.169 +02:00 [INF] Map "d5c08240-0436-454a-8993-362abf5bc477": window light drew 1/1 beam(s)
2026-05-25 22:10:01.223 +02:00 [INF] Map "d5c08240-0436-454a-8993-362abf5bc477": window light drew 1/1 beam(s)
2026-05-25 22:10:01.274 +02:00 [INF] Map "d5c08240-0436-454a-8993-362abf5bc477": window light drew 1/1 beam(s)
2026-05-25 22:10:01.338 +02:00 [INF] Map "d5c08240-0436-454a-8993-362abf5bc477": window light drew 1/1 beam(s)
2026-05-25 22:10:01.388 +02:00 [INF] Map "d5c08240-0436-454a-8993-362abf5bc477": window light drew 1/1 beam(s)
2026-05-25 22:10:01.438 +02:00 [INF] Map "d5c08240-0436-454a-8993-362abf5bc477": window light drew 1/1 beam(s)
2026-05-25 22:10:01.489 +02:00 [INF] Map "d5c08240-0436-454a-8993-362abf5bc477": window light drew 1/1 beam(s)
2026-05-25 22:10:01.540 +02:00 [INF] Map "d5c08240-0436-454a-8993-362abf5bc477": window light drew 1/1 beam(s)
2026-05-25 22:10:01.592 +02:00 [INF] Map "d5c08240-0436-454a-8993-362abf5bc477": window light drew 1/1 beam(s)
2026-05-25 22:10:01.642 +02:00 [INF] Map "d5c08240-0436-454a-8993-362abf5bc477": window light drew 1/1 beam(s)
2026-05-25 22:10:01.692 +02:00 [INF] Map "d5c08240-0436-454a-8993-362abf5bc477": window light drew 1/1 beam(s)
2026-05-25 22:10:01.742 +02:00 [INF] Map "d5c08240-0436-454a-8993-362abf5bc477": window light drew 1/1 beam(s)
2026-05-25 22:10:01.805 +02:00 [INF] Map "d5c08240-0436-454a-8993-362abf5bc477": window light drew 1/1 beam(s)
2026-05-25 22:10:01.856 +02:00 [INF] Map "d5c08240-0436-454a-8993-362abf5bc477": window light drew 1/1 beam(s)
2026-05-25 22:10:01.907 +02:00 [INF] Map "d5c08240-0436-454a-8993-362abf5bc477": window light drew 1/1 beam(s)
2026-05-25 22:10:01.956 +02:00 [INF] Map "d5c08240-0436-454a-8993-362abf5bc477": window light drew 1/1 beam(s)
2026-05-25 22:10:02.007 +02:00 [INF] Map "d5c08240-0436-454a-8993-362abf5bc477": window light drew 1/1 beam(s)
2026-05-25 22:10:02.060 +02:00 [INF] Map "d5c08240-0436-454a-8993-362abf5bc477": window light drew 1/1 beam(s)
2026-05-25 22:10:02.111 +02:00 [INF] Map "d5c08240-0436-454a-8993-362abf5bc477": window light drew 1/1 beam(s)
2026-05-25 22:10:02.162 +02:00 [INF] Map "d5c08240-0436-454a-8993-362abf5bc477": window light drew 1/1 beam(s)
2026-05-25 22:10:02.213 +02:00 [INF] Map "d5c08240-0436-454a-8993-362abf5bc477": window light drew 1/1 beam(s)
2026-05-25 22:10:02.282 +02:00 [INF] Map "d5c08240-0436-454a-8993-362abf5bc477" 'New Map' loaded with 0 window light zone(s)
2026-05-25 22:10:02.307 +02:00 [INF] BuildWindowLightBeams() map "d5c08240-0436-454a-8993-362abf5bc477": WindowLightZones=0
2026-05-25 22:10:02.307 +02:00 [INF] Built VBO for map d5c08240-0436-454a-8993-362abf5bc477 'New Map' in 1.1399ms
2026-05-25 22:10:06.590 +02:00 [INF] Map "d5c08240-0436-454a-8993-362abf5bc477" 'New Map' loaded with 1 window light zone(s)
2026-05-25 22:10:06.599 +02:00 [INF] BuildWindowLightBeams() map "d5c08240-0436-454a-8993-362abf5bc477": WindowLightZones=1
2026-05-25 22:10:06.599 +02:00 [INF] BuildWindowLightBeams() map "d5c08240-0436-454a-8993-362abf5bc477": created 1 beam(s) from 1 zone(s)
2026-05-25 22:10:06.599 +02:00 [INF] Built VBO for map d5c08240-0436-454a-8993-362abf5bc477 'New Map' in 1.1358ms
2026-05-25 22:10:06.607 +02:00 [INF] Map "d5c08240-0436-454a-8993-362abf5bc477": window light drew 1/1 beam(s)
2026-05-25 22:10:06.658 +02:00 [INF] Map "d5c08240-0436-454a-8993-362abf5bc477": window light drew 1/1 beam(s)
2026-05-25 22:10:06.708 +02:00 [INF] Map "d5c08240-0436-454a-8993-362abf5bc477": window light drew 1/1 beam(s)
2026-05-25 22:10:06.759 +02:00 [INF] Map "d5c08240-0436-454a-8993-362abf5bc477": window light drew 1/1 beam(s)
2026-05-25 22:10:06.810 +02:00 [INF] Map "d5c08240-0436-454a-8993-362abf5bc477": window light drew 1/1 beam(s)
2026-05-25 22:10:06.860 +02:00 [INF] Map "d5c08240-0436-454a-8993-362abf5bc477": window light drew 1/1 beam(s)
2026-05-25 22:10:06.910 +02:00 [INF] Map "d5c08240-0436-454a-8993-362abf5bc477": window light drew 1/1 beam(s)
2026-05-25 22:10:06.960 +02:00 [INF] Map "d5c08240-0436-454a-8993-362abf5bc477": window light drew 1/1 beam(s)
2026-05-25 22:10:07.024 +02:00 [INF] Map "d5c08240-0436-454a-8993-362abf5bc477": window light drew 1/1 beam(s)
2026-05-25 22:10:07.075 +02:00 [INF] Map "d5c08240-0436-454a-8993-362abf5bc477": window light drew 1/1 beam(s)
2026-05-25 22:10:07.129 +02:00 [INF] Map "d5c08240-0436-454a-8993-362abf5bc477": window light drew 1/1 beam(s)
2026-05-25 22:10:07.179 +02:00 [INF] Map "d5c08240-0436-454a-8993-362abf5bc477": window light drew 1/1 beam(s)
2026-05-25 22:10:07.229 +02:00 [INF] Map "d5c08240-0436-454a-8993-362abf5bc477": window light drew 1/1 beam(s)
2026-05-25 22:10:07.279 +02:00 [INF] Map "d5c08240-0436-454a-8993-362abf5bc477": window light drew 1/1 beam(s)
2026-05-25 22:10:07.328 +02:00 [INF] Map "d5c08240-0436-454a-8993-362abf5bc477": window light drew 1/1 beam(s)
2026-05-25 22:10:07.378 +02:00 [INF] Map "d5c08240-0436-454a-8993-362abf5bc477": window light drew 1/1 beam(s)
2026-05-25 22:10:07.430 +02:00 [INF] Map "d5c08240-0436-454a-8993-362abf5bc477": window light drew 1/1 beam(s)
2026-05-25 22:10:07.493 +02:00 [INF] Map "d5c08240-0436-454a-8993-362abf5bc477": window light drew 1/1 beam(s)
2026-05-25 22:10:07.543 +02:00 [INF] Map "d5c08240-0436-454a-8993-362abf5bc477": window light drew 1/1 beam(s)
2026-05-25 22:10:07.593 +02:00 [INF] Map "d5c08240-0436-454a-8993-362abf5bc477": window light drew 1/1 beam(s)
2026-05-25 22:10:07.643 +02:00 [INF] Map "d5c08240-0436-454a-8993-362abf5bc477": window light drew 1/1 beam(s)
2026-05-25 22:10:07.693 +02:00 [INF] Map "d5c08240-0436-454a-8993-362abf5bc477": window light drew 1/1 beam(s)
2026-05-25 22:10:07.743 +02:00 [INF] Map "d5c08240-0436-454a-8993-362abf5bc477": window light drew 1/1 beam(s)
2026-05-25 22:10:07.793 +02:00 [INF] Map "d5c08240-0436-454a-8993-362abf5bc477": window light drew 1/1 beam(s)
2026-05-25 22:10:07.843 +02:00 [INF] Map "d5c08240-0436-454a-8993-362abf5bc477": window light drew 1/1 beam(s)
2026-05-25 22:10:07.906 +02:00 [INF] Map "d5c08240-0436-454a-8993-362abf5bc477": window light drew 1/1 beam(s)
2026-05-25 22:10:07.956 +02:00 [INF] Map "d5c08240-0436-454a-8993-362abf5bc477": window light drew 1/1 beam(s)
2026-05-25 22:10:08.006 +02:00 [INF] Map "d5c08240-0436-454a-8993-362abf5bc477": window light drew 1/1 beam(s)
2026-05-25 22:10:08.056 +02:00 [INF] Map "d5c08240-0436-454a-8993-362abf5bc477": window light drew 1/1 beam(s)
2026-05-25 22:10:08.109 +02:00 [INF] Map "d5c08240-0436-454a-8993-362abf5bc477": window light drew 1/1 beam(s)
2026-05-25 22:10:08.159 +02:00 [INF] Map "d5c08240-0436-454a-8993-362abf5bc477": window light drew 1/1 beam(s)
2026-05-25 22:10:08.210 +02:00 [INF] Map "d5c08240-0436-454a-8993-362abf5bc477": window light drew 1/1 beam(s)
2026-05-25 22:10:08.259 +02:00 [INF] Map "d5c08240-0436-454a-8993-362abf5bc477": window light drew 1/1 beam(s)
2026-05-25 22:10:08.309 +02:00 [INF] Map "d5c08240-0436-454a-8993-362abf5bc477": window light drew 1/1 beam(s)
2026-05-25 22:10:08.373 +02:00 [INF] Map "d5c08240-0436-454a-8993-362abf5bc477": window light drew 1/1 beam(s)
2026-05-25 22:10:08.422 +02:00 [INF] Map "d5c08240-0436-454a-8993-362abf5bc477": window light drew 1/1 beam(s)
2026-05-25 22:10:08.473 +02:00 [INF] Map "d5c08240-0436-454a-8993-362abf5bc477": window light drew 1/1 beam(s)
2026-05-25 22:10:08.523 +02:00 [INF] Map "d5c08240-0436-454a-8993-362abf5bc477": window light drew 1/1 beam(s)
2026-05-25 22:10:08.573 +02:00 [INF] Map "d5c08240-0436-454a-8993-362abf5bc477": window light drew 1/1 beam(s)
2026-05-25 22:10:08.623 +02:00 [INF] Map "d5c08240-0436-454a-8993-362abf5bc477": window light drew 1/1 beam(s)
2026-05-25 22:10:08.674 +02:00 [INF] Map "d5c08240-0436-454a-8993-362abf5bc477": window light drew 1/1 beam(s)
2026-05-25 22:10:08.724 +02:00 [INF] Map "d5c08240-0436-454a-8993-362abf5bc477": window light drew 1/1 beam(s)
2026-05-25 22:10:08.787 +02:00 [INF] Map "d5c08240-0436-454a-8993-362abf5bc477": window light drew 1/1 beam(s)
2026-05-25 22:10:08.837 +02:00 [INF] Map "d5c08240-0436-454a-8993-362abf5bc477": window light drew 1/1 beam(s)
2026-05-25 22:10:08.887 +02:00 [INF] Map "d5c08240-0436-454a-8993-362abf5bc477": window light drew 1/1 beam(s)
2026-05-25 22:10:08.936 +02:00 [INF] Map "d5c08240-0436-454a-8993-362abf5bc477": window light drew 1/1 beam(s)
2026-05-25 22:10:08.987 +02:00 [INF] Map "d5c08240-0436-454a-8993-362abf5bc477": window light drew 1/1 beam(s)
2026-05-25 22:10:09.036 +02:00 [INF] Map "d5c08240-0436-454a-8993-362abf5bc477": window light drew 1/1 beam(s)
2026-05-25 22:10:09.086 +02:00 [INF] Map "d5c08240-0436-454a-8993-362abf5bc477": window light drew 1/1 beam(s)
2026-05-25 22:10:09.135 +02:00 [INF] Map "d5c08240-0436-454a-8993-362abf5bc477": window light drew 1/1 beam(s)
2026-05-25 22:10:09.186 +02:00 [INF] Map "d5c08240-0436-454a-8993-362abf5bc477": window light drew 1/1 beam(s)
2026-05-25 22:10:09.251 +02:00 [INF] Map "d5c08240-0436-454a-8993-362abf5bc477": window light drew 1/1 beam(s)
2026-05-25 22:10:09.301 +02:00 [INF] Map "d5c08240-0436-454a-8993-362abf5bc477": window light drew 1/1 beam(s)
2026-05-25 22:10:09.351 +02:00 [INF] Map "d5c08240-0436-454a-8993-362abf5bc477": window light drew 1/1 beam(s)
2026-05-25 22:10:09.402 +02:00 [INF] Map "d5c08240-0436-454a-8993-362abf5bc477": window light drew 1/1 beam(s)
2026-05-25 22:10:09.451 +02:00 [INF] Map "d5c08240-0436-454a-8993-362abf5bc477": window light drew 1/1 beam(s)
2026-05-25 22:10:09.502 +02:00 [INF] Map "d5c08240-0436-454a-8993-362abf5bc477": window light drew 1/1 beam(s)
2026-05-25 22:10:09.553 +02:00 [INF] Map "d5c08240-0436-454a-8993-362abf5bc477": window light drew 1/1 beam(s)
2026-05-25 22:10:09.603 +02:00 [INF] Map "d5c08240-0436-454a-8993-362abf5bc477": window light drew 1/1 beam(s)
2026-05-25 22:10:09.665 +02:00 [INF] Map "d5c08240-0436-454a-8993-362abf5bc477": window light drew 1/1 beam(s)
2026-05-25 22:10:09.716 +02:00 [INF] Map "d5c08240-0436-454a-8993-362abf5bc477": window light drew 1/1 beam(s)
2026-05-25 22:10:09.766 +02:00 [INF] Map "d5c08240-0436-454a-8993-362abf5bc477": window light drew 1/1 beam(s)
2026-05-25 22:10:09.817 +02:00 [INF] Map "d5c08240-0436-454a-8993-362abf5bc477": window light drew 1/1 beam(s)
2026-05-25 22:10:09.867 +02:00 [INF] Map "d5c08240-0436-454a-8993-362abf5bc477": window light drew 1/1 beam(s)
2026-05-25 22:10:09.918 +02:00 [INF] Map "d5c08240-0436-454a-8993-362abf5bc477": window light drew 1/1 beam(s)
2026-05-25 22:10:09.968 +02:00 [INF] Map "d5c08240-0436-454a-8993-362abf5bc477": window light drew 1/1 beam(s)
2026-05-25 22:10:10.018 +02:00 [INF] Map "d5c08240-0436-454a-8993-362abf5bc477": window light drew 1/1 beam(s)
2026-05-25 22:10:10.068 +02:00 [INF] Map "d5c08240-0436-454a-8993-362abf5bc477": window light drew 1/1 beam(s)
2026-05-25 22:10:10.132 +02:00 [INF] Map "d5c08240-0436-454a-8993-362abf5bc477": window light drew 1/1 beam(s)
2026-05-25 22:10:10.181 +02:00 [INF] Map "d5c08240-0436-454a-8993-362abf5bc477": window light drew 1/1 beam(s)
2026-05-25 22:10:10.232 +02:00 [INF] Map "d5c08240-0436-454a-8993-362abf5bc477": window light drew 1/1 beam(s)
2026-05-25 22:10:10.282 +02:00 [INF] Map "d5c08240-0436-454a-8993-362abf5bc477": window light drew 1/1 beam(s)
2026-05-25 22:10:10.332 +02:00 [INF] Map "d5c08240-0436-454a-8993-362abf5bc477": window light drew 1/1 beam(s)
2026-05-25 22:10:10.382 +02:00 [INF] Map "d5c08240-0436-454a-8993-362abf5bc477": window light drew 1/1 beam(s)
2026-05-25 22:10:10.432 +02:00 [INF] Map "d5c08240-0436-454a-8993-362abf5bc477": window light drew 1/1 beam(s)
2026-05-25 22:10:10.482 +02:00 [INF] Map "d5c08240-0436-454a-8993-362abf5bc477": window light drew 1/1 beam(s)
2026-05-25 22:10:10.545 +02:00 [INF] Map "d5c08240-0436-454a-8993-362abf5bc477": window light drew 1/1 beam(s)
2026-05-25 22:10:10.595 +02:00 [INF] Map "d5c08240-0436-454a-8993-362abf5bc477": window light drew 1/1 beam(s)
2026-05-25 22:10:10.646 +02:00 [INF] Map "d5c08240-0436-454a-8993-362abf5bc477": window light drew 1/1 beam(s)
2026-05-25 22:10:10.696 +02:00 [INF] Map "d5c08240-0436-454a-8993-362abf5bc477": window light drew 1/1 beam(s)
2026-05-25 22:10:10.746 +02:00 [INF] Map "d5c08240-0436-454a-8993-362abf5bc477": window light drew 1/1 beam(s)
2026-05-25 22:10:10.796 +02:00 [INF] Map "d5c08240-0436-454a-8993-362abf5bc477": window light drew 1/1 beam(s)
2026-05-25 22:10:10.846 +02:00 [INF] Map "d5c08240-0436-454a-8993-362abf5bc477": window light drew 1/1 beam(s)
2026-05-25 22:10:10.897 +02:00 [INF] Map "d5c08240-0436-454a-8993-362abf5bc477": window light drew 1/1 beam(s)
2026-05-25 22:10:10.948 +02:00 [INF] Map "d5c08240-0436-454a-8993-362abf5bc477": window light drew 1/1 beam(s)
2026-05-25 22:10:11.011 +02:00 [INF] Map "d5c08240-0436-454a-8993-362abf5bc477": window light drew 1/1 beam(s)
2026-05-25 22:10:11.061 +02:00 [INF] Map "d5c08240-0436-454a-8993-362abf5bc477": window light drew 1/1 beam(s)
2026-05-25 22:10:11.113 +02:00 [INF] Map "d5c08240-0436-454a-8993-362abf5bc477": window light drew 1/1 beam(s)
2026-05-25 22:10:11.163 +02:00 [INF] Map "d5c08240-0436-454a-8993-362abf5bc477": window light drew 1/1 beam(s)
2026-05-25 22:10:11.214 +02:00 [INF] Map "d5c08240-0436-454a-8993-362abf5bc477": window light drew 1/1 beam(s)
2026-05-25 22:10:11.265 +02:00 [INF] Map "d5c08240-0436-454a-8993-362abf5bc477": window light drew 1/1 beam(s)
2026-05-25 22:10:11.314 +02:00 [INF] Map "d5c08240-0436-454a-8993-362abf5bc477": window light drew 1/1 beam(s)
2026-05-25 22:10:11.363 +02:00 [INF] Map "d5c08240-0436-454a-8993-362abf5bc477": window light drew 1/1 beam(s)
2026-05-25 22:10:11.425 +02:00 [INF] Map "d5c08240-0436-454a-8993-362abf5bc477": window light drew 1/1 beam(s)
2026-05-25 22:10:11.475 +02:00 [INF] Map "d5c08240-0436-454a-8993-362abf5bc477": window light drew 1/1 beam(s)
2026-05-25 22:10:11.525 +02:00 [INF] Map "d5c08240-0436-454a-8993-362abf5bc477": window light drew 1/1 beam(s)
2026-05-25 22:10:11.575 +02:00 [INF] Map "d5c08240-0436-454a-8993-362abf5bc477": window light drew 1/1 beam(s)
2026-05-25 22:10:11.625 +02:00 [INF] Map "d5c08240-0436-454a-8993-362abf5bc477": window light drew 1/1 beam(s)
2026-05-25 22:10:11.675 +02:00 [INF] Map "d5c08240-0436-454a-8993-362abf5bc477": window light drew 1/1 beam(s)
2026-05-25 22:10:11.725 +02:00 [INF] Map "d5c08240-0436-454a-8993-362abf5bc477": window light drew 1/1 beam(s)
2026-05-25 22:10:11.774 +02:00 [INF] Map "d5c08240-0436-454a-8993-362abf5bc477": window light drew 1/1 beam(s)
2026-05-25 22:10:11.824 +02:00 [INF] Map "d5c08240-0436-454a-8993-362abf5bc477": window light drew 1/1 beam(s)
2026-05-25 22:10:11.887 +02:00 [INF] Map "d5c08240-0436-454a-8993-362abf5bc477" 'New Map' loaded with 7 window light zone(s)
2026-05-25 22:10:11.895 +02:00 [INF] BuildWindowLightBeams() map "d5c08240-0436-454a-8993-362abf5bc477": WindowLightZones=7
2026-05-25 22:10:11.895 +02:00 [INF] BuildWindowLightBeams() map "d5c08240-0436-454a-8993-362abf5bc477": created 2 beam(s) from 7 zone(s)
2026-05-25 22:10:11.895 +02:00 [INF] Built VBO for map d5c08240-0436-454a-8993-362abf5bc477 'New Map' in 1.4632ms
2026-05-25 22:10:11.913 +02:00 [INF] Map "d5c08240-0436-454a-8993-362abf5bc477": window light drew 2/2 beam(s)
2026-05-25 22:10:11.971 +02:00 [INF] Map "d5c08240-0436-454a-8993-362abf5bc477": window light drew 2/2 beam(s)
2026-05-25 22:10:12.026 +02:00 [INF] Map "d5c08240-0436-454a-8993-362abf5bc477": window light drew 2/2 beam(s)
2026-05-25 22:10:12.082 +02:00 [INF] Map "d5c08240-0436-454a-8993-362abf5bc477": window light drew 2/2 beam(s)
2026-05-25 22:10:12.138 +02:00 [INF] Map "d5c08240-0436-454a-8993-362abf5bc477": window light drew 2/2 beam(s)
2026-05-25 22:10:12.193 +02:00 [INF] Map "d5c08240-0436-454a-8993-362abf5bc477": window light drew 2/2 beam(s)
2026-05-25 22:10:12.263 +02:00 [INF] Map "d5c08240-0436-454a-8993-362abf5bc477": window light drew 2/2 beam(s)
2026-05-25 22:10:12.336 +02:00 [INF] Map "d5c08240-0436-454a-8993-362abf5bc477": window light drew 2/2 beam(s)
2026-05-25 22:10:12.390 +02:00 [INF] Map "d5c08240-0436-454a-8993-362abf5bc477": window light drew 2/2 beam(s)
2026-05-25 22:10:12.445 +02:00 [INF] Map "d5c08240-0436-454a-8993-362abf5bc477": window light drew 2/2 beam(s)
2026-05-25 22:10:12.501 +02:00 [INF] Map "d5c08240-0436-454a-8993-362abf5bc477": window light drew 2/2 beam(s)
2026-05-25 22:10:12.556 +02:00 [INF] Map "d5c08240-0436-454a-8993-362abf5bc477": window light drew 2/2 beam(s)
2026-05-25 22:10:12.611 +02:00 [INF] Map "d5c08240-0436-454a-8993-362abf5bc477": window light drew 2/2 beam(s)
2026-05-25 22:10:12.668 +02:00 [INF] Map "d5c08240-0436-454a-8993-362abf5bc477": window light drew 2/2 beam(s)
2026-05-25 22:10:12.723 +02:00 [INF] Map "d5c08240-0436-454a-8993-362abf5bc477": window light drew 2/2 beam(s)
2026-05-25 22:10:12.778 +02:00 [INF] Map "d5c08240-0436-454a-8993-362abf5bc477": window light drew 2/2 beam(s)
2026-05-25 22:10:12.846 +02:00 [INF] Map "d5c08240-0436-454a-8993-362abf5bc477": window light drew 2/2 beam(s)
2026-05-25 22:10:12.901 +02:00 [INF] Map "d5c08240-0436-454a-8993-362abf5bc477": window light drew 2/2 beam(s)
2026-05-25 22:10:12.957 +02:00 [INF] Map "d5c08240-0436-454a-8993-362abf5bc477": window light drew 2/2 beam(s)
2026-05-25 22:10:13.011 +02:00 [INF] Map "d5c08240-0436-454a-8993-362abf5bc477": window light drew 2/2 beam(s)
2026-05-25 22:10:13.067 +02:00 [INF] Map "d5c08240-0436-454a-8993-362abf5bc477": window light drew 2/2 beam(s)
2026-05-25 22:10:13.122 +02:00 [INF] Map "d5c08240-0436-454a-8993-362abf5bc477": window light drew 2/2 beam(s)
2026-05-25 22:10:13.178 +02:00 [INF] Map "d5c08240-0436-454a-8993-362abf5bc477": window light drew 2/2 beam(s)
2026-05-25 22:10:13.234 +02:00 [INF] Map "d5c08240-0436-454a-8993-362abf5bc477": window light drew 2/2 beam(s)
2026-05-25 22:10:13.301 +02:00 [INF] Map "d5c08240-0436-454a-8993-362abf5bc477": window light drew 2/2 beam(s)
2026-05-25 22:10:13.357 +02:00 [INF] Map "d5c08240-0436-454a-8993-362abf5bc477": window light drew 2/2 beam(s)
2026-05-25 22:10:13.414 +02:00 [INF] Map "d5c08240-0436-454a-8993-362abf5bc477": window light drew 2/2 beam(s)
2026-05-25 22:10:13.470 +02:00 [INF] Map "d5c08240-0436-454a-8993-362abf5bc477": window light drew 2/2 beam(s)
2026-05-25 22:10:13.525 +02:00 [INF] Map "d5c08240-0436-454a-8993-362abf5bc477": window light drew 2/2 beam(s)
2026-05-25 22:10:13.580 +02:00 [INF] Map "d5c08240-0436-454a-8993-362abf5bc477": window light drew 2/2 beam(s)
2026-05-25 22:10:13.637 +02:00 [INF] Map "d5c08240-0436-454a-8993-362abf5bc477": window light drew 2/2 beam(s)
2026-05-25 22:10:13.692 +02:00 [INF] Map "d5c08240-0436-454a-8993-362abf5bc477": window light drew 2/2 beam(s)
2026-05-25 22:10:13.748 +02:00 [INF] Map "d5c08240-0436-454a-8993-362abf5bc477": window light drew 2/2 beam(s)
2026-05-25 22:10:13.816 +02:00 [INF] Map "d5c08240-0436-454a-8993-362abf5bc477": window light drew 2/2 beam(s)
2026-05-25 22:10:13.872 +02:00 [INF] Map "d5c08240-0436-454a-8993-362abf5bc477": window light drew 2/2 beam(s)
2026-05-25 22:10:13.927 +02:00 [INF] Map "d5c08240-0436-454a-8993-362abf5bc477": window light drew 2/2 beam(s)
2026-05-25 22:10:13.983 +02:00 [INF] Map "d5c08240-0436-454a-8993-362abf5bc477": window light drew 2/2 beam(s)
2026-05-25 22:10:14.038 +02:00 [INF] Map "d5c08240-0436-454a-8993-362abf5bc477": window light drew 2/2 beam(s)
2026-05-25 22:10:14.093 +02:00 [INF] Map "d5c08240-0436-454a-8993-362abf5bc477": window light drew 2/2 beam(s)
2026-05-25 22:10:14.149 +02:00 [INF] Map "d5c08240-0436-454a-8993-362abf5bc477": window light drew 2/2 beam(s)
2026-05-25 22:10:14.204 +02:00 [INF] Map "d5c08240-0436-454a-8993-362abf5bc477": window light drew 2/2 beam(s)
2026-05-25 22:10:14.272 +02:00 [INF] Map "d5c08240-0436-454a-8993-362abf5bc477": window light drew 2/2 beam(s)
2026-05-25 22:10:14.327 +02:00 [INF] Map "d5c08240-0436-454a-8993-362abf5bc477": window light drew 2/2 beam(s)
2026-05-25 22:10:14.381 +02:00 [INF] Map "d5c08240-0436-454a-8993-362abf5bc477": window light drew 2/2 beam(s)
2026-05-25 22:10:14.437 +02:00 [INF] Map "d5c08240-0436-454a-8993-362abf5bc477": window light drew 2/2 beam(s)
2026-05-25 22:10:14.492 +02:00 [INF] Map "d5c08240-0436-454a-8993-362abf5bc477": window light drew 2/2 beam(s)
2026-05-25 22:10:14.547 +02:00 [INF] Map "d5c08240-0436-454a-8993-362abf5bc477": window light drew 2/2 beam(s)
2026-05-25 22:10:14.602 +02:00 [INF] Map "d5c08240-0436-454a-8993-362abf5bc477": window light drew 2/2 beam(s)
2026-05-25 22:10:14.657 +02:00 [INF] Map "d5c08240-0436-454a-8993-362abf5bc477": window light drew 2/2 beam(s)
2026-05-25 22:10:14.712 +02:00 [INF] Map "d5c08240-0436-454a-8993-362abf5bc477": window light drew 2/2 beam(s)
2026-05-25 22:10:14.781 +02:00 [INF] Map "d5c08240-0436-454a-8993-362abf5bc477": window light drew 2/2 beam(s)
2026-05-25 22:10:14.837 +02:00 [INF] Map "d5c08240-0436-454a-8993-362abf5bc477": window light drew 2/2 beam(s)
2026-05-25 22:10:14.917 +02:00 [INF] Map "d5c08240-0436-454a-8993-362abf5bc477": window light drew 2/2 beam(s)
2026-05-25 22:10:14.974 +02:00 [INF] Map "d5c08240-0436-454a-8993-362abf5bc477": window light drew 2/2 beam(s)
2026-05-25 22:10:15.028 +02:00 [INF] Map "d5c08240-0436-454a-8993-362abf5bc477": window light drew 2/2 beam(s)
2026-05-25 22:10:15.083 +02:00 [INF] Map "d5c08240-0436-454a-8993-362abf5bc477": window light drew 2/2 beam(s)
2026-05-25 22:10:15.138 +02:00 [INF] Map "d5c08240-0436-454a-8993-362abf5bc477": window light drew 2/2 beam(s)
2026-05-25 22:10:15.194 +02:00 [INF] Map "d5c08240-0436-454a-8993-362abf5bc477": window light drew 2/2 beam(s)
2026-05-25 22:10:15.263 +02:00 [INF] Map "d5c08240-0436-454a-8993-362abf5bc477": window light drew 2/2 beam(s)
2026-05-25 22:10:15.320 +02:00 [INF] Map "d5c08240-0436-454a-8993-362abf5bc477": window light drew 2/2 beam(s)
2026-05-25 22:10:15.375 +02:00 [INF] Map "d5c08240-0436-454a-8993-362abf5bc477": window light drew 2/2 beam(s)
2026-05-25 22:10:15.432 +02:00 [INF] Map "d5c08240-0436-454a-8993-362abf5bc477": window light drew 2/2 beam(s)
2026-05-25 22:10:15.487 +02:00 [INF] Map "d5c08240-0436-454a-8993-362abf5bc477": window light drew 2/2 beam(s)
2026-05-25 22:10:15.542 +02:00 [INF] Map "d5c08240-0436-454a-8993-362abf5bc477": window light drew 2/2 beam(s)
2026-05-25 22:10:15.599 +02:00 [INF] Map "d5c08240-0436-454a-8993-362abf5bc477": window light drew 2/2 beam(s)
2026-05-25 22:10:15.654 +02:00 [INF] Map "d5c08240-0436-454a-8993-362abf5bc477": window light drew 2/2 beam(s)
2026-05-25 22:10:15.710 +02:00 [INF] Map "d5c08240-0436-454a-8993-362abf5bc477": window light drew 2/2 beam(s)
2026-05-25 22:10:15.778 +02:00 [INF] Map "d5c08240-0436-454a-8993-362abf5bc477": window light drew 2/2 beam(s)
2026-05-25 22:10:15.834 +02:00 [INF] Map "d5c08240-0436-454a-8993-362abf5bc477": window light drew 2/2 beam(s)
2026-05-25 22:10:15.889 +02:00 [INF] Map "d5c08240-0436-454a-8993-362abf5bc477": window light drew 2/2 beam(s)
2026-05-25 22:10:15.944 +02:00 [INF] Map "d5c08240-0436-454a-8993-362abf5bc477": window light drew 2/2 beam(s)
2026-05-25 22:10:16.000 +02:00 [INF] Map "d5c08240-0436-454a-8993-362abf5bc477": window light drew 2/2 beam(s)
2026-05-25 22:10:16.057 +02:00 [INF] Map "d5c08240-0436-454a-8993-362abf5bc477": window light drew 2/2 beam(s)
2026-05-25 22:10:16.116 +02:00 [INF] Map "d5c08240-0436-454a-8993-362abf5bc477": window light drew 2/2 beam(s)
2026-05-25 22:10:16.171 +02:00 [INF] Map "d5c08240-0436-454a-8993-362abf5bc477": window light drew 2/2 beam(s)
2026-05-25 22:10:16.239 +02:00 [INF] Map "d5c08240-0436-454a-8993-362abf5bc477": window light drew 2/2 beam(s)
2026-05-25 22:10:16.294 +02:00 [INF] Map "d5c08240-0436-454a-8993-362abf5bc477": window light drew 2/2 beam(s)
2026-05-25 22:10:16.349 +02:00 [INF] Map "d5c08240-0436-454a-8993-362abf5bc477": window light drew 2/2 beam(s)
2026-05-25 22:10:16.404 +02:00 [INF] Map "d5c08240-0436-454a-8993-362abf5bc477": window light drew 2/2 beam(s)
2026-05-25 22:10:16.460 +02:00 [INF] Map "d5c08240-0436-454a-8993-362abf5bc477": window light drew 2/2 beam(s)
2026-05-25 22:10:16.515 +02:00 [INF] Map "d5c08240-0436-454a-8993-362abf5bc477": window light drew 2/2 beam(s)
2026-05-25 22:10:16.571 +02:00 [INF] Map "d5c08240-0436-454a-8993-362abf5bc477": window light drew 2/2 beam(s)
2026-05-25 22:10:16.626 +02:00 [INF] Map "d5c08240-0436-454a-8993-362abf5bc477": window light drew 2/2 beam(s)
2026-05-25 22:10:16.680 +02:00 [INF] Map "d5c08240-0436-454a-8993-362abf5bc477": window light drew 2/2 beam(s)
2026-05-25 22:10:16.748 +02:00 [INF] Map "d5c08240-0436-454a-8993-362abf5bc477": window light drew 2/2 beam(s)
2026-05-25 22:10:16.803 +02:00 [INF] Map "d5c08240-0436-454a-8993-362abf5bc477": window light drew 2/2 beam(s)
2026-05-25 22:10:16.858 +02:00 [INF] Map "d5c08240-0436-454a-8993-362abf5bc477": window light drew 2/2 beam(s)
2026-05-25 22:10:16.914 +02:00 [INF] Map "d5c08240-0436-454a-8993-362abf5bc477": window light drew 2/2 beam(s)
2026-05-25 22:10:16.969 +02:00 [INF] Map "d5c08240-0436-454a-8993-362abf5bc477": window light drew 2/2 beam(s)
2026-05-25 22:10:17.023 +02:00 [INF] Map "d5c08240-0436-454a-8993-362abf5bc477": window light drew 2/2 beam(s)
2026-05-25 22:10:17.079 +02:00 [INF] Map "d5c08240-0436-454a-8993-362abf5bc477": window light drew 2/2 beam(s)
2026-05-25 22:10:17.134 +02:00 [INF] Map "d5c08240-0436-454a-8993-362abf5bc477": window light drew 2/2 beam(s)
2026-05-25 22:10:17.203 +02:00 [INF] Map "d5c08240-0436-454a-8993-362abf5bc477": window light drew 2/2 beam(s)
2026-05-25 22:10:17.262 +02:00 [INF] Map "d5c08240-0436-454a-8993-362abf5bc477": window light drew 2/2 beam(s)
2026-05-25 22:10:17.317 +02:00 [INF] Map "d5c08240-0436-454a-8993-362abf5bc477": window light drew 2/2 beam(s)
2026-05-25 22:10:17.373 +02:00 [INF] Map "d5c08240-0436-454a-8993-362abf5bc477": window light drew 2/2 beam(s)
2026-05-25 22:10:17.427 +02:00 [INF] Map "d5c08240-0436-454a-8993-362abf5bc477": window light drew 2/2 beam(s)
2026-05-25 22:10:17.482 +02:00 [INF] Map "d5c08240-0436-454a-8993-362abf5bc477": window light drew 2/2 beam(s)
2026-05-25 22:10:17.537 +02:00 [INF] Map "d5c08240-0436-454a-8993-362abf5bc477": window light drew 2/2 beam(s)
2026-05-25 22:10:17.593 +02:00 [INF] Map "d5c08240-0436-454a-8993-362abf5bc477": window light drew 2/2 beam(s)
2026-05-25 22:10:17.648 +02:00 [INF] Map "d5c08240-0436-454a-8993-362abf5bc477": window light drew 2/2 beam(s)
2026-05-25 22:10:17.716 +02:00 [INF] Map "d5c08240-0436-454a-8993-362abf5bc477": window light drew 2/2 beam(s)
2026-05-25 22:10:17.771 +02:00 [INF] Map "d5c08240-0436-454a-8993-362abf5bc477": window light drew 2/2 beam(s)
2026-05-25 22:10:17.826 +02:00 [INF] Map "d5c08240-0436-454a-8993-362abf5bc477": window light drew 2/2 beam(s)
2026-05-25 22:10:17.881 +02:00 [INF] Map "d5c08240-0436-454a-8993-362abf5bc477": window light drew 2/2 beam(s)
2026-05-25 22:10:17.935 +02:00 [INF] Map "d5c08240-0436-454a-8993-362abf5bc477": window light drew 2/2 beam(s)
2026-05-25 22:10:17.990 +02:00 [INF] Map "d5c08240-0436-454a-8993-362abf5bc477": window light drew 2/2 beam(s)
2026-05-25 22:10:18.046 +02:00 [INF] Map "d5c08240-0436-454a-8993-362abf5bc477": window light drew 2/2 beam(s)
2026-05-25 22:10:18.101 +02:00 [INF] Map "d5c08240-0436-454a-8993-362abf5bc477": window light drew 2/2 beam(s)
2026-05-25 22:10:18.168 +02:00 [INF] Map "d5c08240-0436-454a-8993-362abf5bc477": window light drew 2/2 beam(s)
2026-05-25 22:10:18.226 +02:00 [INF] Map "d5c08240-0436-454a-8993-362abf5bc477": window light drew 2/2 beam(s)
2026-05-25 22:10:18.281 +02:00 [INF] Map "d5c08240-0436-454a-8993-362abf5bc477": window light drew 2/2 beam(s)
2026-05-25 22:10:18.336 +02:00 [INF] Map "d5c08240-0436-454a-8993-362abf5bc477": window light drew 2/2 beam(s)
2026-05-25 22:10:18.391 +02:00 [INF] Map "d5c08240-0436-454a-8993-362abf5bc477": window light drew 2/2 beam(s)
2026-05-25 22:10:18.446 +02:00 [INF] Map "d5c08240-0436-454a-8993-362abf5bc477": window light drew 2/2 beam(s)
2026-05-25 22:10:18.502 +02:00 [INF] Map "d5c08240-0436-454a-8993-362abf5bc477": window light drew 2/2 beam(s)
2026-05-25 22:10:18.558 +02:00 [INF] Map "d5c08240-0436-454a-8993-362abf5bc477": window light drew 2/2 beam(s)
2026-05-25 22:10:18.626 +02:00 [INF] Map "d5c08240-0436-454a-8993-362abf5bc477": window light drew 2/2 beam(s)
2026-05-25 22:10:18.694 +02:00 [INF] Map "d5c08240-0436-454a-8993-362abf5bc477": window light drew 2/2 beam(s)
2026-05-25 22:10:18.750 +02:00 [INF] Map "d5c08240-0436-454a-8993-362abf5bc477": window light drew 2/2 beam(s)
2026-05-25 22:10:18.806 +02:00 [INF] Map "d5c08240-0436-454a-8993-362abf5bc477": window light drew 2/2 beam(s)
2026-05-25 22:10:18.861 +02:00 [INF] Map "d5c08240-0436-454a-8993-362abf5bc477": window light drew 2/2 beam(s)
2026-05-25 22:10:18.918 +02:00 [INF] Map "d5c08240-0436-454a-8993-362abf5bc477": window light drew 2/2 beam(s)
2026-05-25 22:10:18.973 +02:00 [INF] Map "d5c08240-0436-454a-8993-362abf5bc477": window light drew 2/2 beam(s)
2026-05-25 22:10:19.028 +02:00 [INF] Map "d5c08240-0436-454a-8993-362abf5bc477": window light drew 2/2 beam(s)
2026-05-25 22:10:19.085 +02:00 [INF] Map "d5c08240-0436-454a-8993-362abf5bc477": window light drew 2/2 beam(s)
2026-05-25 22:10:19.153 +02:00 [INF] Map "d5c08240-0436-454a-8993-362abf5bc477": window light drew 2/2 beam(s)
2026-05-25 22:10:19.210 +02:00 [INF] Map "d5c08240-0436-454a-8993-362abf5bc477": window light drew 2/2 beam(s)
2026-05-25 22:10:19.265 +02:00 [INF] Map "d5c08240-0436-454a-8993-362abf5bc477": window light drew 2/2 beam(s)
2026-05-25 22:10:19.322 +02:00 [INF] Map "d5c08240-0436-454a-8993-362abf5bc477": window light drew 2/2 beam(s)
2026-05-25 22:10:19.379 +02:00 [INF] Map "d5c08240-0436-454a-8993-362abf5bc477": window light drew 2/2 beam(s)
2026-05-25 22:10:19.434 +02:00 [INF] Map "d5c08240-0436-454a-8993-362abf5bc477": window light drew 2/2 beam(s)
2026-05-25 22:10:19.488 +02:00 [INF] Map "d5c08240-0436-454a-8993-362abf5bc477": window light drew 2/2 beam(s)
2026-05-25 22:10:19.544 +02:00 [INF] Map "d5c08240-0436-454a-8993-362abf5bc477": window light drew 2/2 beam(s)
2026-05-25 22:10:19.600 +02:00 [INF] Map "d5c08240-0436-454a-8993-362abf5bc477": window light drew 2/2 beam(s)
2026-05-25 22:10:19.668 +02:00 [INF] Map "d5c08240-0436-454a-8993-362abf5bc477": window light drew 2/2 beam(s)
2026-05-25 22:10:19.723 +02:00 [INF] Map "d5c08240-0436-454a-8993-362abf5bc477": window light drew 2/2 beam(s)
2026-05-25 22:10:19.779 +02:00 [INF] Map "d5c08240-0436-454a-8993-362abf5bc477": window light drew 2/2 beam(s)
2026-05-25 22:10:19.834 +02:00 [INF] Map "d5c08240-0436-454a-8993-362abf5bc477": window light drew 2/2 beam(s)
2026-05-25 22:10:19.889 +02:00 [INF] Map "d5c08240-0436-454a-8993-362abf5bc477": window light drew 2/2 beam(s)
2026-05-25 22:10:19.946 +02:00 [INF] Map "d5c08240-0436-454a-8993-362abf5bc477": window light drew 2/2 beam(s)
2026-05-25 22:10:20.000 +02:00 [INF] Map "d5c08240-0436-454a-8993-362abf5bc477": window light drew 2/2 beam(s)
2026-05-25 22:10:20.056 +02:00 [INF] Map "d5c08240-0436-454a-8993-362abf5bc477": window light drew 2/2 beam(s)
2026-05-25 22:10:20.124 +02:00 [INF] Map "d5c08240-0436-454a-8993-362abf5bc477": window light drew 2/2 beam(s)
2026-05-25 22:10:20.179 +02:00 [INF] Map "d5c08240-0436-454a-8993-362abf5bc477": window light drew 2/2 beam(s)
2026-05-25 22:10:20.234 +02:00 [INF] Map "d5c08240-0436-454a-8993-362abf5bc477": window light drew 2/2 beam(s)
2026-05-25 22:10:20.290 +02:00 [INF] Map "d5c08240-0436-454a-8993-362abf5bc477": window light drew 2/2 beam(s)
2026-05-25 22:10:20.345 +02:00 [INF] Map "d5c08240-0436-454a-8993-362abf5bc477": window light drew 2/2 beam(s)
2026-05-25 22:10:20.400 +02:00 [INF] Map "d5c08240-0436-454a-8993-362abf5bc477": window light drew 2/2 beam(s)
2026-05-25 22:10:20.456 +02:00 [INF] Map "d5c08240-0436-454a-8993-362abf5bc477": window light drew 2/2 beam(s)
2026-05-25 22:10:20.512 +02:00 [INF] Map "d5c08240-0436-454a-8993-362abf5bc477": window light drew 2/2 beam(s)
2026-05-25 22:10:20.567 +02:00 [INF] Map "d5c08240-0436-454a-8993-362abf5bc477": window light drew 2/2 beam(s)
2026-05-25 22:10:20.634 +02:00 [INF] Map "d5c08240-0436-454a-8993-362abf5bc477": window light drew 2/2 beam(s)
2026-05-25 22:10:20.691 +02:00 [INF] Map "d5c08240-0436-454a-8993-362abf5bc477": window light drew 2/2 beam(s)
2026-05-25 22:10:20.746 +02:00 [INF] Map "d5c08240-0436-454a-8993-362abf5bc477": window light drew 2/2 beam(s)
2026-05-25 22:10:20.802 +02:00 [INF] Map "d5c08240-0436-454a-8993-362abf5bc477": window light drew 2/2 beam(s)
2026-05-25 22:10:20.857 +02:00 [INF] Map "d5c08240-0436-454a-8993-362abf5bc477": window light drew 2/2 beam(s)
2026-05-25 22:10:20.912 +02:00 [INF] Map "d5c08240-0436-454a-8993-362abf5bc477": window light drew 2/2 beam(s)
2026-05-25 22:10:20.967 +02:00 [INF] Map "d5c08240-0436-454a-8993-362abf5bc477": window light drew 2/2 beam(s)
2026-05-25 22:10:21.024 +02:00 [INF] Map "d5c08240-0436-454a-8993-362abf5bc477": window light drew 2/2 beam(s)
2026-05-25 22:10:21.092 +02:00 [INF] Map "d5c08240-0436-454a-8993-362abf5bc477": window light drew 2/2 beam(s)
2026-05-25 22:10:21.147 +02:00 [INF] Map "d5c08240-0436-454a-8993-362abf5bc477": window light drew 2/2 beam(s)
2026-05-25 22:10:21.203 +02:00 [INF] Map "d5c08240-0436-454a-8993-362abf5bc477": window light drew 2/2 beam(s)
2026-05-25 22:10:21.258 +02:00 [INF] Map "d5c08240-0436-454a-8993-362abf5bc477": window light drew 2/2 beam(s)
2026-05-25 22:10:21.319 +02:00 [INF] Map "d5c08240-0436-454a-8993-362abf5bc477": window light drew 2/2 beam(s)
2026-05-25 22:10:21.375 +02:00 [INF] Map "d5c08240-0436-454a-8993-362abf5bc477": window light drew 2/2 beam(s)
2026-05-25 22:10:21.429 +02:00 [INF] Map "d5c08240-0436-454a-8993-362abf5bc477": window light drew 2/2 beam(s)
2026-05-25 22:10:21.484 +02:00 [INF] Map "d5c08240-0436-454a-8993-362abf5bc477": window light drew 2/2 beam(s)
2026-05-25 22:10:21.539 +02:00 [INF] Map "d5c08240-0436-454a-8993-362abf5bc477": window light drew 2/2 beam(s)
2026-05-25 22:10:21.607 +02:00 [INF] Map "d5c08240-0436-454a-8993-362abf5bc477": window light drew 2/2 beam(s)
2026-05-25 22:10:21.661 +02:00 [INF] Map "d5c08240-0436-454a-8993-362abf5bc477": window light drew 2/2 beam(s)
2026-05-25 22:10:21.718 +02:00 [INF] Map "d5c08240-0436-454a-8993-362abf5bc477": window light drew 2/2 beam(s)
2026-05-25 22:10:21.774 +02:00 [INF] Map "d5c08240-0436-454a-8993-362abf5bc477": window light drew 2/2 beam(s)
2026-05-25 22:10:21.829 +02:00 [INF] Map "d5c08240-0436-454a-8993-362abf5bc477": window light drew 2/2 beam(s)
2026-05-25 22:10:21.883 +02:00 [INF] Map "d5c08240-0436-454a-8993-362abf5bc477": window light drew 2/2 beam(s)
2026-05-25 22:10:21.938 +02:00 [INF] Map "d5c08240-0436-454a-8993-362abf5bc477": window light drew 2/2 beam(s)
2026-05-25 22:10:21.993 +02:00 [INF] Map "d5c08240-0436-454a-8993-362abf5bc477": window light drew 2/2 beam(s)
2026-05-25 22:10:22.062 +02:00 [INF] Map "d5c08240-0436-454a-8993-362abf5bc477": window light drew 2/2 beam(s)
2026-05-25 22:10:22.119 +02:00 [INF] Map "d5c08240-0436-454a-8993-362abf5bc477": window light drew 2/2 beam(s)
2026-05-25 22:10:22.175 +02:00 [INF] Map "d5c08240-0436-454a-8993-362abf5bc477": window light drew 2/2 beam(s)
2026-05-25 22:10:22.230 +02:00 [INF] Map "d5c08240-0436-454a-8993-362abf5bc477": window light drew 2/2 beam(s)
2026-05-25 22:10:22.284 +02:00 [INF] Map "d5c08240-0436-454a-8993-362abf5bc477": window light drew 2/2 beam(s)
2026-05-25 22:10:22.340 +02:00 [INF] Map "d5c08240-0436-454a-8993-362abf5bc477": window light drew 2/2 beam(s)
2026-05-25 22:10:22.395 +02:00 [INF] Map "d5c08240-0436-454a-8993-362abf5bc477": window light drew 2/2 beam(s)
2026-05-25 22:10:22.452 +02:00 [INF] Map "d5c08240-0436-454a-8993-362abf5bc477": window light drew 2/2 beam(s)
2026-05-25 22:10:22.507 +02:00 [INF] Map "d5c08240-0436-454a-8993-362abf5bc477": window light drew 2/2 beam(s)
2026-05-25 22:10:22.575 +02:00 [INF] Map "d5c08240-0436-454a-8993-362abf5bc477": window light drew 2/2 beam(s)
2026-05-25 22:10:22.630 +02:00 [INF] Map "d5c08240-0436-454a-8993-362abf5bc477": window light drew 2/2 beam(s)
2026-05-25 22:10:22.687 +02:00 [INF] Map "d5c08240-0436-454a-8993-362abf5bc477": window light drew 2/2 beam(s)
2026-05-25 22:10:22.741 +02:00 [INF] Map "d5c08240-0436-454a-8993-362abf5bc477": window light drew 2/2 beam(s)
2026-05-25 22:10:22.797 +02:00 [INF] Map "d5c08240-0436-454a-8993-362abf5bc477": window light drew 2/2 beam(s)
2026-05-25 22:10:22.853 +02:00 [INF] Map "d5c08240-0436-454a-8993-362abf5bc477": window light drew 2/2 beam(s)
2026-05-25 22:10:22.908 +02:00 [INF] Map "d5c08240-0436-454a-8993-362abf5bc477": window light drew 2/2 beam(s)
2026-05-25 22:10:22.964 +02:00 [INF] Map "d5c08240-0436-454a-8993-362abf5bc477": window light drew 2/2 beam(s)
2026-05-25 22:10:23.031 +02:00 [INF] Map "d5c08240-0436-454a-8993-362abf5bc477": window light drew 2/2 beam(s)
2026-05-25 22:10:23.087 +02:00 [INF] Map "d5c08240-0436-454a-8993-362abf5bc477": window light drew 2/2 beam(s)
2026-05-25 22:10:23.141 +02:00 [INF] Map "d5c08240-0436-454a-8993-362abf5bc477": window light drew 2/2 beam(s)
2026-05-25 22:10:23.198 +02:00 [INF] Map "d5c08240-0436-454a-8993-362abf5bc477": window light drew 2/2 beam(s)
2026-05-25 22:10:23.257 +02:00 [INF] Map "d5c08240-0436-454a-8993-362abf5bc477": window light drew 2/2 beam(s)
2026-05-25 22:10:23.314 +02:00 [INF] Map "d5c08240-0436-454a-8993-362abf5bc477": window light drew 2/2 beam(s)
2026-05-25 22:10:23.370 +02:00 [INF] Map "d5c08240-0436-454a-8993-362abf5bc477": window light drew 2/2 beam(s)
2026-05-25 22:10:23.426 +02:00 [INF] Map "d5c08240-0436-454a-8993-362abf5bc477": window light drew 2/2 beam(s)
2026-05-25 22:10:23.482 +02:00 [INF] Map "d5c08240-0436-454a-8993-362abf5bc477": window light drew 2/2 beam(s)
2026-05-25 22:10:23.551 +02:00 [INF] Map "d5c08240-0436-454a-8993-362abf5bc477": window light drew 2/2 beam(s)
2026-05-25 22:10:23.608 +02:00 [INF] Map "d5c08240-0436-454a-8993-362abf5bc477": window light drew 2/2 beam(s)
2026-05-25 22:10:23.664 +02:00 [INF] Map "d5c08240-0436-454a-8993-362abf5bc477": window light drew 2/2 beam(s)
2026-05-25 22:10:23.720 +02:00 [INF] Map "d5c08240-0436-454a-8993-362abf5bc477": window light drew 2/2 beam(s)
2026-05-25 22:10:23.776 +02:00 [INF] Map "d5c08240-0436-454a-8993-362abf5bc477": window light drew 2/2 beam(s)
2026-05-25 22:10:23.832 +02:00 [INF] Map "d5c08240-0436-454a-8993-362abf5bc477": window light drew 2/2 beam(s)
2026-05-25 22:10:23.888 +02:00 [INF] Map "d5c08240-0436-454a-8993-362abf5bc477": window light drew 2/2 beam(s)
2026-05-25 22:10:23.943 +02:00 [INF] Map "d5c08240-0436-454a-8993-362abf5bc477": window light drew 2/2 beam(s)
2026-05-25 22:10:24.011 +02:00 [INF] Map "d5c08240-0436-454a-8993-362abf5bc477": window light drew 2/2 beam(s)
2026-05-25 22:10:24.078 +02:00 [INF] Map "d5c08240-0436-454a-8993-362abf5bc477": window light drew 2/2 beam(s)
2026-05-25 22:10:24.137 +02:00 [INF] Map "d5c08240-0436-454a-8993-362abf5bc477": window light drew 2/2 beam(s)
2026-05-25 22:10:24.186 +02:00 [INF] Map "d5c08240-0436-454a-8993-362abf5bc477" 'New Map' loaded with 1 window light zone(s)
2026-05-25 22:10:24.194 +02:00 [INF] BuildWindowLightBeams() map "d5c08240-0436-454a-8993-362abf5bc477": WindowLightZones=1
2026-05-25 22:10:24.194 +02:00 [INF] BuildWindowLightBeams() map "d5c08240-0436-454a-8993-362abf5bc477": created 1 beam(s) from 1 zone(s)
2026-05-25 22:10:24.194 +02:00 [INF] Built VBO for map d5c08240-0436-454a-8993-362abf5bc477 'New Map' in 1.2144ms
2026-05-25 22:10:24.203 +02:00 [INF] Map "d5c08240-0436-454a-8993-362abf5bc477": window light drew 1/1 beam(s)
2026-05-25 22:10:24.256 +02:00 [INF] Map "d5c08240-0436-454a-8993-362abf5bc477": window light drew 1/1 beam(s)
2026-05-25 22:10:24.307 +02:00 [INF] Map "d5c08240-0436-454a-8993-362abf5bc477": window light drew 1/1 beam(s)
2026-05-25 22:10:24.359 +02:00 [INF] Map "d5c08240-0436-454a-8993-362abf5bc477": window light drew 1/1 beam(s)
2026-05-25 22:10:24.409 +02:00 [INF] Map "d5c08240-0436-454a-8993-362abf5bc477": window light drew 1/1 beam(s)
2026-05-25 22:10:24.473 +02:00 [INF] Map "d5c08240-0436-454a-8993-362abf5bc477": window light drew 1/1 beam(s)
2026-05-25 22:10:24.524 +02:00 [INF] Map "d5c08240-0436-454a-8993-362abf5bc477": window light drew 1/1 beam(s)
2026-05-25 22:10:24.574 +02:00 [INF] Map "d5c08240-0436-454a-8993-362abf5bc477": window light drew 1/1 beam(s)
2026-05-25 22:10:24.625 +02:00 [INF] Map "d5c08240-0436-454a-8993-362abf5bc477": window light drew 1/1 beam(s)
2026-05-25 22:10:24.676 +02:00 [INF] Map "d5c08240-0436-454a-8993-362abf5bc477": window light drew 1/1 beam(s)
2026-05-25 22:10:24.727 +02:00 [INF] Map "d5c08240-0436-454a-8993-362abf5bc477": window light drew 1/1 beam(s)
2026-05-25 22:10:24.779 +02:00 [INF] Map "d5c08240-0436-454a-8993-362abf5bc477": window light drew 1/1 beam(s)
2026-05-25 22:10:24.830 +02:00 [INF] Map "d5c08240-0436-454a-8993-362abf5bc477": window light drew 1/1 beam(s)
2026-05-25 22:10:24.879 +02:00 [INF] Map "d5c08240-0436-454a-8993-362abf5bc477": window light drew 1/1 beam(s)
2026-05-25 22:10:24.943 +02:00 [INF] Map "d5c08240-0436-454a-8993-362abf5bc477": window light drew 1/1 beam(s)
2026-05-25 22:10:24.994 +02:00 [INF] Map "d5c08240-0436-454a-8993-362abf5bc477": window light drew 1/1 beam(s)
2026-05-25 22:10:25.046 +02:00 [INF] Map "d5c08240-0436-454a-8993-362abf5bc477": window light drew 1/1 beam(s)
2026-05-25 22:10:25.097 +02:00 [INF] Map "d5c08240-0436-454a-8993-362abf5bc477": window light drew 1/1 beam(s)
2026-05-25 22:10:25.147 +02:00 [INF] Map "d5c08240-0436-454a-8993-362abf5bc477": window light drew 1/1 beam(s)
2026-05-25 22:10:25.201 +02:00 [INF] Map "d5c08240-0436-454a-8993-362abf5bc477": window light drew 1/1 beam(s)
2026-05-25 22:10:25.253 +02:00 [INF] Map "d5c08240-0436-454a-8993-362abf5bc477": window light drew 1/1 beam(s)
2026-05-25 22:10:25.305 +02:00 [INF] Map "d5c08240-0436-454a-8993-362abf5bc477": window light drew 1/1 beam(s)
2026-05-25 22:10:25.367 +02:00 [INF] Map "d5c08240-0436-454a-8993-362abf5bc477": window light drew 1/1 beam(s)
2026-05-25 22:10:25.418 +02:00 [INF] Map "d5c08240-0436-454a-8993-362abf5bc477": window light drew 1/1 beam(s)
2026-05-25 22:10:25.468 +02:00 [INF] Map "d5c08240-0436-454a-8993-362abf5bc477": window light drew 1/1 beam(s)
2026-05-25 22:10:25.525 +02:00 [INF] Map "d5c08240-0436-454a-8993-362abf5bc477": window light drew 1/1 beam(s)
2026-05-25 22:10:25.576 +02:00 [INF] Map "d5c08240-0436-454a-8993-362abf5bc477": window light drew 1/1 beam(s)
2026-05-25 22:10:25.625 +02:00 [INF] Map "d5c08240-0436-454a-8993-362abf5bc477": window light drew 1/1 beam(s)
2026-05-25 22:10:25.676 +02:00 [INF] Map "d5c08240-0436-454a-8993-362abf5bc477": window light drew 1/1 beam(s)
2026-05-25 22:10:25.725 +02:00 [INF] Map "d5c08240-0436-454a-8993-362abf5bc477": window light drew 1/1 beam(s)
2026-05-25 22:10:25.775 +02:00 [INF] Map "d5c08240-0436-454a-8993-362abf5bc477": window light drew 1/1 beam(s)
2026-05-25 22:10:25.839 +02:00 [INF] Map "d5c08240-0436-454a-8993-362abf5bc477": window light drew 1/1 beam(s)
2026-05-25 22:10:25.889 +02:00 [INF] Map "d5c08240-0436-454a-8993-362abf5bc477": window light drew 1/1 beam(s)
2026-05-25 22:10:25.939 +02:00 [INF] Map "d5c08240-0436-454a-8993-362abf5bc477": window light drew 1/1 beam(s)
2026-05-25 22:10:25.989 +02:00 [INF] Map "d5c08240-0436-454a-8993-362abf5bc477": window light drew 1/1 beam(s)
2026-05-25 22:10:26.039 +02:00 [INF] Map "d5c08240-0436-454a-8993-362abf5bc477": window light drew 1/1 beam(s)
2026-05-25 22:10:26.089 +02:00 [INF] Map "d5c08240-0436-454a-8993-362abf5bc477": window light drew 1/1 beam(s)
2026-05-25 22:10:26.139 +02:00 [INF] Map "d5c08240-0436-454a-8993-362abf5bc477": window light drew 1/1 beam(s)
2026-05-25 22:10:26.190 +02:00 [INF] Map "d5c08240-0436-454a-8993-362abf5bc477": window light drew 1/1 beam(s)
2026-05-25 22:10:26.253 +02:00 [INF] Map "d5c08240-0436-454a-8993-362abf5bc477": window light drew 1/1 beam(s)
2026-05-25 22:10:26.303 +02:00 [INF] Map "d5c08240-0436-454a-8993-362abf5bc477": window light drew 1/1 beam(s)
2026-05-25 22:10:26.353 +02:00 [INF] Map "d5c08240-0436-454a-8993-362abf5bc477": window light drew 1/1 beam(s)
2026-05-25 22:10:26.403 +02:00 [INF] Map "d5c08240-0436-454a-8993-362abf5bc477": window light drew 1/1 beam(s)
2026-05-25 22:10:26.453 +02:00 [INF] Map "d5c08240-0436-454a-8993-362abf5bc477": window light drew 1/1 beam(s)
2026-05-25 22:10:26.503 +02:00 [INF] Map "d5c08240-0436-454a-8993-362abf5bc477": window light drew 1/1 beam(s)
2026-05-25 22:10:26.554 +02:00 [INF] Map "d5c08240-0436-454a-8993-362abf5bc477": window light drew 1/1 beam(s)
2026-05-25 22:10:26.603 +02:00 [INF] Map "d5c08240-0436-454a-8993-362abf5bc477": window light drew 1/1 beam(s)
2026-05-25 22:10:26.653 +02:00 [INF] Map "d5c08240-0436-454a-8993-362abf5bc477": window light drew 1/1 beam(s)
2026-05-25 22:10:26.717 +02:00 [INF] Map "d5c08240-0436-454a-8993-362abf5bc477": window light drew 1/1 beam(s)
2026-05-25 22:10:26.768 +02:00 [INF] Map "d5c08240-0436-454a-8993-362abf5bc477": window light drew 1/1 beam(s)
2026-05-25 22:10:26.818 +02:00 [INF] Map "d5c08240-0436-454a-8993-362abf5bc477": window light drew 1/1 beam(s)
2026-05-25 22:10:26.870 +02:00 [INF] Map "d5c08240-0436-454a-8993-362abf5bc477": window light drew 1/1 beam(s)
2026-05-25 22:10:26.919 +02:00 [INF] Map "d5c08240-0436-454a-8993-362abf5bc477": window light drew 1/1 beam(s)
2026-05-25 22:10:26.969 +02:00 [INF] Map "d5c08240-0436-454a-8993-362abf5bc477": window light drew 1/1 beam(s)
2026-05-25 22:10:27.020 +02:00 [INF] Map "d5c08240-0436-454a-8993-362abf5bc477": window light drew 1/1 beam(s)
2026-05-25 22:10:27.070 +02:00 [INF] Map "d5c08240-0436-454a-8993-362abf5bc477": window light drew 1/1 beam(s)
2026-05-25 22:10:27.133 +02:00 [INF] Map "d5c08240-0436-454a-8993-362abf5bc477": window light drew 1/1 beam(s)
2026-05-25 22:10:27.184 +02:00 [INF] Map "d5c08240-0436-454a-8993-362abf5bc477": window light drew 1/1 beam(s)
2026-05-25 22:10:27.235 +02:00 [INF] Map "d5c08240-0436-454a-8993-362abf5bc477": window light drew 1/1 beam(s)
2026-05-25 22:10:27.285 +02:00 [INF] Map "d5c08240-0436-454a-8993-362abf5bc477": window light drew 1/1 beam(s)
2026-05-25 22:10:27.335 +02:00 [INF] Map "d5c08240-0436-454a-8993-362abf5bc477": window light drew 1/1 beam(s)
2026-05-25 22:10:27.385 +02:00 [INF] Map "d5c08240-0436-454a-8993-362abf5bc477": window light drew 1/1 beam(s)
2026-05-25 22:10:27.436 +02:00 [INF] Map "d5c08240-0436-454a-8993-362abf5bc477": window light drew 1/1 beam(s)
2026-05-25 22:10:27.486 +02:00 [INF] Map "d5c08240-0436-454a-8993-362abf5bc477": window light drew 1/1 beam(s)
2026-05-25 22:10:27.536 +02:00 [INF] Map "d5c08240-0436-454a-8993-362abf5bc477": window light drew 1/1 beam(s)
2026-05-25 22:10:27.599 +02:00 [INF] Map "d5c08240-0436-454a-8993-362abf5bc477": window light drew 1/1 beam(s)
2026-05-25 22:10:27.649 +02:00 [INF] Map "d5c08240-0436-454a-8993-362abf5bc477": window light drew 1/1 beam(s)
2026-05-25 22:10:27.699 +02:00 [INF] Map "d5c08240-0436-454a-8993-362abf5bc477": window light drew 1/1 beam(s)
2026-05-25 22:10:27.750 +02:00 [INF] Map "d5c08240-0436-454a-8993-362abf5bc477": window light drew 1/1 beam(s)
2026-05-25 22:10:27.800 +02:00 [INF] Map "d5c08240-0436-454a-8993-362abf5bc477": window light drew 1/1 beam(s)
2026-05-25 22:10:27.850 +02:00 [INF] Map "d5c08240-0436-454a-8993-362abf5bc477": window light drew 1/1 beam(s)
2026-05-25 22:10:27.900 +02:00 [INF] Map "d5c08240-0436-454a-8993-362abf5bc477": window light drew 1/1 beam(s)
2026-05-25 22:10:27.951 +02:00 [INF] Map "d5c08240-0436-454a-8993-362abf5bc477": window light drew 1/1 beam(s)
2026-05-25 22:10:28.013 +02:00 [INF] Map "d5c08240-0436-454a-8993-362abf5bc477": window light drew 1/1 beam(s)
2026-05-25 22:10:28.063 +02:00 [INF] Map "d5c08240-0436-454a-8993-362abf5bc477": window light drew 1/1 beam(s)
2026-05-25 22:10:28.113 +02:00 [INF] Map "d5c08240-0436-454a-8993-362abf5bc477": window light drew 1/1 beam(s)
2026-05-25 22:10:28.163 +02:00 [INF] Map "d5c08240-0436-454a-8993-362abf5bc477": window light drew 1/1 beam(s)
2026-05-25 22:10:28.213 +02:00 [INF] Map "d5c08240-0436-454a-8993-362abf5bc477": window light drew 1/1 beam(s)
2026-05-25 22:10:28.264 +02:00 [INF] Map "d5c08240-0436-454a-8993-362abf5bc477": window light drew 1/1 beam(s)
2026-05-25 22:10:28.313 +02:00 [INF] Map "d5c08240-0436-454a-8993-362abf5bc477": window light drew 1/1 beam(s)
2026-05-25 22:10:28.363 +02:00 [INF] Map "d5c08240-0436-454a-8993-362abf5bc477": window light drew 1/1 beam(s)
2026-05-25 22:10:28.415 +02:00 [INF] Map "d5c08240-0436-454a-8993-362abf5bc477": window light drew 1/1 beam(s)
2026-05-25 22:10:28.478 +02:00 [INF] Map "d5c08240-0436-454a-8993-362abf5bc477": window light drew 1/1 beam(s)
2026-05-25 22:10:28.529 +02:00 [INF] Map "d5c08240-0436-454a-8993-362abf5bc477": window light drew 1/1 beam(s)
2026-05-25 22:10:28.579 +02:00 [INF] Map "d5c08240-0436-454a-8993-362abf5bc477": window light drew 1/1 beam(s)
2026-05-25 22:10:28.629 +02:00 [INF] Map "d5c08240-0436-454a-8993-362abf5bc477": window light drew 1/1 beam(s)
2026-05-25 22:10:28.679 +02:00 [INF] Map "d5c08240-0436-454a-8993-362abf5bc477": window light drew 1/1 beam(s)
2026-05-25 22:10:28.730 +02:00 [INF] Map "d5c08240-0436-454a-8993-362abf5bc477": window light drew 1/1 beam(s)
2026-05-25 22:10:28.780 +02:00 [INF] Map "d5c08240-0436-454a-8993-362abf5bc477": window light drew 1/1 beam(s)
2026-05-25 22:10:28.830 +02:00 [INF] Map "d5c08240-0436-454a-8993-362abf5bc477": window light drew 1/1 beam(s)
2026-05-25 22:10:28.893 +02:00 [INF] Map "d5c08240-0436-454a-8993-362abf5bc477": window light drew 1/1 beam(s)
2026-05-25 22:10:28.943 +02:00 [INF] Map "d5c08240-0436-454a-8993-362abf5bc477": window light drew 1/1 beam(s)
2026-05-25 22:10:28.993 +02:00 [INF] Map "d5c08240-0436-454a-8993-362abf5bc477": window light drew 1/1 beam(s)
2026-05-25 22:10:29.048 +02:00 [INF] Map "d5c08240-0436-454a-8993-362abf5bc477": window light drew 1/1 beam(s)
2026-05-25 22:10:29.099 +02:00 [INF] Map "d5c08240-0436-454a-8993-362abf5bc477": window light drew 1/1 beam(s)
2026-05-25 22:10:29.150 +02:00 [INF] Map "d5c08240-0436-454a-8993-362abf5bc477": window light drew 1/1 beam(s)
2026-05-25 22:10:29.201 +02:00 [INF] Map "d5c08240-0436-454a-8993-362abf5bc477": window light drew 1/1 beam(s)
2026-05-25 22:10:29.251 +02:00 [INF] Map "d5c08240-0436-454a-8993-362abf5bc477": window light drew 1/1 beam(s)
2026-05-25 22:10:29.302 +02:00 [INF] Map "d5c08240-0436-454a-8993-362abf5bc477": window light drew 1/1 beam(s)
2026-05-25 22:10:29.364 +02:00 [INF] Map "d5c08240-0436-454a-8993-362abf5bc477": window light drew 1/1 beam(s)
2026-05-25 22:10:29.415 +02:00 [INF] Map "d5c08240-0436-454a-8993-362abf5bc477": window light drew 1/1 beam(s)
2026-05-25 22:10:29.465 +02:00 [INF] Map "d5c08240-0436-454a-8993-362abf5bc477": window light drew 1/1 beam(s)
2026-05-25 22:10:29.523 +02:00 [INF] Map "d5c08240-0436-454a-8993-362abf5bc477": window light drew 1/1 beam(s)
2026-05-25 22:10:29.573 +02:00 [INF] Map "d5c08240-0436-454a-8993-362abf5bc477": window light drew 1/1 beam(s)
2026-05-25 22:10:29.623 +02:00 [INF] Map "d5c08240-0436-454a-8993-362abf5bc477": window light drew 1/1 beam(s)
2026-05-25 22:10:29.673 +02:00 [INF] Map "d5c08240-0436-454a-8993-362abf5bc477": window light drew 1/1 beam(s)
2026-05-25 22:10:29.723 +02:00 [INF] Map "d5c08240-0436-454a-8993-362abf5bc477": window light drew 1/1 beam(s)
2026-05-25 22:10:29.785 +02:00 [INF] Map "d5c08240-0436-454a-8993-362abf5bc477": window light drew 1/1 beam(s)
2026-05-25 22:10:29.835 +02:00 [INF] Map "d5c08240-0436-454a-8993-362abf5bc477": window light drew 1/1 beam(s)
2026-05-25 22:10:29.885 +02:00 [INF] Map "d5c08240-0436-454a-8993-362abf5bc477": window light drew 1/1 beam(s)
2026-05-25 22:10:29.936 +02:00 [INF] Map "d5c08240-0436-454a-8993-362abf5bc477": window light drew 1/1 beam(s)
2026-05-25 22:10:29.986 +02:00 [INF] Map "d5c08240-0436-454a-8993-362abf5bc477": window light drew 1/1 beam(s)
2026-05-25 22:10:30.036 +02:00 [INF] Map "d5c08240-0436-454a-8993-362abf5bc477": window light drew 1/1 beam(s)
2026-05-25 22:10:30.086 +02:00 [INF] Map "d5c08240-0436-454a-8993-362abf5bc477": window light drew 1/1 beam(s)
2026-05-25 22:10:30.136 +02:00 [INF] Map "d5c08240-0436-454a-8993-362abf5bc477": window light drew 1/1 beam(s)
2026-05-25 22:10:30.186 +02:00 [INF] Map "d5c08240-0436-454a-8993-362abf5bc477": window light drew 1/1 beam(s)
2026-05-25 22:10:30.249 +02:00 [INF] Map "d5c08240-0436-454a-8993-362abf5bc477": window light drew 1/1 beam(s)
2026-05-25 22:10:30.299 +02:00 [INF] Map "d5c08240-0436-454a-8993-362abf5bc477": window light drew 1/1 beam(s)
2026-05-25 22:10:30.348 +02:00 [INF] Map "d5c08240-0436-454a-8993-362abf5bc477": window light drew 1/1 beam(s)
2026-05-25 22:10:30.399 +02:00 [INF] Map "d5c08240-0436-454a-8993-362abf5bc477": window light drew 1/1 beam(s)
2026-05-25 22:10:30.449 +02:00 [INF] Map "d5c08240-0436-454a-8993-362abf5bc477": window light drew 1/1 beam(s)
2026-05-25 22:10:30.500 +02:00 [INF] Map "d5c08240-0436-454a-8993-362abf5bc477": window light drew 1/1 beam(s)
2026-05-25 22:10:30.546 +02:00 [INF] Map "d5c08240-0436-454a-8993-362abf5bc477" 'New Map' loaded with 7 window light zone(s)
2026-05-25 22:10:30.553 +02:00 [INF] BuildWindowLightBeams() map "d5c08240-0436-454a-8993-362abf5bc477": WindowLightZones=7
2026-05-25 22:10:30.553 +02:00 [INF] BuildWindowLightBeams() map "d5c08240-0436-454a-8993-362abf5bc477": created 2 beam(s) from 7 zone(s)
2026-05-25 22:10:30.553 +02:00 [INF] Built VBO for map d5c08240-0436-454a-8993-362abf5bc477 'New Map' in 1.1914ms
2026-05-25 22:10:30.567 +02:00 [INF] Map "d5c08240-0436-454a-8993-362abf5bc477": window light drew 2/2 beam(s)
2026-05-25 22:10:30.633 +02:00 [INF] Map "d5c08240-0436-454a-8993-362abf5bc477": window light drew 2/2 beam(s)
2026-05-25 22:10:30.689 +02:00 [INF] Map "d5c08240-0436-454a-8993-362abf5bc477": window light drew 2/2 beam(s)
2026-05-25 22:10:30.744 +02:00 [INF] Map "d5c08240-0436-454a-8993-362abf5bc477": window light drew 2/2 beam(s)
2026-05-25 22:10:30.800 +02:00 [INF] Map "d5c08240-0436-454a-8993-362abf5bc477": window light drew 2/2 beam(s)
2026-05-25 22:10:30.856 +02:00 [INF] Map "d5c08240-0436-454a-8993-362abf5bc477": window light drew 2/2 beam(s)
2026-05-25 22:10:30.910 +02:00 [INF] Map "d5c08240-0436-454a-8993-362abf5bc477": window light drew 2/2 beam(s)
2026-05-25 22:10:30.966 +02:00 [INF] Map "d5c08240-0436-454a-8993-362abf5bc477": window light drew 2/2 beam(s)
2026-05-25 22:10:31.021 +02:00 [INF] Map "d5c08240-0436-454a-8993-362abf5bc477": window light drew 2/2 beam(s)
2026-05-25 22:10:31.076 +02:00 [INF] Map "d5c08240-0436-454a-8993-362abf5bc477": window light drew 2/2 beam(s)
2026-05-25 22:10:31.145 +02:00 [INF] Map "d5c08240-0436-454a-8993-362abf5bc477": window light drew 2/2 beam(s)
2026-05-25 22:10:31.201 +02:00 [INF] Map "d5c08240-0436-454a-8993-362abf5bc477": window light drew 2/2 beam(s)
2026-05-25 22:10:31.256 +02:00 [INF] Map "d5c08240-0436-454a-8993-362abf5bc477": window light drew 2/2 beam(s)
2026-05-25 22:10:31.312 +02:00 [INF] Map "d5c08240-0436-454a-8993-362abf5bc477": window light drew 2/2 beam(s)
2026-05-25 22:10:31.368 +02:00 [INF] Map "d5c08240-0436-454a-8993-362abf5bc477": window light drew 2/2 beam(s)
2026-05-25 22:10:31.423 +02:00 [INF] Map "d5c08240-0436-454a-8993-362abf5bc477": window light drew 2/2 beam(s)
2026-05-25 22:10:31.480 +02:00 [INF] Map "d5c08240-0436-454a-8993-362abf5bc477": window light drew 2/2 beam(s)
2026-05-25 22:10:31.535 +02:00 [INF] Map "d5c08240-0436-454a-8993-362abf5bc477": window light drew 2/2 beam(s)
2026-05-25 22:10:31.603 +02:00 [INF] Map "d5c08240-0436-454a-8993-362abf5bc477": window light drew 2/2 beam(s)
2026-05-25 22:10:31.659 +02:00 [INF] Map "d5c08240-0436-454a-8993-362abf5bc477": window light drew 2/2 beam(s)
2026-05-25 22:10:31.715 +02:00 [INF] Map "d5c08240-0436-454a-8993-362abf5bc477": window light drew 2/2 beam(s)
2026-05-25 22:10:31.774 +02:00 [INF] Map "d5c08240-0436-454a-8993-362abf5bc477": window light drew 2/2 beam(s)
2026-05-25 22:10:31.828 +02:00 [INF] Map "d5c08240-0436-454a-8993-362abf5bc477": window light drew 2/2 beam(s)
2026-05-25 22:10:31.884 +02:00 [INF] Map "d5c08240-0436-454a-8993-362abf5bc477": window light drew 2/2 beam(s)
2026-05-25 22:10:31.939 +02:00 [INF] Map "d5c08240-0436-454a-8993-362abf5bc477": window light drew 2/2 beam(s)
2026-05-25 22:10:31.994 +02:00 [INF] Map "d5c08240-0436-454a-8993-362abf5bc477": window light drew 2/2 beam(s)
2026-05-25 22:10:32.049 +02:00 [INF] Map "d5c08240-0436-454a-8993-362abf5bc477": window light drew 2/2 beam(s)
2026-05-25 22:10:32.118 +02:00 [INF] Map "d5c08240-0436-454a-8993-362abf5bc477": window light drew 2/2 beam(s)
2026-05-25 22:10:32.173 +02:00 [INF] Map "d5c08240-0436-454a-8993-362abf5bc477": window light drew 2/2 beam(s)
2026-05-25 22:10:32.228 +02:00 [INF] Map "d5c08240-0436-454a-8993-362abf5bc477": window light drew 2/2 beam(s)
2026-05-25 22:10:32.284 +02:00 [INF] Map "d5c08240-0436-454a-8993-362abf5bc477": window light drew 2/2 beam(s)
2026-05-25 22:10:32.340 +02:00 [INF] Map "d5c08240-0436-454a-8993-362abf5bc477": window light drew 2/2 beam(s)
2026-05-25 22:10:32.394 +02:00 [INF] Map "d5c08240-0436-454a-8993-362abf5bc477": window light drew 2/2 beam(s)
2026-05-25 22:10:32.450 +02:00 [INF] Map "d5c08240-0436-454a-8993-362abf5bc477": window light drew 2/2 beam(s)
2026-05-25 22:10:32.506 +02:00 [INF] Map "d5c08240-0436-454a-8993-362abf5bc477": window light drew 2/2 beam(s)
2026-05-25 22:10:32.574 +02:00 [INF] Map "d5c08240-0436-454a-8993-362abf5bc477": window light drew 2/2 beam(s)
2026-05-25 22:10:32.628 +02:00 [INF] Map "d5c08240-0436-454a-8993-362abf5bc477": window light drew 2/2 beam(s)
2026-05-25 22:10:32.683 +02:00 [INF] Map "d5c08240-0436-454a-8993-362abf5bc477": window light drew 2/2 beam(s)
2026-05-25 22:10:32.738 +02:00 [INF] Map "d5c08240-0436-454a-8993-362abf5bc477": window light drew 2/2 beam(s)
2026-05-25 22:10:32.793 +02:00 [INF] Map "d5c08240-0436-454a-8993-362abf5bc477": window light drew 2/2 beam(s)
2026-05-25 22:10:32.848 +02:00 [INF] Map "d5c08240-0436-454a-8993-362abf5bc477": window light drew 2/2 beam(s)
2026-05-25 22:10:32.903 +02:00 [INF] Map "d5c08240-0436-454a-8993-362abf5bc477": window light drew 2/2 beam(s)
2026-05-25 22:10:32.958 +02:00 [INF] Map "d5c08240-0436-454a-8993-362abf5bc477": window light drew 2/2 beam(s)
2026-05-25 22:10:33.013 +02:00 [INF] Map "d5c08240-0436-454a-8993-362abf5bc477": window light drew 2/2 beam(s)
2026-05-25 22:10:33.082 +02:00 [INF] Map "d5c08240-0436-454a-8993-362abf5bc477": window light drew 2/2 beam(s)
2026-05-25 22:10:33.137 +02:00 [INF] Map "d5c08240-0436-454a-8993-362abf5bc477": window light drew 2/2 beam(s)
2026-05-25 22:10:33.192 +02:00 [INF] Map "d5c08240-0436-454a-8993-362abf5bc477": window light drew 2/2 beam(s)
2026-05-25 22:10:33.247 +02:00 [INF] Map "d5c08240-0436-454a-8993-362abf5bc477": window light drew 2/2 beam(s)
2026-05-25 22:10:33.302 +02:00 [INF] Map "d5c08240-0436-454a-8993-362abf5bc477": window light drew 2/2 beam(s)
2026-05-25 22:10:33.357 +02:00 [INF] Map "d5c08240-0436-454a-8993-362abf5bc477": window light drew 2/2 beam(s)
2026-05-25 22:10:33.412 +02:00 [INF] Map "d5c08240-0436-454a-8993-362abf5bc477": window light drew 2/2 beam(s)
2026-05-25 22:10:33.467 +02:00 [INF] Map "d5c08240-0436-454a-8993-362abf5bc477": window light drew 2/2 beam(s)
2026-05-25 22:10:33.536 +02:00 [INF] Map "d5c08240-0436-454a-8993-362abf5bc477": window light drew 2/2 beam(s)
2026-05-25 22:10:33.592 +02:00 [INF] Map "d5c08240-0436-454a-8993-362abf5bc477": window light drew 2/2 beam(s)
2026-05-25 22:10:33.646 +02:00 [INF] Map "d5c08240-0436-454a-8993-362abf5bc477": window light drew 2/2 beam(s)
2026-05-25 22:10:33.702 +02:00 [INF] Map "d5c08240-0436-454a-8993-362abf5bc477": window light drew 2/2 beam(s)
2026-05-25 22:10:33.757 +02:00 [INF] Map "d5c08240-0436-454a-8993-362abf5bc477": window light drew 2/2 beam(s)
2026-05-25 22:10:33.812 +02:00 [INF] Map "d5c08240-0436-454a-8993-362abf5bc477": window light drew 2/2 beam(s)
2026-05-25 22:10:33.868 +02:00 [INF] Map "d5c08240-0436-454a-8993-362abf5bc477": window light drew 2/2 beam(s)
2026-05-25 22:10:33.923 +02:00 [INF] Map "d5c08240-0436-454a-8993-362abf5bc477": window light drew 2/2 beam(s)
2026-05-25 22:10:33.978 +02:00 [INF] Map "d5c08240-0436-454a-8993-362abf5bc477": window light drew 2/2 beam(s)
2026-05-25 22:10:34.045 +02:00 [INF] Map "d5c08240-0436-454a-8993-362abf5bc477": window light drew 2/2 beam(s)
2026-05-25 22:10:34.101 +02:00 [INF] Map "d5c08240-0436-454a-8993-362abf5bc477": window light drew 2/2 beam(s)
2026-05-25 22:10:34.157 +02:00 [INF] Map "d5c08240-0436-454a-8993-362abf5bc477": window light drew 2/2 beam(s)
2026-05-25 22:10:34.213 +02:00 [INF] Map "d5c08240-0436-454a-8993-362abf5bc477": window light drew 2/2 beam(s)
2026-05-25 22:10:34.269 +02:00 [INF] Map "d5c08240-0436-454a-8993-362abf5bc477": window light drew 2/2 beam(s)
2026-05-25 22:10:34.325 +02:00 [INF] Map "d5c08240-0436-454a-8993-362abf5bc477": window light drew 2/2 beam(s)
2026-05-25 22:10:34.380 +02:00 [INF] Map "d5c08240-0436-454a-8993-362abf5bc477": window light drew 2/2 beam(s)
2026-05-25 22:10:34.435 +02:00 [INF] Map "d5c08240-0436-454a-8993-362abf5bc477": window light drew 2/2 beam(s)
2026-05-25 22:10:34.504 +02:00 [INF] Map "d5c08240-0436-454a-8993-362abf5bc477": window light drew 2/2 beam(s)
2026-05-25 22:10:34.559 +02:00 [INF] Map "d5c08240-0436-454a-8993-362abf5bc477": window light drew 2/2 beam(s)
2026-05-25 22:10:34.615 +02:00 [INF] Map "d5c08240-0436-454a-8993-362abf5bc477": window light drew 2/2 beam(s)
2026-05-25 22:10:34.670 +02:00 [INF] Map "d5c08240-0436-454a-8993-362abf5bc477": window light drew 2/2 beam(s)
2026-05-25 22:10:34.725 +02:00 [INF] Map "d5c08240-0436-454a-8993-362abf5bc477": window light drew 2/2 beam(s)
2026-05-25 22:10:34.779 +02:00 [INF] Map "d5c08240-0436-454a-8993-362abf5bc477": window light drew 2/2 beam(s)
2026-05-25 22:10:34.835 +02:00 [INF] Map "d5c08240-0436-454a-8993-362abf5bc477": window light drew 2/2 beam(s)
2026-05-25 22:10:34.891 +02:00 [INF] Map "d5c08240-0436-454a-8993-362abf5bc477": window light drew 2/2 beam(s)
2026-05-25 22:10:34.946 +02:00 [INF] Map "d5c08240-0436-454a-8993-362abf5bc477": window light drew 2/2 beam(s)
2026-05-25 22:10:35.014 +02:00 [INF] Map "d5c08240-0436-454a-8993-362abf5bc477": window light drew 2/2 beam(s)
2026-05-25 22:10:35.069 +02:00 [INF] Map "d5c08240-0436-454a-8993-362abf5bc477": window light drew 2/2 beam(s)
2026-05-25 22:10:35.124 +02:00 [INF] Map "d5c08240-0436-454a-8993-362abf5bc477": window light drew 2/2 beam(s)
2026-05-25 22:10:35.179 +02:00 [INF] Map "d5c08240-0436-454a-8993-362abf5bc477": window light drew 2/2 beam(s)
2026-05-25 22:10:35.235 +02:00 [INF] Map "d5c08240-0436-454a-8993-362abf5bc477": window light drew 2/2 beam(s)
2026-05-25 22:10:35.290 +02:00 [INF] Map "d5c08240-0436-454a-8993-362abf5bc477": window light drew 2/2 beam(s)
2026-05-25 22:10:35.345 +02:00 [INF] Map "d5c08240-0436-454a-8993-362abf5bc477": window light drew 2/2 beam(s)
2026-05-25 22:10:35.408 +02:00 [INF] Map "d5c08240-0436-454a-8993-362abf5bc477": window light drew 2/2 beam(s)
2026-05-25 22:10:35.477 +02:00 [INF] Map "d5c08240-0436-454a-8993-362abf5bc477": window light drew 2/2 beam(s)
2026-05-25 22:10:35.533 +02:00 [INF] Map "d5c08240-0436-454a-8993-362abf5bc477": window light drew 2/2 beam(s)
2026-05-25 22:10:35.588 +02:00 [INF] Map "d5c08240-0436-454a-8993-362abf5bc477": window light drew 2/2 beam(s)
2026-05-25 22:10:35.644 +02:00 [INF] Map "d5c08240-0436-454a-8993-362abf5bc477": window light drew 2/2 beam(s)
2026-05-25 22:10:35.699 +02:00 [INF] Map "d5c08240-0436-454a-8993-362abf5bc477": window light drew 2/2 beam(s)
2026-05-25 22:10:35.754 +02:00 [INF] Map "d5c08240-0436-454a-8993-362abf5bc477": window light drew 2/2 beam(s)
2026-05-25 22:10:35.809 +02:00 [INF] Map "d5c08240-0436-454a-8993-362abf5bc477": window light drew 2/2 beam(s)
2026-05-25 22:10:35.864 +02:00 [INF] Map "d5c08240-0436-454a-8993-362abf5bc477": window light drew 2/2 beam(s)
2026-05-25 22:10:35.919 +02:00 [INF] Map "d5c08240-0436-454a-8993-362abf5bc477": window light drew 2/2 beam(s)
2026-05-25 22:10:35.988 +02:00 [INF] Map "d5c08240-0436-454a-8993-362abf5bc477": window light drew 2/2 beam(s)
2026-05-25 22:10:36.042 +02:00 [INF] Map "d5c08240-0436-454a-8993-362abf5bc477": window light drew 2/2 beam(s)
2026-05-25 22:10:36.098 +02:00 [INF] Map "d5c08240-0436-454a-8993-362abf5bc477": window light drew 2/2 beam(s)
2026-05-25 22:10:36.154 +02:00 [INF] Map "d5c08240-0436-454a-8993-362abf5bc477": window light drew 2/2 beam(s)
2026-05-25 22:10:36.201 +02:00 [INF] Map "d5c08240-0436-454a-8993-362abf5bc477" 'New Map' loaded with 1 window light zone(s)
2026-05-25 22:10:36.209 +02:00 [INF] BuildWindowLightBeams() map "d5c08240-0436-454a-8993-362abf5bc477": WindowLightZones=1
2026-05-25 22:10:36.209 +02:00 [INF] BuildWindowLightBeams() map "d5c08240-0436-454a-8993-362abf5bc477": created 1 beam(s) from 1 zone(s)
2026-05-25 22:10:36.209 +02:00 [INF] Built VBO for map d5c08240-0436-454a-8993-362abf5bc477 'New Map' in 1.0823ms
2026-05-25 22:10:36.216 +02:00 [INF] Map "d5c08240-0436-454a-8993-362abf5bc477": window light drew 1/1 beam(s)
2026-05-25 22:10:36.267 +02:00 [INF] Map "d5c08240-0436-454a-8993-362abf5bc477": window light drew 1/1 beam(s)
2026-05-25 22:10:36.318 +02:00 [INF] Map "d5c08240-0436-454a-8993-362abf5bc477": window light drew 1/1 beam(s)
2026-05-25 22:10:36.383 +02:00 [INF] Map "d5c08240-0436-454a-8993-362abf5bc477": window light drew 1/1 beam(s)
2026-05-25 22:10:36.434 +02:00 [INF] Map "d5c08240-0436-454a-8993-362abf5bc477": window light drew 1/1 beam(s)
2026-05-25 22:10:36.486 +02:00 [INF] Map "d5c08240-0436-454a-8993-362abf5bc477": window light drew 1/1 beam(s)
2026-05-25 22:10:36.536 +02:00 [INF] Map "d5c08240-0436-454a-8993-362abf5bc477": window light drew 1/1 beam(s)
2026-05-25 22:10:36.586 +02:00 [INF] Map "d5c08240-0436-454a-8993-362abf5bc477": window light drew 1/1 beam(s)
2026-05-25 22:10:36.636 +02:00 [INF] Map "d5c08240-0436-454a-8993-362abf5bc477": window light drew 1/1 beam(s)
2026-05-25 22:10:36.687 +02:00 [INF] Map "d5c08240-0436-454a-8993-362abf5bc477": window light drew 1/1 beam(s)
2026-05-25 22:10:36.736 +02:00 [INF] Map "d5c08240-0436-454a-8993-362abf5bc477": window light drew 1/1 beam(s)
2026-05-25 22:10:36.787 +02:00 [INF] Map "d5c08240-0436-454a-8993-362abf5bc477": window light drew 1/1 beam(s)
2026-05-25 22:10:36.850 +02:00 [INF] Map "d5c08240-0436-454a-8993-362abf5bc477": window light drew 1/1 beam(s)
2026-05-25 22:10:36.900 +02:00 [INF] Map "d5c08240-0436-454a-8993-362abf5bc477": window light drew 1/1 beam(s)
2026-05-25 22:10:36.951 +02:00 [INF] Map "d5c08240-0436-454a-8993-362abf5bc477": window light drew 1/1 beam(s)
2026-05-25 22:10:37.001 +02:00 [INF] Map "d5c08240-0436-454a-8993-362abf5bc477": window light drew 1/1 beam(s)
2026-05-25 22:10:37.051 +02:00 [INF] Map "d5c08240-0436-454a-8993-362abf5bc477": window light drew 1/1 beam(s)
2026-05-25 22:10:37.102 +02:00 [INF] Map "d5c08240-0436-454a-8993-362abf5bc477": window light drew 1/1 beam(s)
2026-05-25 22:10:37.152 +02:00 [INF] Map "d5c08240-0436-454a-8993-362abf5bc477": window light drew 1/1 beam(s)
2026-05-25 22:10:37.201 +02:00 [INF] Map "d5c08240-0436-454a-8993-362abf5bc477": window light drew 1/1 beam(s)
2026-05-25 22:10:37.265 +02:00 [INF] Map "d5c08240-0436-454a-8993-362abf5bc477": window light drew 1/1 beam(s)
2026-05-25 22:10:37.316 +02:00 [INF] Map "d5c08240-0436-454a-8993-362abf5bc477": window light drew 1/1 beam(s)
2026-05-25 22:10:37.366 +02:00 [INF] Map "d5c08240-0436-454a-8993-362abf5bc477": window light drew 1/1 beam(s)
2026-05-25 22:10:37.417 +02:00 [INF] Map "d5c08240-0436-454a-8993-362abf5bc477": window light drew 1/1 beam(s)
2026-05-25 22:10:37.467 +02:00 [INF] Map "d5c08240-0436-454a-8993-362abf5bc477": window light drew 1/1 beam(s)
2026-05-25 22:10:37.516 +02:00 [INF] Map "d5c08240-0436-454a-8993-362abf5bc477": window light drew 1/1 beam(s)
2026-05-25 22:10:37.566 +02:00 [INF] Map "d5c08240-0436-454a-8993-362abf5bc477": window light drew 1/1 beam(s)
2026-05-25 22:10:37.617 +02:00 [INF] Map "d5c08240-0436-454a-8993-362abf5bc477": window light drew 1/1 beam(s)
2026-05-25 22:10:37.667 +02:00 [INF] Map "d5c08240-0436-454a-8993-362abf5bc477": window light drew 1/1 beam(s)
2026-05-25 22:10:37.731 +02:00 [INF] Map "d5c08240-0436-454a-8993-362abf5bc477": window light drew 1/1 beam(s)
2026-05-25 22:10:37.782 +02:00 [INF] Map "d5c08240-0436-454a-8993-362abf5bc477": window light drew 1/1 beam(s)
2026-05-25 22:10:37.832 +02:00 [INF] Map "d5c08240-0436-454a-8993-362abf5bc477": window light drew 1/1 beam(s)
2026-05-25 22:10:37.882 +02:00 [INF] Map "d5c08240-0436-454a-8993-362abf5bc477": window light drew 1/1 beam(s)
2026-05-25 22:10:37.934 +02:00 [INF] Map "d5c08240-0436-454a-8993-362abf5bc477": window light drew 1/1 beam(s)
2026-05-25 22:10:37.985 +02:00 [INF] Map "d5c08240-0436-454a-8993-362abf5bc477": window light drew 1/1 beam(s)
2026-05-25 22:10:38.036 +02:00 [INF] Map "d5c08240-0436-454a-8993-362abf5bc477": window light drew 1/1 beam(s)
2026-05-25 22:10:38.086 +02:00 [INF] Map "d5c08240-0436-454a-8993-362abf5bc477": window light drew 1/1 beam(s)
2026-05-25 22:10:38.151 +02:00 [INF] Map "d5c08240-0436-454a-8993-362abf5bc477": window light drew 1/1 beam(s)
2026-05-25 22:10:38.201 +02:00 [INF] Map "d5c08240-0436-454a-8993-362abf5bc477": window light drew 1/1 beam(s)
2026-05-25 22:10:38.251 +02:00 [INF] Map "d5c08240-0436-454a-8993-362abf5bc477": window light drew 1/1 beam(s)
2026-05-25 22:10:38.301 +02:00 [INF] Map "d5c08240-0436-454a-8993-362abf5bc477": window light drew 1/1 beam(s)
2026-05-25 22:10:38.351 +02:00 [INF] Map "d5c08240-0436-454a-8993-362abf5bc477": window light drew 1/1 beam(s)
2026-05-25 22:10:38.402 +02:00 [INF] Map "d5c08240-0436-454a-8993-362abf5bc477": window light drew 1/1 beam(s)
2026-05-25 22:10:38.451 +02:00 [INF] Map "d5c08240-0436-454a-8993-362abf5bc477": window light drew 1/1 beam(s)
2026-05-25 22:10:38.502 +02:00 [INF] Map "d5c08240-0436-454a-8993-362abf5bc477": window light drew 1/1 beam(s)
2026-05-25 22:10:38.552 +02:00 [INF] Map "d5c08240-0436-454a-8993-362abf5bc477": window light drew 1/1 beam(s)
2026-05-25 22:10:38.614 +02:00 [INF] Map "d5c08240-0436-454a-8993-362abf5bc477": window light drew 1/1 beam(s)
2026-05-25 22:10:38.664 +02:00 [INF] Map "d5c08240-0436-454a-8993-362abf5bc477": window light drew 1/1 beam(s)
2026-05-25 22:10:38.714 +02:00 [INF] Map "d5c08240-0436-454a-8993-362abf5bc477": window light drew 1/1 beam(s)
2026-05-25 22:10:38.764 +02:00 [INF] Map "d5c08240-0436-454a-8993-362abf5bc477": window light drew 1/1 beam(s)
2026-05-25 22:10:38.815 +02:00 [INF] Map "d5c08240-0436-454a-8993-362abf5bc477": window light drew 1/1 beam(s)
2026-05-25 22:10:38.865 +02:00 [INF] Map "d5c08240-0436-454a-8993-362abf5bc477": window light drew 1/1 beam(s)
2026-05-25 22:10:38.915 +02:00 [INF] Map "d5c08240-0436-454a-8993-362abf5bc477": window light drew 1/1 beam(s)
2026-05-25 22:10:38.965 +02:00 [INF] Map "d5c08240-0436-454a-8993-362abf5bc477": window light drew 1/1 beam(s)
2026-05-25 22:10:39.028 +02:00 [INF] Map "d5c08240-0436-454a-8993-362abf5bc477": window light drew 1/1 beam(s)
2026-05-25 22:10:39.077 +02:00 [INF] Map "d5c08240-0436-454a-8993-362abf5bc477": window light drew 1/1 beam(s)
2026-05-25 22:10:39.127 +02:00 [INF] Map "d5c08240-0436-454a-8993-362abf5bc477": window light drew 1/1 beam(s)
2026-05-25 22:10:39.178 +02:00 [INF] Map "d5c08240-0436-454a-8993-362abf5bc477": window light drew 1/1 beam(s)
2026-05-25 22:10:39.228 +02:00 [INF] Map "d5c08240-0436-454a-8993-362abf5bc477": window light drew 1/1 beam(s)
2026-05-25 22:10:39.278 +02:00 [INF] Map "d5c08240-0436-454a-8993-362abf5bc477": window light drew 1/1 beam(s)
2026-05-25 22:10:39.318 +02:00 [INF] Map "d5c08240-0436-454a-8993-362abf5bc477": window light drew 1/1 beam(s)
2026-05-25 22:10:39.349 +02:00 [INF] Map "d5c08240-0436-454a-8993-362abf5bc477": window light drew 1/1 beam(s)
2026-05-25 22:10:39.379 +02:00 [INF] Map "d5c08240-0436-454a-8993-362abf5bc477": window light drew 1/1 beam(s)
2026-05-25 22:10:39.421 +02:00 [INF] Map "d5c08240-0436-454a-8993-362abf5bc477": window light drew 1/1 beam(s)
2026-05-25 22:10:39.450 +02:00 [INF] Map "d5c08240-0436-454a-8993-362abf5bc477": window light drew 1/1 beam(s)
2026-05-25 22:10:39.479 +02:00 [INF] Map "d5c08240-0436-454a-8993-362abf5bc477": window light drew 1/1 beam(s)
2026-05-25 22:10:39.509 +02:00 [INF] Map "d5c08240-0436-454a-8993-362abf5bc477": window light drew 1/1 beam(s)
2026-05-25 22:10:39.538 +02:00 [INF] Map "d5c08240-0436-454a-8993-362abf5bc477": window light drew 1/1 beam(s)
2026-05-25 22:10:39.567 +02:00 [INF] Map "d5c08240-0436-454a-8993-362abf5bc477": window light drew 1/1 beam(s)
2026-05-25 22:10:39.597 +02:00 [INF] Map "d5c08240-0436-454a-8993-362abf5bc477": window light drew 1/1 beam(s)
2026-05-25 22:10:39.626 +02:00 [INF] Map "d5c08240-0436-454a-8993-362abf5bc477": window light drew 1/1 beam(s)
2026-05-25 22:10:39.668 +02:00 [INF] Map "d5c08240-0436-454a-8993-362abf5bc477": window light drew 1/1 beam(s)
2026-05-25 22:10:39.697 +02:00 [INF] Map "d5c08240-0436-454a-8993-362abf5bc477": window light drew 1/1 beam(s)
2026-05-25 22:10:39.726 +02:00 [INF] Map "d5c08240-0436-454a-8993-362abf5bc477": window light drew 1/1 beam(s)
2026-05-25 22:10:39.756 +02:00 [INF] Map "d5c08240-0436-454a-8993-362abf5bc477": window light drew 1/1 beam(s)
2026-05-25 22:10:39.785 +02:00 [INF] Map "d5c08240-0436-454a-8993-362abf5bc477": window light drew 1/1 beam(s)
2026-05-25 22:10:39.814 +02:00 [INF] Map "d5c08240-0436-454a-8993-362abf5bc477": window light drew 1/1 beam(s)
2026-05-25 22:10:39.843 +02:00 [INF] Map "d5c08240-0436-454a-8993-362abf5bc477": window light drew 1/1 beam(s)
2026-05-25 22:10:39.872 +02:00 [INF] Map "d5c08240-0436-454a-8993-362abf5bc477": window light drew 1/1 beam(s)
2026-05-25 22:10:39.902 +02:00 [INF] Map "d5c08240-0436-454a-8993-362abf5bc477": window light drew 1/1 beam(s)
2026-05-25 22:10:39.944 +02:00 [INF] Map "d5c08240-0436-454a-8993-362abf5bc477": window light drew 1/1 beam(s)
2026-05-25 22:10:39.973 +02:00 [INF] Map "d5c08240-0436-454a-8993-362abf5bc477": window light drew 1/1 beam(s)
2026-05-25 22:10:40.003 +02:00 [INF] Map "d5c08240-0436-454a-8993-362abf5bc477": window light drew 1/1 beam(s)
2026-05-25 22:10:40.032 +02:00 [INF] Map "d5c08240-0436-454a-8993-362abf5bc477": window light drew 1/1 beam(s)
2026-05-25 22:10:40.062 +02:00 [INF] Map "d5c08240-0436-454a-8993-362abf5bc477": window light drew 1/1 beam(s)
2026-05-25 22:10:40.092 +02:00 [INF] Map "d5c08240-0436-454a-8993-362abf5bc477": window light drew 1/1 beam(s)
2026-05-25 22:10:40.121 +02:00 [INF] Map "d5c08240-0436-454a-8993-362abf5bc477": window light drew 1/1 beam(s)
2026-05-25 22:10:40.150 +02:00 [INF] Map "d5c08240-0436-454a-8993-362abf5bc477": window light drew 1/1 beam(s)
2026-05-25 22:10:40.192 +02:00 [INF] Map "d5c08240-0436-454a-8993-362abf5bc477": window light drew 1/1 beam(s)
2026-05-25 22:10:40.221 +02:00 [INF] Map "d5c08240-0436-454a-8993-362abf5bc477": window light drew 1/1 beam(s)
2026-05-25 22:10:40.250 +02:00 [INF] Map "d5c08240-0436-454a-8993-362abf5bc477": window light drew 1/1 beam(s)
2026-05-25 22:10:40.279 +02:00 [INF] Map "d5c08240-0436-454a-8993-362abf5bc477": window light drew 1/1 beam(s)
2026-05-25 22:10:40.308 +02:00 [INF] Map "d5c08240-0436-454a-8993-362abf5bc477": window light drew 1/1 beam(s)
2026-05-25 22:10:40.337 +02:00 [INF] Map "d5c08240-0436-454a-8993-362abf5bc477": window light drew 1/1 beam(s)
2026-05-25 22:10:40.366 +02:00 [INF] Map "d5c08240-0436-454a-8993-362abf5bc477": window light drew 1/1 beam(s)
2026-05-25 22:10:40.394 +02:00 [INF] Map "d5c08240-0436-454a-8993-362abf5bc477": window light drew 1/1 beam(s)
2026-05-25 22:10:40.433 +02:00 [INF] Map "d5c08240-0436-454a-8993-362abf5bc477": window light drew 1/1 beam(s)
2026-05-25 22:10:40.475 +02:00 [INF] Map "d5c08240-0436-454a-8993-362abf5bc477": window light drew 1/1 beam(s)
2026-05-25 22:10:40.504 +02:00 [INF] Map "d5c08240-0436-454a-8993-362abf5bc477": window light drew 1/1 beam(s)
2026-05-25 22:10:40.554 +02:00 [INF] Map "d5c08240-0436-454a-8993-362abf5bc477": window light drew 1/1 beam(s)
2026-05-25 22:10:40.604 +02:00 [INF] Map "d5c08240-0436-454a-8993-362abf5bc477": window light drew 1/1 beam(s)
2026-05-25 22:10:40.656 +02:00 [INF] Map "d5c08240-0436-454a-8993-362abf5bc477": window light drew 1/1 beam(s)
2026-05-25 22:10:40.706 +02:00 [INF] Map "d5c08240-0436-454a-8993-362abf5bc477": window light drew 1/1 beam(s)
2026-05-25 22:10:40.755 +02:00 [INF] Map "d5c08240-0436-454a-8993-362abf5bc477": window light drew 1/1 beam(s)
2026-05-25 22:10:40.805 +02:00 [INF] Map "d5c08240-0436-454a-8993-362abf5bc477": window light drew 1/1 beam(s)
2026-05-25 22:10:40.867 +02:00 [INF] Map "d5c08240-0436-454a-8993-362abf5bc477": window light drew 1/1 beam(s)
2026-05-25 22:10:40.917 +02:00 [INF] Map "d5c08240-0436-454a-8993-362abf5bc477": window light drew 1/1 beam(s)
2026-05-25 22:10:40.966 +02:00 [INF] Map "d5c08240-0436-454a-8993-362abf5bc477": window light drew 1/1 beam(s)
2026-05-25 22:10:41.018 +02:00 [INF] Map "d5c08240-0436-454a-8993-362abf5bc477": window light drew 1/1 beam(s)
2026-05-25 22:10:41.067 +02:00 [INF] Map "d5c08240-0436-454a-8993-362abf5bc477": window light drew 1/1 beam(s)
2026-05-25 22:10:41.117 +02:00 [INF] Map "d5c08240-0436-454a-8993-362abf5bc477": window light drew 1/1 beam(s)
2026-05-25 22:10:41.167 +02:00 [INF] Map "d5c08240-0436-454a-8993-362abf5bc477": window light drew 1/1 beam(s)
2026-05-25 22:10:41.217 +02:00 [INF] Map "d5c08240-0436-454a-8993-362abf5bc477": window light drew 1/1 beam(s)
2026-05-25 22:10:41.267 +02:00 [INF] Map "d5c08240-0436-454a-8993-362abf5bc477": window light drew 1/1 beam(s)
2026-05-25 22:10:41.330 +02:00 [INF] Map "d5c08240-0436-454a-8993-362abf5bc477": window light drew 1/1 beam(s)
2026-05-25 22:10:41.379 +02:00 [INF] Map "d5c08240-0436-454a-8993-362abf5bc477": window light drew 1/1 beam(s)
2026-05-25 22:10:41.429 +02:00 [INF] Map "d5c08240-0436-454a-8993-362abf5bc477": window light drew 1/1 beam(s)
2026-05-25 22:10:41.478 +02:00 [INF] Map "d5c08240-0436-454a-8993-362abf5bc477": window light drew 1/1 beam(s)
2026-05-25 22:10:41.528 +02:00 [INF] Map "d5c08240-0436-454a-8993-362abf5bc477": window light drew 1/1 beam(s)
2026-05-25 22:10:41.578 +02:00 [INF] Map "d5c08240-0436-454a-8993-362abf5bc477": window light drew 1/1 beam(s)
2026-05-25 22:10:41.627 +02:00 [INF] Map "d5c08240-0436-454a-8993-362abf5bc477": window light drew 1/1 beam(s)
2026-05-25 22:10:41.677 +02:00 [INF] Map "d5c08240-0436-454a-8993-362abf5bc477": window light drew 1/1 beam(s)
2026-05-25 22:10:41.740 +02:00 [INF] Map "d5c08240-0436-454a-8993-362abf5bc477": window light drew 1/1 beam(s)
2026-05-25 22:10:41.794 +02:00 [INF] Map "d5c08240-0436-454a-8993-362abf5bc477": window light drew 1/1 beam(s)
2026-05-25 22:10:41.843 +02:00 [INF] Map "d5c08240-0436-454a-8993-362abf5bc477": window light drew 1/1 beam(s)
2026-05-25 22:10:41.893 +02:00 [INF] Map "d5c08240-0436-454a-8993-362abf5bc477": window light drew 1/1 beam(s)
2026-05-25 22:10:41.943 +02:00 [INF] Map "d5c08240-0436-454a-8993-362abf5bc477": window light drew 1/1 beam(s)
2026-05-25 22:10:41.993 +02:00 [INF] Map "d5c08240-0436-454a-8993-362abf5bc477": window light drew 1/1 beam(s)
2026-05-25 22:10:42.043 +02:00 [INF] Map "d5c08240-0436-454a-8993-362abf5bc477": window light drew 1/1 beam(s)
2026-05-25 22:10:42.093 +02:00 [INF] Map "d5c08240-0436-454a-8993-362abf5bc477": window light drew 1/1 beam(s)
2026-05-25 22:10:42.143 +02:00 [INF] Map "d5c08240-0436-454a-8993-362abf5bc477": window light drew 1/1 beam(s)
2026-05-25 22:10:42.205 +02:00 [INF] Map "d5c08240-0436-454a-8993-362abf5bc477": window light drew 1/1 beam(s)
2026-05-25 22:10:42.254 +02:00 [INF] Map "d5c08240-0436-454a-8993-362abf5bc477": window light drew 1/1 beam(s)
2026-05-25 22:10:42.304 +02:00 [INF] Map "d5c08240-0436-454a-8993-362abf5bc477": window light drew 1/1 beam(s)
2026-05-25 22:10:42.353 +02:00 [INF] Map "d5c08240-0436-454a-8993-362abf5bc477": window light drew 1/1 beam(s)
2026-05-25 22:10:42.403 +02:00 [INF] Map "d5c08240-0436-454a-8993-362abf5bc477": window light drew 1/1 beam(s)
2026-05-25 22:10:42.453 +02:00 [INF] Map "d5c08240-0436-454a-8993-362abf5bc477": window light drew 1/1 beam(s)
2026-05-25 22:10:42.504 +02:00 [INF] Map "d5c08240-0436-454a-8993-362abf5bc477": window light drew 1/1 beam(s)
2026-05-25 22:10:42.554 +02:00 [INF] Map "d5c08240-0436-454a-8993-362abf5bc477": window light drew 1/1 beam(s)
2026-05-25 22:10:42.616 +02:00 [INF] Map "d5c08240-0436-454a-8993-362abf5bc477": window light drew 1/1 beam(s)
2026-05-25 22:10:42.666 +02:00 [INF] Map "d5c08240-0436-454a-8993-362abf5bc477": window light drew 1/1 beam(s)
2026-05-25 22:10:42.716 +02:00 [INF] Map "d5c08240-0436-454a-8993-362abf5bc477": window light drew 1/1 beam(s)
2026-05-25 22:10:42.767 +02:00 [INF] Map "d5c08240-0436-454a-8993-362abf5bc477": window light drew 1/1 beam(s)
2026-05-25 22:10:42.817 +02:00 [INF] Map "d5c08240-0436-454a-8993-362abf5bc477": window light drew 1/1 beam(s)
2026-05-25 22:10:42.867 +02:00 [INF] Map "d5c08240-0436-454a-8993-362abf5bc477": window light drew 1/1 beam(s)
2026-05-25 22:10:42.917 +02:00 [INF] Map "d5c08240-0436-454a-8993-362abf5bc477": window light drew 1/1 beam(s)
2026-05-25 22:10:42.967 +02:00 [INF] Map "d5c08240-0436-454a-8993-362abf5bc477": window light drew 1/1 beam(s)
2026-05-25 22:10:43.017 +02:00 [INF] Map "d5c08240-0436-454a-8993-362abf5bc477": window light drew 1/1 beam(s)
2026-05-25 22:10:43.079 +02:00 [INF] Map "d5c08240-0436-454a-8993-362abf5bc477": window light drew 1/1 beam(s)
2026-05-25 22:10:43.129 +02:00 [INF] Map "d5c08240-0436-454a-8993-362abf5bc477": window light drew 1/1 beam(s)
2026-05-25 22:10:43.179 +02:00 [INF] Map "d5c08240-0436-454a-8993-362abf5bc477": window light drew 1/1 beam(s)
2026-05-25 22:10:43.229 +02:00 [INF] Map "d5c08240-0436-454a-8993-362abf5bc477": window light drew 1/1 beam(s)
2026-05-25 22:10:43.278 +02:00 [INF] Map "d5c08240-0436-454a-8993-362abf5bc477": window light drew 1/1 beam(s)
2026-05-25 22:10:43.328 +02:00 [INF] Map "d5c08240-0436-454a-8993-362abf5bc477": window light drew 1/1 beam(s)
2026-05-25 22:10:43.378 +02:00 [INF] Map "d5c08240-0436-454a-8993-362abf5bc477": window light drew 1/1 beam(s)
2026-05-25 22:10:43.428 +02:00 [INF] Map "d5c08240-0436-454a-8993-362abf5bc477": window light drew 1/1 beam(s)
2026-05-25 22:10:43.493 +02:00 [INF] Map "d5c08240-0436-454a-8993-362abf5bc477": window light drew 1/1 beam(s)
2026-05-25 22:10:43.543 +02:00 [INF] Map "d5c08240-0436-454a-8993-362abf5bc477": window light drew 1/1 beam(s)
2026-05-25 22:10:43.593 +02:00 [INF] Map "d5c08240-0436-454a-8993-362abf5bc477": window light drew 1/1 beam(s)
2026-05-25 22:10:43.643 +02:00 [INF] Map "d5c08240-0436-454a-8993-362abf5bc477": window light drew 1/1 beam(s)
2026-05-25 22:10:43.692 +02:00 [INF] Map "d5c08240-0436-454a-8993-362abf5bc477": window light drew 1/1 beam(s)
2026-05-25 22:10:43.742 +02:00 [INF] Map "d5c08240-0436-454a-8993-362abf5bc477": window light drew 1/1 beam(s)
2026-05-25 22:10:43.792 +02:00 [INF] Map "d5c08240-0436-454a-8993-362abf5bc477": window light drew 1/1 beam(s)
2026-05-25 22:10:43.842 +02:00 [INF] Map "d5c08240-0436-454a-8993-362abf5bc477": window light drew 1/1 beam(s)
2026-05-25 22:10:43.891 +02:00 [INF] Map "d5c08240-0436-454a-8993-362abf5bc477": window light drew 1/1 beam(s)
2026-05-25 22:10:43.953 +02:00 [INF] Map "d5c08240-0436-454a-8993-362abf5bc477": window light drew 1/1 beam(s)
2026-05-25 22:10:44.003 +02:00 [INF] Map "d5c08240-0436-454a-8993-362abf5bc477": window light drew 1/1 beam(s)
2026-05-25 22:10:44.052 +02:00 [INF] Map "d5c08240-0436-454a-8993-362abf5bc477": window light drew 1/1 beam(s)
2026-05-25 22:10:44.101 +02:00 [INF] Map "d5c08240-0436-454a-8993-362abf5bc477": window light drew 1/1 beam(s)
2026-05-25 22:10:44.151 +02:00 [INF] Map "d5c08240-0436-454a-8993-362abf5bc477": window light drew 1/1 beam(s)
2026-05-25 22:10:44.200 +02:00 [INF] Map "d5c08240-0436-454a-8993-362abf5bc477": window light drew 1/1 beam(s)
2026-05-25 22:10:44.249 +02:00 [INF] Map "d5c08240-0436-454a-8993-362abf5bc477": window light drew 1/1 beam(s)
2026-05-25 22:10:44.299 +02:00 [INF] Map "d5c08240-0436-454a-8993-362abf5bc477": window light drew 1/1 beam(s)
2026-05-25 22:10:44.361 +02:00 [INF] Map "d5c08240-0436-454a-8993-362abf5bc477": window light drew 1/1 beam(s)
2026-05-25 22:10:44.410 +02:00 [INF] Map "d5c08240-0436-454a-8993-362abf5bc477": window light drew 1/1 beam(s)
2026-05-25 22:10:44.461 +02:00 [INF] Map "d5c08240-0436-454a-8993-362abf5bc477": window light drew 1/1 beam(s)
2026-05-25 22:10:44.510 +02:00 [INF] Map "d5c08240-0436-454a-8993-362abf5bc477": window light drew 1/1 beam(s)
2026-05-25 22:10:44.560 +02:00 [INF] Map "d5c08240-0436-454a-8993-362abf5bc477": window light drew 1/1 beam(s)
2026-05-25 22:10:44.611 +02:00 [INF] Map "d5c08240-0436-454a-8993-362abf5bc477": window light drew 1/1 beam(s)
2026-05-25 22:10:44.662 +02:00 [INF] Map "d5c08240-0436-454a-8993-362abf5bc477": window light drew 1/1 beam(s)
2026-05-25 22:10:44.711 +02:00 [INF] Map "d5c08240-0436-454a-8993-362abf5bc477": window light drew 1/1 beam(s)
2026-05-25 22:10:44.762 +02:00 [INF] Map "d5c08240-0436-454a-8993-362abf5bc477": window light drew 1/1 beam(s)
2026-05-25 22:10:44.825 +02:00 [INF] Map "d5c08240-0436-454a-8993-362abf5bc477": window light drew 1/1 beam(s)
2026-05-25 22:10:44.876 +02:00 [INF] Map "d5c08240-0436-454a-8993-362abf5bc477": window light drew 1/1 beam(s)
2026-05-25 22:10:44.925 +02:00 [INF] Map "d5c08240-0436-454a-8993-362abf5bc477": window light drew 1/1 beam(s)
2026-05-25 22:10:44.976 +02:00 [INF] Map "d5c08240-0436-454a-8993-362abf5bc477": window light drew 1/1 beam(s)
2026-05-25 22:10:45.026 +02:00 [INF] Map "d5c08240-0436-454a-8993-362abf5bc477": window light drew 1/1 beam(s)
2026-05-25 22:10:45.076 +02:00 [INF] Map "d5c08240-0436-454a-8993-362abf5bc477": window light drew 1/1 beam(s)
2026-05-25 22:10:45.125 +02:00 [INF] Map "d5c08240-0436-454a-8993-362abf5bc477": window light drew 1/1 beam(s)
2026-05-25 22:10:45.174 +02:00 [INF] Map "d5c08240-0436-454a-8993-362abf5bc477": window light drew 1/1 beam(s)
2026-05-25 22:10:45.237 +02:00 [INF] Map "d5c08240-0436-454a-8993-362abf5bc477": window light drew 1/1 beam(s)
2026-05-25 22:10:45.286 +02:00 [INF] Map "d5c08240-0436-454a-8993-362abf5bc477": window light drew 1/1 beam(s)
2026-05-25 22:10:45.336 +02:00 [INF] Map "d5c08240-0436-454a-8993-362abf5bc477": window light drew 1/1 beam(s)
2026-05-25 22:10:45.386 +02:00 [INF] Map "d5c08240-0436-454a-8993-362abf5bc477": window light drew 1/1 beam(s)
2026-05-25 22:10:45.436 +02:00 [INF] Map "d5c08240-0436-454a-8993-362abf5bc477": window light drew 1/1 beam(s)
2026-05-25 22:10:45.485 +02:00 [INF] Map "d5c08240-0436-454a-8993-362abf5bc477": window light drew 1/1 beam(s)
2026-05-25 22:10:45.534 +02:00 [INF] Map "d5c08240-0436-454a-8993-362abf5bc477": window light drew 1/1 beam(s)
2026-05-25 22:10:45.584 +02:00 [INF] Map "d5c08240-0436-454a-8993-362abf5bc477": window light drew 1/1 beam(s)
2026-05-25 22:10:45.634 +02:00 [INF] Map "d5c08240-0436-454a-8993-362abf5bc477": window light drew 1/1 beam(s)
2026-05-25 22:10:45.697 +02:00 [INF] Map "d5c08240-0436-454a-8993-362abf5bc477": window light drew 1/1 beam(s)
2026-05-25 22:10:45.748 +02:00 [INF] Map "d5c08240-0436-454a-8993-362abf5bc477": window light drew 1/1 beam(s)
2026-05-25 22:10:45.797 +02:00 [INF] Map "d5c08240-0436-454a-8993-362abf5bc477": window light drew 1/1 beam(s)
2026-05-25 22:10:45.847 +02:00 [INF] Map "d5c08240-0436-454a-8993-362abf5bc477": window light drew 1/1 beam(s)
2026-05-25 22:10:45.896 +02:00 [INF] Map "d5c08240-0436-454a-8993-362abf5bc477": window light drew 1/1 beam(s)
2026-05-25 22:10:45.946 +02:00 [INF] Map "d5c08240-0436-454a-8993-362abf5bc477": window light drew 1/1 beam(s)
2026-05-25 22:10:45.995 +02:00 [INF] Map "d5c08240-0436-454a-8993-362abf5bc477": window light drew 1/1 beam(s)
2026-05-25 22:10:46.045 +02:00 [INF] Map "d5c08240-0436-454a-8993-362abf5bc477": window light drew 1/1 beam(s)
2026-05-25 22:10:46.107 +02:00 [INF] Map "d5c08240-0436-454a-8993-362abf5bc477": window light drew 1/1 beam(s)
2026-05-25 22:10:46.157 +02:00 [INF] Map "d5c08240-0436-454a-8993-362abf5bc477": window light drew 1/1 beam(s)
2026-05-25 22:10:46.207 +02:00 [INF] Map "d5c08240-0436-454a-8993-362abf5bc477": window light drew 1/1 beam(s)
2026-05-25 22:10:46.257 +02:00 [INF] Map "d5c08240-0436-454a-8993-362abf5bc477": window light drew 1/1 beam(s)
2026-05-25 22:10:46.308 +02:00 [INF] Map "d5c08240-0436-454a-8993-362abf5bc477": window light drew 1/1 beam(s)
2026-05-25 22:10:46.357 +02:00 [INF] Map "d5c08240-0436-454a-8993-362abf5bc477": window light drew 1/1 beam(s)
2026-05-25 22:10:46.407 +02:00 [INF] Map "d5c08240-0436-454a-8993-362abf5bc477": window light drew 1/1 beam(s)
2026-05-25 22:10:46.458 +02:00 [INF] Map "d5c08240-0436-454a-8993-362abf5bc477": window light drew 1/1 beam(s)
2026-05-25 22:10:46.508 +02:00 [INF] Map "d5c08240-0436-454a-8993-362abf5bc477": window light drew 1/1 beam(s)
2026-05-25 22:10:46.571 +02:00 [INF] Map "d5c08240-0436-454a-8993-362abf5bc477": window light drew 1/1 beam(s)
2026-05-25 22:10:46.621 +02:00 [INF] Map "d5c08240-0436-454a-8993-362abf5bc477": window light drew 1/1 beam(s)
2026-05-25 22:10:46.670 +02:00 [INF] Map "d5c08240-0436-454a-8993-362abf5bc477": window light drew 1/1 beam(s)
2026-05-25 22:10:46.720 +02:00 [INF] Map "d5c08240-0436-454a-8993-362abf5bc477": window light drew 1/1 beam(s)
2026-05-25 22:10:46.770 +02:00 [INF] Map "d5c08240-0436-454a-8993-362abf5bc477": window light drew 1/1 beam(s)
2026-05-25 22:10:46.820 +02:00 [INF] Map "d5c08240-0436-454a-8993-362abf5bc477": window light drew 1/1 beam(s)
2026-05-25 22:10:46.870 +02:00 [INF] Map "d5c08240-0436-454a-8993-362abf5bc477": window light drew 1/1 beam(s)
2026-05-25 22:10:46.920 +02:00 [INF] Map "d5c08240-0436-454a-8993-362abf5bc477": window light drew 1/1 beam(s)
2026-05-25 22:10:46.982 +02:00 [INF] Map "d5c08240-0436-454a-8993-362abf5bc477": window light drew 1/1 beam(s)
2026-05-25 22:10:47.032 +02:00 [INF] Map "d5c08240-0436-454a-8993-362abf5bc477": window light drew 1/1 beam(s)
2026-05-25 22:10:47.082 +02:00 [INF] Map "d5c08240-0436-454a-8993-362abf5bc477": window light drew 1/1 beam(s)
2026-05-25 22:10:47.133 +02:00 [INF] Map "d5c08240-0436-454a-8993-362abf5bc477": window light drew 1/1 beam(s)
2026-05-25 22:10:47.183 +02:00 [INF] Map "d5c08240-0436-454a-8993-362abf5bc477": window light drew 1/1 beam(s)
2026-05-25 22:10:47.233 +02:00 [INF] Map "d5c08240-0436-454a-8993-362abf5bc477": window light drew 1/1 beam(s)
2026-05-25 22:10:47.283 +02:00 [INF] Map "d5c08240-0436-454a-8993-362abf5bc477": window light drew 1/1 beam(s)
2026-05-25 22:10:47.333 +02:00 [INF] Map "d5c08240-0436-454a-8993-362abf5bc477": window light drew 1/1 beam(s)
2026-05-25 22:10:47.384 +02:00 [INF] Map "d5c08240-0436-454a-8993-362abf5bc477": window light drew 1/1 beam(s)
2026-05-25 22:10:47.447 +02:00 [INF] Map "d5c08240-0436-454a-8993-362abf5bc477": window light drew 1/1 beam(s)
2026-05-25 22:10:47.498 +02:00 [INF] Map "d5c08240-0436-454a-8993-362abf5bc477": window light drew 1/1 beam(s)
2026-05-25 22:10:47.550 +02:00 [INF] Map "d5c08240-0436-454a-8993-362abf5bc477": window light drew 1/1 beam(s)
2026-05-25 22:10:47.606 +02:00 [INF] Map "d5c08240-0436-454a-8993-362abf5bc477": window light drew 1/1 beam(s)
2026-05-25 22:10:47.659 +02:00 [INF] Map "d5c08240-0436-454a-8993-362abf5bc477": window light drew 1/1 beam(s)
2026-05-25 22:10:47.710 +02:00 [INF] Map "d5c08240-0436-454a-8993-362abf5bc477": window light drew 1/1 beam(s)
2026-05-25 22:10:47.764 +02:00 [INF] Map "d5c08240-0436-454a-8993-362abf5bc477": window light drew 1/1 beam(s)
2026-05-25 22:10:47.818 +02:00 [INF] Map "d5c08240-0436-454a-8993-362abf5bc477": window light drew 1/1 beam(s)
2026-05-25 22:10:47.884 +02:00 [INF] Map "d5c08240-0436-454a-8993-362abf5bc477": window light drew 1/1 beam(s)
2026-05-25 22:10:47.936 +02:00 [INF] Map "d5c08240-0436-454a-8993-362abf5bc477": window light drew 1/1 beam(s)
2026-05-25 22:10:47.988 +02:00 [INF] Map "d5c08240-0436-454a-8993-362abf5bc477": window light drew 1/1 beam(s)
2026-05-25 22:10:48.041 +02:00 [INF] Map "d5c08240-0436-454a-8993-362abf5bc477": window light drew 1/1 beam(s)
2026-05-25 22:10:48.094 +02:00 [INF] Map "d5c08240-0436-454a-8993-362abf5bc477": window light drew 1/1 beam(s)
2026-05-25 22:10:48.147 +02:00 [INF] Map "d5c08240-0436-454a-8993-362abf5bc477": window light drew 1/1 beam(s)
2026-05-25 22:10:48.204 +02:00 [INF] Map "d5c08240-0436-454a-8993-362abf5bc477": window light drew 1/1 beam(s)
2026-05-25 22:10:48.255 +02:00 [INF] Map "d5c08240-0436-454a-8993-362abf5bc477": window light drew 1/1 beam(s)
2026-05-25 22:10:48.308 +02:00 [INF] Map "d5c08240-0436-454a-8993-362abf5bc477": window light drew 1/1 beam(s)
2026-05-25 22:10:48.372 +02:00 [INF] Map "d5c08240-0436-454a-8993-362abf5bc477": window light drew 1/1 beam(s)
2026-05-25 22:10:48.422 +02:00 [INF] Map "d5c08240-0436-454a-8993-362abf5bc477": window light drew 1/1 beam(s)
2026-05-25 22:10:48.473 +02:00 [INF] Map "d5c08240-0436-454a-8993-362abf5bc477": window light drew 1/1 beam(s)
2026-05-25 22:10:48.524 +02:00 [INF] Map "d5c08240-0436-454a-8993-362abf5bc477": window light drew 1/1 beam(s)
2026-05-25 22:10:48.577 +02:00 [INF] Map "d5c08240-0436-454a-8993-362abf5bc477": window light drew 1/1 beam(s)
2026-05-25 22:10:48.629 +02:00 [INF] Map "d5c08240-0436-454a-8993-362abf5bc477": window light drew 1/1 beam(s)
2026-05-25 22:10:48.680 +02:00 [INF] Map "d5c08240-0436-454a-8993-362abf5bc477": window light drew 1/1 beam(s)
2026-05-25 22:10:48.731 +02:00 [INF] Map "d5c08240-0436-454a-8993-362abf5bc477": window light drew 1/1 beam(s)
2026-05-25 22:10:48.797 +02:00 [INF] Map "d5c08240-0436-454a-8993-362abf5bc477": window light drew 1/1 beam(s)
2026-05-25 22:10:48.849 +02:00 [INF] Map "d5c08240-0436-454a-8993-362abf5bc477": window light drew 1/1 beam(s)
2026-05-25 22:10:48.900 +02:00 [INF] Map "d5c08240-0436-454a-8993-362abf5bc477": window light drew 1/1 beam(s)
2026-05-25 22:10:48.952 +02:00 [INF] Map "d5c08240-0436-454a-8993-362abf5bc477": window light drew 1/1 beam(s)
2026-05-25 22:10:49.002 +02:00 [INF] Map "d5c08240-0436-454a-8993-362abf5bc477": window light drew 1/1 beam(s)
2026-05-25 22:10:49.053 +02:00 [INF] Map "d5c08240-0436-454a-8993-362abf5bc477": window light drew 1/1 beam(s)
2026-05-25 22:10:49.105 +02:00 [INF] Map "d5c08240-0436-454a-8993-362abf5bc477": window light drew 1/1 beam(s)
2026-05-25 22:10:49.157 +02:00 [INF] Map "d5c08240-0436-454a-8993-362abf5bc477": window light drew 1/1 beam(s)
2026-05-25 22:10:49.208 +02:00 [INF] Map "d5c08240-0436-454a-8993-362abf5bc477": window light drew 1/1 beam(s)
2026-05-25 22:10:49.272 +02:00 [INF] Map "d5c08240-0436-454a-8993-362abf5bc477": window light drew 1/1 beam(s)
2026-05-25 22:10:49.323 +02:00 [INF] Map "d5c08240-0436-454a-8993-362abf5bc477": window light drew 1/1 beam(s)
2026-05-25 22:10:49.373 +02:00 [INF] Map "d5c08240-0436-454a-8993-362abf5bc477": window light drew 1/1 beam(s)
2026-05-25 22:10:49.424 +02:00 [INF] Map "d5c08240-0436-454a-8993-362abf5bc477": window light drew 1/1 beam(s)
2026-05-25 22:10:49.473 +02:00 [INF] Map "d5c08240-0436-454a-8993-362abf5bc477": window light drew 1/1 beam(s)
2026-05-25 22:10:49.524 +02:00 [INF] Map "d5c08240-0436-454a-8993-362abf5bc477": window light drew 1/1 beam(s)
2026-05-25 22:10:49.574 +02:00 [INF] Map "d5c08240-0436-454a-8993-362abf5bc477": window light drew 1/1 beam(s)
2026-05-25 22:10:49.624 +02:00 [INF] Map "d5c08240-0436-454a-8993-362abf5bc477": window light drew 1/1 beam(s)
2026-05-25 22:10:49.687 +02:00 [INF] Map "d5c08240-0436-454a-8993-362abf5bc477": window light drew 1/1 beam(s)
2026-05-25 22:10:49.739 +02:00 [INF] Map "d5c08240-0436-454a-8993-362abf5bc477": window light drew 1/1 beam(s)
2026-05-25 22:10:49.790 +02:00 [INF] Map "d5c08240-0436-454a-8993-362abf5bc477": window light drew 1/1 beam(s)
2026-05-25 22:10:49.840 +02:00 [INF] Map "d5c08240-0436-454a-8993-362abf5bc477": window light drew 1/1 beam(s)
2026-05-25 22:10:49.890 +02:00 [INF] Map "d5c08240-0436-454a-8993-362abf5bc477": window light drew 1/1 beam(s)
2026-05-25 22:10:49.940 +02:00 [INF] Map "d5c08240-0436-454a-8993-362abf5bc477": window light drew 1/1 beam(s)
2026-05-25 22:10:49.991 +02:00 [INF] Map "d5c08240-0436-454a-8993-362abf5bc477": window light drew 1/1 beam(s)
2026-05-25 22:10:50.042 +02:00 [INF] Map "d5c08240-0436-454a-8993-362abf5bc477": window light drew 1/1 beam(s)
2026-05-25 22:10:50.093 +02:00 [INF] Map "d5c08240-0436-454a-8993-362abf5bc477": window light drew 1/1 beam(s)
2026-05-25 22:10:50.144 +02:00 [INF] Map "d5c08240-0436-454a-8993-362abf5bc477": window light drew 1/1 beam(s)
2026-05-25 22:10:50.194 +02:00 [INF] Map "d5c08240-0436-454a-8993-362abf5bc477": window light drew 1/1 beam(s)
2026-05-25 22:10:50.245 +02:00 [INF] Map "d5c08240-0436-454a-8993-362abf5bc477": window light drew 1/1 beam(s)
2026-05-25 22:10:50.295 +02:00 [INF] Map "d5c08240-0436-454a-8993-362abf5bc477": window light drew 1/1 beam(s)
2026-05-25 22:10:50.345 +02:00 [INF] Map "d5c08240-0436-454a-8993-362abf5bc477": window light drew 1/1 beam(s)
2026-05-25 22:10:50.395 +02:00 [INF] Map "d5c08240-0436-454a-8993-362abf5bc477": window light drew 1/1 beam(s)
2026-05-25 22:10:50.444 +02:00 [INF] Map "d5c08240-0436-454a-8993-362abf5bc477": window light drew 1/1 beam(s)
2026-05-25 22:10:50.494 +02:00 [INF] Map "d5c08240-0436-454a-8993-362abf5bc477": window light drew 1/1 beam(s)
2026-05-25 22:10:50.557 +02:00 [INF] Map "d5c08240-0436-454a-8993-362abf5bc477": window light drew 1/1 beam(s)
2026-05-25 22:10:50.606 +02:00 [INF] Map "d5c08240-0436-454a-8993-362abf5bc477": window light drew 1/1 beam(s)
2026-05-25 22:10:50.656 +02:00 [INF] Map "d5c08240-0436-454a-8993-362abf5bc477": window light drew 1/1 beam(s)
2026-05-25 22:10:50.706 +02:00 [INF] Map "d5c08240-0436-454a-8993-362abf5bc477": window light drew 1/1 beam(s)
2026-05-25 22:10:50.756 +02:00 [INF] Map "d5c08240-0436-454a-8993-362abf5bc477": window light drew 1/1 beam(s)
2026-05-25 22:10:50.805 +02:00 [INF] Map "d5c08240-0436-454a-8993-362abf5bc477": window light drew 1/1 beam(s)
2026-05-25 22:10:50.855 +02:00 [INF] Map "d5c08240-0436-454a-8993-362abf5bc477": window light drew 1/1 beam(s)
2026-05-25 22:10:50.904 +02:00 [INF] Map "d5c08240-0436-454a-8993-362abf5bc477": window light drew 1/1 beam(s)
2026-05-25 22:10:50.954 +02:00 [INF] Map "d5c08240-0436-454a-8993-362abf5bc477": window light drew 1/1 beam(s)
2026-05-25 22:10:51.017 +02:00 [INF] Map "d5c08240-0436-454a-8993-362abf5bc477": window light drew 1/1 beam(s)
2026-05-25 22:10:51.067 +02:00 [INF] Map "d5c08240-0436-454a-8993-362abf5bc477": window light drew 1/1 beam(s)
2026-05-25 22:10:51.117 +02:00 [INF] Map "d5c08240-0436-454a-8993-362abf5bc477": window light drew 1/1 beam(s)
2026-05-25 22:10:51.166 +02:00 [INF] Map "d5c08240-0436-454a-8993-362abf5bc477": window light drew 1/1 beam(s)
2026-05-25 22:10:51.216 +02:00 [INF] Map "d5c08240-0436-454a-8993-362abf5bc477": window light drew 1/1 beam(s)
2026-05-25 22:10:51.266 +02:00 [INF] Map "d5c08240-0436-454a-8993-362abf5bc477": window light drew 1/1 beam(s)
2026-05-25 22:10:51.316 +02:00 [INF] Map "d5c08240-0436-454a-8993-362abf5bc477": window light drew 1/1 beam(s)
2026-05-25 22:10:51.366 +02:00 [INF] Map "d5c08240-0436-454a-8993-362abf5bc477": window light drew 1/1 beam(s)
2026-05-25 22:10:51.429 +02:00 [INF] Map "d5c08240-0436-454a-8993-362abf5bc477": window light drew 1/1 beam(s)
2026-05-25 22:10:51.478 +02:00 [INF] Map "d5c08240-0436-454a-8993-362abf5bc477": window light drew 1/1 beam(s)
2026-05-25 22:10:51.528 +02:00 [INF] Map "d5c08240-0436-454a-8993-362abf5bc477": window light drew 1/1 beam(s)
2026-05-25 22:10:51.577 +02:00 [INF] Map "d5c08240-0436-454a-8993-362abf5bc477": window light drew 1/1 beam(s)
2026-05-25 22:10:51.628 +02:00 [INF] Map "d5c08240-0436-454a-8993-362abf5bc477": window light drew 1/1 beam(s)
2026-05-25 22:10:51.677 +02:00 [INF] Map "d5c08240-0436-454a-8993-362abf5bc477": window light drew 1/1 beam(s)
2026-05-25 22:10:51.726 +02:00 [INF] Map "d5c08240-0436-454a-8993-362abf5bc477": window light drew 1/1 beam(s)
2026-05-25 22:10:51.776 +02:00 [INF] Map "d5c08240-0436-454a-8993-362abf5bc477": window light drew 1/1 beam(s)
2026-05-25 22:10:51.826 +02:00 [INF] Map "d5c08240-0436-454a-8993-362abf5bc477": window light drew 1/1 beam(s)
2026-05-25 22:10:51.889 +02:00 [INF] Map "d5c08240-0436-454a-8993-362abf5bc477": window light drew 1/1 beam(s)
2026-05-25 22:10:51.939 +02:00 [INF] Map "d5c08240-0436-454a-8993-362abf5bc477": window light drew 1/1 beam(s)
2026-05-25 22:10:51.988 +02:00 [INF] Map "d5c08240-0436-454a-8993-362abf5bc477": window light drew 1/1 beam(s)
2026-05-25 22:10:52.037 +02:00 [INF] Map "d5c08240-0436-454a-8993-362abf5bc477": window light drew 1/1 beam(s)
2026-05-25 22:10:52.087 +02:00 [INF] Map "d5c08240-0436-454a-8993-362abf5bc477": window light drew 1/1 beam(s)
2026-05-25 22:10:52.137 +02:00 [INF] Map "d5c08240-0436-454a-8993-362abf5bc477": window light drew 1/1 beam(s)
2026-05-25 22:10:52.187 +02:00 [INF] Map "d5c08240-0436-454a-8993-362abf5bc477": window light drew 1/1 beam(s)
2026-05-25 22:10:52.237 +02:00 [INF] Map "d5c08240-0436-454a-8993-362abf5bc477": window light drew 1/1 beam(s)
2026-05-25 22:10:52.299 +02:00 [INF] Map "d5c08240-0436-454a-8993-362abf5bc477": window light drew 1/1 beam(s)
2026-05-25 22:10:52.349 +02:00 [INF] Map "d5c08240-0436-454a-8993-362abf5bc477": window light drew 1/1 beam(s)
2026-05-25 22:10:52.399 +02:00 [INF] Map "d5c08240-0436-454a-8993-362abf5bc477": window light drew 1/1 beam(s)
2026-05-25 22:10:52.450 +02:00 [INF] Map "d5c08240-0436-454a-8993-362abf5bc477": window light drew 1/1 beam(s)
2026-05-25 22:10:52.500 +02:00 [INF] Map "d5c08240-0436-454a-8993-362abf5bc477": window light drew 1/1 beam(s)
2026-05-25 22:10:52.550 +02:00 [INF] Map "d5c08240-0436-454a-8993-362abf5bc477": window light drew 1/1 beam(s)
2026-05-25 22:10:52.600 +02:00 [INF] Map "d5c08240-0436-454a-8993-362abf5bc477": window light drew 1/1 beam(s)
2026-05-25 22:10:52.653 +02:00 [INF] Map "d5c08240-0436-454a-8993-362abf5bc477": window light drew 1/1 beam(s)
2026-05-25 22:10:52.703 +02:00 [INF] Map "d5c08240-0436-454a-8993-362abf5bc477": window light drew 1/1 beam(s)
2026-05-25 22:10:52.766 +02:00 [INF] Map "d5c08240-0436-454a-8993-362abf5bc477": window light drew 1/1 beam(s)
2026-05-25 22:10:52.816 +02:00 [INF] Map "d5c08240-0436-454a-8993-362abf5bc477": window light drew 1/1 beam(s)
2026-05-25 22:10:52.865 +02:00 [INF] Map "d5c08240-0436-454a-8993-362abf5bc477": window light drew 1/1 beam(s)
2026-05-25 22:10:52.915 +02:00 [INF] Map "d5c08240-0436-454a-8993-362abf5bc477": window light drew 1/1 beam(s)
2026-05-25 22:10:52.965 +02:00 [INF] Map "d5c08240-0436-454a-8993-362abf5bc477": window light drew 1/1 beam(s)
2026-05-25 22:10:53.015 +02:00 [INF] Map "d5c08240-0436-454a-8993-362abf5bc477": window light drew 1/1 beam(s)
2026-05-25 22:10:53.065 +02:00 [INF] Map "d5c08240-0436-454a-8993-362abf5bc477": window light drew 1/1 beam(s)
2026-05-25 22:10:53.115 +02:00 [INF] Map "d5c08240-0436-454a-8993-362abf5bc477": window light drew 1/1 beam(s)
2026-05-25 22:10:53.178 +02:00 [INF] Map "d5c08240-0436-454a-8993-362abf5bc477": window light drew 1/1 beam(s)
2026-05-25 22:10:53.227 +02:00 [INF] Map "d5c08240-0436-454a-8993-362abf5bc477": window light drew 1/1 beam(s)
2026-05-25 22:10:53.277 +02:00 [INF] Map "d5c08240-0436-454a-8993-362abf5bc477": window light drew 1/1 beam(s)
2026-05-25 22:10:53.327 +02:00 [INF] Map "d5c08240-0436-454a-8993-362abf5bc477": window light drew 1/1 beam(s)
2026-05-25 22:10:53.377 +02:00 [INF] Map "d5c08240-0436-454a-8993-362abf5bc477": window light drew 1/1 beam(s)
2026-05-25 22:10:53.427 +02:00 [INF] Map "d5c08240-0436-454a-8993-362abf5bc477": window light drew 1/1 beam(s)
2026-05-25 22:10:53.476 +02:00 [INF] Map "d5c08240-0436-454a-8993-362abf5bc477": window light drew 1/1 beam(s)
2026-05-25 22:10:53.526 +02:00 [INF] Map "d5c08240-0436-454a-8993-362abf5bc477": window light drew 1/1 beam(s)
2026-05-25 22:10:53.575 +02:00 [INF] Map "d5c08240-0436-454a-8993-362abf5bc477": window light drew 1/1 beam(s)
2026-05-25 22:10:53.638 +02:00 [INF] Map "d5c08240-0436-454a-8993-362abf5bc477": window light drew 1/1 beam(s)
2026-05-25 22:10:53.688 +02:00 [INF] Map "d5c08240-0436-454a-8993-362abf5bc477": window light drew 1/1 beam(s)
2026-05-25 22:10:53.738 +02:00 [INF] Map "d5c08240-0436-454a-8993-362abf5bc477": window light drew 1/1 beam(s)
2026-05-25 22:10:53.788 +02:00 [INF] Map "d5c08240-0436-454a-8993-362abf5bc477": window light drew 1/1 beam(s)
2026-05-25 22:10:53.837 +02:00 [INF] Map "d5c08240-0436-454a-8993-362abf5bc477": window light drew 1/1 beam(s)
2026-05-25 22:10:53.886 +02:00 [INF] Map "d5c08240-0436-454a-8993-362abf5bc477": window light drew 1/1 beam(s)
2026-05-25 22:10:53.935 +02:00 [INF] Map "d5c08240-0436-454a-8993-362abf5bc477": window light drew 1/1 beam(s)
2026-05-25 22:10:53.985 +02:00 [INF] Map "d5c08240-0436-454a-8993-362abf5bc477": window light drew 1/1 beam(s)
2026-05-25 22:10:54.048 +02:00 [INF] Map "d5c08240-0436-454a-8993-362abf5bc477": window light drew 1/1 beam(s)
2026-05-25 22:10:54.098 +02:00 [INF] Map "d5c08240-0436-454a-8993-362abf5bc477": window light drew 1/1 beam(s)
2026-05-25 22:10:54.147 +02:00 [INF] Map "d5c08240-0436-454a-8993-362abf5bc477": window light drew 1/1 beam(s)
2026-05-25 22:10:54.196 +02:00 [INF] Map "d5c08240-0436-454a-8993-362abf5bc477": window light drew 1/1 beam(s)
2026-05-25 22:10:54.245 +02:00 [INF] Map "d5c08240-0436-454a-8993-362abf5bc477": window light drew 1/1 beam(s)
2026-05-25 22:10:54.295 +02:00 [INF] Map "d5c08240-0436-454a-8993-362abf5bc477": window light drew 1/1 beam(s)
2026-05-25 22:10:54.345 +02:00 [INF] Map "d5c08240-0436-454a-8993-362abf5bc477": window light drew 1/1 beam(s)
2026-05-25 22:10:54.394 +02:00 [INF] Map "d5c08240-0436-454a-8993-362abf5bc477": window light drew 1/1 beam(s)
2026-05-25 22:10:54.443 +02:00 [INF] Map "d5c08240-0436-454a-8993-362abf5bc477": window light drew 1/1 beam(s)
2026-05-25 22:10:54.505 +02:00 [INF] Map "d5c08240-0436-454a-8993-362abf5bc477": window light drew 1/1 beam(s)
2026-05-25 22:10:54.555 +02:00 [INF] Map "d5c08240-0436-454a-8993-362abf5bc477": window light drew 1/1 beam(s)
2026-05-25 22:10:54.604 +02:00 [INF] Map "d5c08240-0436-454a-8993-362abf5bc477": window light drew 1/1 beam(s)
2026-05-25 22:10:54.653 +02:00 [INF] Map "d5c08240-0436-454a-8993-362abf5bc477": window light drew 1/1 beam(s)
2026-05-25 22:10:54.703 +02:00 [INF] Map "d5c08240-0436-454a-8993-362abf5bc477": window light drew 1/1 beam(s)
2026-05-25 22:10:54.753 +02:00 [INF] Map "d5c08240-0436-454a-8993-362abf5bc477": window light drew 1/1 beam(s)
2026-05-25 22:10:54.803 +02:00 [INF] Map "d5c08240-0436-454a-8993-362abf5bc477": window light drew 1/1 beam(s)
2026-05-25 22:10:54.852 +02:00 [INF] Map "d5c08240-0436-454a-8993-362abf5bc477": window light drew 1/1 beam(s)
2026-05-25 22:10:54.915 +02:00 [INF] Map "d5c08240-0436-454a-8993-362abf5bc477": window light drew 1/1 beam(s)
2026-05-25 22:10:54.964 +02:00 [INF] Map "d5c08240-0436-454a-8993-362abf5bc477": window light drew 1/1 beam(s)
2026-05-25 22:10:55.014 +02:00 [INF] Map "d5c08240-0436-454a-8993-362abf5bc477": window light drew 1/1 beam(s)
2026-05-25 22:10:55.064 +02:00 [INF] Map "d5c08240-0436-454a-8993-362abf5bc477": window light drew 1/1 beam(s)
2026-05-25 22:10:55.114 +02:00 [INF] Map "d5c08240-0436-454a-8993-362abf5bc477": window light drew 1/1 beam(s)
2026-05-25 22:10:55.164 +02:00 [INF] Map "d5c08240-0436-454a-8993-362abf5bc477": window light drew 1/1 beam(s)
2026-05-25 22:10:55.214 +02:00 [INF] Map "d5c08240-0436-454a-8993-362abf5bc477": window light drew 1/1 beam(s)
2026-05-25 22:10:55.264 +02:00 [INF] Map "d5c08240-0436-454a-8993-362abf5bc477": window light drew 1/1 beam(s)
2026-05-25 22:10:55.314 +02:00 [INF] Map "d5c08240-0436-454a-8993-362abf5bc477": window light drew 1/1 beam(s)
2026-05-25 22:10:55.377 +02:00 [INF] Map "d5c08240-0436-454a-8993-362abf5bc477": window light drew 1/1 beam(s)
2026-05-25 22:10:55.427 +02:00 [INF] Map "d5c08240-0436-454a-8993-362abf5bc477": window light drew 1/1 beam(s)
2026-05-25 22:10:55.476 +02:00 [INF] Map "d5c08240-0436-454a-8993-362abf5bc477": window light drew 1/1 beam(s)
2026-05-25 22:10:55.526 +02:00 [INF] Map "d5c08240-0436-454a-8993-362abf5bc477": window light drew 1/1 beam(s)
2026-05-25 22:10:55.576 +02:00 [INF] Map "d5c08240-0436-454a-8993-362abf5bc477": window light drew 1/1 beam(s)
2026-05-25 22:10:55.625 +02:00 [INF] Map "d5c08240-0436-454a-8993-362abf5bc477": window light drew 1/1 beam(s)
2026-05-25 22:10:55.675 +02:00 [INF] Map "d5c08240-0436-454a-8993-362abf5bc477": window light drew 1/1 beam(s)
2026-05-25 22:10:55.725 +02:00 [INF] Map "d5c08240-0436-454a-8993-362abf5bc477": window light drew 1/1 beam(s)
2026-05-25 22:10:55.788 +02:00 [INF] Map "d5c08240-0436-454a-8993-362abf5bc477": window light drew 1/1 beam(s)
2026-05-25 22:10:55.837 +02:00 [INF] Map "d5c08240-0436-454a-8993-362abf5bc477": window light drew 1/1 beam(s)
2026-05-25 22:10:55.887 +02:00 [INF] Map "d5c08240-0436-454a-8993-362abf5bc477": window light drew 1/1 beam(s)
2026-05-25 22:10:55.937 +02:00 [INF] Map "d5c08240-0436-454a-8993-362abf5bc477": window light drew 1/1 beam(s)
2026-05-25 22:10:55.988 +02:00 [INF] Map "d5c08240-0436-454a-8993-362abf5bc477": window light drew 1/1 beam(s)
2026-05-25 22:10:56.038 +02:00 [INF] Map "d5c08240-0436-454a-8993-362abf5bc477": window light drew 1/1 beam(s)
2026-05-25 22:10:56.087 +02:00 [INF] Map "d5c08240-0436-454a-8993-362abf5bc477": window light drew 1/1 beam(s)
2026-05-25 22:10:56.137 +02:00 [INF] Map "d5c08240-0436-454a-8993-362abf5bc477": window light drew 1/1 beam(s)
2026-05-25 22:10:56.186 +02:00 [INF] Map "d5c08240-0436-454a-8993-362abf5bc477": window light drew 1/1 beam(s)
2026-05-25 22:10:56.251 +02:00 [INF] Map "d5c08240-0436-454a-8993-362abf5bc477": window light drew 1/1 beam(s)
2026-05-25 22:10:56.300 +02:00 [INF] Map "d5c08240-0436-454a-8993-362abf5bc477": window light drew 1/1 beam(s)
2026-05-25 22:10:56.350 +02:00 [INF] Map "d5c08240-0436-454a-8993-362abf5bc477": window light drew 1/1 beam(s)
2026-05-25 22:10:56.400 +02:00 [INF] Map "d5c08240-0436-454a-8993-362abf5bc477": window light drew 1/1 beam(s)
2026-05-25 22:10:56.449 +02:00 [INF] Map "d5c08240-0436-454a-8993-362abf5bc477": window light drew 1/1 beam(s)
2026-05-25 22:10:56.499 +02:00 [INF] Map "d5c08240-0436-454a-8993-362abf5bc477": window light drew 1/1 beam(s)
2026-05-25 22:10:56.549 +02:00 [INF] Map "d5c08240-0436-454a-8993-362abf5bc477": window light drew 1/1 beam(s)
2026-05-25 22:10:56.600 +02:00 [INF] Map "d5c08240-0436-454a-8993-362abf5bc477": window light drew 1/1 beam(s)
2026-05-25 22:10:56.662 +02:00 [INF] Map "d5c08240-0436-454a-8993-362abf5bc477": window light drew 1/1 beam(s)
2026-05-25 22:10:56.712 +02:00 [INF] Map "d5c08240-0436-454a-8993-362abf5bc477": window light drew 1/1 beam(s)
2026-05-25 22:10:56.762 +02:00 [INF] Map "d5c08240-0436-454a-8993-362abf5bc477": window light drew 1/1 beam(s)
2026-05-25 22:10:56.811 +02:00 [INF] Map "d5c08240-0436-454a-8993-362abf5bc477": window light drew 1/1 beam(s)
2026-05-25 22:10:56.861 +02:00 [INF] Map "d5c08240-0436-454a-8993-362abf5bc477": window light drew 1/1 beam(s)
2026-05-25 22:10:56.911 +02:00 [INF] Map "d5c08240-0436-454a-8993-362abf5bc477": window light drew 1/1 beam(s)
2026-05-25 22:10:56.961 +02:00 [INF] Map "d5c08240-0436-454a-8993-362abf5bc477": window light drew 1/1 beam(s)
2026-05-25 22:10:57.012 +02:00 [INF] Map "d5c08240-0436-454a-8993-362abf5bc477": window light drew 1/1 beam(s)
2026-05-25 22:10:57.063 +02:00 [INF] Map "d5c08240-0436-454a-8993-362abf5bc477": window light drew 1/1 beam(s)
2026-05-25 22:10:57.128 +02:00 [INF] Map "d5c08240-0436-454a-8993-362abf5bc477": window light drew 1/1 beam(s)
2026-05-25 22:10:57.179 +02:00 [INF] Map "d5c08240-0436-454a-8993-362abf5bc477": window light drew 1/1 beam(s)
2026-05-25 22:10:57.230 +02:00 [INF] Map "d5c08240-0436-454a-8993-362abf5bc477": window light drew 1/1 beam(s)
2026-05-25 22:10:57.281 +02:00 [INF] Map "d5c08240-0436-454a-8993-362abf5bc477": window light drew 1/1 beam(s)
2026-05-25 22:10:57.330 +02:00 [INF] Map "d5c08240-0436-454a-8993-362abf5bc477": window light drew 1/1 beam(s)
2026-05-25 22:10:57.381 +02:00 [INF] Map "d5c08240-0436-454a-8993-362abf5bc477": window light drew 1/1 beam(s)
2026-05-25 22:10:57.430 +02:00 [INF] Map "d5c08240-0436-454a-8993-362abf5bc477": window light drew 1/1 beam(s)
2026-05-25 22:10:57.481 +02:00 [INF] Map "d5c08240-0436-454a-8993-362abf5bc477": window light drew 1/1 beam(s)
2026-05-25 22:10:57.544 +02:00 [INF] Map "d5c08240-0436-454a-8993-362abf5bc477": window light drew 1/1 beam(s)
2026-05-25 22:10:57.594 +02:00 [INF] Map "d5c08240-0436-454a-8993-362abf5bc477": window light drew 1/1 beam(s)
2026-05-25 22:10:57.644 +02:00 [INF] Map "d5c08240-0436-454a-8993-362abf5bc477": window light drew 1/1 beam(s)
2026-05-25 22:10:57.694 +02:00 [INF] Map "d5c08240-0436-454a-8993-362abf5bc477": window light drew 1/1 beam(s)
2026-05-25 22:10:57.744 +02:00 [INF] Map "d5c08240-0436-454a-8993-362abf5bc477": window light drew 1/1 beam(s)
2026-05-25 22:10:57.794 +02:00 [INF] Map "d5c08240-0436-454a-8993-362abf5bc477": window light drew 1/1 beam(s)
2026-05-25 22:10:57.844 +02:00 [INF] Map "d5c08240-0436-454a-8993-362abf5bc477": window light drew 1/1 beam(s)
2026-05-25 22:10:57.894 +02:00 [INF] Map "d5c08240-0436-454a-8993-362abf5bc477": window light drew 1/1 beam(s)
2026-05-25 22:10:57.944 +02:00 [INF] Map "d5c08240-0436-454a-8993-362abf5bc477": window light drew 1/1 beam(s)
2026-05-25 22:10:58.007 +02:00 [INF] Map "d5c08240-0436-454a-8993-362abf5bc477": window light drew 1/1 beam(s)
2026-05-25 22:10:58.057 +02:00 [INF] Map "d5c08240-0436-454a-8993-362abf5bc477": window light drew 1/1 beam(s)
2026-05-25 22:10:58.106 +02:00 [INF] Map "d5c08240-0436-454a-8993-362abf5bc477": window light drew 1/1 beam(s)
2026-05-25 22:10:58.157 +02:00 [INF] Map "d5c08240-0436-454a-8993-362abf5bc477": window light drew 1/1 beam(s)
2026-05-25 22:10:58.207 +02:00 [INF] Map "d5c08240-0436-454a-8993-362abf5bc477": window light drew 1/1 beam(s)
2026-05-25 22:10:58.257 +02:00 [INF] Map "d5c08240-0436-454a-8993-362abf5bc477": window light drew 1/1 beam(s)
2026-05-25 22:10:58.307 +02:00 [INF] Map "d5c08240-0436-454a-8993-362abf5bc477": window light drew 1/1 beam(s)
2026-05-25 22:10:58.357 +02:00 [INF] Map "d5c08240-0436-454a-8993-362abf5bc477": window light drew 1/1 beam(s)
2026-05-25 22:10:58.420 +02:00 [INF] Map "d5c08240-0436-454a-8993-362abf5bc477": window light drew 1/1 beam(s)
2026-05-25 22:10:58.470 +02:00 [INF] Map "d5c08240-0436-454a-8993-362abf5bc477": window light drew 1/1 beam(s)
2026-05-25 22:10:58.522 +02:00 [INF] Map "d5c08240-0436-454a-8993-362abf5bc477": window light drew 1/1 beam(s)
2026-05-25 22:10:58.571 +02:00 [INF] Map "d5c08240-0436-454a-8993-362abf5bc477": window light drew 1/1 beam(s)
2026-05-25 22:10:58.621 +02:00 [INF] Map "d5c08240-0436-454a-8993-362abf5bc477": window light drew 1/1 beam(s)
2026-05-25 22:10:58.670 +02:00 [INF] Map "d5c08240-0436-454a-8993-362abf5bc477": window light drew 1/1 beam(s)
2026-05-25 22:10:58.720 +02:00 [INF] Map "d5c08240-0436-454a-8993-362abf5bc477": window light drew 1/1 beam(s)
2026-05-25 22:10:58.770 +02:00 [INF] Map "d5c08240-0436-454a-8993-362abf5bc477": window light drew 1/1 beam(s)
2026-05-25 22:10:58.820 +02:00 [INF] Map "d5c08240-0436-454a-8993-362abf5bc477": window light drew 1/1 beam(s)
2026-05-25 22:10:58.883 +02:00 [INF] Map "d5c08240-0436-454a-8993-362abf5bc477": window light drew 1/1 beam(s)
2026-05-25 22:10:58.933 +02:00 [INF] Map "d5c08240-0436-454a-8993-362abf5bc477": window light drew 1/1 beam(s)
2026-05-25 22:10:58.984 +02:00 [INF] Map "d5c08240-0436-454a-8993-362abf5bc477": window light drew 1/1 beam(s)
2026-05-25 22:10:59.034 +02:00 [INF] Map "d5c08240-0436-454a-8993-362abf5bc477": window light drew 1/1 beam(s)
2026-05-25 22:10:59.084 +02:00 [INF] Map "d5c08240-0436-454a-8993-362abf5bc477": window light drew 1/1 beam(s)
2026-05-25 22:10:59.134 +02:00 [INF] Map "d5c08240-0436-454a-8993-362abf5bc477": window light drew 1/1 beam(s)
2026-05-25 22:10:59.184 +02:00 [INF] Map "d5c08240-0436-454a-8993-362abf5bc477": window light drew 1/1 beam(s)
2026-05-25 22:10:59.234 +02:00 [INF] Map "d5c08240-0436-454a-8993-362abf5bc477": window light drew 1/1 beam(s)
2026-05-25 22:10:59.296 +02:00 [INF] Map "d5c08240-0436-454a-8993-362abf5bc477": window light drew 1/1 beam(s)
2026-05-25 22:10:59.346 +02:00 [INF] Map "d5c08240-0436-454a-8993-362abf5bc477": window light drew 1/1 beam(s)
2026-05-25 22:10:59.396 +02:00 [INF] Map "d5c08240-0436-454a-8993-362abf5bc477": window light drew 1/1 beam(s)
2026-05-25 22:10:59.446 +02:00 [INF] Map "d5c08240-0436-454a-8993-362abf5bc477": window light drew 1/1 beam(s)
2026-05-25 22:10:59.496 +02:00 [INF] Map "d5c08240-0436-454a-8993-362abf5bc477": window light drew 1/1 beam(s)
2026-05-25 22:10:59.547 +02:00 [INF] Map "d5c08240-0436-454a-8993-362abf5bc477": window light drew 1/1 beam(s)
2026-05-25 22:10:59.597 +02:00 [INF] Map "d5c08240-0436-454a-8993-362abf5bc477": window light drew 1/1 beam(s)
2026-05-25 22:10:59.646 +02:00 [INF] Map "d5c08240-0436-454a-8993-362abf5bc477": window light drew 1/1 beam(s)
2026-05-25 22:10:59.696 +02:00 [INF] Map "d5c08240-0436-454a-8993-362abf5bc477": window light drew 1/1 beam(s)
2026-05-25 22:10:59.760 +02:00 [INF] Map "d5c08240-0436-454a-8993-362abf5bc477": window light drew 1/1 beam(s)
2026-05-25 22:10:59.810 +02:00 [INF] Map "d5c08240-0436-454a-8993-362abf5bc477": window light drew 1/1 beam(s)
2026-05-25 22:10:59.859 +02:00 [INF] Map "d5c08240-0436-454a-8993-362abf5bc477": window light drew 1/1 beam(s)
2026-05-25 22:10:59.909 +02:00 [INF] Map "d5c08240-0436-454a-8993-362abf5bc477": window light drew 1/1 beam(s)
2026-05-25 22:10:59.959 +02:00 [INF] Map "d5c08240-0436-454a-8993-362abf5bc477": window light drew 1/1 beam(s)
2026-05-25 22:11:00.009 +02:00 [INF] Map "d5c08240-0436-454a-8993-362abf5bc477": window light drew 1/1 beam(s)
2026-05-25 22:11:00.059 +02:00 [INF] Map "d5c08240-0436-454a-8993-362abf5bc477": window light drew 1/1 beam(s)
2026-05-25 22:11:00.109 +02:00 [INF] Map "d5c08240-0436-454a-8993-362abf5bc477": window light drew 1/1 beam(s)
2026-05-25 22:11:00.172 +02:00 [INF] Map "d5c08240-0436-454a-8993-362abf5bc477": window light drew 1/1 beam(s)
2026-05-25 22:11:00.221 +02:00 [INF] Map "d5c08240-0436-454a-8993-362abf5bc477": window light drew 1/1 beam(s)
2026-05-25 22:11:00.271 +02:00 [INF] Map "d5c08240-0436-454a-8993-362abf5bc477": window light drew 1/1 beam(s)
2026-05-25 22:11:00.321 +02:00 [INF] Map "d5c08240-0436-454a-8993-362abf5bc477": window light drew 1/1 beam(s)
2026-05-25 22:11:00.371 +02:00 [INF] Map "d5c08240-0436-454a-8993-362abf5bc477": window light drew 1/1 beam(s)
2026-05-25 22:11:00.421 +02:00 [INF] Map "d5c08240-0436-454a-8993-362abf5bc477": window light drew 1/1 beam(s)
2026-05-25 22:11:00.470 +02:00 [INF] Map "d5c08240-0436-454a-8993-362abf5bc477": window light drew 1/1 beam(s)
2026-05-25 22:11:00.520 +02:00 [INF] Map "d5c08240-0436-454a-8993-362abf5bc477": window light drew 1/1 beam(s)
2026-05-25 22:11:00.570 +02:00 [INF] Map "d5c08240-0436-454a-8993-362abf5bc477": window light drew 1/1 beam(s)
2026-05-25 22:11:00.633 +02:00 [INF] Map "d5c08240-0436-454a-8993-362abf5bc477": window light drew 1/1 beam(s)
2026-05-25 22:11:00.683 +02:00 [INF] Map "d5c08240-0436-454a-8993-362abf5bc477": window light drew 1/1 beam(s)
2026-05-25 22:11:00.733 +02:00 [INF] Map "d5c08240-0436-454a-8993-362abf5bc477": window light drew 1/1 beam(s)
2026-05-25 22:11:00.783 +02:00 [INF] Map "d5c08240-0436-454a-8993-362abf5bc477": window light drew 1/1 beam(s)
2026-05-25 22:11:00.834 +02:00 [INF] Map "d5c08240-0436-454a-8993-362abf5bc477": window light drew 1/1 beam(s)
2026-05-25 22:11:00.887 +02:00 [INF] Map "d5c08240-0436-454a-8993-362abf5bc477": window light drew 1/1 beam(s)
2026-05-25 22:11:00.939 +02:00 [INF] Map "d5c08240-0436-454a-8993-362abf5bc477": window light drew 1/1 beam(s)
2026-05-25 22:11:00.989 +02:00 [INF] Map "d5c08240-0436-454a-8993-362abf5bc477": window light drew 1/1 beam(s)
2026-05-25 22:11:01.053 +02:00 [INF] Map "d5c08240-0436-454a-8993-362abf5bc477": window light drew 1/1 beam(s)
2026-05-25 22:11:01.102 +02:00 [INF] Map "d5c08240-0436-454a-8993-362abf5bc477": window light drew 1/1 beam(s)
2026-05-25 22:11:01.151 +02:00 [INF] Map "d5c08240-0436-454a-8993-362abf5bc477": window light drew 1/1 beam(s)
2026-05-25 22:11:01.200 +02:00 [INF] Map "d5c08240-0436-454a-8993-362abf5bc477": window light drew 1/1 beam(s)
2026-05-25 22:11:01.250 +02:00 [INF] Map "d5c08240-0436-454a-8993-362abf5bc477": window light drew 1/1 beam(s)
2026-05-25 22:11:01.300 +02:00 [INF] Map "d5c08240-0436-454a-8993-362abf5bc477": window light drew 1/1 beam(s)
2026-05-25 22:11:01.350 +02:00 [INF] Map "d5c08240-0436-454a-8993-362abf5bc477": window light drew 1/1 beam(s)
2026-05-25 22:11:01.399 +02:00 [INF] Map "d5c08240-0436-454a-8993-362abf5bc477": window light drew 1/1 beam(s)
2026-05-25 22:11:01.449 +02:00 [INF] Map "d5c08240-0436-454a-8993-362abf5bc477": window light drew 1/1 beam(s)
2026-05-25 22:11:01.512 +02:00 [INF] Map "d5c08240-0436-454a-8993-362abf5bc477": window light drew 1/1 beam(s)
2026-05-25 22:11:01.562 +02:00 [INF] Map "d5c08240-0436-454a-8993-362abf5bc477": window light drew 1/1 beam(s)
2026-05-25 22:11:01.611 +02:00 [INF] Map "d5c08240-0436-454a-8993-362abf5bc477": window light drew 1/1 beam(s)
2026-05-25 22:11:01.660 +02:00 [INF] Map "d5c08240-0436-454a-8993-362abf5bc477": window light drew 1/1 beam(s)
2026-05-25 22:11:01.711 +02:00 [INF] Map "d5c08240-0436-454a-8993-362abf5bc477": window light drew 1/1 beam(s)
2026-05-25 22:11:01.761 +02:00 [INF] Map "d5c08240-0436-454a-8993-362abf5bc477": window light drew 1/1 beam(s)
2026-05-25 22:11:01.811 +02:00 [INF] Map "d5c08240-0436-454a-8993-362abf5bc477": window light drew 1/1 beam(s)
2026-05-25 22:11:01.860 +02:00 [INF] Map "d5c08240-0436-454a-8993-362abf5bc477": window light drew 1/1 beam(s)
2026-05-25 22:11:01.922 +02:00 [INF] Map "d5c08240-0436-454a-8993-362abf5bc477": window light drew 1/1 beam(s)
2026-05-25 22:11:01.972 +02:00 [INF] Map "d5c08240-0436-454a-8993-362abf5bc477": window light drew 1/1 beam(s)
2026-05-25 22:11:02.021 +02:00 [INF] Map "d5c08240-0436-454a-8993-362abf5bc477": window light drew 1/1 beam(s)
2026-05-25 22:11:02.071 +02:00 [INF] Map "d5c08240-0436-454a-8993-362abf5bc477": window light drew 1/1 beam(s)
2026-05-25 22:11:02.120 +02:00 [INF] Map "d5c08240-0436-454a-8993-362abf5bc477": window light drew 1/1 beam(s)
2026-05-25 22:11:02.170 +02:00 [INF] Map "d5c08240-0436-454a-8993-362abf5bc477": window light drew 1/1 beam(s)
2026-05-25 22:11:02.220 +02:00 [INF] Map "d5c08240-0436-454a-8993-362abf5bc477": window light drew 1/1 beam(s)
2026-05-25 22:11:02.270 +02:00 [INF] Map "d5c08240-0436-454a-8993-362abf5bc477": window light drew 1/1 beam(s)
2026-05-25 22:11:02.319 +02:00 [INF] Map "d5c08240-0436-454a-8993-362abf5bc477": window light drew 1/1 beam(s)
2026-05-25 22:11:02.382 +02:00 [INF] Map "d5c08240-0436-454a-8993-362abf5bc477": window light drew 1/1 beam(s)
2026-05-25 22:11:02.433 +02:00 [INF] Map "d5c08240-0436-454a-8993-362abf5bc477": window light drew 1/1 beam(s)
2026-05-25 22:11:02.483 +02:00 [INF] Map "d5c08240-0436-454a-8993-362abf5bc477": window light drew 1/1 beam(s)
2026-05-25 22:11:02.533 +02:00 [INF] Map "d5c08240-0436-454a-8993-362abf5bc477": window light drew 1/1 beam(s)
2026-05-25 22:11:02.583 +02:00 [INF] Map "d5c08240-0436-454a-8993-362abf5bc477": window light drew 1/1 beam(s)
2026-05-25 22:11:02.633 +02:00 [INF] Map "d5c08240-0436-454a-8993-362abf5bc477": window light drew 1/1 beam(s)
2026-05-25 22:11:02.684 +02:00 [INF] Map "d5c08240-0436-454a-8993-362abf5bc477": window light drew 1/1 beam(s)
2026-05-25 22:11:02.733 +02:00 [INF] Map "d5c08240-0436-454a-8993-362abf5bc477": window light drew 1/1 beam(s)
2026-05-25 22:11:02.795 +02:00 [INF] Map "d5c08240-0436-454a-8993-362abf5bc477": window light drew 1/1 beam(s)
2026-05-25 22:11:02.845 +02:00 [INF] Map "d5c08240-0436-454a-8993-362abf5bc477": window light drew 1/1 beam(s)
2026-05-25 22:11:02.894 +02:00 [INF] Map "d5c08240-0436-454a-8993-362abf5bc477": window light drew 1/1 beam(s)
2026-05-25 22:11:02.944 +02:00 [INF] Map "d5c08240-0436-454a-8993-362abf5bc477": window light drew 1/1 beam(s)
2026-05-25 22:11:02.994 +02:00 [INF] Map "d5c08240-0436-454a-8993-362abf5bc477": window light drew 1/1 beam(s)
2026-05-25 22:11:03.044 +02:00 [INF] Map "d5c08240-0436-454a-8993-362abf5bc477": window light drew 1/1 beam(s)
2026-05-25 22:11:03.094 +02:00 [INF] Map "d5c08240-0436-454a-8993-362abf5bc477": window light drew 1/1 beam(s)
2026-05-25 22:11:03.144 +02:00 [INF] Map "d5c08240-0436-454a-8993-362abf5bc477": window light drew 1/1 beam(s)
2026-05-25 22:11:03.194 +02:00 [INF] Map "d5c08240-0436-454a-8993-362abf5bc477": window light drew 1/1 beam(s)
2026-05-25 22:11:03.257 +02:00 [INF] Map "d5c08240-0436-454a-8993-362abf5bc477": window light drew 1/1 beam(s)
2026-05-25 22:11:03.307 +02:00 [INF] Map "d5c08240-0436-454a-8993-362abf5bc477": window light drew 1/1 beam(s)
2026-05-25 22:11:03.357 +02:00 [INF] Map "d5c08240-0436-454a-8993-362abf5bc477": window light drew 1/1 beam(s)
2026-05-25 22:11:03.407 +02:00 [INF] Map "d5c08240-0436-454a-8993-362abf5bc477": window light drew 1/1 beam(s)
2026-05-25 22:11:03.456 +02:00 [INF] Map "d5c08240-0436-454a-8993-362abf5bc477": window light drew 1/1 beam(s)
2026-05-25 22:11:03.506 +02:00 [INF] Map "d5c08240-0436-454a-8993-362abf5bc477": window light drew 1/1 beam(s)
2026-05-25 22:11:03.556 +02:00 [INF] Map "d5c08240-0436-454a-8993-362abf5bc477": window light drew 1/1 beam(s)
2026-05-25 22:11:03.606 +02:00 [INF] Map "d5c08240-0436-454a-8993-362abf5bc477": window light drew 1/1 beam(s)
2026-05-25 22:11:03.668 +02:00 [INF] Map "d5c08240-0436-454a-8993-362abf5bc477": window light drew 1/1 beam(s)
2026-05-25 22:11:03.718 +02:00 [INF] Map "d5c08240-0436-454a-8993-362abf5bc477": window light drew 1/1 beam(s)
2026-05-25 22:11:03.768 +02:00 [INF] Map "d5c08240-0436-454a-8993-362abf5bc477": window light drew 1/1 beam(s)
2026-05-25 22:11:03.818 +02:00 [INF] Map "d5c08240-0436-454a-8993-362abf5bc477": window light drew 1/1 beam(s)
2026-05-25 22:11:03.868 +02:00 [INF] Map "d5c08240-0436-454a-8993-362abf5bc477": window light drew 1/1 beam(s)
2026-05-25 22:11:03.919 +02:00 [INF] Map "d5c08240-0436-454a-8993-362abf5bc477": window light drew 1/1 beam(s)
2026-05-25 22:11:03.970 +02:00 [INF] Map "d5c08240-0436-454a-8993-362abf5bc477": window light drew 1/1 beam(s)
2026-05-25 22:11:04.021 +02:00 [INF] Map "d5c08240-0436-454a-8993-362abf5bc477": window light drew 1/1 beam(s)
2026-05-25 22:11:04.071 +02:00 [INF] Map "d5c08240-0436-454a-8993-362abf5bc477": window light drew 1/1 beam(s)
2026-05-25 22:11:04.134 +02:00 [INF] Map "d5c08240-0436-454a-8993-362abf5bc477": window light drew 1/1 beam(s)
2026-05-25 22:11:04.184 +02:00 [INF] Map "d5c08240-0436-454a-8993-362abf5bc477": window light drew 1/1 beam(s)
2026-05-25 22:11:04.234 +02:00 [INF] Map "d5c08240-0436-454a-8993-362abf5bc477": window light drew 1/1 beam(s)
2026-05-25 22:11:04.285 +02:00 [INF] Map "d5c08240-0436-454a-8993-362abf5bc477": window light drew 1/1 beam(s)
2026-05-25 22:11:04.336 +02:00 [INF] Map "d5c08240-0436-454a-8993-362abf5bc477": window light drew 1/1 beam(s)
2026-05-25 22:11:04.385 +02:00 [INF] Map "d5c08240-0436-454a-8993-362abf5bc477": window light drew 1/1 beam(s)
2026-05-25 22:11:04.437 +02:00 [INF] Map "d5c08240-0436-454a-8993-362abf5bc477": window light drew 1/1 beam(s)
2026-05-25 22:11:04.486 +02:00 [INF] Map "d5c08240-0436-454a-8993-362abf5bc477": window light drew 1/1 beam(s)
2026-05-25 22:11:04.549 +02:00 [INF] Map "d5c08240-0436-454a-8993-362abf5bc477": window light drew 1/1 beam(s)
2026-05-25 22:11:04.599 +02:00 [INF] Map "d5c08240-0436-454a-8993-362abf5bc477": window light drew 1/1 beam(s)
2026-05-25 22:11:04.649 +02:00 [INF] Map "d5c08240-0436-454a-8993-362abf5bc477": window light drew 1/1 beam(s)
2026-05-25 22:11:04.698 +02:00 [INF] Map "d5c08240-0436-454a-8993-362abf5bc477": window light drew 1/1 beam(s)
2026-05-25 22:11:04.748 +02:00 [INF] Map "d5c08240-0436-454a-8993-362abf5bc477": window light drew 1/1 beam(s)
2026-05-25 22:11:04.798 +02:00 [INF] Map "d5c08240-0436-454a-8993-362abf5bc477": window light drew 1/1 beam(s)
2026-05-25 22:11:04.848 +02:00 [INF] Map "d5c08240-0436-454a-8993-362abf5bc477": window light drew 1/1 beam(s)
2026-05-25 22:11:04.897 +02:00 [INF] Map "d5c08240-0436-454a-8993-362abf5bc477": window light drew 1/1 beam(s)
2026-05-25 22:11:04.947 +02:00 [INF] Map "d5c08240-0436-454a-8993-362abf5bc477": window light drew 1/1 beam(s)
2026-05-25 22:11:05.009 +02:00 [INF] Map "d5c08240-0436-454a-8993-362abf5bc477": window light drew 1/1 beam(s)
2026-05-25 22:11:05.058 +02:00 [INF] Map "d5c08240-0436-454a-8993-362abf5bc477": window light drew 1/1 beam(s)
2026-05-25 22:11:05.107 +02:00 [INF] Map "d5c08240-0436-454a-8993-362abf5bc477": window light drew 1/1 beam(s)
2026-05-25 22:11:05.156 +02:00 [INF] Map "d5c08240-0436-454a-8993-362abf5bc477": window light drew 1/1 beam(s)
2026-05-25 22:11:05.206 +02:00 [INF] Map "d5c08240-0436-454a-8993-362abf5bc477": window light drew 1/1 beam(s)
2026-05-25 22:11:05.256 +02:00 [INF] Map "d5c08240-0436-454a-8993-362abf5bc477": window light drew 1/1 beam(s)
2026-05-25 22:11:05.305 +02:00 [INF] Map "d5c08240-0436-454a-8993-362abf5bc477": window light drew 1/1 beam(s)
2026-05-25 22:11:05.362 +02:00 [INF] Map "d5c08240-0436-454a-8993-362abf5bc477": window light drew 1/1 beam(s)
2026-05-25 22:11:05.426 +02:00 [INF] Map "d5c08240-0436-454a-8993-362abf5bc477": window light drew 1/1 beam(s)
2026-05-25 22:11:05.475 +02:00 [INF] Map "d5c08240-0436-454a-8993-362abf5bc477": window light drew 1/1 beam(s)
2026-05-25 22:11:05.524 +02:00 [INF] Map "d5c08240-0436-454a-8993-362abf5bc477": window light drew 1/1 beam(s)
2026-05-25 22:11:05.574 +02:00 [INF] Map "d5c08240-0436-454a-8993-362abf5bc477": window light drew 1/1 beam(s)
2026-05-25 22:11:05.623 +02:00 [INF] Map "d5c08240-0436-454a-8993-362abf5bc477": window light drew 1/1 beam(s)
2026-05-25 22:11:05.673 +02:00 [INF] Map "d5c08240-0436-454a-8993-362abf5bc477": window light drew 1/1 beam(s)
2026-05-25 22:11:05.723 +02:00 [INF] Map "d5c08240-0436-454a-8993-362abf5bc477": window light drew 1/1 beam(s)
2026-05-25 22:11:05.772 +02:00 [INF] Map "d5c08240-0436-454a-8993-362abf5bc477": window light drew 1/1 beam(s)
2026-05-25 22:11:05.822 +02:00 [INF] Map "d5c08240-0436-454a-8993-362abf5bc477": window light drew 1/1 beam(s)
2026-05-25 22:11:05.885 +02:00 [INF] Map "d5c08240-0436-454a-8993-362abf5bc477": window light drew 1/1 beam(s)
2026-05-25 22:11:05.935 +02:00 [INF] Map "d5c08240-0436-454a-8993-362abf5bc477": window light drew 1/1 beam(s)
2026-05-25 22:11:05.984 +02:00 [INF] Map "d5c08240-0436-454a-8993-362abf5bc477": window light drew 1/1 beam(s)
2026-05-25 22:11:06.034 +02:00 [INF] Map "d5c08240-0436-454a-8993-362abf5bc477": window light drew 1/1 beam(s)
2026-05-25 22:11:06.084 +02:00 [INF] Map "d5c08240-0436-454a-8993-362abf5bc477": window light drew 1/1 beam(s)
2026-05-25 22:11:06.134 +02:00 [INF] Map "d5c08240-0436-454a-8993-362abf5bc477": window light drew 1/1 beam(s)
2026-05-25 22:11:06.184 +02:00 [INF] Map "d5c08240-0436-454a-8993-362abf5bc477": window light drew 1/1 beam(s)
2026-05-25 22:11:06.234 +02:00 [INF] Map "d5c08240-0436-454a-8993-362abf5bc477": window light drew 1/1 beam(s)
2026-05-25 22:11:06.296 +02:00 [INF] Map "d5c08240-0436-454a-8993-362abf5bc477": window light drew 1/1 beam(s)
2026-05-25 22:11:06.346 +02:00 [INF] Map "d5c08240-0436-454a-8993-362abf5bc477": window light drew 1/1 beam(s)
2026-05-25 22:11:06.395 +02:00 [INF] Map "d5c08240-0436-454a-8993-362abf5bc477": window light drew 1/1 beam(s)
2026-05-25 22:11:06.444 +02:00 [INF] Map "d5c08240-0436-454a-8993-362abf5bc477": window light drew 1/1 beam(s)
2026-05-25 22:11:06.494 +02:00 [INF] Map "d5c08240-0436-454a-8993-362abf5bc477": window light drew 1/1 beam(s)
2026-05-25 22:11:06.543 +02:00 [INF] Map "d5c08240-0436-454a-8993-362abf5bc477": window light drew 1/1 beam(s)
2026-05-25 22:11:06.593 +02:00 [INF] Map "d5c08240-0436-454a-8993-362abf5bc477": window light drew 1/1 beam(s)
2026-05-25 22:11:06.643 +02:00 [INF] Map "d5c08240-0436-454a-8993-362abf5bc477": window light drew 1/1 beam(s)
2026-05-25 22:11:06.693 +02:00 [INF] Map "d5c08240-0436-454a-8993-362abf5bc477": window light drew 1/1 beam(s)
2026-05-25 22:11:06.755 +02:00 [INF] Map "d5c08240-0436-454a-8993-362abf5bc477": window light drew 1/1 beam(s)
2026-05-25 22:11:06.805 +02:00 [INF] Map "d5c08240-0436-454a-8993-362abf5bc477": window light drew 1/1 beam(s)
2026-05-25 22:11:06.857 +02:00 [INF] Map "d5c08240-0436-454a-8993-362abf5bc477": window light drew 1/1 beam(s)
2026-05-25 22:11:06.907 +02:00 [INF] Map "d5c08240-0436-454a-8993-362abf5bc477": window light drew 1/1 beam(s)
2026-05-25 22:11:06.957 +02:00 [INF] Map "d5c08240-0436-454a-8993-362abf5bc477": window light drew 1/1 beam(s)
2026-05-25 22:11:07.006 +02:00 [INF] Map "d5c08240-0436-454a-8993-362abf5bc477": window light drew 1/1 beam(s)
2026-05-25 22:11:07.055 +02:00 [INF] Map "d5c08240-0436-454a-8993-362abf5bc477": window light drew 1/1 beam(s)
2026-05-25 22:11:07.105 +02:00 [INF] Map "d5c08240-0436-454a-8993-362abf5bc477": window light drew 1/1 beam(s)
2026-05-25 22:11:07.167 +02:00 [INF] Map "d5c08240-0436-454a-8993-362abf5bc477": window light drew 1/1 beam(s)
2026-05-25 22:11:07.218 +02:00 [INF] Map "d5c08240-0436-454a-8993-362abf5bc477": window light drew 1/1 beam(s)
2026-05-25 22:11:07.268 +02:00 [INF] Map "d5c08240-0436-454a-8993-362abf5bc477": window light drew 1/1 beam(s)
2026-05-25 22:11:07.318 +02:00 [INF] Map "d5c08240-0436-454a-8993-362abf5bc477": window light drew 1/1 beam(s)
2026-05-25 22:11:07.368 +02:00 [INF] Map "d5c08240-0436-454a-8993-362abf5bc477": window light drew 1/1 beam(s)
2026-05-25 22:11:07.418 +02:00 [INF] Map "d5c08240-0436-454a-8993-362abf5bc477": window light drew 1/1 beam(s)
2026-05-25 22:11:07.467 +02:00 [INF] Map "d5c08240-0436-454a-8993-362abf5bc477": window light drew 1/1 beam(s)
2026-05-25 22:11:07.516 +02:00 [INF] Map "d5c08240-0436-454a-8993-362abf5bc477": window light drew 1/1 beam(s)
2026-05-25 22:11:07.566 +02:00 [INF] Map "d5c08240-0436-454a-8993-362abf5bc477": window light drew 1/1 beam(s)
2026-05-25 22:11:07.630 +02:00 [INF] Map "d5c08240-0436-454a-8993-362abf5bc477": window light drew 1/1 beam(s)
2026-05-25 22:11:07.679 +02:00 [INF] Map "d5c08240-0436-454a-8993-362abf5bc477": window light drew 1/1 beam(s)
2026-05-25 22:11:07.729 +02:00 [INF] Map "d5c08240-0436-454a-8993-362abf5bc477": window light drew 1/1 beam(s)
2026-05-25 22:11:07.778 +02:00 [INF] Map "d5c08240-0436-454a-8993-362abf5bc477": window light drew 1/1 beam(s)
2026-05-25 22:11:07.827 +02:00 [INF] Map "d5c08240-0436-454a-8993-362abf5bc477": window light drew 1/1 beam(s)
2026-05-25 22:11:07.878 +02:00 [INF] Map "d5c08240-0436-454a-8993-362abf5bc477": window light drew 1/1 beam(s)
2026-05-25 22:11:07.928 +02:00 [INF] Map "d5c08240-0436-454a-8993-362abf5bc477": window light drew 1/1 beam(s)
2026-05-25 22:11:07.977 +02:00 [INF] Map "d5c08240-0436-454a-8993-362abf5bc477": window light drew 1/1 beam(s)
2026-05-25 22:11:08.036 +02:00 [INF] Map "d5c08240-0436-454a-8993-362abf5bc477": window light drew 1/1 beam(s)
2026-05-25 22:11:08.087 +02:00 [INF] Map "d5c08240-0436-454a-8993-362abf5bc477": window light drew 1/1 beam(s)
2026-05-25 22:11:08.138 +02:00 [INF] Map "d5c08240-0436-454a-8993-362abf5bc477": window light drew 1/1 beam(s)
2026-05-25 22:11:08.187 +02:00 [INF] Map "d5c08240-0436-454a-8993-362abf5bc477": window light drew 1/1 beam(s)
2026-05-25 22:11:08.237 +02:00 [INF] Map "d5c08240-0436-454a-8993-362abf5bc477": window light drew 1/1 beam(s)
2026-05-25 22:11:08.286 +02:00 [INF] Map "d5c08240-0436-454a-8993-362abf5bc477": window light drew 1/1 beam(s)
2026-05-25 22:11:08.336 +02:00 [INF] Map "d5c08240-0436-454a-8993-362abf5bc477": window light drew 1/1 beam(s)
2026-05-25 22:11:08.385 +02:00 [INF] Map "d5c08240-0436-454a-8993-362abf5bc477": window light drew 1/1 beam(s)
2026-05-25 22:11:08.435 +02:00 [INF] Map "d5c08240-0436-454a-8993-362abf5bc477": window light drew 1/1 beam(s)
2026-05-25 22:11:08.497 +02:00 [INF] Map "d5c08240-0436-454a-8993-362abf5bc477": window light drew 1/1 beam(s)
2026-05-25 22:11:08.546 +02:00 [INF] Map "d5c08240-0436-454a-8993-362abf5bc477": window light drew 1/1 beam(s)
2026-05-25 22:11:08.596 +02:00 [INF] Map "d5c08240-0436-454a-8993-362abf5bc477": window light drew 1/1 beam(s)
2026-05-25 22:11:08.647 +02:00 [INF] Map "d5c08240-0436-454a-8993-362abf5bc477": window light drew 1/1 beam(s)
2026-05-25 22:11:08.696 +02:00 [INF] Map "d5c08240-0436-454a-8993-362abf5bc477": window light drew 1/1 beam(s)
2026-05-25 22:11:08.746 +02:00 [INF] Map "d5c08240-0436-454a-8993-362abf5bc477": window light drew 1/1 beam(s)
2026-05-25 22:11:08.796 +02:00 [INF] Map "d5c08240-0436-454a-8993-362abf5bc477": window light drew 1/1 beam(s)
2026-05-25 22:11:08.846 +02:00 [INF] Map "d5c08240-0436-454a-8993-362abf5bc477": window light drew 1/1 beam(s)
2026-05-25 22:11:08.908 +02:00 [INF] Map "d5c08240-0436-454a-8993-362abf5bc477": window light drew 1/1 beam(s)
2026-05-25 22:11:08.958 +02:00 [INF] Map "d5c08240-0436-454a-8993-362abf5bc477": window light drew 1/1 beam(s)
2026-05-25 22:11:09.008 +02:00 [INF] Map "d5c08240-0436-454a-8993-362abf5bc477": window light drew 1/1 beam(s)
2026-05-25 22:11:09.059 +02:00 [INF] Map "d5c08240-0436-454a-8993-362abf5bc477": window light drew 1/1 beam(s)
2026-05-25 22:11:09.109 +02:00 [INF] Map "d5c08240-0436-454a-8993-362abf5bc477": window light drew 1/1 beam(s)
2026-05-25 22:11:09.159 +02:00 [INF] Map "d5c08240-0436-454a-8993-362abf5bc477": window light drew 1/1 beam(s)
2026-05-25 22:11:09.208 +02:00 [INF] Map "d5c08240-0436-454a-8993-362abf5bc477": window light drew 1/1 beam(s)
2026-05-25 22:11:09.258 +02:00 [INF] Map "d5c08240-0436-454a-8993-362abf5bc477": window light drew 1/1 beam(s)
2026-05-25 22:11:09.307 +02:00 [INF] Map "d5c08240-0436-454a-8993-362abf5bc477": window light drew 1/1 beam(s)
2026-05-25 22:11:09.369 +02:00 [INF] Map "d5c08240-0436-454a-8993-362abf5bc477": window light drew 1/1 beam(s)
2026-05-25 22:11:09.419 +02:00 [INF] Map "d5c08240-0436-454a-8993-362abf5bc477": window light drew 1/1 beam(s)
2026-05-25 22:11:09.469 +02:00 [INF] Map "d5c08240-0436-454a-8993-362abf5bc477": window light drew 1/1 beam(s)
2026-05-25 22:11:09.519 +02:00 [INF] Map "d5c08240-0436-454a-8993-362abf5bc477": window light drew 1/1 beam(s)
2026-05-25 22:11:09.569 +02:00 [INF] Map "d5c08240-0436-454a-8993-362abf5bc477": window light drew 1/1 beam(s)
2026-05-25 22:11:09.618 +02:00 [INF] Map "d5c08240-0436-454a-8993-362abf5bc477": window light drew 1/1 beam(s)
2026-05-25 22:11:09.668 +02:00 [INF] Map "d5c08240-0436-454a-8993-362abf5bc477": window light drew 1/1 beam(s)
2026-05-25 22:11:09.718 +02:00 [INF] Map "d5c08240-0436-454a-8993-362abf5bc477": window light drew 1/1 beam(s)
2026-05-25 22:11:09.780 +02:00 [INF] Map "d5c08240-0436-454a-8993-362abf5bc477": window light drew 1/1 beam(s)
2026-05-25 22:11:09.830 +02:00 [INF] Map "d5c08240-0436-454a-8993-362abf5bc477": window light drew 1/1 beam(s)
2026-05-25 22:11:09.880 +02:00 [INF] Map "d5c08240-0436-454a-8993-362abf5bc477": window light drew 1/1 beam(s)
2026-05-25 22:11:09.930 +02:00 [INF] Map "d5c08240-0436-454a-8993-362abf5bc477": window light drew 1/1 beam(s)
2026-05-25 22:11:09.980 +02:00 [INF] Map "d5c08240-0436-454a-8993-362abf5bc477": window light drew 1/1 beam(s)
2026-05-25 22:11:10.030 +02:00 [INF] Map "d5c08240-0436-454a-8993-362abf5bc477": window light drew 1/1 beam(s)
2026-05-25 22:11:10.080 +02:00 [INF] Map "d5c08240-0436-454a-8993-362abf5bc477": window light drew 1/1 beam(s)
2026-05-25 22:11:10.129 +02:00 [INF] Map "d5c08240-0436-454a-8993-362abf5bc477": window light drew 1/1 beam(s)
2026-05-25 22:11:10.180 +02:00 [INF] Map "d5c08240-0436-454a-8993-362abf5bc477": window light drew 1/1 beam(s)
2026-05-25 22:11:10.242 +02:00 [INF] Map "d5c08240-0436-454a-8993-362abf5bc477": window light drew 1/1 beam(s)
2026-05-25 22:11:10.292 +02:00 [INF] Map "d5c08240-0436-454a-8993-362abf5bc477": window light drew 1/1 beam(s)
2026-05-25 22:11:10.342 +02:00 [INF] Map "d5c08240-0436-454a-8993-362abf5bc477": window light drew 1/1 beam(s)
2026-05-25 22:11:10.392 +02:00 [INF] Map "d5c08240-0436-454a-8993-362abf5bc477": window light drew 1/1 beam(s)
2026-05-25 22:11:10.442 +02:00 [INF] Map "d5c08240-0436-454a-8993-362abf5bc477": window light drew 1/1 beam(s)
2026-05-25 22:11:10.492 +02:00 [INF] Map "d5c08240-0436-454a-8993-362abf5bc477": window light drew 1/1 beam(s)
2026-05-25 22:11:10.542 +02:00 [INF] Map "d5c08240-0436-454a-8993-362abf5bc477": window light drew 1/1 beam(s)
2026-05-25 22:11:10.593 +02:00 [INF] Map "d5c08240-0436-454a-8993-362abf5bc477": window light drew 1/1 beam(s)
2026-05-25 22:11:10.657 +02:00 [INF] Map "d5c08240-0436-454a-8993-362abf5bc477": window light drew 1/1 beam(s)
2026-05-25 22:11:10.707 +02:00 [INF] Map "d5c08240-0436-454a-8993-362abf5bc477": window light drew 1/1 beam(s)
2026-05-25 22:11:10.757 +02:00 [INF] Map "d5c08240-0436-454a-8993-362abf5bc477": window light drew 1/1 beam(s)
2026-05-25 22:11:10.807 +02:00 [INF] Map "d5c08240-0436-454a-8993-362abf5bc477": window light drew 1/1 beam(s)
2026-05-25 22:11:10.856 +02:00 [INF] Map "d5c08240-0436-454a-8993-362abf5bc477": window light drew 1/1 beam(s)
2026-05-25 22:11:10.905 +02:00 [INF] Map "d5c08240-0436-454a-8993-362abf5bc477": window light drew 1/1 beam(s)
2026-05-25 22:11:10.954 +02:00 [INF] Map "d5c08240-0436-454a-8993-362abf5bc477": window light drew 1/1 beam(s)
2026-05-25 22:11:11.003 +02:00 [INF] Map "d5c08240-0436-454a-8993-362abf5bc477": window light drew 1/1 beam(s)
2026-05-25 22:11:11.054 +02:00 [INF] Map "d5c08240-0436-454a-8993-362abf5bc477": window light drew 1/1 beam(s)
2026-05-25 22:11:11.117 +02:00 [INF] Map "d5c08240-0436-454a-8993-362abf5bc477": window light drew 1/1 beam(s)
2026-05-25 22:11:11.166 +02:00 [INF] Map "d5c08240-0436-454a-8993-362abf5bc477": window light drew 1/1 beam(s)
2026-05-25 22:11:11.216 +02:00 [INF] Map "d5c08240-0436-454a-8993-362abf5bc477": window light drew 1/1 beam(s)
2026-05-25 22:11:11.266 +02:00 [INF] Map "d5c08240-0436-454a-8993-362abf5bc477": window light drew 1/1 beam(s)
2026-05-25 22:11:11.316 +02:00 [INF] Map "d5c08240-0436-454a-8993-362abf5bc477": window light drew 1/1 beam(s)
2026-05-25 22:11:11.366 +02:00 [INF] Map "d5c08240-0436-454a-8993-362abf5bc477": window light drew 1/1 beam(s)
2026-05-25 22:11:11.415 +02:00 [INF] Map "d5c08240-0436-454a-8993-362abf5bc477": window light drew 1/1 beam(s)
2026-05-25 22:11:11.465 +02:00 [INF] Map "d5c08240-0436-454a-8993-362abf5bc477": window light drew 1/1 beam(s)
2026-05-25 22:11:11.528 +02:00 [INF] Map "d5c08240-0436-454a-8993-362abf5bc477": window light drew 1/1 beam(s)
2026-05-25 22:11:11.577 +02:00 [INF] Map "d5c08240-0436-454a-8993-362abf5bc477": window light drew 1/1 beam(s)
2026-05-25 22:11:11.628 +02:00 [INF] Map "d5c08240-0436-454a-8993-362abf5bc477": window light drew 1/1 beam(s)
2026-05-25 22:11:11.677 +02:00 [INF] Map "d5c08240-0436-454a-8993-362abf5bc477": window light drew 1/1 beam(s)
2026-05-25 22:11:11.726 +02:00 [INF] Map "d5c08240-0436-454a-8993-362abf5bc477": window light drew 1/1 beam(s)
2026-05-25 22:11:11.775 +02:00 [INF] Map "d5c08240-0436-454a-8993-362abf5bc477": window light drew 1/1 beam(s)
2026-05-25 22:11:11.826 +02:00 [INF] Map "d5c08240-0436-454a-8993-362abf5bc477": window light drew 1/1 beam(s)
2026-05-25 22:11:11.877 +02:00 [INF] Map "d5c08240-0436-454a-8993-362abf5bc477": window light drew 1/1 beam(s)
2026-05-25 22:11:11.927 +02:00 [INF] Map "d5c08240-0436-454a-8993-362abf5bc477": window light drew 1/1 beam(s)
2026-05-25 22:11:11.990 +02:00 [INF] Map "d5c08240-0436-454a-8993-362abf5bc477": window light drew 1/1 beam(s)
2026-05-25 22:11:12.040 +02:00 [INF] Map "d5c08240-0436-454a-8993-362abf5bc477": window light drew 1/1 beam(s)
2026-05-25 22:11:12.090 +02:00 [INF] Map "d5c08240-0436-454a-8993-362abf5bc477": window light drew 1/1 beam(s)
2026-05-25 22:11:12.140 +02:00 [INF] Map "d5c08240-0436-454a-8993-362abf5bc477": window light drew 1/1 beam(s)
2026-05-25 22:11:12.191 +02:00 [INF] Map "d5c08240-0436-454a-8993-362abf5bc477": window light drew 1/1 beam(s)
2026-05-25 22:11:12.241 +02:00 [INF] Map "d5c08240-0436-454a-8993-362abf5bc477": window light drew 1/1 beam(s)
2026-05-25 22:11:12.291 +02:00 [INF] Map "d5c08240-0436-454a-8993-362abf5bc477": window light drew 1/1 beam(s)
2026-05-25 22:11:12.343 +02:00 [INF] Map "d5c08240-0436-454a-8993-362abf5bc477": window light drew 1/1 beam(s)
2026-05-25 22:11:12.406 +02:00 [INF] Map "d5c08240-0436-454a-8993-362abf5bc477": window light drew 1/1 beam(s)
2026-05-25 22:11:12.457 +02:00 [INF] Map "d5c08240-0436-454a-8993-362abf5bc477": window light drew 1/1 beam(s)
2026-05-25 22:11:12.507 +02:00 [INF] Map "d5c08240-0436-454a-8993-362abf5bc477": window light drew 1/1 beam(s)
2026-05-25 22:11:12.557 +02:00 [INF] Map "d5c08240-0436-454a-8993-362abf5bc477": window light drew 1/1 beam(s)
2026-05-25 22:11:12.607 +02:00 [INF] Map "d5c08240-0436-454a-8993-362abf5bc477": window light drew 1/1 beam(s)
2026-05-25 22:11:12.657 +02:00 [INF] Map "d5c08240-0436-454a-8993-362abf5bc477": window light drew 1/1 beam(s)
2026-05-25 22:11:12.708 +02:00 [INF] Map "d5c08240-0436-454a-8993-362abf5bc477": window light drew 1/1 beam(s)
2026-05-25 22:11:12.758 +02:00 [INF] Map "d5c08240-0436-454a-8993-362abf5bc477": window light drew 1/1 beam(s)
2026-05-25 22:11:12.808 +02:00 [INF] Map "d5c08240-0436-454a-8993-362abf5bc477": window light drew 1/1 beam(s)
2026-05-25 22:11:12.871 +02:00 [INF] Map "d5c08240-0436-454a-8993-362abf5bc477": window light drew 1/1 beam(s)
2026-05-25 22:11:12.921 +02:00 [INF] Map "d5c08240-0436-454a-8993-362abf5bc477": window light drew 1/1 beam(s)
2026-05-25 22:11:12.971 +02:00 [INF] Map "d5c08240-0436-454a-8993-362abf5bc477": window light drew 1/1 beam(s)
2026-05-25 22:11:13.022 +02:00 [INF] Map "d5c08240-0436-454a-8993-362abf5bc477": window light drew 1/1 beam(s)
2026-05-25 22:11:13.071 +02:00 [INF] Map "d5c08240-0436-454a-8993-362abf5bc477": window light drew 1/1 beam(s)
2026-05-25 22:11:13.121 +02:00 [INF] Map "d5c08240-0436-454a-8993-362abf5bc477": window light drew 1/1 beam(s)
2026-05-25 22:11:13.172 +02:00 [INF] Map "d5c08240-0436-454a-8993-362abf5bc477": window light drew 1/1 beam(s)
2026-05-25 22:11:13.222 +02:00 [INF] Map "d5c08240-0436-454a-8993-362abf5bc477": window light drew 1/1 beam(s)
2026-05-25 22:11:13.285 +02:00 [INF] Map "d5c08240-0436-454a-8993-362abf5bc477": window light drew 1/1 beam(s)
2026-05-25 22:11:13.335 +02:00 [INF] Map "d5c08240-0436-454a-8993-362abf5bc477": window light drew 1/1 beam(s)
2026-05-25 22:11:13.386 +02:00 [INF] Map "d5c08240-0436-454a-8993-362abf5bc477": window light drew 1/1 beam(s)
2026-05-25 22:11:13.438 +02:00 [INF] Map "d5c08240-0436-454a-8993-362abf5bc477": window light drew 1/1 beam(s)
2026-05-25 22:11:13.489 +02:00 [INF] Map "d5c08240-0436-454a-8993-362abf5bc477": window light drew 1/1 beam(s)
2026-05-25 22:11:13.540 +02:00 [INF] Map "d5c08240-0436-454a-8993-362abf5bc477": window light drew 1/1 beam(s)
2026-05-25 22:11:13.590 +02:00 [INF] Map "d5c08240-0436-454a-8993-362abf5bc477": window light drew 1/1 beam(s)
2026-05-25 22:11:13.640 +02:00 [INF] Map "d5c08240-0436-454a-8993-362abf5bc477": window light drew 1/1 beam(s)
2026-05-25 22:11:13.690 +02:00 [INF] Map "d5c08240-0436-454a-8993-362abf5bc477": window light drew 1/1 beam(s)
2026-05-25 22:11:13.757 +02:00 [INF] Map "d5c08240-0436-454a-8993-362abf5bc477": window light drew 1/1 beam(s)
2026-05-25 22:11:13.807 +02:00 [INF] Map "d5c08240-0436-454a-8993-362abf5bc477": window light drew 1/1 beam(s)
2026-05-25 22:11:13.857 +02:00 [INF] Map "d5c08240-0436-454a-8993-362abf5bc477": window light drew 1/1 beam(s)
2026-05-25 22:11:13.908 +02:00 [INF] Map "d5c08240-0436-454a-8993-362abf5bc477": window light drew 1/1 beam(s)
2026-05-25 22:11:13.957 +02:00 [INF] Map "d5c08240-0436-454a-8993-362abf5bc477": window light drew 1/1 beam(s)
2026-05-25 22:11:14.007 +02:00 [INF] Map "d5c08240-0436-454a-8993-362abf5bc477": window light drew 1/1 beam(s)
2026-05-25 22:11:14.057 +02:00 [INF] Map "d5c08240-0436-454a-8993-362abf5bc477": window light drew 1/1 beam(s)
2026-05-25 22:11:14.106 +02:00 [INF] Map "d5c08240-0436-454a-8993-362abf5bc477": window light drew 1/1 beam(s)
2026-05-25 22:11:14.168 +02:00 [INF] Map "d5c08240-0436-454a-8993-362abf5bc477": window light drew 1/1 beam(s)
2026-05-25 22:11:14.217 +02:00 [INF] Map "d5c08240-0436-454a-8993-362abf5bc477": window light drew 1/1 beam(s)
2026-05-25 22:11:14.266 +02:00 [INF] Map "d5c08240-0436-454a-8993-362abf5bc477": window light drew 1/1 beam(s)
2026-05-25 22:11:14.316 +02:00 [INF] Map "d5c08240-0436-454a-8993-362abf5bc477": window light drew 1/1 beam(s)
2026-05-25 22:11:14.366 +02:00 [INF] Map "d5c08240-0436-454a-8993-362abf5bc477": window light drew 1/1 beam(s)
2026-05-25 22:11:14.416 +02:00 [INF] Map "d5c08240-0436-454a-8993-362abf5bc477": window light drew 1/1 beam(s)
2026-05-25 22:11:14.465 +02:00 [INF] Map "d5c08240-0436-454a-8993-362abf5bc477": window light drew 1/1 beam(s)
2026-05-25 22:11:14.515 +02:00 [INF] Map "d5c08240-0436-454a-8993-362abf5bc477": window light drew 1/1 beam(s)
2026-05-25 22:11:14.564 +02:00 [INF] Map "d5c08240-0436-454a-8993-362abf5bc477": window light drew 1/1 beam(s)
2026-05-25 22:11:14.627 +02:00 [INF] Map "d5c08240-0436-454a-8993-362abf5bc477": window light drew 1/1 beam(s)
2026-05-25 22:11:14.677 +02:00 [INF] Map "d5c08240-0436-454a-8993-362abf5bc477": window light drew 1/1 beam(s)
2026-05-25 22:11:14.727 +02:00 [INF] Map "d5c08240-0436-454a-8993-362abf5bc477": window light drew 1/1 beam(s)
2026-05-25 22:11:14.777 +02:00 [INF] Map "d5c08240-0436-454a-8993-362abf5bc477": window light drew 1/1 beam(s)
2026-05-25 22:11:14.826 +02:00 [INF] Map "d5c08240-0436-454a-8993-362abf5bc477": window light drew 1/1 beam(s)
2026-05-25 22:11:14.876 +02:00 [INF] Map "d5c08240-0436-454a-8993-362abf5bc477": window light drew 1/1 beam(s)
2026-05-25 22:11:14.926 +02:00 [INF] Map "d5c08240-0436-454a-8993-362abf5bc477": window light drew 1/1 beam(s)
2026-05-25 22:11:14.975 +02:00 [INF] Map "d5c08240-0436-454a-8993-362abf5bc477": window light drew 1/1 beam(s)
2026-05-25 22:11:15.038 +02:00 [INF] Map "d5c08240-0436-454a-8993-362abf5bc477": window light drew 1/1 beam(s)
2026-05-25 22:11:15.088 +02:00 [INF] Map "d5c08240-0436-454a-8993-362abf5bc477": window light drew 1/1 beam(s)
2026-05-25 22:11:15.137 +02:00 [INF] Map "d5c08240-0436-454a-8993-362abf5bc477": window light drew 1/1 beam(s)
2026-05-25 22:11:15.188 +02:00 [INF] Map "d5c08240-0436-454a-8993-362abf5bc477": window light drew 1/1 beam(s)
2026-05-25 22:11:15.238 +02:00 [INF] Map "d5c08240-0436-454a-8993-362abf5bc477": window light drew 1/1 beam(s)
2026-05-25 22:11:15.287 +02:00 [INF] Map "d5c08240-0436-454a-8993-362abf5bc477": window light drew 1/1 beam(s)
2026-05-25 22:11:15.337 +02:00 [INF] Map "d5c08240-0436-454a-8993-362abf5bc477": window light drew 1/1 beam(s)
2026-05-25 22:11:15.387 +02:00 [INF] Map "d5c08240-0436-454a-8993-362abf5bc477": window light drew 1/1 beam(s)
2026-05-25 22:11:15.437 +02:00 [INF] Map "d5c08240-0436-454a-8993-362abf5bc477": window light drew 1/1 beam(s)
2026-05-25 22:11:15.499 +02:00 [INF] Map "d5c08240-0436-454a-8993-362abf5bc477": window light drew 1/1 beam(s)
2026-05-25 22:11:15.549 +02:00 [INF] Map "d5c08240-0436-454a-8993-362abf5bc477": window light drew 1/1 beam(s)
2026-05-25 22:11:15.599 +02:00 [INF] Map "d5c08240-0436-454a-8993-362abf5bc477": window light drew 1/1 beam(s)
2026-05-25 22:11:15.649 +02:00 [INF] Map "d5c08240-0436-454a-8993-362abf5bc477": window light drew 1/1 beam(s)
2026-05-25 22:11:15.699 +02:00 [INF] Map "d5c08240-0436-454a-8993-362abf5bc477": window light drew 1/1 beam(s)
2026-05-25 22:11:15.749 +02:00 [INF] Map "d5c08240-0436-454a-8993-362abf5bc477": window light drew 1/1 beam(s)
2026-05-25 22:11:15.798 +02:00 [INF] Map "d5c08240-0436-454a-8993-362abf5bc477": window light drew 1/1 beam(s)
2026-05-25 22:11:15.847 +02:00 [INF] Map "d5c08240-0436-454a-8993-362abf5bc477": window light drew 1/1 beam(s)
2026-05-25 22:11:15.910 +02:00 [INF] Map "d5c08240-0436-454a-8993-362abf5bc477": window light drew 1/1 beam(s)
2026-05-25 22:11:15.960 +02:00 [INF] Map "d5c08240-0436-454a-8993-362abf5bc477": window light drew 1/1 beam(s)
2026-05-25 22:11:16.009 +02:00 [INF] Map "d5c08240-0436-454a-8993-362abf5bc477": window light drew 1/1 beam(s)
2026-05-25 22:11:16.059 +02:00 [INF] Map "d5c08240-0436-454a-8993-362abf5bc477": window light drew 1/1 beam(s)
2026-05-25 22:11:16.109 +02:00 [INF] Map "d5c08240-0436-454a-8993-362abf5bc477": window light drew 1/1 beam(s)
2026-05-25 22:11:16.159 +02:00 [INF] Map "d5c08240-0436-454a-8993-362abf5bc477": window light drew 1/1 beam(s)
2026-05-25 22:11:16.209 +02:00 [INF] Map "d5c08240-0436-454a-8993-362abf5bc477": window light drew 1/1 beam(s)
2026-05-25 22:11:16.258 +02:00 [INF] Map "d5c08240-0436-454a-8993-362abf5bc477": window light drew 1/1 beam(s)
2026-05-25 22:11:16.308 +02:00 [INF] Map "d5c08240-0436-454a-8993-362abf5bc477": window light drew 1/1 beam(s)
2026-05-25 22:11:16.371 +02:00 [INF] Map "d5c08240-0436-454a-8993-362abf5bc477": window light drew 1/1 beam(s)
2026-05-25 22:11:16.421 +02:00 [INF] Map "d5c08240-0436-454a-8993-362abf5bc477": window light drew 1/1 beam(s)
2026-05-25 22:11:16.470 +02:00 [INF] Map "d5c08240-0436-454a-8993-362abf5bc477": window light drew 1/1 beam(s)
2026-05-25 22:11:16.520 +02:00 [INF] Map "d5c08240-0436-454a-8993-362abf5bc477": window light drew 1/1 beam(s)
2026-05-25 22:11:16.570 +02:00 [INF] Map "d5c08240-0436-454a-8993-362abf5bc477": window light drew 1/1 beam(s)
2026-05-25 22:11:16.620 +02:00 [INF] Map "d5c08240-0436-454a-8993-362abf5bc477": window light drew 1/1 beam(s)
2026-05-25 22:11:16.670 +02:00 [INF] Map "d5c08240-0436-454a-8993-362abf5bc477": window light drew 1/1 beam(s)
2026-05-25 22:11:16.720 +02:00 [INF] Map "d5c08240-0436-454a-8993-362abf5bc477": window light drew 1/1 beam(s)
2026-05-25 22:11:16.783 +02:00 [INF] Map "d5c08240-0436-454a-8993-362abf5bc477": window light drew 1/1 beam(s)
2026-05-25 22:11:16.833 +02:00 [INF] Map "d5c08240-0436-454a-8993-362abf5bc477": window light drew 1/1 beam(s)
2026-05-25 22:11:16.882 +02:00 [INF] Map "d5c08240-0436-454a-8993-362abf5bc477": window light drew 1/1 beam(s)
2026-05-25 22:11:16.933 +02:00 [INF] Map "d5c08240-0436-454a-8993-362abf5bc477": window light drew 1/1 beam(s)
2026-05-25 22:11:16.983 +02:00 [INF] Map "d5c08240-0436-454a-8993-362abf5bc477": window light drew 1/1 beam(s)
2026-05-25 22:11:17.033 +02:00 [INF] Map "d5c08240-0436-454a-8993-362abf5bc477": window light drew 1/1 beam(s)
2026-05-25 22:11:17.083 +02:00 [INF] Map "d5c08240-0436-454a-8993-362abf5bc477": window light drew 1/1 beam(s)
2026-05-25 22:11:17.133 +02:00 [INF] Map "d5c08240-0436-454a-8993-362abf5bc477": window light drew 1/1 beam(s)
2026-05-25 22:11:17.183 +02:00 [INF] Map "d5c08240-0436-454a-8993-362abf5bc477": window light drew 1/1 beam(s)
2026-05-25 22:11:17.246 +02:00 [INF] Map "d5c08240-0436-454a-8993-362abf5bc477": window light drew 1/1 beam(s)
2026-05-25 22:11:17.295 +02:00 [INF] Map "d5c08240-0436-454a-8993-362abf5bc477": window light drew 1/1 beam(s)
2026-05-25 22:11:17.345 +02:00 [INF] Map "d5c08240-0436-454a-8993-362abf5bc477": window light drew 1/1 beam(s)
2026-05-25 22:11:17.395 +02:00 [INF] Map "d5c08240-0436-454a-8993-362abf5bc477": window light drew 1/1 beam(s)
2026-05-25 22:11:17.445 +02:00 [INF] Map "d5c08240-0436-454a-8993-362abf5bc477": window light drew 1/1 beam(s)
2026-05-25 22:11:17.495 +02:00 [INF] Map "d5c08240-0436-454a-8993-362abf5bc477": window light drew 1/1 beam(s)
2026-05-25 22:11:17.545 +02:00 [INF] Map "d5c08240-0436-454a-8993-362abf5bc477": window light drew 1/1 beam(s)
2026-05-25 22:11:17.595 +02:00 [INF] Map "d5c08240-0436-454a-8993-362abf5bc477": window light drew 1/1 beam(s)
2026-05-25 22:11:17.657 +02:00 [INF] Map "d5c08240-0436-454a-8993-362abf5bc477": window light drew 1/1 beam(s)
2026-05-25 22:11:17.707 +02:00 [INF] Map "d5c08240-0436-454a-8993-362abf5bc477": window light drew 1/1 beam(s)
2026-05-25 22:11:17.758 +02:00 [INF] Map "d5c08240-0436-454a-8993-362abf5bc477": window light drew 1/1 beam(s)
2026-05-25 22:11:17.807 +02:00 [INF] Map "d5c08240-0436-454a-8993-362abf5bc477": window light drew 1/1 beam(s)
2026-05-25 22:11:17.857 +02:00 [INF] Map "d5c08240-0436-454a-8993-362abf5bc477": window light drew 1/1 beam(s)
2026-05-25 22:11:17.907 +02:00 [INF] Map "d5c08240-0436-454a-8993-362abf5bc477": window light drew 1/1 beam(s)
2026-05-25 22:11:17.957 +02:00 [INF] Map "d5c08240-0436-454a-8993-362abf5bc477": window light drew 1/1 beam(s)
2026-05-25 22:11:18.008 +02:00 [INF] Map "d5c08240-0436-454a-8993-362abf5bc477": window light drew 1/1 beam(s)
2026-05-25 22:11:18.058 +02:00 [INF] Map "d5c08240-0436-454a-8993-362abf5bc477": window light drew 1/1 beam(s)
2026-05-25 22:11:18.120 +02:00 [INF] Map "d5c08240-0436-454a-8993-362abf5bc477": window light drew 1/1 beam(s)
2026-05-25 22:11:18.169 +02:00 [INF] Map "d5c08240-0436-454a-8993-362abf5bc477": window light drew 1/1 beam(s)
2026-05-25 22:11:18.219 +02:00 [INF] Map "d5c08240-0436-454a-8993-362abf5bc477": window light drew 1/1 beam(s)
2026-05-25 22:11:18.268 +02:00 [INF] Map "d5c08240-0436-454a-8993-362abf5bc477": window light drew 1/1 beam(s)
2026-05-25 22:11:18.318 +02:00 [INF] Map "d5c08240-0436-454a-8993-362abf5bc477": window light drew 1/1 beam(s)
2026-05-25 22:11:18.367 +02:00 [INF] Map "d5c08240-0436-454a-8993-362abf5bc477": window light drew 1/1 beam(s)
2026-05-25 22:11:18.416 +02:00 [INF] Map "d5c08240-0436-454a-8993-362abf5bc477": window light drew 1/1 beam(s)
2026-05-25 22:11:18.466 +02:00 [INF] Map "d5c08240-0436-454a-8993-362abf5bc477": window light drew 1/1 beam(s)
2026-05-25 22:11:18.529 +02:00 [INF] Map "d5c08240-0436-454a-8993-362abf5bc477": window light drew 1/1 beam(s)
2026-05-25 22:11:18.578 +02:00 [INF] Map "d5c08240-0436-454a-8993-362abf5bc477": window light drew 1/1 beam(s)
2026-05-25 22:11:18.629 +02:00 [INF] Map "d5c08240-0436-454a-8993-362abf5bc477": window light drew 1/1 beam(s)
2026-05-25 22:11:18.679 +02:00 [INF] Map "d5c08240-0436-454a-8993-362abf5bc477": window light drew 1/1 beam(s)
2026-05-25 22:11:18.728 +02:00 [INF] Map "d5c08240-0436-454a-8993-362abf5bc477": window light drew 1/1 beam(s)
2026-05-25 22:11:18.779 +02:00 [INF] Map "d5c08240-0436-454a-8993-362abf5bc477": window light drew 1/1 beam(s)
2026-05-25 22:11:18.829 +02:00 [INF] Map "d5c08240-0436-454a-8993-362abf5bc477": window light drew 1/1 beam(s)
2026-05-25 22:11:18.878 +02:00 [INF] Map "d5c08240-0436-454a-8993-362abf5bc477": window light drew 1/1 beam(s)
2026-05-25 22:11:18.928 +02:00 [INF] Map "d5c08240-0436-454a-8993-362abf5bc477": window light drew 1/1 beam(s)
2026-05-25 22:11:18.991 +02:00 [INF] Map "d5c08240-0436-454a-8993-362abf5bc477": window light drew 1/1 beam(s)
2026-05-25 22:11:19.041 +02:00 [INF] Map "d5c08240-0436-454a-8993-362abf5bc477": window light drew 1/1 beam(s)
2026-05-25 22:11:19.091 +02:00 [INF] Map "d5c08240-0436-454a-8993-362abf5bc477": window light drew 1/1 beam(s)
2026-05-25 22:11:19.140 +02:00 [INF] Map "d5c08240-0436-454a-8993-362abf5bc477": window light drew 1/1 beam(s)
2026-05-25 22:11:19.190 +02:00 [INF] Map "d5c08240-0436-454a-8993-362abf5bc477": window light drew 1/1 beam(s)
2026-05-25 22:11:19.240 +02:00 [INF] Map "d5c08240-0436-454a-8993-362abf5bc477": window light drew 1/1 beam(s)
2026-05-25 22:11:19.290 +02:00 [INF] Map "d5c08240-0436-454a-8993-362abf5bc477": window light drew 1/1 beam(s)
2026-05-25 22:11:19.339 +02:00 [INF] Map "d5c08240-0436-454a-8993-362abf5bc477": window light drew 1/1 beam(s)
2026-05-25 22:11:19.402 +02:00 [INF] Map "d5c08240-0436-454a-8993-362abf5bc477": window light drew 1/1 beam(s)
2026-05-25 22:11:19.452 +02:00 [INF] Map "d5c08240-0436-454a-8993-362abf5bc477": window light drew 1/1 beam(s)
2026-05-25 22:11:19.502 +02:00 [INF] Map "d5c08240-0436-454a-8993-362abf5bc477": window light drew 1/1 beam(s)
2026-05-25 22:11:19.552 +02:00 [INF] Map "d5c08240-0436-454a-8993-362abf5bc477": window light drew 1/1 beam(s)
2026-05-25 22:11:19.603 +02:00 [INF] Map "d5c08240-0436-454a-8993-362abf5bc477": window light drew 1/1 beam(s)
2026-05-25 22:11:19.653 +02:00 [INF] Map "d5c08240-0436-454a-8993-362abf5bc477": window light drew 1/1 beam(s)
2026-05-25 22:11:19.703 +02:00 [INF] Map "d5c08240-0436-454a-8993-362abf5bc477": window light drew 1/1 beam(s)
2026-05-25 22:11:19.753 +02:00 [INF] Map "d5c08240-0436-454a-8993-362abf5bc477": window light drew 1/1 beam(s)
2026-05-25 22:11:19.803 +02:00 [INF] Map "d5c08240-0436-454a-8993-362abf5bc477": window light drew 1/1 beam(s)
2026-05-25 22:11:19.865 +02:00 [INF] Map "d5c08240-0436-454a-8993-362abf5bc477": window light drew 1/1 beam(s)
2026-05-25 22:11:19.915 +02:00 [INF] Map "d5c08240-0436-454a-8993-362abf5bc477": window light drew 1/1 beam(s)
2026-05-25 22:11:19.965 +02:00 [INF] Map "d5c08240-0436-454a-8993-362abf5bc477": window light drew 1/1 beam(s)
2026-05-25 22:11:20.014 +02:00 [INF] Map "d5c08240-0436-454a-8993-362abf5bc477": window light drew 1/1 beam(s)
2026-05-25 22:11:20.064 +02:00 [INF] Map "d5c08240-0436-454a-8993-362abf5bc477": window light drew 1/1 beam(s)
2026-05-25 22:11:20.114 +02:00 [INF] Map "d5c08240-0436-454a-8993-362abf5bc477": window light drew 1/1 beam(s)
2026-05-25 22:11:20.164 +02:00 [INF] Map "d5c08240-0436-454a-8993-362abf5bc477": window light drew 1/1 beam(s)
2026-05-25 22:11:20.215 +02:00 [INF] Map "d5c08240-0436-454a-8993-362abf5bc477": window light drew 1/1 beam(s)
2026-05-25 22:11:20.278 +02:00 [INF] Map "d5c08240-0436-454a-8993-362abf5bc477": window light drew 1/1 beam(s)
2026-05-25 22:11:20.328 +02:00 [INF] Map "d5c08240-0436-454a-8993-362abf5bc477": window light drew 1/1 beam(s)
2026-05-25 22:11:20.377 +02:00 [INF] Map "d5c08240-0436-454a-8993-362abf5bc477": window light drew 1/1 beam(s)
2026-05-25 22:11:20.428 +02:00 [INF] Map "d5c08240-0436-454a-8993-362abf5bc477": window light drew 1/1 beam(s)
2026-05-25 22:11:20.478 +02:00 [INF] Map "d5c08240-0436-454a-8993-362abf5bc477": window light drew 1/1 beam(s)
2026-05-25 22:11:20.528 +02:00 [INF] Map "d5c08240-0436-454a-8993-362abf5bc477": window light drew 1/1 beam(s)
2026-05-25 22:11:20.577 +02:00 [INF] Map "d5c08240-0436-454a-8993-362abf5bc477": window light drew 1/1 beam(s)
2026-05-25 22:11:20.628 +02:00 [INF] Map "d5c08240-0436-454a-8993-362abf5bc477": window light drew 1/1 beam(s)
2026-05-25 22:11:20.678 +02:00 [INF] Map "d5c08240-0436-454a-8993-362abf5bc477": window light drew 1/1 beam(s)
2026-05-25 22:11:20.741 +02:00 [INF] Map "d5c08240-0436-454a-8993-362abf5bc477": window light drew 1/1 beam(s)
2026-05-25 22:11:20.791 +02:00 [INF] Map "d5c08240-0436-454a-8993-362abf5bc477": window light drew 1/1 beam(s)
2026-05-25 22:11:20.840 +02:00 [INF] Map "d5c08240-0436-454a-8993-362abf5bc477": window light drew 1/1 beam(s)
2026-05-25 22:11:20.890 +02:00 [INF] Map "d5c08240-0436-454a-8993-362abf5bc477": window light drew 1/1 beam(s)
2026-05-25 22:11:20.939 +02:00 [INF] Map "d5c08240-0436-454a-8993-362abf5bc477": window light drew 1/1 beam(s)
2026-05-25 22:11:20.989 +02:00 [INF] Map "d5c08240-0436-454a-8993-362abf5bc477": window light drew 1/1 beam(s)
2026-05-25 22:11:21.039 +02:00 [INF] Map "d5c08240-0436-454a-8993-362abf5bc477": window light drew 1/1 beam(s)
2026-05-25 22:11:21.089 +02:00 [INF] Map "d5c08240-0436-454a-8993-362abf5bc477": window light drew 1/1 beam(s)
2026-05-25 22:11:21.151 +02:00 [INF] Map "d5c08240-0436-454a-8993-362abf5bc477": window light drew 1/1 beam(s)
2026-05-25 22:11:21.201 +02:00 [INF] Map "d5c08240-0436-454a-8993-362abf5bc477": window light drew 1/1 beam(s)
2026-05-25 22:11:21.251 +02:00 [INF] Map "d5c08240-0436-454a-8993-362abf5bc477": window light drew 1/1 beam(s)
2026-05-25 22:11:21.302 +02:00 [INF] Map "d5c08240-0436-454a-8993-362abf5bc477": window light drew 1/1 beam(s)
2026-05-25 22:11:21.352 +02:00 [INF] Map "d5c08240-0436-454a-8993-362abf5bc477": window light drew 1/1 beam(s)
2026-05-25 22:11:21.403 +02:00 [INF] Map "d5c08240-0436-454a-8993-362abf5bc477": window light drew 1/1 beam(s)
2026-05-25 22:11:21.453 +02:00 [INF] Map "d5c08240-0436-454a-8993-362abf5bc477": window light drew 1/1 beam(s)
2026-05-25 22:11:21.504 +02:00 [INF] Map "d5c08240-0436-454a-8993-362abf5bc477": window light drew 1/1 beam(s)
2026-05-25 22:11:21.555 +02:00 [INF] Map "d5c08240-0436-454a-8993-362abf5bc477": window light drew 1/1 beam(s)
2026-05-25 22:11:21.618 +02:00 [INF] Map "d5c08240-0436-454a-8993-362abf5bc477": window light drew 1/1 beam(s)
2026-05-25 22:11:21.668 +02:00 [INF] Map "d5c08240-0436-454a-8993-362abf5bc477": window light drew 1/1 beam(s)
2026-05-25 22:11:21.717 +02:00 [INF] Map "d5c08240-0436-454a-8993-362abf5bc477": window light drew 1/1 beam(s)
2026-05-25 22:11:21.766 +02:00 [INF] Map "d5c08240-0436-454a-8993-362abf5bc477": window light drew 1/1 beam(s)
2026-05-25 22:11:21.816 +02:00 [INF] Map "d5c08240-0436-454a-8993-362abf5bc477": window light drew 1/1 beam(s)
2026-05-25 22:11:21.866 +02:00 [INF] Map "d5c08240-0436-454a-8993-362abf5bc477": window light drew 1/1 beam(s)
2026-05-25 22:11:21.917 +02:00 [INF] Map "d5c08240-0436-454a-8993-362abf5bc477": window light drew 1/1 beam(s)
2026-05-25 22:11:21.967 +02:00 [INF] Map "d5c08240-0436-454a-8993-362abf5bc477": window light drew 1/1 beam(s)
2026-05-25 22:11:22.029 +02:00 [INF] Map "d5c08240-0436-454a-8993-362abf5bc477": window light drew 1/1 beam(s)
2026-05-25 22:11:22.079 +02:00 [INF] Map "d5c08240-0436-454a-8993-362abf5bc477": window light drew 1/1 beam(s)
2026-05-25 22:11:22.128 +02:00 [INF] Map "d5c08240-0436-454a-8993-362abf5bc477": window light drew 1/1 beam(s)
2026-05-25 22:11:22.177 +02:00 [INF] Map "d5c08240-0436-454a-8993-362abf5bc477": window light drew 1/1 beam(s)
2026-05-25 22:11:22.228 +02:00 [INF] Map "d5c08240-0436-454a-8993-362abf5bc477": window light drew 1/1 beam(s)
2026-05-25 22:11:22.278 +02:00 [INF] Map "d5c08240-0436-454a-8993-362abf5bc477": window light drew 1/1 beam(s)
2026-05-25 22:11:22.328 +02:00 [INF] Map "d5c08240-0436-454a-8993-362abf5bc477": window light drew 1/1 beam(s)
2026-05-25 22:11:22.380 +02:00 [INF] Map "d5c08240-0436-454a-8993-362abf5bc477": window light drew 1/1 beam(s)
2026-05-25 22:11:22.429 +02:00 [INF] Map "d5c08240-0436-454a-8993-362abf5bc477": window light drew 1/1 beam(s)
2026-05-25 22:11:22.491 +02:00 [INF] Map "d5c08240-0436-454a-8993-362abf5bc477": window light drew 1/1 beam(s)
2026-05-25 22:11:22.542 +02:00 [INF] Map "d5c08240-0436-454a-8993-362abf5bc477": window light drew 1/1 beam(s)
2026-05-25 22:11:22.592 +02:00 [INF] Map "d5c08240-0436-454a-8993-362abf5bc477": window light drew 1/1 beam(s)
2026-05-25 22:11:22.641 +02:00 [INF] Map "d5c08240-0436-454a-8993-362abf5bc477": window light drew 1/1 beam(s)
2026-05-25 22:11:22.691 +02:00 [INF] Map "d5c08240-0436-454a-8993-362abf5bc477": window light drew 1/1 beam(s)
2026-05-25 22:11:22.740 +02:00 [INF] Map "d5c08240-0436-454a-8993-362abf5bc477": window light drew 1/1 beam(s)
2026-05-25 22:11:22.789 +02:00 [INF] Map "d5c08240-0436-454a-8993-362abf5bc477": window light drew 1/1 beam(s)
2026-05-25 22:11:22.839 +02:00 [INF] Map "d5c08240-0436-454a-8993-362abf5bc477": window light drew 1/1 beam(s)
2026-05-25 22:11:22.902 +02:00 [INF] Map "d5c08240-0436-454a-8993-362abf5bc477": window light drew 1/1 beam(s)
2026-05-25 22:11:22.951 +02:00 [INF] Map "d5c08240-0436-454a-8993-362abf5bc477": window light drew 1/1 beam(s)
2026-05-25 22:11:23.001 +02:00 [INF] Map "d5c08240-0436-454a-8993-362abf5bc477": window light drew 1/1 beam(s)
2026-05-25 22:11:23.052 +02:00 [INF] Map "d5c08240-0436-454a-8993-362abf5bc477": window light drew 1/1 beam(s)
2026-05-25 22:11:23.101 +02:00 [INF] Map "d5c08240-0436-454a-8993-362abf5bc477": window light drew 1/1 beam(s)
2026-05-25 22:11:23.151 +02:00 [INF] Map "d5c08240-0436-454a-8993-362abf5bc477": window light drew 1/1 beam(s)
2026-05-25 22:11:23.201 +02:00 [INF] Map "d5c08240-0436-454a-8993-362abf5bc477": window light drew 1/1 beam(s)
2026-05-25 22:11:23.251 +02:00 [INF] Map "d5c08240-0436-454a-8993-362abf5bc477": window light drew 1/1 beam(s)
2026-05-25 22:11:23.301 +02:00 [INF] Map "d5c08240-0436-454a-8993-362abf5bc477": window light drew 1/1 beam(s)
2026-05-25 22:11:23.363 +02:00 [INF] Map "d5c08240-0436-454a-8993-362abf5bc477": window light drew 1/1 beam(s)
2026-05-25 22:11:23.414 +02:00 [INF] Map "d5c08240-0436-454a-8993-362abf5bc477": window light drew 1/1 beam(s)
2026-05-25 22:11:23.463 +02:00 [INF] Map "d5c08240-0436-454a-8993-362abf5bc477": window light drew 1/1 beam(s)
2026-05-25 22:11:23.513 +02:00 [INF] Map "d5c08240-0436-454a-8993-362abf5bc477": window light drew 1/1 beam(s)
2026-05-25 22:11:23.564 +02:00 [INF] Map "d5c08240-0436-454a-8993-362abf5bc477": window light drew 1/1 beam(s)
2026-05-25 22:11:23.614 +02:00 [INF] Map "d5c08240-0436-454a-8993-362abf5bc477": window light drew 1/1 beam(s)
2026-05-25 22:11:23.664 +02:00 [INF] Map "d5c08240-0436-454a-8993-362abf5bc477": window light drew 1/1 beam(s)
2026-05-25 22:11:23.714 +02:00 [INF] Map "d5c08240-0436-454a-8993-362abf5bc477": window light drew 1/1 beam(s)
2026-05-25 22:11:23.777 +02:00 [INF] Map "d5c08240-0436-454a-8993-362abf5bc477": window light drew 1/1 beam(s)
2026-05-25 22:11:23.826 +02:00 [INF] Map "d5c08240-0436-454a-8993-362abf5bc477": window light drew 1/1 beam(s)
2026-05-25 22:11:23.875 +02:00 [INF] Map "d5c08240-0436-454a-8993-362abf5bc477": window light drew 1/1 beam(s)
2026-05-25 22:11:23.925 +02:00 [INF] Map "d5c08240-0436-454a-8993-362abf5bc477": window light drew 1/1 beam(s)
2026-05-25 22:11:23.975 +02:00 [INF] Map "d5c08240-0436-454a-8993-362abf5bc477": window light drew 1/1 beam(s)
2026-05-25 22:11:24.025 +02:00 [INF] Map "d5c08240-0436-454a-8993-362abf5bc477": window light drew 1/1 beam(s)
2026-05-25 22:11:24.076 +02:00 [INF] Map "d5c08240-0436-454a-8993-362abf5bc477": window light drew 1/1 beam(s)
2026-05-25 22:11:24.126 +02:00 [INF] Map "d5c08240-0436-454a-8993-362abf5bc477": window light drew 1/1 beam(s)
2026-05-25 22:11:24.176 +02:00 [INF] Map "d5c08240-0436-454a-8993-362abf5bc477": window light drew 1/1 beam(s)
2026-05-25 22:11:24.238 +02:00 [INF] Map "d5c08240-0436-454a-8993-362abf5bc477": window light drew 1/1 beam(s)
2026-05-25 22:11:24.287 +02:00 [INF] Map "d5c08240-0436-454a-8993-362abf5bc477": window light drew 1/1 beam(s)
2026-05-25 22:11:24.336 +02:00 [INF] Map "d5c08240-0436-454a-8993-362abf5bc477": window light drew 1/1 beam(s)
2026-05-25 22:11:24.386 +02:00 [INF] Map "d5c08240-0436-454a-8993-362abf5bc477": window light drew 1/1 beam(s)
2026-05-25 22:11:24.436 +02:00 [INF] Map "d5c08240-0436-454a-8993-362abf5bc477": window light drew 1/1 beam(s)
2026-05-25 22:11:24.485 +02:00 [INF] Map "d5c08240-0436-454a-8993-362abf5bc477": window light drew 1/1 beam(s)
2026-05-25 22:11:24.535 +02:00 [INF] Map "d5c08240-0436-454a-8993-362abf5bc477": window light drew 1/1 beam(s)
2026-05-25 22:11:24.584 +02:00 [INF] Map "d5c08240-0436-454a-8993-362abf5bc477": window light drew 1/1 beam(s)
2026-05-25 22:11:24.646 +02:00 [INF] Map "d5c08240-0436-454a-8993-362abf5bc477": window light drew 1/1 beam(s)
2026-05-25 22:11:24.696 +02:00 [INF] Map "d5c08240-0436-454a-8993-362abf5bc477": window light drew 1/1 beam(s)
2026-05-25 22:11:24.745 +02:00 [INF] Map "d5c08240-0436-454a-8993-362abf5bc477": window light drew 1/1 beam(s)
2026-05-25 22:11:24.795 +02:00 [INF] Map "d5c08240-0436-454a-8993-362abf5bc477": window light drew 1/1 beam(s)
2026-05-25 22:11:24.845 +02:00 [INF] Map "d5c08240-0436-454a-8993-362abf5bc477": window light drew 1/1 beam(s)
2026-05-25 22:11:24.894 +02:00 [INF] Map "d5c08240-0436-454a-8993-362abf5bc477": window light drew 1/1 beam(s)
2026-05-25 22:11:24.944 +02:00 [INF] Map "d5c08240-0436-454a-8993-362abf5bc477": window light drew 1/1 beam(s)
2026-05-25 22:11:24.993 +02:00 [INF] Map "d5c08240-0436-454a-8993-362abf5bc477": window light drew 1/1 beam(s)
2026-05-25 22:11:25.043 +02:00 [INF] Map "d5c08240-0436-454a-8993-362abf5bc477": window light drew 1/1 beam(s)
2026-05-25 22:11:25.106 +02:00 [INF] Map "d5c08240-0436-454a-8993-362abf5bc477": window light drew 1/1 beam(s)
2026-05-25 22:11:25.156 +02:00 [INF] Map "d5c08240-0436-454a-8993-362abf5bc477": window light drew 1/1 beam(s)
2026-05-25 22:11:25.205 +02:00 [INF] Map "d5c08240-0436-454a-8993-362abf5bc477": window light drew 1/1 beam(s)
2026-05-25 22:11:25.255 +02:00 [INF] Map "d5c08240-0436-454a-8993-362abf5bc477": window light drew 1/1 beam(s)
2026-05-25 22:11:25.304 +02:00 [INF] Map "d5c08240-0436-454a-8993-362abf5bc477": window light drew 1/1 beam(s)
2026-05-25 22:11:25.353 +02:00 [INF] Map "d5c08240-0436-454a-8993-362abf5bc477": window light drew 1/1 beam(s)
2026-05-25 22:11:25.402 +02:00 [INF] Map "d5c08240-0436-454a-8993-362abf5bc477": window light drew 1/1 beam(s)
2026-05-25 22:11:25.451 +02:00 [INF] Map "d5c08240-0436-454a-8993-362abf5bc477": window light drew 1/1 beam(s)
2026-05-25 22:11:25.514 +02:00 [INF] Map "d5c08240-0436-454a-8993-362abf5bc477": window light drew 1/1 beam(s)
2026-05-25 22:11:25.564 +02:00 [INF] Map "d5c08240-0436-454a-8993-362abf5bc477": window light drew 1/1 beam(s)
2026-05-25 22:11:25.614 +02:00 [INF] Map "d5c08240-0436-454a-8993-362abf5bc477": window light drew 1/1 beam(s)
2026-05-25 22:11:25.664 +02:00 [INF] Map "d5c08240-0436-454a-8993-362abf5bc477": window light drew 1/1 beam(s)
2026-05-25 22:11:25.713 +02:00 [INF] Map "d5c08240-0436-454a-8993-362abf5bc477": window light drew 1/1 beam(s)
2026-05-25 22:11:25.763 +02:00 [INF] Map "d5c08240-0436-454a-8993-362abf5bc477": window light drew 1/1 beam(s)
2026-05-25 22:11:25.813 +02:00 [INF] Map "d5c08240-0436-454a-8993-362abf5bc477": window light drew 1/1 beam(s)
2026-05-25 22:11:25.863 +02:00 [INF] Map "d5c08240-0436-454a-8993-362abf5bc477": window light drew 1/1 beam(s)
2026-05-25 22:11:25.914 +02:00 [INF] Map "d5c08240-0436-454a-8993-362abf5bc477": window light drew 1/1 beam(s)
2026-05-25 22:11:25.976 +02:00 [INF] Map "d5c08240-0436-454a-8993-362abf5bc477": window light drew 1/1 beam(s)
2026-05-25 22:11:26.026 +02:00 [INF] Map "d5c08240-0436-454a-8993-362abf5bc477": window light drew 1/1 beam(s)
2026-05-25 22:11:26.077 +02:00 [INF] Map "d5c08240-0436-454a-8993-362abf5bc477": window light drew 1/1 beam(s)
2026-05-25 22:11:26.128 +02:00 [INF] Map "d5c08240-0436-454a-8993-362abf5bc477": window light drew 1/1 beam(s)
2026-05-25 22:11:26.177 +02:00 [INF] Map "d5c08240-0436-454a-8993-362abf5bc477": window light drew 1/1 beam(s)
2026-05-25 22:11:26.227 +02:00 [INF] Map "d5c08240-0436-454a-8993-362abf5bc477": window light drew 1/1 beam(s)
2026-05-25 22:11:26.277 +02:00 [INF] Map "d5c08240-0436-454a-8993-362abf5bc477": window light drew 1/1 beam(s)
2026-05-25 22:11:26.326 +02:00 [INF] Map "d5c08240-0436-454a-8993-362abf5bc477": window light drew 1/1 beam(s)
2026-05-25 22:11:26.388 +02:00 [INF] Map "d5c08240-0436-454a-8993-362abf5bc477": window light drew 1/1 beam(s)
2026-05-25 22:11:26.438 +02:00 [INF] Map "d5c08240-0436-454a-8993-362abf5bc477": window light drew 1/1 beam(s)
2026-05-25 22:11:26.488 +02:00 [INF] Map "d5c08240-0436-454a-8993-362abf5bc477": window light drew 1/1 beam(s)
2026-05-25 22:11:26.538 +02:00 [INF] Map "d5c08240-0436-454a-8993-362abf5bc477": window light drew 1/1 beam(s)
2026-05-25 22:11:26.588 +02:00 [INF] Map "d5c08240-0436-454a-8993-362abf5bc477": window light drew 1/1 beam(s)
2026-05-25 22:11:26.637 +02:00 [INF] Map "d5c08240-0436-454a-8993-362abf5bc477": window light drew 1/1 beam(s)
2026-05-25 22:11:26.687 +02:00 [INF] Map "d5c08240-0436-454a-8993-362abf5bc477": window light drew 1/1 beam(s)
2026-05-25 22:11:26.737 +02:00 [INF] Map "d5c08240-0436-454a-8993-362abf5bc477": window light drew 1/1 beam(s)
2026-05-25 22:11:26.787 +02:00 [INF] Map "d5c08240-0436-454a-8993-362abf5bc477": window light drew 1/1 beam(s)
2026-05-25 22:11:26.849 +02:00 [INF] Map "d5c08240-0436-454a-8993-362abf5bc477": window light drew 1/1 beam(s)
2026-05-25 22:11:26.898 +02:00 [INF] Map "d5c08240-0436-454a-8993-362abf5bc477": window light drew 1/1 beam(s)
2026-05-25 22:11:26.948 +02:00 [INF] Map "d5c08240-0436-454a-8993-362abf5bc477": window light drew 1/1 beam(s)
2026-05-25 22:11:26.997 +02:00 [INF] Map "d5c08240-0436-454a-8993-362abf5bc477": window light drew 1/1 beam(s)
2026-05-25 22:11:27.047 +02:00 [INF] Map "d5c08240-0436-454a-8993-362abf5bc477": window light drew 1/1 beam(s)
2026-05-25 22:11:27.097 +02:00 [INF] Map "d5c08240-0436-454a-8993-362abf5bc477": window light drew 1/1 beam(s)
2026-05-25 22:11:27.155 +02:00 [INF] Map "d5c08240-0436-454a-8993-362abf5bc477": window light drew 1/1 beam(s)
2026-05-25 22:11:27.204 +02:00 [INF] Map "d5c08240-0436-454a-8993-362abf5bc477": window light drew 1/1 beam(s)
2026-05-25 22:11:27.267 +02:00 [INF] Map "d5c08240-0436-454a-8993-362abf5bc477": window light drew 1/1 beam(s)
2026-05-25 22:11:27.316 +02:00 [INF] Map "d5c08240-0436-454a-8993-362abf5bc477": window light drew 1/1 beam(s)
2026-05-25 22:11:27.366 +02:00 [INF] Map "d5c08240-0436-454a-8993-362abf5bc477": window light drew 1/1 beam(s)
2026-05-25 22:11:27.416 +02:00 [INF] Map "d5c08240-0436-454a-8993-362abf5bc477": window light drew 1/1 beam(s)
2026-05-25 22:11:27.466 +02:00 [INF] Map "d5c08240-0436-454a-8993-362abf5bc477": window light drew 1/1 beam(s)
2026-05-25 22:11:27.516 +02:00 [INF] Map "d5c08240-0436-454a-8993-362abf5bc477": window light drew 1/1 beam(s)
2026-05-25 22:11:27.566 +02:00 [INF] Map "d5c08240-0436-454a-8993-362abf5bc477": window light drew 1/1 beam(s)
2026-05-25 22:11:27.628 +02:00 [INF] Map "d5c08240-0436-454a-8993-362abf5bc477": window light drew 1/1 beam(s)
2026-05-25 22:11:27.678 +02:00 [INF] Map "d5c08240-0436-454a-8993-362abf5bc477": window light drew 1/1 beam(s)
2026-05-25 22:11:27.741 +02:00 [INF] Map "d5c08240-0436-454a-8993-362abf5bc477": window light drew 1/1 beam(s)
2026-05-25 22:11:27.791 +02:00 [INF] Map "d5c08240-0436-454a-8993-362abf5bc477": window light drew 1/1 beam(s)
2026-05-25 22:11:27.841 +02:00 [INF] Map "d5c08240-0436-454a-8993-362abf5bc477": window light drew 1/1 beam(s)
2026-05-25 22:11:27.891 +02:00 [INF] Map "d5c08240-0436-454a-8993-362abf5bc477": window light drew 1/1 beam(s)
2026-05-25 22:11:27.941 +02:00 [INF] Map "d5c08240-0436-454a-8993-362abf5bc477": window light drew 1/1 beam(s)
2026-05-25 22:11:27.990 +02:00 [INF] Map "d5c08240-0436-454a-8993-362abf5bc477": window light drew 1/1 beam(s)
2026-05-25 22:11:28.040 +02:00 [INF] Map "d5c08240-0436-454a-8993-362abf5bc477": window light drew 1/1 beam(s)
2026-05-25 22:11:28.089 +02:00 [INF] Map "d5c08240-0436-454a-8993-362abf5bc477": window light drew 1/1 beam(s)
2026-05-25 22:11:28.152 +02:00 [INF] Map "d5c08240-0436-454a-8993-362abf5bc477": window light drew 1/1 beam(s)
2026-05-25 22:11:28.202 +02:00 [INF] Map "d5c08240-0436-454a-8993-362abf5bc477": window light drew 1/1 beam(s)
2026-05-25 22:11:28.252 +02:00 [INF] Map "d5c08240-0436-454a-8993-362abf5bc477": window light drew 1/1 beam(s)
2026-05-25 22:11:28.302 +02:00 [INF] Map "d5c08240-0436-454a-8993-362abf5bc477": window light drew 1/1 beam(s)
2026-05-25 22:11:28.353 +02:00 [INF] Map "d5c08240-0436-454a-8993-362abf5bc477": window light drew 1/1 beam(s)
2026-05-25 22:11:28.402 +02:00 [INF] Map "d5c08240-0436-454a-8993-362abf5bc477": window light drew 1/1 beam(s)
2026-05-25 22:11:28.452 +02:00 [INF] Map "d5c08240-0436-454a-8993-362abf5bc477": window light drew 1/1 beam(s)
2026-05-25 22:11:28.501 +02:00 [INF] Map "d5c08240-0436-454a-8993-362abf5bc477": window light drew 1/1 beam(s)
2026-05-25 22:11:28.551 +02:00 [INF] Map "d5c08240-0436-454a-8993-362abf5bc477": window light drew 1/1 beam(s)
2026-05-25 22:11:28.615 +02:00 [INF] Map "d5c08240-0436-454a-8993-362abf5bc477": window light drew 1/1 beam(s)
2026-05-25 22:11:28.665 +02:00 [INF] Map "d5c08240-0436-454a-8993-362abf5bc477": window light drew 1/1 beam(s)
2026-05-25 22:11:28.714 +02:00 [INF] Map "d5c08240-0436-454a-8993-362abf5bc477": window light drew 1/1 beam(s)
2026-05-25 22:11:28.764 +02:00 [INF] Map "d5c08240-0436-454a-8993-362abf5bc477": window light drew 1/1 beam(s)
2026-05-25 22:11:28.814 +02:00 [INF] Map "d5c08240-0436-454a-8993-362abf5bc477": window light drew 1/1 beam(s)
2026-05-25 22:11:28.862 +02:00 [INF] Map "d5c08240-0436-454a-8993-362abf5bc477": window light drew 1/1 beam(s)
2026-05-25 22:11:28.913 +02:00 [INF] Map "d5c08240-0436-454a-8993-362abf5bc477": window light drew 1/1 beam(s)
2026-05-25 22:11:28.963 +02:00 [INF] Map "d5c08240-0436-454a-8993-362abf5bc477": window light drew 1/1 beam(s)
2026-05-25 22:11:29.027 +02:00 [INF] Map "d5c08240-0436-454a-8993-362abf5bc477": window light drew 1/1 beam(s)
2026-05-25 22:11:29.077 +02:00 [INF] Map "d5c08240-0436-454a-8993-362abf5bc477": window light drew 1/1 beam(s)
2026-05-25 22:11:29.127 +02:00 [INF] Map "d5c08240-0436-454a-8993-362abf5bc477": window light drew 1/1 beam(s)
2026-05-25 22:11:29.178 +02:00 [INF] Map "d5c08240-0436-454a-8993-362abf5bc477": window light drew 1/1 beam(s)
2026-05-25 22:11:29.229 +02:00 [INF] Map "d5c08240-0436-454a-8993-362abf5bc477": window light drew 1/1 beam(s)
2026-05-25 22:11:29.278 +02:00 [INF] Map "d5c08240-0436-454a-8993-362abf5bc477": window light drew 1/1 beam(s)
2026-05-25 22:11:29.328 +02:00 [INF] Map "d5c08240-0436-454a-8993-362abf5bc477": window light drew 1/1 beam(s)
2026-05-25 22:11:29.377 +02:00 [INF] Map "d5c08240-0436-454a-8993-362abf5bc477": window light drew 1/1 beam(s)
2026-05-25 22:11:29.426 +02:00 [INF] Map "d5c08240-0436-454a-8993-362abf5bc477": window light drew 1/1 beam(s)
2026-05-25 22:11:29.514 +02:00 [INF] Map "d5c08240-0436-454a-8993-362abf5bc477": window light drew 1/1 beam(s)
2026-05-25 22:11:29.565 +02:00 [INF] Map "d5c08240-0436-454a-8993-362abf5bc477": window light drew 1/1 beam(s)
2026-05-25 22:11:29.616 +02:00 [INF] Map "d5c08240-0436-454a-8993-362abf5bc477": window light drew 1/1 beam(s)
2026-05-25 22:11:29.667 +02:00 [INF] Map "d5c08240-0436-454a-8993-362abf5bc477": window light drew 1/1 beam(s)
2026-05-25 22:11:29.717 +02:00 [INF] Map "d5c08240-0436-454a-8993-362abf5bc477": window light drew 1/1 beam(s)
2026-05-25 22:11:29.766 +02:00 [INF] Map "d5c08240-0436-454a-8993-362abf5bc477": window light drew 1/1 beam(s)
2026-05-25 22:11:29.816 +02:00 [INF] Map "d5c08240-0436-454a-8993-362abf5bc477": window light drew 1/1 beam(s)
2026-05-25 22:11:29.865 +02:00 [INF] Map "d5c08240-0436-454a-8993-362abf5bc477": window light drew 1/1 beam(s)
2026-05-25 22:11:29.928 +02:00 [INF] Map "d5c08240-0436-454a-8993-362abf5bc477": window light drew 1/1 beam(s)
2026-05-25 22:11:29.978 +02:00 [INF] Map "d5c08240-0436-454a-8993-362abf5bc477": window light drew 1/1 beam(s)
2026-05-25 22:11:30.028 +02:00 [INF] Map "d5c08240-0436-454a-8993-362abf5bc477": window light drew 1/1 beam(s)
2026-05-25 22:11:30.078 +02:00 [INF] Map "d5c08240-0436-454a-8993-362abf5bc477": window light drew 1/1 beam(s)
2026-05-25 22:11:30.128 +02:00 [INF] Map "d5c08240-0436-454a-8993-362abf5bc477": window light drew 1/1 beam(s)
2026-05-25 22:11:30.178 +02:00 [INF] Map "d5c08240-0436-454a-8993-362abf5bc477": window light drew 1/1 beam(s)
2026-05-25 22:11:30.227 +02:00 [INF] Map "d5c08240-0436-454a-8993-362abf5bc477": window light drew 1/1 beam(s)
2026-05-25 22:11:30.277 +02:00 [INF] Map "d5c08240-0436-454a-8993-362abf5bc477": window light drew 1/1 beam(s)
2026-05-25 22:11:30.326 +02:00 [INF] Map "d5c08240-0436-454a-8993-362abf5bc477": window light drew 1/1 beam(s)
2026-05-25 22:11:30.389 +02:00 [INF] Map "d5c08240-0436-454a-8993-362abf5bc477": window light drew 1/1 beam(s)
2026-05-25 22:11:30.439 +02:00 [INF] Map "d5c08240-0436-454a-8993-362abf5bc477": window light drew 1/1 beam(s)
2026-05-25 22:11:30.488 +02:00 [INF] Map "d5c08240-0436-454a-8993-362abf5bc477": window light drew 1/1 beam(s)
2026-05-25 22:11:30.538 +02:00 [INF] Map "d5c08240-0436-454a-8993-362abf5bc477": window light drew 1/1 beam(s)
2026-05-25 22:11:30.588 +02:00 [INF] Map "d5c08240-0436-454a-8993-362abf5bc477": window light drew 1/1 beam(s)
2026-05-25 22:11:30.638 +02:00 [INF] Map "d5c08240-0436-454a-8993-362abf5bc477": window light drew 1/1 beam(s)
2026-05-25 22:11:30.687 +02:00 [INF] Map "d5c08240-0436-454a-8993-362abf5bc477": window light drew 1/1 beam(s)
2026-05-25 22:11:30.737 +02:00 [INF] Map "d5c08240-0436-454a-8993-362abf5bc477": window light drew 1/1 beam(s)
2026-05-25 22:11:30.799 +02:00 [INF] Map "d5c08240-0436-454a-8993-362abf5bc477": window light drew 1/1 beam(s)
2026-05-25 22:11:30.849 +02:00 [INF] Map "d5c08240-0436-454a-8993-362abf5bc477": window light drew 1/1 beam(s)
2026-05-25 22:11:30.899 +02:00 [INF] Map "d5c08240-0436-454a-8993-362abf5bc477": window light drew 1/1 beam(s)
2026-05-25 22:11:30.949 +02:00 [INF] Map "d5c08240-0436-454a-8993-362abf5bc477": window light drew 1/1 beam(s)
2026-05-25 22:11:30.999 +02:00 [INF] Map "d5c08240-0436-454a-8993-362abf5bc477": window light drew 1/1 beam(s)
2026-05-25 22:11:31.050 +02:00 [INF] Map "d5c08240-0436-454a-8993-362abf5bc477": window light drew 1/1 beam(s)
2026-05-25 22:11:31.100 +02:00 [INF] Map "d5c08240-0436-454a-8993-362abf5bc477": window light drew 1/1 beam(s)
2026-05-25 22:11:31.150 +02:00 [INF] Map "d5c08240-0436-454a-8993-362abf5bc477": window light drew 1/1 beam(s)
2026-05-25 22:11:31.200 +02:00 [INF] Map "d5c08240-0436-454a-8993-362abf5bc477": window light drew 1/1 beam(s)
2026-05-25 22:11:31.264 +02:00 [INF] Map "d5c08240-0436-454a-8993-362abf5bc477": window light drew 1/1 beam(s)
2026-05-25 22:11:31.314 +02:00 [INF] Map "d5c08240-0436-454a-8993-362abf5bc477": window light drew 1/1 beam(s)
2026-05-25 22:11:31.363 +02:00 [INF] Map "d5c08240-0436-454a-8993-362abf5bc477": window light drew 1/1 beam(s)
2026-05-25 22:11:31.414 +02:00 [INF] Map "d5c08240-0436-454a-8993-362abf5bc477": window light drew 1/1 beam(s)
2026-05-25 22:11:31.464 +02:00 [INF] Map "d5c08240-0436-454a-8993-362abf5bc477": window light drew 1/1 beam(s)
2026-05-25 22:11:31.515 +02:00 [INF] Map "d5c08240-0436-454a-8993-362abf5bc477": window light drew 1/1 beam(s)
2026-05-25 22:11:31.564 +02:00 [INF] Map "d5c08240-0436-454a-8993-362abf5bc477": window light drew 1/1 beam(s)
2026-05-25 22:11:31.613 +02:00 [INF] Map "d5c08240-0436-454a-8993-362abf5bc477": window light drew 1/1 beam(s)
2026-05-25 22:11:31.675 +02:00 [INF] Map "d5c08240-0436-454a-8993-362abf5bc477": window light drew 1/1 beam(s)
2026-05-25 22:11:31.725 +02:00 [INF] Map "d5c08240-0436-454a-8993-362abf5bc477": window light drew 1/1 beam(s)
2026-05-25 22:11:31.774 +02:00 [INF] Map "d5c08240-0436-454a-8993-362abf5bc477": window light drew 1/1 beam(s)
2026-05-25 22:11:31.824 +02:00 [INF] Map "d5c08240-0436-454a-8993-362abf5bc477": window light drew 1/1 beam(s)
2026-05-25 22:11:31.873 +02:00 [INF] Map "d5c08240-0436-454a-8993-362abf5bc477": window light drew 1/1 beam(s)
2026-05-25 22:11:31.923 +02:00 [INF] Map "d5c08240-0436-454a-8993-362abf5bc477": window light drew 1/1 beam(s)
2026-05-25 22:11:31.973 +02:00 [INF] Map "d5c08240-0436-454a-8993-362abf5bc477": window light drew 1/1 beam(s)
2026-05-25 22:11:32.023 +02:00 [INF] Map "d5c08240-0436-454a-8993-362abf5bc477": window light drew 1/1 beam(s)
2026-05-25 22:11:32.072 +02:00 [INF] Map "d5c08240-0436-454a-8993-362abf5bc477": window light drew 1/1 beam(s)
2026-05-25 22:11:32.135 +02:00 [INF] Map "d5c08240-0436-454a-8993-362abf5bc477": window light drew 1/1 beam(s)
2026-05-25 22:11:32.185 +02:00 [INF] Map "d5c08240-0436-454a-8993-362abf5bc477": window light drew 1/1 beam(s)
2026-05-25 22:11:32.245 +02:00 [INF] Map "d5c08240-0436-454a-8993-362abf5bc477": window light drew 1/1 beam(s)
2026-05-25 22:11:32.295 +02:00 [INF] Map "d5c08240-0436-454a-8993-362abf5bc477": window light drew 1/1 beam(s)
2026-05-25 22:11:32.347 +02:00 [INF] Map "d5c08240-0436-454a-8993-362abf5bc477": window light drew 1/1 beam(s)
2026-05-25 22:11:32.396 +02:00 [INF] Map "d5c08240-0436-454a-8993-362abf5bc477": window light drew 1/1 beam(s)
2026-05-25 22:11:32.453 +02:00 [INF] Map "d5c08240-0436-454a-8993-362abf5bc477": window light drew 1/1 beam(s)
2026-05-25 22:11:32.503 +02:00 [INF] Map "d5c08240-0436-454a-8993-362abf5bc477": window light drew 1/1 beam(s)
2026-05-25 22:11:32.565 +02:00 [INF] Map "d5c08240-0436-454a-8993-362abf5bc477": window light drew 1/1 beam(s)
2026-05-25 22:11:32.615 +02:00 [INF] Map "d5c08240-0436-454a-8993-362abf5bc477": window light drew 1/1 beam(s)
2026-05-25 22:11:32.665 +02:00 [INF] Map "d5c08240-0436-454a-8993-362abf5bc477": window light drew 1/1 beam(s)
2026-05-25 22:11:32.715 +02:00 [INF] Map "d5c08240-0436-454a-8993-362abf5bc477": window light drew 1/1 beam(s)
2026-05-25 22:11:32.765 +02:00 [INF] Map "d5c08240-0436-454a-8993-362abf5bc477": window light drew 1/1 beam(s)
2026-05-25 22:11:32.814 +02:00 [INF] Map "d5c08240-0436-454a-8993-362abf5bc477": window light drew 1/1 beam(s)
2026-05-25 22:11:32.863 +02:00 [INF] Map "d5c08240-0436-454a-8993-362abf5bc477": window light drew 1/1 beam(s)
2026-05-25 22:11:32.913 +02:00 [INF] Map "d5c08240-0436-454a-8993-362abf5bc477": window light drew 1/1 beam(s)
2026-05-25 22:11:32.963 +02:00 [INF] Map "d5c08240-0436-454a-8993-362abf5bc477": window light drew 1/1 beam(s)
2026-05-25 22:11:33.025 +02:00 [INF] Map "d5c08240-0436-454a-8993-362abf5bc477": window light drew 1/1 beam(s)
2026-05-25 22:11:33.075 +02:00 [INF] Map "d5c08240-0436-454a-8993-362abf5bc477": window light drew 1/1 beam(s)
2026-05-25 22:11:33.126 +02:00 [INF] Map "d5c08240-0436-454a-8993-362abf5bc477": window light drew 1/1 beam(s)
2026-05-25 22:11:33.175 +02:00 [INF] Map "d5c08240-0436-454a-8993-362abf5bc477": window light drew 1/1 beam(s)
2026-05-25 22:11:33.225 +02:00 [INF] Map "d5c08240-0436-454a-8993-362abf5bc477": window light drew 1/1 beam(s)
2026-05-25 22:11:33.275 +02:00 [INF] Map "d5c08240-0436-454a-8993-362abf5bc477": window light drew 1/1 beam(s)
2026-05-25 22:11:33.324 +02:00 [INF] Map "d5c08240-0436-454a-8993-362abf5bc477": window light drew 1/1 beam(s)
2026-05-25 22:11:33.374 +02:00 [INF] Map "d5c08240-0436-454a-8993-362abf5bc477": window light drew 1/1 beam(s)
2026-05-25 22:11:33.437 +02:00 [INF] Map "d5c08240-0436-454a-8993-362abf5bc477": window light drew 1/1 beam(s)
2026-05-25 22:11:33.486 +02:00 [INF] Map "d5c08240-0436-454a-8993-362abf5bc477": window light drew 1/1 beam(s)
2026-05-25 22:11:33.536 +02:00 [INF] Map "d5c08240-0436-454a-8993-362abf5bc477": window light drew 1/1 beam(s)
2026-05-25 22:11:33.595 +02:00 [INF] Map "d5c08240-0436-454a-8993-362abf5bc477": window light drew 1/1 beam(s)
2026-05-25 22:11:33.644 +02:00 [INF] Map "d5c08240-0436-454a-8993-362abf5bc477": window light drew 1/1 beam(s)
2026-05-25 22:11:33.694 +02:00 [INF] Map "d5c08240-0436-454a-8993-362abf5bc477": window light drew 1/1 beam(s)
2026-05-25 22:11:33.744 +02:00 [INF] Map "d5c08240-0436-454a-8993-362abf5bc477": window light drew 1/1 beam(s)
2026-05-25 22:11:33.794 +02:00 [INF] Map "d5c08240-0436-454a-8993-362abf5bc477": window light drew 1/1 beam(s)
2026-05-25 22:11:33.843 +02:00 [INF] Map "d5c08240-0436-454a-8993-362abf5bc477": window light drew 1/1 beam(s)
2026-05-25 22:11:33.905 +02:00 [INF] Map "d5c08240-0436-454a-8993-362abf5bc477": window light drew 1/1 beam(s)
2026-05-25 22:11:33.955 +02:00 [INF] Map "d5c08240-0436-454a-8993-362abf5bc477": window light drew 1/1 beam(s)
2026-05-25 22:11:34.005 +02:00 [INF] Map "d5c08240-0436-454a-8993-362abf5bc477": window light drew 1/1 beam(s)
2026-05-25 22:11:34.055 +02:00 [INF] Map "d5c08240-0436-454a-8993-362abf5bc477": window light drew 1/1 beam(s)
2026-05-25 22:11:34.104 +02:00 [INF] Map "d5c08240-0436-454a-8993-362abf5bc477": window light drew 1/1 beam(s)
2026-05-25 22:11:34.154 +02:00 [INF] Map "d5c08240-0436-454a-8993-362abf5bc477": window light drew 1/1 beam(s)
2026-05-25 22:11:34.204 +02:00 [INF] Map "d5c08240-0436-454a-8993-362abf5bc477": window light drew 1/1 beam(s)
2026-05-25 22:11:34.254 +02:00 [INF] Map "d5c08240-0436-454a-8993-362abf5bc477": window light drew 1/1 beam(s)
2026-05-25 22:11:34.316 +02:00 [INF] Map "d5c08240-0436-454a-8993-362abf5bc477": window light drew 1/1 beam(s)
2026-05-25 22:11:34.366 +02:00 [INF] Map "d5c08240-0436-454a-8993-362abf5bc477": window light drew 1/1 beam(s)
2026-05-25 22:11:34.416 +02:00 [INF] Map "d5c08240-0436-454a-8993-362abf5bc477": window light drew 1/1 beam(s)
2026-05-25 22:11:34.466 +02:00 [INF] Map "d5c08240-0436-454a-8993-362abf5bc477": window light drew 1/1 beam(s)
2026-05-25 22:11:34.516 +02:00 [INF] Map "d5c08240-0436-454a-8993-362abf5bc477": window light drew 1/1 beam(s)
2026-05-25 22:11:34.566 +02:00 [INF] Map "d5c08240-0436-454a-8993-362abf5bc477": window light drew 1/1 beam(s)
2026-05-25 22:11:34.616 +02:00 [INF] Map "d5c08240-0436-454a-8993-362abf5bc477": window light drew 1/1 beam(s)
2026-05-25 22:11:34.665 +02:00 [INF] Map "d5c08240-0436-454a-8993-362abf5bc477": window light drew 1/1 beam(s)
2026-05-25 22:11:34.714 +02:00 [INF] Map "d5c08240-0436-454a-8993-362abf5bc477": window light drew 1/1 beam(s)
2026-05-25 22:11:34.777 +02:00 [INF] Map "d5c08240-0436-454a-8993-362abf5bc477": window light drew 1/1 beam(s)
2026-05-25 22:11:34.826 +02:00 [INF] Map "d5c08240-0436-454a-8993-362abf5bc477": window light drew 1/1 beam(s)
2026-05-25 22:11:34.876 +02:00 [INF] Map "d5c08240-0436-454a-8993-362abf5bc477": window light drew 1/1 beam(s)
2026-05-25 22:11:34.926 +02:00 [INF] Map "d5c08240-0436-454a-8993-362abf5bc477": window light drew 1/1 beam(s)
2026-05-25 22:11:34.981 +02:00 [INF] Map "d5c08240-0436-454a-8993-362abf5bc477": window light drew 1/1 beam(s)
2026-05-25 22:11:35.030 +02:00 [INF] Map "d5c08240-0436-454a-8993-362abf5bc477": window light drew 1/1 beam(s)
2026-05-25 22:11:35.080 +02:00 [INF] Map "d5c08240-0436-454a-8993-362abf5bc477": window light drew 1/1 beam(s)
2026-05-25 22:11:35.130 +02:00 [INF] Map "d5c08240-0436-454a-8993-362abf5bc477": window light drew 1/1 beam(s)
2026-05-25 22:11:35.192 +02:00 [INF] Map "d5c08240-0436-454a-8993-362abf5bc477": window light drew 1/1 beam(s)
2026-05-25 22:11:35.241 +02:00 [INF] Map "d5c08240-0436-454a-8993-362abf5bc477": window light drew 1/1 beam(s)
2026-05-25 22:11:35.291 +02:00 [INF] Map "d5c08240-0436-454a-8993-362abf5bc477": window light drew 1/1 beam(s)
2026-05-25 22:11:35.341 +02:00 [INF] Map "d5c08240-0436-454a-8993-362abf5bc477": window light drew 1/1 beam(s)
2026-05-25 22:11:35.391 +02:00 [INF] Map "d5c08240-0436-454a-8993-362abf5bc477": window light drew 1/1 beam(s)
2026-05-25 22:11:35.441 +02:00 [INF] Map "d5c08240-0436-454a-8993-362abf5bc477": window light drew 1/1 beam(s)
2026-05-25 22:11:35.490 +02:00 [INF] Map "d5c08240-0436-454a-8993-362abf5bc477": window light drew 1/1 beam(s)
2026-05-25 22:11:35.540 +02:00 [INF] Map "d5c08240-0436-454a-8993-362abf5bc477": window light drew 1/1 beam(s)
2026-05-25 22:11:35.590 +02:00 [INF] Map "d5c08240-0436-454a-8993-362abf5bc477": window light drew 1/1 beam(s)
2026-05-25 22:11:35.653 +02:00 [INF] Map "d5c08240-0436-454a-8993-362abf5bc477": window light drew 1/1 beam(s)
2026-05-25 22:11:35.704 +02:00 [INF] Map "d5c08240-0436-454a-8993-362abf5bc477": window light drew 1/1 beam(s)
2026-05-25 22:11:35.754 +02:00 [INF] Map "d5c08240-0436-454a-8993-362abf5bc477": window light drew 1/1 beam(s)
2026-05-25 22:11:35.804 +02:00 [INF] Map "d5c08240-0436-454a-8993-362abf5bc477": window light drew 1/1 beam(s)
2026-05-25 22:11:35.854 +02:00 [INF] Map "d5c08240-0436-454a-8993-362abf5bc477": window light drew 1/1 beam(s)
2026-05-25 22:11:35.904 +02:00 [INF] Map "d5c08240-0436-454a-8993-362abf5bc477": window light drew 1/1 beam(s)
2026-05-25 22:11:35.954 +02:00 [INF] Map "d5c08240-0436-454a-8993-362abf5bc477": window light drew 1/1 beam(s)
2026-05-25 22:11:36.004 +02:00 [INF] Map "d5c08240-0436-454a-8993-362abf5bc477": window light drew 1/1 beam(s)
2026-05-25 22:11:36.067 +02:00 [INF] Map "d5c08240-0436-454a-8993-362abf5bc477": window light drew 1/1 beam(s)
2026-05-25 22:11:36.117 +02:00 [INF] Map "d5c08240-0436-454a-8993-362abf5bc477": window light drew 1/1 beam(s)
2026-05-25 22:11:36.166 +02:00 [INF] Map "d5c08240-0436-454a-8993-362abf5bc477": window light drew 1/1 beam(s)
2026-05-25 22:11:36.216 +02:00 [INF] Map "d5c08240-0436-454a-8993-362abf5bc477": window light drew 1/1 beam(s)
2026-05-25 22:11:36.266 +02:00 [INF] Map "d5c08240-0436-454a-8993-362abf5bc477": window light drew 1/1 beam(s)
2026-05-25 22:11:36.337 +02:00 [INF] Map "d5c08240-0436-454a-8993-362abf5bc477": window light drew 1/1 beam(s)
2026-05-25 22:11:36.387 +02:00 [INF] Map "d5c08240-0436-454a-8993-362abf5bc477": window light drew 1/1 beam(s)
2026-05-25 22:11:36.438 +02:00 [INF] Map "d5c08240-0436-454a-8993-362abf5bc477": window light drew 1/1 beam(s)
2026-05-25 22:11:36.488 +02:00 [INF] Map "d5c08240-0436-454a-8993-362abf5bc477": window light drew 1/1 beam(s)
2026-05-25 22:11:36.552 +02:00 [INF] Map "d5c08240-0436-454a-8993-362abf5bc477": window light drew 1/1 beam(s)
2026-05-25 22:11:36.601 +02:00 [INF] Map "d5c08240-0436-454a-8993-362abf5bc477": window light drew 1/1 beam(s)
2026-05-25 22:11:36.651 +02:00 [INF] Map "d5c08240-0436-454a-8993-362abf5bc477": window light drew 1/1 beam(s)
2026-05-25 22:11:36.700 +02:00 [INF] Map "d5c08240-0436-454a-8993-362abf5bc477": window light drew 1/1 beam(s)
2026-05-25 22:11:36.752 +02:00 [INF] Map "d5c08240-0436-454a-8993-362abf5bc477": window light drew 1/1 beam(s)
2026-05-25 22:11:36.801 +02:00 [INF] Map "d5c08240-0436-454a-8993-362abf5bc477": window light drew 1/1 beam(s)
2026-05-25 22:11:36.852 +02:00 [INF] Map "d5c08240-0436-454a-8993-362abf5bc477": window light drew 1/1 beam(s)
2026-05-25 22:11:36.902 +02:00 [INF] Map "d5c08240-0436-454a-8993-362abf5bc477": window light drew 1/1 beam(s)
2026-05-25 22:11:36.964 +02:00 [INF] Map "d5c08240-0436-454a-8993-362abf5bc477": window light drew 1/1 beam(s)
2026-05-25 22:11:37.015 +02:00 [INF] Map "d5c08240-0436-454a-8993-362abf5bc477": window light drew 1/1 beam(s)
2026-05-25 22:11:37.065 +02:00 [INF] Map "d5c08240-0436-454a-8993-362abf5bc477": window light drew 1/1 beam(s)
2026-05-25 22:11:37.117 +02:00 [INF] Map "d5c08240-0436-454a-8993-362abf5bc477": window light drew 1/1 beam(s)
2026-05-25 22:11:37.167 +02:00 [INF] Map "d5c08240-0436-454a-8993-362abf5bc477": window light drew 1/1 beam(s)
2026-05-25 22:11:37.217 +02:00 [INF] Map "d5c08240-0436-454a-8993-362abf5bc477": window light drew 1/1 beam(s)
2026-05-25 22:11:37.267 +02:00 [INF] Map "d5c08240-0436-454a-8993-362abf5bc477": window light drew 1/1 beam(s)
2026-05-25 22:11:37.317 +02:00 [INF] Map "d5c08240-0436-454a-8993-362abf5bc477": window light drew 1/1 beam(s)
2026-05-25 22:11:37.366 +02:00 [INF] Map "d5c08240-0436-454a-8993-362abf5bc477": window light drew 1/1 beam(s)
2026-05-25 22:11:37.430 +02:00 [INF] Map "d5c08240-0436-454a-8993-362abf5bc477": window light drew 1/1 beam(s)
2026-05-25 22:11:37.479 +02:00 [INF] Map "d5c08240-0436-454a-8993-362abf5bc477": window light drew 1/1 beam(s)
2026-05-25 22:11:37.529 +02:00 [INF] Map "d5c08240-0436-454a-8993-362abf5bc477": window light drew 1/1 beam(s)
2026-05-25 22:11:37.578 +02:00 [INF] Map "d5c08240-0436-454a-8993-362abf5bc477": window light drew 1/1 beam(s)
2026-05-25 22:11:37.629 +02:00 [INF] Map "d5c08240-0436-454a-8993-362abf5bc477": window light drew 1/1 beam(s)
2026-05-25 22:11:37.703 +02:00 [INF] Map "d5c08240-0436-454a-8993-362abf5bc477": window light drew 1/1 beam(s)
2026-05-25 22:11:37.753 +02:00 [INF] Map "d5c08240-0436-454a-8993-362abf5bc477": window light drew 1/1 beam(s)
2026-05-25 22:11:37.803 +02:00 [INF] Map "d5c08240-0436-454a-8993-362abf5bc477": window light drew 1/1 beam(s)
2026-05-25 22:11:37.865 +02:00 [INF] Map "d5c08240-0436-454a-8993-362abf5bc477": window light drew 1/1 beam(s)
2026-05-25 22:11:37.915 +02:00 [INF] Map "d5c08240-0436-454a-8993-362abf5bc477": window light drew 1/1 beam(s)
2026-05-25 22:11:37.964 +02:00 [INF] Map "d5c08240-0436-454a-8993-362abf5bc477": window light drew 1/1 beam(s)
2026-05-25 22:11:38.015 +02:00 [INF] Map "d5c08240-0436-454a-8993-362abf5bc477": window light drew 1/1 beam(s)
2026-05-25 22:11:38.064 +02:00 [INF] Map "d5c08240-0436-454a-8993-362abf5bc477": window light drew 1/1 beam(s)
2026-05-25 22:11:38.115 +02:00 [INF] Map "d5c08240-0436-454a-8993-362abf5bc477": window light drew 1/1 beam(s)
2026-05-25 22:11:38.165 +02:00 [INF] Map "d5c08240-0436-454a-8993-362abf5bc477": window light drew 1/1 beam(s)
2026-05-25 22:11:38.215 +02:00 [INF] Map "d5c08240-0436-454a-8993-362abf5bc477": window light drew 1/1 beam(s)
2026-05-25 22:11:38.265 +02:00 [INF] Map "d5c08240-0436-454a-8993-362abf5bc477": window light drew 1/1 beam(s)
2026-05-25 22:11:38.327 +02:00 [INF] Map "d5c08240-0436-454a-8993-362abf5bc477": window light drew 1/1 beam(s)
2026-05-25 22:11:38.377 +02:00 [INF] Map "d5c08240-0436-454a-8993-362abf5bc477": window light drew 1/1 beam(s)
2026-05-25 22:11:38.427 +02:00 [INF] Map "d5c08240-0436-454a-8993-362abf5bc477": window light drew 1/1 beam(s)
2026-05-25 22:11:38.477 +02:00 [INF] Map "d5c08240-0436-454a-8993-362abf5bc477": window light drew 1/1 beam(s)
2026-05-25 22:11:38.526 +02:00 [INF] Map "d5c08240-0436-454a-8993-362abf5bc477": window light drew 1/1 beam(s)
2026-05-25 22:11:38.576 +02:00 [INF] Map "d5c08240-0436-454a-8993-362abf5bc477": window light drew 1/1 beam(s)
2026-05-25 22:11:38.626 +02:00 [INF] Map "d5c08240-0436-454a-8993-362abf5bc477": window light drew 1/1 beam(s)
2026-05-25 22:11:38.677 +02:00 [INF] Map "d5c08240-0436-454a-8993-362abf5bc477": window light drew 1/1 beam(s)
2026-05-25 22:11:38.740 +02:00 [INF] Map "d5c08240-0436-454a-8993-362abf5bc477": window light drew 1/1 beam(s)
2026-05-25 22:11:38.789 +02:00 [INF] Map "d5c08240-0436-454a-8993-362abf5bc477": window light drew 1/1 beam(s)
2026-05-25 22:11:38.839 +02:00 [INF] Map "d5c08240-0436-454a-8993-362abf5bc477": window light drew 1/1 beam(s)
2026-05-25 22:11:38.888 +02:00 [INF] Map "d5c08240-0436-454a-8993-362abf5bc477": window light drew 1/1 beam(s)
2026-05-25 22:11:38.938 +02:00 [INF] Map "d5c08240-0436-454a-8993-362abf5bc477": window light drew 1/1 beam(s)
2026-05-25 22:11:38.988 +02:00 [INF] Map "d5c08240-0436-454a-8993-362abf5bc477": window light drew 1/1 beam(s)
2026-05-25 22:11:39.037 +02:00 [INF] Map "d5c08240-0436-454a-8993-362abf5bc477": window light drew 1/1 beam(s)
2026-05-25 22:11:39.087 +02:00 [INF] Map "d5c08240-0436-454a-8993-362abf5bc477": window light drew 1/1 beam(s)
2026-05-25 22:11:39.137 +02:00 [INF] Map "d5c08240-0436-454a-8993-362abf5bc477": window light drew 1/1 beam(s)
2026-05-25 22:11:39.199 +02:00 [INF] Map "d5c08240-0436-454a-8993-362abf5bc477": window light drew 1/1 beam(s)
2026-05-25 22:11:39.248 +02:00 [INF] Map "d5c08240-0436-454a-8993-362abf5bc477": window light drew 1/1 beam(s)
2026-05-25 22:11:39.297 +02:00 [INF] Map "d5c08240-0436-454a-8993-362abf5bc477": window light drew 1/1 beam(s)
2026-05-25 22:11:39.347 +02:00 [INF] Map "d5c08240-0436-454a-8993-362abf5bc477": window light drew 1/1 beam(s)
2026-05-25 22:11:39.397 +02:00 [INF] Map "d5c08240-0436-454a-8993-362abf5bc477": window light drew 1/1 beam(s)
2026-05-25 22:11:39.448 +02:00 [INF] Map "d5c08240-0436-454a-8993-362abf5bc477": window light drew 1/1 beam(s)
2026-05-25 22:11:39.497 +02:00 [INF] Map "d5c08240-0436-454a-8993-362abf5bc477": window light drew 1/1 beam(s)
2026-05-25 22:11:39.547 +02:00 [INF] Map "d5c08240-0436-454a-8993-362abf5bc477": window light drew 1/1 beam(s)
2026-05-25 22:11:39.609 +02:00 [INF] Map "d5c08240-0436-454a-8993-362abf5bc477": window light drew 1/1 beam(s)
2026-05-25 22:11:39.659 +02:00 [INF] Map "d5c08240-0436-454a-8993-362abf5bc477": window light drew 1/1 beam(s)
2026-05-25 22:11:39.709 +02:00 [INF] Map "d5c08240-0436-454a-8993-362abf5bc477": window light drew 1/1 beam(s)
2026-05-25 22:11:39.759 +02:00 [INF] Map "d5c08240-0436-454a-8993-362abf5bc477": window light drew 1/1 beam(s)
2026-05-25 22:11:39.808 +02:00 [INF] Map "d5c08240-0436-454a-8993-362abf5bc477": window light drew 1/1 beam(s)
2026-05-25 22:11:39.858 +02:00 [INF] Map "d5c08240-0436-454a-8993-362abf5bc477": window light drew 1/1 beam(s)
2026-05-25 22:11:39.907 +02:00 [INF] Map "d5c08240-0436-454a-8993-362abf5bc477": window light drew 1/1 beam(s)
2026-05-25 22:11:39.957 +02:00 [INF] Map "d5c08240-0436-454a-8993-362abf5bc477": window light drew 1/1 beam(s)
2026-05-25 22:11:40.006 +02:00 [INF] Map "d5c08240-0436-454a-8993-362abf5bc477": window light drew 1/1 beam(s)
2026-05-25 22:11:40.069 +02:00 [INF] Map "d5c08240-0436-454a-8993-362abf5bc477": window light drew 1/1 beam(s)
2026-05-25 22:11:40.119 +02:00 [INF] Map "d5c08240-0436-454a-8993-362abf5bc477": window light drew 1/1 beam(s)
2026-05-25 22:11:40.169 +02:00 [INF] Map "d5c08240-0436-454a-8993-362abf5bc477": window light drew 1/1 beam(s)
2026-05-25 22:11:40.219 +02:00 [INF] Map "d5c08240-0436-454a-8993-362abf5bc477": window light drew 1/1 beam(s)
2026-05-25 22:11:40.269 +02:00 [INF] Map "d5c08240-0436-454a-8993-362abf5bc477": window light drew 1/1 beam(s)
2026-05-25 22:11:40.319 +02:00 [INF] Map "d5c08240-0436-454a-8993-362abf5bc477": window light drew 1/1 beam(s)
2026-05-25 22:11:40.370 +02:00 [INF] Map "d5c08240-0436-454a-8993-362abf5bc477": window light drew 1/1 beam(s)
2026-05-25 22:11:40.437 +02:00 [INF] Map "d5c08240-0436-454a-8993-362abf5bc477": window light drew 1/1 beam(s)
2026-05-25 22:11:40.499 +02:00 [INF] Map "d5c08240-0436-454a-8993-362abf5bc477": window light drew 1/1 beam(s)
2026-05-25 22:11:40.549 +02:00 [INF] Map "d5c08240-0436-454a-8993-362abf5bc477": window light drew 1/1 beam(s)
2026-05-25 22:11:40.600 +02:00 [INF] Map "d5c08240-0436-454a-8993-362abf5bc477": window light drew 1/1 beam(s)
2026-05-25 22:11:40.649 +02:00 [INF] Map "d5c08240-0436-454a-8993-362abf5bc477": window light drew 1/1 beam(s)
2026-05-25 22:11:40.698 +02:00 [INF] Map "d5c08240-0436-454a-8993-362abf5bc477": window light drew 1/1 beam(s)
2026-05-25 22:11:40.748 +02:00 [INF] Map "d5c08240-0436-454a-8993-362abf5bc477": window light drew 1/1 beam(s)
2026-05-25 22:11:40.798 +02:00 [INF] Map "d5c08240-0436-454a-8993-362abf5bc477": window light drew 1/1 beam(s)
2026-05-25 22:11:40.848 +02:00 [INF] Map "d5c08240-0436-454a-8993-362abf5bc477": window light drew 1/1 beam(s)
2026-05-25 22:11:40.898 +02:00 [INF] Map "d5c08240-0436-454a-8993-362abf5bc477": window light drew 1/1 beam(s)
2026-05-25 22:11:40.961 +02:00 [INF] Map "d5c08240-0436-454a-8993-362abf5bc477": window light drew 1/1 beam(s)
2026-05-25 22:11:41.011 +02:00 [INF] Map "d5c08240-0436-454a-8993-362abf5bc477": window light drew 1/1 beam(s)
2026-05-25 22:11:41.061 +02:00 [INF] Map "d5c08240-0436-454a-8993-362abf5bc477": window light drew 1/1 beam(s)
2026-05-25 22:11:41.110 +02:00 [INF] Map "d5c08240-0436-454a-8993-362abf5bc477": window light drew 1/1 beam(s)
2026-05-25 22:11:41.160 +02:00 [INF] Map "d5c08240-0436-454a-8993-362abf5bc477": window light drew 1/1 beam(s)
2026-05-25 22:11:41.210 +02:00 [INF] Map "d5c08240-0436-454a-8993-362abf5bc477": window light drew 1/1 beam(s)
2026-05-25 22:11:41.259 +02:00 [INF] Map "d5c08240-0436-454a-8993-362abf5bc477": window light drew 1/1 beam(s)
2026-05-25 22:11:41.309 +02:00 [INF] Map "d5c08240-0436-454a-8993-362abf5bc477": window light drew 1/1 beam(s)
2026-05-25 22:11:41.372 +02:00 [INF] Map "d5c08240-0436-454a-8993-362abf5bc477": window light drew 1/1 beam(s)
2026-05-25 22:11:41.421 +02:00 [INF] Map "d5c08240-0436-454a-8993-362abf5bc477": window light drew 1/1 beam(s)
2026-05-25 22:11:41.471 +02:00 [INF] Map "d5c08240-0436-454a-8993-362abf5bc477": window light drew 1/1 beam(s)
2026-05-25 22:11:41.520 +02:00 [INF] Map "d5c08240-0436-454a-8993-362abf5bc477": window light drew 1/1 beam(s)
2026-05-25 22:11:41.570 +02:00 [INF] Map "d5c08240-0436-454a-8993-362abf5bc477": window light drew 1/1 beam(s)
2026-05-25 22:11:41.620 +02:00 [INF] Map "d5c08240-0436-454a-8993-362abf5bc477": window light drew 1/1 beam(s)
2026-05-25 22:11:41.669 +02:00 [INF] Map "d5c08240-0436-454a-8993-362abf5bc477": window light drew 1/1 beam(s)
2026-05-25 22:11:41.719 +02:00 [INF] Map "d5c08240-0436-454a-8993-362abf5bc477": window light drew 1/1 beam(s)
2026-05-25 22:11:41.779 +02:00 [INF] Map "d5c08240-0436-454a-8993-362abf5bc477": window light drew 1/1 beam(s)
2026-05-25 22:11:41.842 +02:00 [INF] Map "d5c08240-0436-454a-8993-362abf5bc477": window light drew 1/1 beam(s)
2026-05-25 22:11:41.892 +02:00 [INF] Map "d5c08240-0436-454a-8993-362abf5bc477": window light drew 1/1 beam(s)
2026-05-25 22:11:41.941 +02:00 [INF] Map "d5c08240-0436-454a-8993-362abf5bc477": window light drew 1/1 beam(s)
2026-05-25 22:11:41.991 +02:00 [INF] Map "d5c08240-0436-454a-8993-362abf5bc477": window light drew 1/1 beam(s)
2026-05-25 22:11:42.040 +02:00 [INF] Map "d5c08240-0436-454a-8993-362abf5bc477": window light drew 1/1 beam(s)
2026-05-25 22:11:42.089 +02:00 [INF] Map "d5c08240-0436-454a-8993-362abf5bc477": window light drew 1/1 beam(s)
2026-05-25 22:11:42.138 +02:00 [INF] Map "d5c08240-0436-454a-8993-362abf5bc477": window light drew 1/1 beam(s)
2026-05-25 22:11:42.188 +02:00 [INF] Map "d5c08240-0436-454a-8993-362abf5bc477": window light drew 1/1 beam(s)
2026-05-25 22:11:42.251 +02:00 [INF] Map "d5c08240-0436-454a-8993-362abf5bc477": window light drew 1/1 beam(s)
2026-05-25 22:11:42.302 +02:00 [INF] Map "d5c08240-0436-454a-8993-362abf5bc477": window light drew 1/1 beam(s)
2026-05-25 22:11:42.351 +02:00 [INF] Map "d5c08240-0436-454a-8993-362abf5bc477": window light drew 1/1 beam(s)
2026-05-25 22:11:42.401 +02:00 [INF] Map "d5c08240-0436-454a-8993-362abf5bc477": window light drew 1/1 beam(s)
2026-05-25 22:11:42.451 +02:00 [INF] Map "d5c08240-0436-454a-8993-362abf5bc477": window light drew 1/1 beam(s)
2026-05-25 22:11:42.501 +02:00 [INF] Map "d5c08240-0436-454a-8993-362abf5bc477": window light drew 1/1 beam(s)
2026-05-25 22:11:42.551 +02:00 [INF] Map "d5c08240-0436-454a-8993-362abf5bc477": window light drew 1/1 beam(s)
2026-05-25 22:11:42.602 +02:00 [INF] Map "d5c08240-0436-454a-8993-362abf5bc477": window light drew 1/1 beam(s)
2026-05-25 22:11:42.651 +02:00 [INF] Map "d5c08240-0436-454a-8993-362abf5bc477": window light drew 1/1 beam(s)
2026-05-25 22:11:42.715 +02:00 [INF] Map "d5c08240-0436-454a-8993-362abf5bc477": window light drew 1/1 beam(s)
2026-05-25 22:11:42.765 +02:00 [INF] Map "d5c08240-0436-454a-8993-362abf5bc477": window light drew 1/1 beam(s)
2026-05-25 22:11:42.815 +02:00 [INF] Map "d5c08240-0436-454a-8993-362abf5bc477": window light drew 1/1 beam(s)
2026-05-25 22:11:42.864 +02:00 [INF] Map "d5c08240-0436-454a-8993-362abf5bc477": window light drew 1/1 beam(s)
2026-05-25 22:11:42.914 +02:00 [INF] Map "d5c08240-0436-454a-8993-362abf5bc477": window light drew 1/1 beam(s)
2026-05-25 22:11:42.964 +02:00 [INF] Map "d5c08240-0436-454a-8993-362abf5bc477": window light drew 1/1 beam(s)
2026-05-25 22:11:43.014 +02:00 [INF] Map "d5c08240-0436-454a-8993-362abf5bc477": window light drew 1/1 beam(s)
2026-05-25 22:11:43.064 +02:00 [INF] Map "d5c08240-0436-454a-8993-362abf5bc477": window light drew 1/1 beam(s)
2026-05-25 22:11:43.153 +02:00 [INF] Map "d5c08240-0436-454a-8993-362abf5bc477": window light drew 1/1 beam(s)
2026-05-25 22:11:43.203 +02:00 [INF] Map "d5c08240-0436-454a-8993-362abf5bc477": window light drew 1/1 beam(s)
2026-05-25 22:11:43.252 +02:00 [INF] Map "d5c08240-0436-454a-8993-362abf5bc477": window light drew 1/1 beam(s)
2026-05-25 22:11:43.302 +02:00 [INF] Map "d5c08240-0436-454a-8993-362abf5bc477": window light drew 1/1 beam(s)
2026-05-25 22:11:43.351 +02:00 [INF] Map "d5c08240-0436-454a-8993-362abf5bc477": window light drew 1/1 beam(s)
2026-05-25 22:11:43.401 +02:00 [INF] Map "d5c08240-0436-454a-8993-362abf5bc477": window light drew 1/1 beam(s)
2026-05-25 22:11:43.451 +02:00 [INF] Map "d5c08240-0436-454a-8993-362abf5bc477": window light drew 1/1 beam(s)
2026-05-25 22:11:43.502 +02:00 [INF] Map "d5c08240-0436-454a-8993-362abf5bc477": window light drew 1/1 beam(s)
2026-05-25 22:11:43.553 +02:00 [INF] Map "d5c08240-0436-454a-8993-362abf5bc477": window light drew 1/1 beam(s)
2026-05-25 22:11:43.615 +02:00 [INF] Map "d5c08240-0436-454a-8993-362abf5bc477": window light drew 1/1 beam(s)
2026-05-25 22:11:43.665 +02:00 [INF] Map "d5c08240-0436-454a-8993-362abf5bc477": window light drew 1/1 beam(s)
2026-05-25 22:11:43.714 +02:00 [INF] Map "d5c08240-0436-454a-8993-362abf5bc477": window light drew 1/1 beam(s)
2026-05-25 22:11:43.764 +02:00 [INF] Map "d5c08240-0436-454a-8993-362abf5bc477": window light drew 1/1 beam(s)
2026-05-25 22:11:43.814 +02:00 [INF] Map "d5c08240-0436-454a-8993-362abf5bc477": window light drew 1/1 beam(s)
2026-05-25 22:11:43.863 +02:00 [INF] Map "d5c08240-0436-454a-8993-362abf5bc477": window light drew 1/1 beam(s)
2026-05-25 22:11:43.914 +02:00 [INF] Map "d5c08240-0436-454a-8993-362abf5bc477": window light drew 1/1 beam(s)
2026-05-25 22:11:43.965 +02:00 [INF] Map "d5c08240-0436-454a-8993-362abf5bc477": window light drew 1/1 beam(s)
2026-05-25 22:11:44.026 +02:00 [INF] Map "d5c08240-0436-454a-8993-362abf5bc477": window light drew 1/1 beam(s)
2026-05-25 22:11:44.075 +02:00 [INF] Map "d5c08240-0436-454a-8993-362abf5bc477": window light drew 1/1 beam(s)
2026-05-25 22:11:44.125 +02:00 [INF] Map "d5c08240-0436-454a-8993-362abf5bc477": window light drew 1/1 beam(s)
2026-05-25 22:11:44.175 +02:00 [INF] Map "d5c08240-0436-454a-8993-362abf5bc477": window light drew 1/1 beam(s)
2026-05-25 22:11:44.225 +02:00 [INF] Map "d5c08240-0436-454a-8993-362abf5bc477": window light drew 1/1 beam(s)
2026-05-25 22:11:44.275 +02:00 [INF] Map "d5c08240-0436-454a-8993-362abf5bc477": window light drew 1/1 beam(s)
2026-05-25 22:11:44.324 +02:00 [INF] Map "d5c08240-0436-454a-8993-362abf5bc477": window light drew 1/1 beam(s)
2026-05-25 22:11:44.374 +02:00 [INF] Map "d5c08240-0436-454a-8993-362abf5bc477": window light drew 1/1 beam(s)
2026-05-25 22:11:44.423 +02:00 [INF] Map "d5c08240-0436-454a-8993-362abf5bc477": window light drew 1/1 beam(s)
2026-05-25 22:11:44.485 +02:00 [INF] Map "d5c08240-0436-454a-8993-362abf5bc477": window light drew 1/1 beam(s)
2026-05-25 22:11:44.535 +02:00 [INF] Map "d5c08240-0436-454a-8993-362abf5bc477": window light drew 1/1 beam(s)
2026-05-25 22:11:44.585 +02:00 [INF] Map "d5c08240-0436-454a-8993-362abf5bc477": window light drew 1/1 beam(s)
2026-05-25 22:11:44.634 +02:00 [INF] Map "d5c08240-0436-454a-8993-362abf5bc477": window light drew 1/1 beam(s)
2026-05-25 22:11:44.684 +02:00 [INF] Map "d5c08240-0436-454a-8993-362abf5bc477": window light drew 1/1 beam(s)
2026-05-25 22:11:44.734 +02:00 [INF] Map "d5c08240-0436-454a-8993-362abf5bc477": window light drew 1/1 beam(s)
2026-05-25 22:11:44.784 +02:00 [INF] Map "d5c08240-0436-454a-8993-362abf5bc477": window light drew 1/1 beam(s)
2026-05-25 22:11:44.834 +02:00 [INF] Map "d5c08240-0436-454a-8993-362abf5bc477": window light drew 1/1 beam(s)
2026-05-25 22:11:44.897 +02:00 [INF] Map "d5c08240-0436-454a-8993-362abf5bc477": window light drew 1/1 beam(s)
2026-05-25 22:11:44.947 +02:00 [INF] Map "d5c08240-0436-454a-8993-362abf5bc477": window light drew 1/1 beam(s)
2026-05-25 22:11:44.996 +02:00 [INF] Map "d5c08240-0436-454a-8993-362abf5bc477": window light drew 1/1 beam(s)
2026-05-25 22:11:45.047 +02:00 [INF] Map "d5c08240-0436-454a-8993-362abf5bc477": window light drew 1/1 beam(s)
2026-05-25 22:11:45.096 +02:00 [INF] Map "d5c08240-0436-454a-8993-362abf5bc477": window light drew 1/1 beam(s)
2026-05-25 22:11:45.146 +02:00 [INF] Map "d5c08240-0436-454a-8993-362abf5bc477": window light drew 1/1 beam(s)
2026-05-25 22:11:45.196 +02:00 [INF] Map "d5c08240-0436-454a-8993-362abf5bc477": window light drew 1/1 beam(s)
2026-05-25 22:11:45.245 +02:00 [INF] Map "d5c08240-0436-454a-8993-362abf5bc477": window light drew 1/1 beam(s)
2026-05-25 22:11:45.295 +02:00 [INF] Map "d5c08240-0436-454a-8993-362abf5bc477": window light drew 1/1 beam(s)
2026-05-25 22:11:45.357 +02:00 [INF] Map "d5c08240-0436-454a-8993-362abf5bc477": window light drew 1/1 beam(s)
2026-05-25 22:11:45.408 +02:00 [INF] Map "d5c08240-0436-454a-8993-362abf5bc477": window light drew 1/1 beam(s)
2026-05-25 22:11:45.457 +02:00 [INF] Map "d5c08240-0436-454a-8993-362abf5bc477": window light drew 1/1 beam(s)
2026-05-25 22:11:45.506 +02:00 [INF] Map "d5c08240-0436-454a-8993-362abf5bc477": window light drew 1/1 beam(s)
2026-05-25 22:11:45.556 +02:00 [INF] Map "d5c08240-0436-454a-8993-362abf5bc477": window light drew 1/1 beam(s)
2026-05-25 22:11:45.605 +02:00 [INF] Map "d5c08240-0436-454a-8993-362abf5bc477": window light drew 1/1 beam(s)
2026-05-25 22:11:45.655 +02:00 [INF] Map "d5c08240-0436-454a-8993-362abf5bc477": window light drew 1/1 beam(s)
2026-05-25 22:11:45.705 +02:00 [INF] Map "d5c08240-0436-454a-8993-362abf5bc477": window light drew 1/1 beam(s)
2026-05-25 22:11:45.767 +02:00 [INF] Map "d5c08240-0436-454a-8993-362abf5bc477": window light drew 1/1 beam(s)
2026-05-25 22:11:45.817 +02:00 [INF] Map "d5c08240-0436-454a-8993-362abf5bc477": window light drew 1/1 beam(s)
2026-05-25 22:11:45.875 +02:00 [INF] Map "d5c08240-0436-454a-8993-362abf5bc477": window light drew 1/1 beam(s)
2026-05-25 22:11:45.924 +02:00 [INF] Map "d5c08240-0436-454a-8993-362abf5bc477": window light drew 1/1 beam(s)
2026-05-25 22:11:45.973 +02:00 [INF] Map "d5c08240-0436-454a-8993-362abf5bc477": window light drew 1/1 beam(s)
2026-05-25 22:11:46.023 +02:00 [INF] Map "d5c08240-0436-454a-8993-362abf5bc477": window light drew 1/1 beam(s)
2026-05-25 22:11:46.073 +02:00 [INF] Map "d5c08240-0436-454a-8993-362abf5bc477": window light drew 1/1 beam(s)
2026-05-25 22:11:46.123 +02:00 [INF] Map "d5c08240-0436-454a-8993-362abf5bc477": window light drew 1/1 beam(s)
2026-05-25 22:11:46.173 +02:00 [INF] Map "d5c08240-0436-454a-8993-362abf5bc477": window light drew 1/1 beam(s)
2026-05-25 22:11:46.235 +02:00 [INF] Map "d5c08240-0436-454a-8993-362abf5bc477": window light drew 1/1 beam(s)
2026-05-25 22:11:46.285 +02:00 [INF] Map "d5c08240-0436-454a-8993-362abf5bc477": window light drew 1/1 beam(s)
2026-05-25 22:11:46.334 +02:00 [INF] Map "d5c08240-0436-454a-8993-362abf5bc477": window light drew 1/1 beam(s)
2026-05-25 22:11:46.384 +02:00 [INF] Map "d5c08240-0436-454a-8993-362abf5bc477": window light drew 1/1 beam(s)
2026-05-25 22:11:46.434 +02:00 [INF] Map "d5c08240-0436-454a-8993-362abf5bc477": window light drew 1/1 beam(s)
2026-05-25 22:11:46.484 +02:00 [INF] Map "d5c08240-0436-454a-8993-362abf5bc477": window light drew 1/1 beam(s)
2026-05-25 22:11:46.534 +02:00 [INF] Map "d5c08240-0436-454a-8993-362abf5bc477": window light drew 1/1 beam(s)
2026-05-25 22:11:46.584 +02:00 [INF] Map "d5c08240-0436-454a-8993-362abf5bc477": window light drew 1/1 beam(s)
2026-05-25 22:11:46.648 +02:00 [INF] Map "d5c08240-0436-454a-8993-362abf5bc477": window light drew 1/1 beam(s)
2026-05-25 22:11:46.698 +02:00 [INF] Map "d5c08240-0436-454a-8993-362abf5bc477": window light drew 1/1 beam(s)
2026-05-25 22:11:46.748 +02:00 [INF] Map "d5c08240-0436-454a-8993-362abf5bc477": window light drew 1/1 beam(s)
2026-05-25 22:11:46.800 +02:00 [INF] Map "d5c08240-0436-454a-8993-362abf5bc477": window light drew 1/1 beam(s)
2026-05-25 22:11:46.851 +02:00 [INF] Map "d5c08240-0436-454a-8993-362abf5bc477": window light drew 1/1 beam(s)
2026-05-25 22:11:46.900 +02:00 [INF] Map "d5c08240-0436-454a-8993-362abf5bc477": window light drew 1/1 beam(s)
2026-05-25 22:11:46.950 +02:00 [INF] Map "d5c08240-0436-454a-8993-362abf5bc477": window light drew 1/1 beam(s)
2026-05-25 22:11:46.999 +02:00 [INF] Map "d5c08240-0436-454a-8993-362abf5bc477": window light drew 1/1 beam(s)
2026-05-25 22:11:47.050 +02:00 [INF] Map "d5c08240-0436-454a-8993-362abf5bc477": window light drew 1/1 beam(s)
2026-05-25 22:11:47.113 +02:00 [INF] Map "d5c08240-0436-454a-8993-362abf5bc477": window light drew 1/1 beam(s)
2026-05-25 22:11:47.163 +02:00 [INF] Map "d5c08240-0436-454a-8993-362abf5bc477": window light drew 1/1 beam(s)
2026-05-25 22:11:47.213 +02:00 [INF] Map "d5c08240-0436-454a-8993-362abf5bc477": window light drew 1/1 beam(s)
2026-05-25 22:11:47.263 +02:00 [INF] Map "d5c08240-0436-454a-8993-362abf5bc477": window light drew 1/1 beam(s)
2026-05-25 22:11:47.313 +02:00 [INF] Map "d5c08240-0436-454a-8993-362abf5bc477": window light drew 1/1 beam(s)
2026-05-25 22:11:47.363 +02:00 [INF] Map "d5c08240-0436-454a-8993-362abf5bc477": window light drew 1/1 beam(s)
2026-05-25 22:11:47.413 +02:00 [INF] Map "d5c08240-0436-454a-8993-362abf5bc477": window light drew 1/1 beam(s)
2026-05-25 22:11:47.463 +02:00 [INF] Map "d5c08240-0436-454a-8993-362abf5bc477": window light drew 1/1 beam(s)
2026-05-25 22:11:47.525 +02:00 [INF] Map "d5c08240-0436-454a-8993-362abf5bc477": window light drew 1/1 beam(s)
2026-05-25 22:11:47.577 +02:00 [INF] Map "d5c08240-0436-454a-8993-362abf5bc477": window light drew 1/1 beam(s)
2026-05-25 22:11:47.627 +02:00 [INF] Map "d5c08240-0436-454a-8993-362abf5bc477": window light drew 1/1 beam(s)
2026-05-25 22:11:47.676 +02:00 [INF] Map "d5c08240-0436-454a-8993-362abf5bc477": window light drew 1/1 beam(s)
2026-05-25 22:11:47.726 +02:00 [INF] Map "d5c08240-0436-454a-8993-362abf5bc477": window light drew 1/1 beam(s)
2026-05-25 22:11:47.776 +02:00 [INF] Map "d5c08240-0436-454a-8993-362abf5bc477": window light drew 1/1 beam(s)
2026-05-25 22:11:47.825 +02:00 [INF] Map "d5c08240-0436-454a-8993-362abf5bc477": window light drew 1/1 beam(s)
2026-05-25 22:11:47.875 +02:00 [INF] Map "d5c08240-0436-454a-8993-362abf5bc477": window light drew 1/1 beam(s)
2026-05-25 22:11:47.925 +02:00 [INF] Map "d5c08240-0436-454a-8993-362abf5bc477": window light drew 1/1 beam(s)
2026-05-25 22:11:47.988 +02:00 [INF] Map "d5c08240-0436-454a-8993-362abf5bc477": window light drew 1/1 beam(s)
2026-05-25 22:11:48.037 +02:00 [INF] Map "d5c08240-0436-454a-8993-362abf5bc477": window light drew 1/1 beam(s)
2026-05-25 22:11:48.087 +02:00 [INF] Map "d5c08240-0436-454a-8993-362abf5bc477": window light drew 1/1 beam(s)
2026-05-25 22:11:48.137 +02:00 [INF] Map "d5c08240-0436-454a-8993-362abf5bc477": window light drew 1/1 beam(s)
2026-05-25 22:11:48.187 +02:00 [INF] Map "d5c08240-0436-454a-8993-362abf5bc477": window light drew 1/1 beam(s)
2026-05-25 22:11:48.237 +02:00 [INF] Map "d5c08240-0436-454a-8993-362abf5bc477": window light drew 1/1 beam(s)
2026-05-25 22:11:48.287 +02:00 [INF] Map "d5c08240-0436-454a-8993-362abf5bc477": window light drew 1/1 beam(s)
2026-05-25 22:11:48.337 +02:00 [INF] Map "d5c08240-0436-454a-8993-362abf5bc477": window light drew 1/1 beam(s)
2026-05-25 22:11:48.400 +02:00 [INF] Map "d5c08240-0436-454a-8993-362abf5bc477": window light drew 1/1 beam(s)
2026-05-25 22:11:48.449 +02:00 [INF] Map "d5c08240-0436-454a-8993-362abf5bc477": window light drew 1/1 beam(s)
2026-05-25 22:11:48.499 +02:00 [INF] Map "d5c08240-0436-454a-8993-362abf5bc477": window light drew 1/1 beam(s)
2026-05-25 22:11:48.550 +02:00 [INF] Map "d5c08240-0436-454a-8993-362abf5bc477": window light drew 1/1 beam(s)
2026-05-25 22:11:48.607 +02:00 [INF] Map "d5c08240-0436-454a-8993-362abf5bc477": window light drew 1/1 beam(s)
2026-05-25 22:11:48.657 +02:00 [INF] Map "d5c08240-0436-454a-8993-362abf5bc477": window light drew 1/1 beam(s)
2026-05-25 22:11:48.707 +02:00 [INF] Map "d5c08240-0436-454a-8993-362abf5bc477": window light drew 1/1 beam(s)
2026-05-25 22:11:48.757 +02:00 [INF] Map "d5c08240-0436-454a-8993-362abf5bc477": window light drew 1/1 beam(s)
2026-05-25 22:11:48.807 +02:00 [INF] Map "d5c08240-0436-454a-8993-362abf5bc477": window light drew 1/1 beam(s)
2026-05-25 22:11:48.870 +02:00 [INF] Map "d5c08240-0436-454a-8993-362abf5bc477": window light drew 1/1 beam(s)
2026-05-25 22:11:48.920 +02:00 [INF] Map "d5c08240-0436-454a-8993-362abf5bc477": window light drew 1/1 beam(s)
2026-05-25 22:11:48.969 +02:00 [INF] Map "d5c08240-0436-454a-8993-362abf5bc477": window light drew 1/1 beam(s)
2026-05-25 22:11:49.019 +02:00 [INF] Map "d5c08240-0436-454a-8993-362abf5bc477": window light drew 1/1 beam(s)
2026-05-25 22:11:49.069 +02:00 [INF] Map "d5c08240-0436-454a-8993-362abf5bc477": window light drew 1/1 beam(s)
2026-05-25 22:11:49.118 +02:00 [INF] Map "d5c08240-0436-454a-8993-362abf5bc477": window light drew 1/1 beam(s)
2026-05-25 22:11:49.168 +02:00 [INF] Map "d5c08240-0436-454a-8993-362abf5bc477": window light drew 1/1 beam(s)
2026-05-25 22:11:49.218 +02:00 [INF] Map "d5c08240-0436-454a-8993-362abf5bc477": window light drew 1/1 beam(s)
2026-05-25 22:11:49.281 +02:00 [INF] Map "d5c08240-0436-454a-8993-362abf5bc477": window light drew 1/1 beam(s)
2026-05-25 22:11:49.331 +02:00 [INF] Map "d5c08240-0436-454a-8993-362abf5bc477": window light drew 1/1 beam(s)
2026-05-25 22:11:49.382 +02:00 [INF] Map "d5c08240-0436-454a-8993-362abf5bc477": window light drew 1/1 beam(s)
2026-05-25 22:11:49.431 +02:00 [INF] Map "d5c08240-0436-454a-8993-362abf5bc477": window light drew 1/1 beam(s)
2026-05-25 22:11:49.482 +02:00 [INF] Map "d5c08240-0436-454a-8993-362abf5bc477": window light drew 1/1 beam(s)
2026-05-25 22:11:49.531 +02:00 [INF] Map "d5c08240-0436-454a-8993-362abf5bc477": window light drew 1/1 beam(s)
2026-05-25 22:11:49.581 +02:00 [INF] Map "d5c08240-0436-454a-8993-362abf5bc477": window light drew 1/1 beam(s)
2026-05-25 22:11:49.631 +02:00 [INF] Map "d5c08240-0436-454a-8993-362abf5bc477": window light drew 1/1 beam(s)
2026-05-25 22:11:49.681 +02:00 [INF] Map "d5c08240-0436-454a-8993-362abf5bc477": window light drew 1/1 beam(s)
2026-05-25 22:11:49.744 +02:00 [INF] Map "d5c08240-0436-454a-8993-362abf5bc477": window light drew 1/1 beam(s)
2026-05-25 22:11:49.794 +02:00 [INF] Map "d5c08240-0436-454a-8993-362abf5bc477": window light drew 1/1 beam(s)
2026-05-25 22:11:49.843 +02:00 [INF] Map "d5c08240-0436-454a-8993-362abf5bc477": window light drew 1/1 beam(s)
2026-05-25 22:11:49.893 +02:00 [INF] Map "d5c08240-0436-454a-8993-362abf5bc477": window light drew 1/1 beam(s)
2026-05-25 22:11:49.954 +02:00 [INF] Map "d5c08240-0436-454a-8993-362abf5bc477": window light drew 1/1 beam(s)
2026-05-25 22:11:50.004 +02:00 [INF] Map "d5c08240-0436-454a-8993-362abf5bc477": window light drew 1/1 beam(s)
2026-05-25 22:11:50.054 +02:00 [INF] Map "d5c08240-0436-454a-8993-362abf5bc477": window light drew 1/1 beam(s)
2026-05-25 22:11:50.104 +02:00 [INF] Map "d5c08240-0436-454a-8993-362abf5bc477": window light drew 1/1 beam(s)
2026-05-25 22:11:50.166 +02:00 [INF] Map "d5c08240-0436-454a-8993-362abf5bc477": window light drew 1/1 beam(s)
2026-05-25 22:11:50.216 +02:00 [INF] Map "d5c08240-0436-454a-8993-362abf5bc477": window light drew 1/1 beam(s)
2026-05-25 22:11:50.265 +02:00 [INF] Map "d5c08240-0436-454a-8993-362abf5bc477": window light drew 1/1 beam(s)
2026-05-25 22:11:50.316 +02:00 [INF] Map "d5c08240-0436-454a-8993-362abf5bc477": window light drew 1/1 beam(s)
2026-05-25 22:11:50.366 +02:00 [INF] Map "d5c08240-0436-454a-8993-362abf5bc477": window light drew 1/1 beam(s)
2026-05-25 22:11:50.416 +02:00 [INF] Map "d5c08240-0436-454a-8993-362abf5bc477": window light drew 1/1 beam(s)
2026-05-25 22:11:50.465 +02:00 [INF] Map "d5c08240-0436-454a-8993-362abf5bc477": window light drew 1/1 beam(s)
2026-05-25 22:11:50.515 +02:00 [INF] Map "d5c08240-0436-454a-8993-362abf5bc477": window light drew 1/1 beam(s)
2026-05-25 22:11:50.564 +02:00 [INF] Map "d5c08240-0436-454a-8993-362abf5bc477": window light drew 1/1 beam(s)
2026-05-25 22:11:50.628 +02:00 [INF] Map "d5c08240-0436-454a-8993-362abf5bc477": window light drew 1/1 beam(s)
2026-05-25 22:11:50.677 +02:00 [INF] Map "d5c08240-0436-454a-8993-362abf5bc477": window light drew 1/1 beam(s)
2026-05-25 22:11:50.726 +02:00 [INF] Map "d5c08240-0436-454a-8993-362abf5bc477": window light drew 1/1 beam(s)
2026-05-25 22:11:50.776 +02:00 [INF] Map "d5c08240-0436-454a-8993-362abf5bc477": window light drew 1/1 beam(s)
2026-05-25 22:11:50.825 +02:00 [INF] Map "d5c08240-0436-454a-8993-362abf5bc477": window light drew 1/1 beam(s)
2026-05-25 22:11:50.875 +02:00 [INF] Map "d5c08240-0436-454a-8993-362abf5bc477": window light drew 1/1 beam(s)
2026-05-25 22:11:50.924 +02:00 [INF] Map "d5c08240-0436-454a-8993-362abf5bc477": window light drew 1/1 beam(s)
2026-05-25 22:11:50.974 +02:00 [INF] Map "d5c08240-0436-454a-8993-362abf5bc477": window light drew 1/1 beam(s)
2026-05-25 22:11:51.037 +02:00 [INF] Map "d5c08240-0436-454a-8993-362abf5bc477": window light drew 1/1 beam(s)
2026-05-25 22:11:51.086 +02:00 [INF] Map "d5c08240-0436-454a-8993-362abf5bc477": window light drew 1/1 beam(s)
2026-05-25 22:11:51.136 +02:00 [INF] Map "d5c08240-0436-454a-8993-362abf5bc477": window light drew 1/1 beam(s)
2026-05-25 22:11:51.187 +02:00 [INF] Map "d5c08240-0436-454a-8993-362abf5bc477": window light drew 1/1 beam(s)
2026-05-25 22:11:51.236 +02:00 [INF] Map "d5c08240-0436-454a-8993-362abf5bc477": window light drew 1/1 beam(s)
2026-05-25 22:11:51.286 +02:00 [INF] Map "d5c08240-0436-454a-8993-362abf5bc477": window light drew 1/1 beam(s)
2026-05-25 22:11:51.343 +02:00 [INF] Map "d5c08240-0436-454a-8993-362abf5bc477": window light drew 1/1 beam(s)
2026-05-25 22:11:51.393 +02:00 [INF] Map "d5c08240-0436-454a-8993-362abf5bc477": window light drew 1/1 beam(s)
2026-05-25 22:11:51.443 +02:00 [INF] Map "d5c08240-0436-454a-8993-362abf5bc477": window light drew 1/1 beam(s)
2026-05-25 22:11:51.505 +02:00 [INF] Map "d5c08240-0436-454a-8993-362abf5bc477": window light drew 1/1 beam(s)
2026-05-25 22:11:51.555 +02:00 [INF] Map "d5c08240-0436-454a-8993-362abf5bc477": window light drew 1/1 beam(s)
2026-05-25 22:11:51.604 +02:00 [INF] Map "d5c08240-0436-454a-8993-362abf5bc477": window light drew 1/1 beam(s)
2026-05-25 22:11:51.653 +02:00 [INF] Map "d5c08240-0436-454a-8993-362abf5bc477": window light drew 1/1 beam(s)
2026-05-25 22:11:51.703 +02:00 [INF] Map "d5c08240-0436-454a-8993-362abf5bc477": window light drew 1/1 beam(s)
2026-05-25 22:11:51.753 +02:00 [INF] Map "d5c08240-0436-454a-8993-362abf5bc477": window light drew 1/1 beam(s)
2026-05-25 22:11:51.802 +02:00 [INF] Map "d5c08240-0436-454a-8993-362abf5bc477": window light drew 1/1 beam(s)
2026-05-25 22:11:51.851 +02:00 [INF] Map "d5c08240-0436-454a-8993-362abf5bc477": window light drew 1/1 beam(s)
2026-05-25 22:11:51.914 +02:00 [INF] Map "d5c08240-0436-454a-8993-362abf5bc477": window light drew 1/1 beam(s)
2026-05-25 22:11:51.964 +02:00 [INF] Map "d5c08240-0436-454a-8993-362abf5bc477": window light drew 1/1 beam(s)
2026-05-25 22:11:52.014 +02:00 [INF] Map "d5c08240-0436-454a-8993-362abf5bc477": window light drew 1/1 beam(s)
2026-05-25 22:11:52.063 +02:00 [INF] Map "d5c08240-0436-454a-8993-362abf5bc477": window light drew 1/1 beam(s)
2026-05-25 22:11:52.112 +02:00 [INF] Map "d5c08240-0436-454a-8993-362abf5bc477": window light drew 1/1 beam(s)
2026-05-25 22:11:52.161 +02:00 [INF] Map "d5c08240-0436-454a-8993-362abf5bc477": window light drew 1/1 beam(s)
2026-05-25 22:11:52.211 +02:00 [INF] Map "d5c08240-0436-454a-8993-362abf5bc477": window light drew 1/1 beam(s)
2026-05-25 22:11:52.261 +02:00 [INF] Map "d5c08240-0436-454a-8993-362abf5bc477": window light drew 1/1 beam(s)
2026-05-25 22:11:52.310 +02:00 [INF] Map "d5c08240-0436-454a-8993-362abf5bc477": window light drew 1/1 beam(s)
2026-05-25 22:11:52.372 +02:00 [INF] Map "d5c08240-0436-454a-8993-362abf5bc477": window light drew 1/1 beam(s)
2026-05-25 22:11:52.421 +02:00 [INF] Map "d5c08240-0436-454a-8993-362abf5bc477": window light drew 1/1 beam(s)
2026-05-25 22:11:52.471 +02:00 [INF] Map "d5c08240-0436-454a-8993-362abf5bc477": window light drew 1/1 beam(s)
2026-05-25 22:11:52.520 +02:00 [INF] Map "d5c08240-0436-454a-8993-362abf5bc477": window light drew 1/1 beam(s)
2026-05-25 22:11:52.569 +02:00 [INF] Map "d5c08240-0436-454a-8993-362abf5bc477": window light drew 1/1 beam(s)
2026-05-25 22:11:52.618 +02:00 [INF] Map "d5c08240-0436-454a-8993-362abf5bc477": window light drew 1/1 beam(s)
2026-05-25 22:11:52.691 +02:00 [INF] Map "d5c08240-0436-454a-8993-362abf5bc477": window light drew 1/1 beam(s)
2026-05-25 22:11:52.740 +02:00 [INF] Map "d5c08240-0436-454a-8993-362abf5bc477": window light drew 1/1 beam(s)
2026-05-25 22:11:52.803 +02:00 [INF] Map "d5c08240-0436-454a-8993-362abf5bc477": window light drew 1/1 beam(s)
2026-05-25 22:11:52.853 +02:00 [INF] Map "d5c08240-0436-454a-8993-362abf5bc477": window light drew 1/1 beam(s)
2026-05-25 22:11:52.903 +02:00 [INF] Map "d5c08240-0436-454a-8993-362abf5bc477": window light drew 1/1 beam(s)
2026-05-25 22:11:52.953 +02:00 [INF] Map "d5c08240-0436-454a-8993-362abf5bc477": window light drew 1/1 beam(s)
2026-05-25 22:11:53.003 +02:00 [INF] Map "d5c08240-0436-454a-8993-362abf5bc477": window light drew 1/1 beam(s)
2026-05-25 22:11:53.053 +02:00 [INF] Map "d5c08240-0436-454a-8993-362abf5bc477": window light drew 1/1 beam(s)
2026-05-25 22:11:53.103 +02:00 [INF] Map "d5c08240-0436-454a-8993-362abf5bc477": window light drew 1/1 beam(s)
2026-05-25 22:11:53.153 +02:00 [INF] Map "d5c08240-0436-454a-8993-362abf5bc477": window light drew 1/1 beam(s)
2026-05-25 22:11:53.203 +02:00 [INF] Map "d5c08240-0436-454a-8993-362abf5bc477": window light drew 1/1 beam(s)
2026-05-25 22:11:53.266 +02:00 [INF] Map "d5c08240-0436-454a-8993-362abf5bc477": window light drew 1/1 beam(s)
2026-05-25 22:11:53.316 +02:00 [INF] Map "d5c08240-0436-454a-8993-362abf5bc477": window light drew 1/1 beam(s)
2026-05-25 22:11:53.366 +02:00 [INF] Map "d5c08240-0436-454a-8993-362abf5bc477": window light drew 1/1 beam(s)
2026-05-25 22:11:53.416 +02:00 [INF] Map "d5c08240-0436-454a-8993-362abf5bc477": window light drew 1/1 beam(s)
2026-05-25 22:11:53.466 +02:00 [INF] Map "d5c08240-0436-454a-8993-362abf5bc477": window light drew 1/1 beam(s)
2026-05-25 22:11:53.516 +02:00 [INF] Map "d5c08240-0436-454a-8993-362abf5bc477": window light drew 1/1 beam(s)
2026-05-25 22:11:53.565 +02:00 [INF] Map "d5c08240-0436-454a-8993-362abf5bc477": window light drew 1/1 beam(s)
2026-05-25 22:11:53.615 +02:00 [INF] Map "d5c08240-0436-454a-8993-362abf5bc477": window light drew 1/1 beam(s)
2026-05-25 22:11:53.678 +02:00 [INF] Map "d5c08240-0436-454a-8993-362abf5bc477": window light drew 1/1 beam(s)
2026-05-25 22:11:53.728 +02:00 [INF] Map "d5c08240-0436-454a-8993-362abf5bc477": window light drew 1/1 beam(s)
2026-05-25 22:11:53.778 +02:00 [INF] Map "d5c08240-0436-454a-8993-362abf5bc477": window light drew 1/1 beam(s)
2026-05-25 22:11:53.826 +02:00 [INF] Map "d5c08240-0436-454a-8993-362abf5bc477": window light drew 1/1 beam(s)
2026-05-25 22:11:53.876 +02:00 [INF] Map "d5c08240-0436-454a-8993-362abf5bc477": window light drew 1/1 beam(s)
2026-05-25 22:11:53.925 +02:00 [INF] Map "d5c08240-0436-454a-8993-362abf5bc477": window light drew 1/1 beam(s)
2026-05-25 22:11:53.974 +02:00 [INF] Map "d5c08240-0436-454a-8993-362abf5bc477": window light drew 1/1 beam(s)
2026-05-25 22:11:54.023 +02:00 [INF] Map "d5c08240-0436-454a-8993-362abf5bc477": window light drew 1/1 beam(s)
2026-05-25 22:11:54.073 +02:00 [INF] Map "d5c08240-0436-454a-8993-362abf5bc477": window light drew 1/1 beam(s)
2026-05-25 22:11:54.135 +02:00 [INF] Map "d5c08240-0436-454a-8993-362abf5bc477": window light drew 1/1 beam(s)
2026-05-25 22:11:54.184 +02:00 [INF] Map "d5c08240-0436-454a-8993-362abf5bc477": window light drew 1/1 beam(s)
2026-05-25 22:11:54.234 +02:00 [INF] Map "d5c08240-0436-454a-8993-362abf5bc477": window light drew 1/1 beam(s)
2026-05-25 22:11:54.283 +02:00 [INF] Map "d5c08240-0436-454a-8993-362abf5bc477": window light drew 1/1 beam(s)
2026-05-25 22:11:54.333 +02:00 [INF] Map "d5c08240-0436-454a-8993-362abf5bc477": window light drew 1/1 beam(s)
2026-05-25 22:11:54.382 +02:00 [INF] Map "d5c08240-0436-454a-8993-362abf5bc477": window light drew 1/1 beam(s)
2026-05-25 22:11:54.431 +02:00 [INF] Map "d5c08240-0436-454a-8993-362abf5bc477": window light drew 1/1 beam(s)
2026-05-25 22:11:54.481 +02:00 [INF] Map "d5c08240-0436-454a-8993-362abf5bc477": window light drew 1/1 beam(s)
2026-05-25 22:11:54.543 +02:00 [INF] Map "d5c08240-0436-454a-8993-362abf5bc477": window light drew 1/1 beam(s)
2026-05-25 22:11:54.592 +02:00 [INF] Map "d5c08240-0436-454a-8993-362abf5bc477": window light drew 1/1 beam(s)
2026-05-25 22:11:54.641 +02:00 [INF] Map "d5c08240-0436-454a-8993-362abf5bc477": window light drew 1/1 beam(s)
2026-05-25 22:11:54.690 +02:00 [INF] Map "d5c08240-0436-454a-8993-362abf5bc477": window light drew 1/1 beam(s)
2026-05-25 22:11:54.740 +02:00 [INF] Map "d5c08240-0436-454a-8993-362abf5bc477": window light drew 1/1 beam(s)
2026-05-25 22:11:54.790 +02:00 [INF] Map "d5c08240-0436-454a-8993-362abf5bc477": window light drew 1/1 beam(s)
2026-05-25 22:11:54.840 +02:00 [INF] Map "d5c08240-0436-454a-8993-362abf5bc477": window light drew 1/1 beam(s)
2026-05-25 22:11:54.889 +02:00 [INF] Map "d5c08240-0436-454a-8993-362abf5bc477": window light drew 1/1 beam(s)
2026-05-25 22:11:54.938 +02:00 [INF] Map "d5c08240-0436-454a-8993-362abf5bc477": window light drew 1/1 beam(s)
2026-05-25 22:11:55.000 +02:00 [INF] Map "d5c08240-0436-454a-8993-362abf5bc477": window light drew 1/1 beam(s)
2026-05-25 22:11:55.049 +02:00 [INF] Map "d5c08240-0436-454a-8993-362abf5bc477": window light drew 1/1 beam(s)
2026-05-25 22:11:55.098 +02:00 [INF] Map "d5c08240-0436-454a-8993-362abf5bc477": window light drew 1/1 beam(s)
2026-05-25 22:11:55.148 +02:00 [INF] Map "d5c08240-0436-454a-8993-362abf5bc477": window light drew 1/1 beam(s)
2026-05-25 22:11:55.198 +02:00 [INF] Map "d5c08240-0436-454a-8993-362abf5bc477": window light drew 1/1 beam(s)
2026-05-25 22:11:55.247 +02:00 [INF] Map "d5c08240-0436-454a-8993-362abf5bc477": window light drew 1/1 beam(s)
2026-05-25 22:11:55.297 +02:00 [INF] Map "d5c08240-0436-454a-8993-362abf5bc477": window light drew 1/1 beam(s)
2026-05-25 22:11:55.347 +02:00 [INF] Map "d5c08240-0436-454a-8993-362abf5bc477": window light drew 1/1 beam(s)
2026-05-25 22:11:55.427 +02:00 [INF] Map "d5c08240-0436-454a-8993-362abf5bc477": window light drew 1/1 beam(s)
2026-05-25 22:11:55.483 +02:00 [INF] Map "d5c08240-0436-454a-8993-362abf5bc477": window light drew 1/1 beam(s)
2026-05-25 22:11:55.537 +02:00 [INF] Map "d5c08240-0436-454a-8993-362abf5bc477": window light drew 1/1 beam(s)
2026-05-25 22:11:55.587 +02:00 [INF] Map "d5c08240-0436-454a-8993-362abf5bc477": window light drew 1/1 beam(s)
2026-05-25 22:11:55.638 +02:00 [INF] Map "d5c08240-0436-454a-8993-362abf5bc477": window light drew 1/1 beam(s)
2026-05-25 22:11:55.688 +02:00 [INF] Map "d5c08240-0436-454a-8993-362abf5bc477": window light drew 1/1 beam(s)
2026-05-25 22:11:55.738 +02:00 [INF] Map "d5c08240-0436-454a-8993-362abf5bc477": window light drew 1/1 beam(s)
2026-05-25 22:11:55.788 +02:00 [INF] Map "d5c08240-0436-454a-8993-362abf5bc477": window light drew 1/1 beam(s)
2026-05-25 22:11:55.838 +02:00 [INF] Map "d5c08240-0436-454a-8993-362abf5bc477": window light drew 1/1 beam(s)
2026-05-25 22:11:55.901 +02:00 [INF] Map "d5c08240-0436-454a-8993-362abf5bc477": window light drew 1/1 beam(s)
2026-05-25 22:11:55.952 +02:00 [INF] Map "d5c08240-0436-454a-8993-362abf5bc477": window light drew 1/1 beam(s)
2026-05-25 22:11:56.002 +02:00 [INF] Map "d5c08240-0436-454a-8993-362abf5bc477": window light drew 1/1 beam(s)
2026-05-25 22:11:56.052 +02:00 [INF] Map "d5c08240-0436-454a-8993-362abf5bc477": window light drew 1/1 beam(s)
2026-05-25 22:11:56.101 +02:00 [INF] Map "d5c08240-0436-454a-8993-362abf5bc477": window light drew 1/1 beam(s)
2026-05-25 22:11:56.151 +02:00 [INF] Map "d5c08240-0436-454a-8993-362abf5bc477": window light drew 1/1 beam(s)
2026-05-25 22:11:56.201 +02:00 [INF] Map "d5c08240-0436-454a-8993-362abf5bc477": window light drew 1/1 beam(s)
2026-05-25 22:11:56.251 +02:00 [INF] Map "d5c08240-0436-454a-8993-362abf5bc477": window light drew 1/1 beam(s)
2026-05-25 22:11:56.315 +02:00 [INF] Map "d5c08240-0436-454a-8993-362abf5bc477": window light drew 1/1 beam(s)
2026-05-25 22:11:56.365 +02:00 [INF] Map "d5c08240-0436-454a-8993-362abf5bc477": window light drew 1/1 beam(s)
2026-05-25 22:11:56.416 +02:00 [INF] Map "d5c08240-0436-454a-8993-362abf5bc477": window light drew 1/1 beam(s)
2026-05-25 22:11:56.465 +02:00 [INF] Map "d5c08240-0436-454a-8993-362abf5bc477": window light drew 1/1 beam(s)
2026-05-25 22:11:56.515 +02:00 [INF] Map "d5c08240-0436-454a-8993-362abf5bc477": window light drew 1/1 beam(s)
2026-05-25 22:11:56.566 +02:00 [INF] Map "d5c08240-0436-454a-8993-362abf5bc477": window light drew 1/1 beam(s)
2026-05-25 22:11:56.616 +02:00 [INF] Map "d5c08240-0436-454a-8993-362abf5bc477": window light drew 1/1 beam(s)
2026-05-25 22:11:56.666 +02:00 [INF] Map "d5c08240-0436-454a-8993-362abf5bc477": window light drew 1/1 beam(s)
2026-05-25 22:11:56.716 +02:00 [INF] Map "d5c08240-0436-454a-8993-362abf5bc477": window light drew 1/1 beam(s)
2026-05-25 22:11:56.794 +02:00 [INF] Map "d5c08240-0436-454a-8993-362abf5bc477": window light drew 1/1 beam(s)
2026-05-25 22:11:56.844 +02:00 [INF] Map "d5c08240-0436-454a-8993-362abf5bc477": window light drew 1/1 beam(s)
2026-05-25 22:11:56.894 +02:00 [INF] Map "d5c08240-0436-454a-8993-362abf5bc477": window light drew 1/1 beam(s)
2026-05-25 22:11:56.945 +02:00 [INF] Map "d5c08240-0436-454a-8993-362abf5bc477": window light drew 1/1 beam(s)
2026-05-25 22:11:56.995 +02:00 [INF] Map "d5c08240-0436-454a-8993-362abf5bc477": window light drew 1/1 beam(s)
2026-05-25 22:11:57.046 +02:00 [INF] Map "d5c08240-0436-454a-8993-362abf5bc477": window light drew 1/1 beam(s)
2026-05-25 22:11:57.096 +02:00 [INF] Map "d5c08240-0436-454a-8993-362abf5bc477": window light drew 1/1 beam(s)
2026-05-25 22:11:57.147 +02:00 [INF] Map "d5c08240-0436-454a-8993-362abf5bc477": window light drew 1/1 beam(s)
2026-05-25 22:11:57.210 +02:00 [INF] Map "d5c08240-0436-454a-8993-362abf5bc477": window light drew 1/1 beam(s)
2026-05-25 22:11:57.260 +02:00 [INF] Map "d5c08240-0436-454a-8993-362abf5bc477": window light drew 1/1 beam(s)
2026-05-25 22:11:57.310 +02:00 [INF] Map "d5c08240-0436-454a-8993-362abf5bc477": window light drew 1/1 beam(s)
2026-05-25 22:11:57.369 +02:00 [INF] Map "d5c08240-0436-454a-8993-362abf5bc477": window light drew 1/1 beam(s)
2026-05-25 22:11:57.419 +02:00 [INF] Map "d5c08240-0436-454a-8993-362abf5bc477": window light drew 1/1 beam(s)
2026-05-25 22:11:57.470 +02:00 [INF] Map "d5c08240-0436-454a-8993-362abf5bc477": window light drew 1/1 beam(s)
2026-05-25 22:11:57.520 +02:00 [INF] Map "d5c08240-0436-454a-8993-362abf5bc477": window light drew 1/1 beam(s)
2026-05-25 22:11:57.570 +02:00 [INF] Map "d5c08240-0436-454a-8993-362abf5bc477": window light drew 1/1 beam(s)
2026-05-25 22:11:57.620 +02:00 [INF] Map "d5c08240-0436-454a-8993-362abf5bc477": window light drew 1/1 beam(s)
2026-05-25 22:11:57.684 +02:00 [INF] Map "d5c08240-0436-454a-8993-362abf5bc477": window light drew 1/1 beam(s)
2026-05-25 22:11:57.734 +02:00 [INF] Map "d5c08240-0436-454a-8993-362abf5bc477": window light drew 1/1 beam(s)
2026-05-25 22:11:57.784 +02:00 [INF] Map "d5c08240-0436-454a-8993-362abf5bc477": window light drew 1/1 beam(s)
2026-05-25 22:11:57.835 +02:00 [INF] Map "d5c08240-0436-454a-8993-362abf5bc477": window light drew 1/1 beam(s)
2026-05-25 22:11:57.886 +02:00 [INF] Map "d5c08240-0436-454a-8993-362abf5bc477": window light drew 1/1 beam(s)
2026-05-25 22:11:57.936 +02:00 [INF] Map "d5c08240-0436-454a-8993-362abf5bc477": window light drew 1/1 beam(s)
2026-05-25 22:11:57.987 +02:00 [INF] Map "d5c08240-0436-454a-8993-362abf5bc477": window light drew 1/1 beam(s)
2026-05-25 22:11:58.037 +02:00 [INF] Map "d5c08240-0436-454a-8993-362abf5bc477": window light drew 1/1 beam(s)
2026-05-25 22:11:58.100 +02:00 [INF] Map "d5c08240-0436-454a-8993-362abf5bc477": window light drew 1/1 beam(s)
2026-05-25 22:11:58.150 +02:00 [INF] Map "d5c08240-0436-454a-8993-362abf5bc477": window light drew 1/1 beam(s)
2026-05-25 22:11:58.200 +02:00 [INF] Map "d5c08240-0436-454a-8993-362abf5bc477": window light drew 1/1 beam(s)
2026-05-25 22:11:58.252 +02:00 [INF] Map "d5c08240-0436-454a-8993-362abf5bc477": window light drew 1/1 beam(s)
2026-05-25 22:11:58.302 +02:00 [INF] Map "d5c08240-0436-454a-8993-362abf5bc477": window light drew 1/1 beam(s)
2026-05-25 22:11:58.352 +02:00 [INF] Map "d5c08240-0436-454a-8993-362abf5bc477": window light drew 1/1 beam(s)
2026-05-25 22:11:58.405 +02:00 [INF] Map "d5c08240-0436-454a-8993-362abf5bc477": window light drew 1/1 beam(s)
2026-05-25 22:11:58.455 +02:00 [INF] Map "d5c08240-0436-454a-8993-362abf5bc477": window light drew 1/1 beam(s)
2026-05-25 22:11:58.504 +02:00 [INF] Map "d5c08240-0436-454a-8993-362abf5bc477": window light drew 1/1 beam(s)
2026-05-25 22:11:58.567 +02:00 [INF] Map "d5c08240-0436-454a-8993-362abf5bc477": window light drew 1/1 beam(s)
2026-05-25 22:11:58.717 +02:00 [INF] Map "d5c08240-0436-454a-8993-362abf5bc477": window light drew 1/1 beam(s)
2026-05-25 22:11:58.747 +02:00 [INF] Map "d5c08240-0436-454a-8993-362abf5bc477": window light drew 1/1 beam(s)
2026-05-25 22:11:58.812 +02:00 [INF] Map "d5c08240-0436-454a-8993-362abf5bc477": window light drew 1/1 beam(s)
2026-05-25 22:11:58.842 +02:00 [INF] Map "d5c08240-0436-454a-8993-362abf5bc477": window light drew 1/1 beam(s)
2026-05-25 22:11:58.872 +02:00 [INF] Map "d5c08240-0436-454a-8993-362abf5bc477": window light drew 1/1 beam(s)
2026-05-25 22:11:58.915 +02:00 [INF] Map "d5c08240-0436-454a-8993-362abf5bc477": window light drew 1/1 beam(s)
2026-05-25 22:11:58.945 +02:00 [INF] Map "d5c08240-0436-454a-8993-362abf5bc477": window light drew 1/1 beam(s)
2026-05-25 22:11:58.975 +02:00 [INF] Map "d5c08240-0436-454a-8993-362abf5bc477": window light drew 1/1 beam(s)
2026-05-25 22:11:59.004 +02:00 [INF] Map "d5c08240-0436-454a-8993-362abf5bc477": window light drew 1/1 beam(s)
2026-05-25 22:11:59.035 +02:00 [INF] Map "d5c08240-0436-454a-8993-362abf5bc477": window light drew 1/1 beam(s)
2026-05-25 22:11:59.065 +02:00 [INF] Map "d5c08240-0436-454a-8993-362abf5bc477": window light drew 1/1 beam(s)
2026-05-25 22:11:59.095 +02:00 [INF] Map "d5c08240-0436-454a-8993-362abf5bc477": window light drew 1/1 beam(s)
2026-05-25 22:11:59.125 +02:00 [INF] Map "d5c08240-0436-454a-8993-362abf5bc477": window light drew 1/1 beam(s)
2026-05-25 22:11:59.155 +02:00 [INF] Map "d5c08240-0436-454a-8993-362abf5bc477": window light drew 1/1 beam(s)
2026-05-25 22:11:59.198 +02:00 [INF] Map "d5c08240-0436-454a-8993-362abf5bc477": window light drew 1/1 beam(s)
2026-05-25 22:11:59.229 +02:00 [INF] Map "d5c08240-0436-454a-8993-362abf5bc477": window light drew 1/1 beam(s)
2026-05-25 22:11:59.258 +02:00 [INF] Map "d5c08240-0436-454a-8993-362abf5bc477": window light drew 1/1 beam(s)
2026-05-25 22:11:59.287 +02:00 [INF] Map "d5c08240-0436-454a-8993-362abf5bc477": window light drew 1/1 beam(s)
2026-05-25 22:11:59.317 +02:00 [INF] Map "d5c08240-0436-454a-8993-362abf5bc477": window light drew 1/1 beam(s)
2026-05-25 22:11:59.347 +02:00 [INF] Map "d5c08240-0436-454a-8993-362abf5bc477": window light drew 1/1 beam(s)
2026-05-25 22:11:59.377 +02:00 [INF] Map "d5c08240-0436-454a-8993-362abf5bc477": window light drew 1/1 beam(s)
2026-05-25 22:11:59.427 +02:00 [INF] Map "d5c08240-0436-454a-8993-362abf5bc477": window light drew 1/1 beam(s)
2026-05-25 22:11:59.470 +02:00 [INF] Map "d5c08240-0436-454a-8993-362abf5bc477": window light drew 1/1 beam(s)
2026-05-25 22:11:59.543 +02:00 [INF] Map "d5c08240-0436-454a-8993-362abf5bc477": window light drew 1/1 beam(s)
2026-05-25 22:11:59.573 +02:00 [INF] Map "d5c08240-0436-454a-8993-362abf5bc477": window light drew 1/1 beam(s)
2026-05-25 22:11:59.603 +02:00 [INF] Map "d5c08240-0436-454a-8993-362abf5bc477": window light drew 1/1 beam(s)
2026-05-25 22:11:59.633 +02:00 [INF] Map "d5c08240-0436-454a-8993-362abf5bc477": window light drew 1/1 beam(s)
2026-05-25 22:11:59.664 +02:00 [INF] Map "d5c08240-0436-454a-8993-362abf5bc477": window light drew 1/1 beam(s)
2026-05-25 22:11:59.695 +02:00 [INF] Map "d5c08240-0436-454a-8993-362abf5bc477": window light drew 1/1 beam(s)
2026-05-25 22:11:59.725 +02:00 [INF] Map "d5c08240-0436-454a-8993-362abf5bc477": window light drew 1/1 beam(s)
2026-05-25 22:11:59.755 +02:00 [INF] Map "d5c08240-0436-454a-8993-362abf5bc477": window light drew 1/1 beam(s)
2026-05-25 22:11:59.877 +02:00 [INF] System window closing (due to user interaction most likely).
2026-05-25 22:11:59.880 +02:00 [INF] Disconnected [c6026382-b2aa-4b1a-a608-81cc74a30519].
2026-05-25 22:11:59.880 +02:00 [INF] Updating active permission set to 'default'
2026-05-25 22:11:59.913 +02:00 [INF] Acquiring context lock... (0ms)
2026-05-25 22:11:59.913 +02:00 [INF] Acquired. (0ms)
2026-05-25 22:11:59.914 +02:00 [INF] Beginning context dispose. (0ms)
2026-05-25 22:11:59.914 +02:00 [INF] GC.SuppressFinalize (0ms)
2026-05-25 22:11:59.914 +02:00 [INF] InternalDispose() completed. (0ms)
2026-05-25 22:11:59.914 +02:00 [INF] Clearing instance... (1ms)
2026-05-25 22:11:59.914 +02:00 [INF] Releasing context lock... (1ms)
2026-05-25 22:11:59.914 +02:00 [INF] Released. (1ms)
