2026-05-25 15:36:35.641 +02:00 [INF] Starting Intersect Client v0.8.0.0-custom+32d39132dace1351f63375b261f241297dd35be8-dirty
2026-05-25 15:36:35.857 +02:00 [INF] Discovered service type: Intersect.Plugins.PluginService
2026-05-25 15:36:35.860 +02:00 [WRN] Directory was specified as a plugin directory but does not exist: 'resources\plugins'
2026-05-25 15:36:35.861 +02:00 [INF] Discovered 0 plugins:

2026-05-25 15:36:39.575 +02:00 [INF] Connecting to 127.0.0.1:5400...
2026-05-25 15:36:39.584 +02:00 [INF] Connected [26cb2de3-1207-49d4-bb76-3b764e5c8a96].
2026-05-25 15:36:39.601 +02:00 [INF] Connection approved [26cb2de3-1207-49d4-bb76-3b764e5c8a96].
2026-05-25 15:36:39.690 +02:00 [INF] Updated PermissionSet 'default'
2026-05-25 15:36:39.690 +02:00 [INF] Updated PermissionSet 'admin'
2026-05-25 15:36:46.084 +02:00 [INF] Updating active permission set to 'admin'
2026-05-25 15:36:46.912 +02:00 [WRN] 'Me' is null.
2026-05-25 15:36:47.363 +02:00 [INF] Map "d5c08240-0436-454a-8993-362abf5bc477" 'New Map' loaded with 1 window light zone(s)
2026-05-25 15:36:47.531 +02:00 [INF] BuildWindowLightBeams() map "d5c08240-0436-454a-8993-362abf5bc477": WindowLightZones=1
2026-05-25 15:36:47.536 +02:00 [INF] BuildWindowLightBeams() map "d5c08240-0436-454a-8993-362abf5bc477": created 1 beam(s) from 1 zone(s)
2026-05-25 15:36:47.536 +02:00 [INF] Built VBO for map d5c08240-0436-454a-8993-362abf5bc477 'New Map' in 18.808ms
2026-05-25 15:36:47.934 +02:00 [INF] Map "d5c08240-0436-454a-8993-362abf5bc477": window light drew 1/1 beam(s)
2026-05-25 15:36:47.993 +02:00 [INF] Map "d5c08240-0436-454a-8993-362abf5bc477": window light drew 1/1 beam(s)
2026-05-25 15:36:48.022 +02:00 [INF] Map "d5c08240-0436-454a-8993-362abf5bc477": window light drew 1/1 beam(s)
2026-05-25 15:36:48.049 +02:00 [INF] Map "d5c08240-0436-454a-8993-362abf5bc477": window light drew 1/1 beam(s)
2026-05-25 15:36:48.077 +02:00 [INF] Map "d5c08240-0436-454a-8993-362abf5bc477": window light drew 1/1 beam(s)
2026-05-25 15:36:48.105 +02:00 [INF] Map "d5c08240-0436-454a-8993-362abf5bc477": window light drew 1/1 beam(s)
2026-05-25 15:36:48.132 +02:00 [INF] Map "d5c08240-0436-454a-8993-362abf5bc477": window light drew 1/1 beam(s)
2026-05-25 15:36:48.160 +02:00 [INF] Map "d5c08240-0436-454a-8993-362abf5bc477": window light drew 1/1 beam(s)
2026-05-25 15:36:48.200 +02:00 [INF] Map "d5c08240-0436-454a-8993-362abf5bc477": window light drew 1/1 beam(s)
2026-05-25 15:36:48.228 +02:00 [INF] Map "d5c08240-0436-454a-8993-362abf5bc477": window light drew 1/1 beam(s)
2026-05-25 15:36:48.255 +02:00 [INF] Map "d5c08240-0436-454a-8993-362abf5bc477": window light drew 1/1 beam(s)
2026-05-25 15:36:48.282 +02:00 [INF] Map "d5c08240-0436-454a-8993-362abf5bc477": window light drew 1/1 beam(s)
2026-05-25 15:36:48.310 +02:00 [INF] Map "d5c08240-0436-454a-8993-362abf5bc477": window light drew 1/1 beam(s)
2026-05-25 15:36:48.337 +02:00 [INF] Map "d5c08240-0436-454a-8993-362abf5bc477": window light drew 1/1 beam(s)
2026-05-25 15:36:48.364 +02:00 [INF] Map "d5c08240-0436-454a-8993-362abf5bc477": window light drew 1/1 beam(s)
2026-05-25 15:36:48.393 +02:00 [INF] Map "d5c08240-0436-454a-8993-362abf5bc477": window light drew 1/1 beam(s)
2026-05-25 15:36:48.433 +02:00 [INF] Map "d5c08240-0436-454a-8993-362abf5bc477": window light drew 1/1 beam(s)
2026-05-25 15:36:48.462 +02:00 [INF] Map "d5c08240-0436-454a-8993-362abf5bc477": window light drew 1/1 beam(s)
2026-05-25 15:36:48.491 +02:00 [INF] Map "d5c08240-0436-454a-8993-362abf5bc477": window light drew 1/1 beam(s)
2026-05-25 15:36:48.518 +02:00 [INF] Map "d5c08240-0436-454a-8993-362abf5bc477": window light drew 1/1 beam(s)
2026-05-25 15:36:48.546 +02:00 [INF] Map "d5c08240-0436-454a-8993-362abf5bc477": window light drew 1/1 beam(s)
2026-05-25 15:36:48.574 +02:00 [INF] Map "d5c08240-0436-454a-8993-362abf5bc477": window light drew 1/1 beam(s)
2026-05-25 15:36:48.601 +02:00 [INF] Map "d5c08240-0436-454a-8993-362abf5bc477": window light drew 1/1 beam(s)
2026-05-25 15:36:48.629 +02:00 [INF] Map "d5c08240-0436-454a-8993-362abf5bc477": window light drew 1/1 beam(s)
2026-05-25 15:36:48.670 +02:00 [INF] Map "d5c08240-0436-454a-8993-362abf5bc477": window light drew 1/1 beam(s)
2026-05-25 15:36:48.696 +02:00 [INF] Map "d5c08240-0436-454a-8993-362abf5bc477": window light drew 1/1 beam(s)
2026-05-25 15:36:48.721 +02:00 [INF] Map "d5c08240-0436-454a-8993-362abf5bc477": window light drew 1/1 beam(s)
2026-05-25 15:36:48.746 +02:00 [INF] Map "d5c08240-0436-454a-8993-362abf5bc477": window light drew 1/1 beam(s)
2026-05-25 15:36:48.772 +02:00 [INF] Map "d5c08240-0436-454a-8993-362abf5bc477": window light drew 1/1 beam(s)
2026-05-25 15:36:48.798 +02:00 [INF] Map "d5c08240-0436-454a-8993-362abf5bc477": window light drew 1/1 beam(s)
2026-05-25 15:36:48.824 +02:00 [INF] Map "d5c08240-0436-454a-8993-362abf5bc477": window light drew 1/1 beam(s)
2026-05-25 15:36:48.851 +02:00 [INF] Map "d5c08240-0436-454a-8993-362abf5bc477": window light drew 1/1 beam(s)
2026-05-25 15:36:48.890 +02:00 [INF] Map "d5c08240-0436-454a-8993-362abf5bc477": window light drew 1/1 beam(s)
2026-05-25 15:36:48.916 +02:00 [INF] Map "d5c08240-0436-454a-8993-362abf5bc477": window light drew 1/1 beam(s)
2026-05-25 15:36:48.941 +02:00 [INF] Map "d5c08240-0436-454a-8993-362abf5bc477": window light drew 1/1 beam(s)
2026-05-25 15:36:48.966 +02:00 [INF] Map "d5c08240-0436-454a-8993-362abf5bc477": window light drew 1/1 beam(s)
2026-05-25 15:36:48.992 +02:00 [INF] Map "d5c08240-0436-454a-8993-362abf5bc477": window light drew 1/1 beam(s)
2026-05-25 15:36:49.018 +02:00 [INF] Map "d5c08240-0436-454a-8993-362abf5bc477": window light drew 1/1 beam(s)
2026-05-25 15:36:49.043 +02:00 [INF] Map "d5c08240-0436-454a-8993-362abf5bc477": window light drew 1/1 beam(s)
2026-05-25 15:36:49.069 +02:00 [INF] Map "d5c08240-0436-454a-8993-362abf5bc477": window light drew 1/1 beam(s)
2026-05-25 15:36:49.107 +02:00 [INF] Map "d5c08240-0436-454a-8993-362abf5bc477": window light drew 1/1 beam(s)
2026-05-25 15:36:49.132 +02:00 [INF] Map "d5c08240-0436-454a-8993-362abf5bc477": window light drew 1/1 beam(s)
2026-05-25 15:36:49.158 +02:00 [INF] Map "d5c08240-0436-454a-8993-362abf5bc477": window light drew 1/1 beam(s)
2026-05-25 15:36:49.183 +02:00 [INF] Map "d5c08240-0436-454a-8993-362abf5bc477": window light drew 1/1 beam(s)
2026-05-25 15:36:49.208 +02:00 [INF] Map "d5c08240-0436-454a-8993-362abf5bc477": window light drew 1/1 beam(s)
2026-05-25 15:36:49.233 +02:00 [INF] Map "d5c08240-0436-454a-8993-362abf5bc477": window light drew 1/1 beam(s)
2026-05-25 15:36:49.259 +02:00 [INF] Map "d5c08240-0436-454a-8993-362abf5bc477": window light drew 1/1 beam(s)
2026-05-25 15:36:49.958 +02:00 [INF] Map "d5c08240-0436-454a-8993-362abf5bc477": window light drew 1/1 beam(s)
2026-05-25 15:36:49.996 +02:00 [INF] Map "d5c08240-0436-454a-8993-362abf5bc477": window light drew 1/1 beam(s)
2026-05-25 15:36:50.021 +02:00 [INF] Map "d5c08240-0436-454a-8993-362abf5bc477": window light drew 1/1 beam(s)
2026-05-25 15:36:50.047 +02:00 [INF] Map "d5c08240-0436-454a-8993-362abf5bc477": window light drew 1/1 beam(s)
2026-05-25 15:36:50.072 +02:00 [INF] Map "d5c08240-0436-454a-8993-362abf5bc477": window light drew 1/1 beam(s)
2026-05-25 15:36:50.097 +02:00 [INF] Map "d5c08240-0436-454a-8993-362abf5bc477": window light drew 1/1 beam(s)
2026-05-25 15:36:50.123 +02:00 [INF] Map "d5c08240-0436-454a-8993-362abf5bc477": window light drew 1/1 beam(s)
2026-05-25 15:36:50.148 +02:00 [INF] Map "d5c08240-0436-454a-8993-362abf5bc477": window light drew 1/1 beam(s)
2026-05-25 15:36:50.174 +02:00 [INF] Map "d5c08240-0436-454a-8993-362abf5bc477": window light drew 1/1 beam(s)
2026-05-25 15:36:50.213 +02:00 [INF] Map "d5c08240-0436-454a-8993-362abf5bc477": window light drew 1/1 beam(s)
2026-05-25 15:36:50.240 +02:00 [INF] Map "d5c08240-0436-454a-8993-362abf5bc477": window light drew 1/1 beam(s)
2026-05-25 15:36:50.265 +02:00 [INF] Map "d5c08240-0436-454a-8993-362abf5bc477": window light drew 1/1 beam(s)
2026-05-25 15:36:50.291 +02:00 [INF] Map "d5c08240-0436-454a-8993-362abf5bc477": window light drew 1/1 beam(s)
2026-05-25 15:36:50.321 +02:00 [INF] Map "d5c08240-0436-454a-8993-362abf5bc477": window light drew 1/1 beam(s)
2026-05-25 15:36:50.346 +02:00 [INF] Map "d5c08240-0436-454a-8993-362abf5bc477": window light drew 1/1 beam(s)
2026-05-25 15:36:50.372 +02:00 [INF] Map "d5c08240-0436-454a-8993-362abf5bc477": window light drew 1/1 beam(s)
2026-05-25 15:36:50.397 +02:00 [INF] Map "d5c08240-0436-454a-8993-362abf5bc477": window light drew 1/1 beam(s)
2026-05-25 15:36:50.435 +02:00 [INF] Map "d5c08240-0436-454a-8993-362abf5bc477": window light drew 1/1 beam(s)
2026-05-25 15:36:50.460 +02:00 [INF] Map "d5c08240-0436-454a-8993-362abf5bc477": window light drew 1/1 beam(s)
2026-05-25 15:36:50.486 +02:00 [INF] Map "d5c08240-0436-454a-8993-362abf5bc477": window light drew 1/1 beam(s)
2026-05-25 15:36:50.512 +02:00 [INF] Map "d5c08240-0436-454a-8993-362abf5bc477": window light drew 1/1 beam(s)
2026-05-25 15:36:50.537 +02:00 [INF] Map "d5c08240-0436-454a-8993-362abf5bc477": window light drew 1/1 beam(s)
2026-05-25 15:36:50.562 +02:00 [INF] Map "d5c08240-0436-454a-8993-362abf5bc477": window light drew 1/1 beam(s)
2026-05-25 15:36:50.588 +02:00 [INF] Map "d5c08240-0436-454a-8993-362abf5bc477": window light drew 1/1 beam(s)
2026-05-25 15:36:50.613 +02:00 [INF] Map "d5c08240-0436-454a-8993-362abf5bc477": window light drew 1/1 beam(s)
2026-05-25 15:36:50.651 +02:00 [INF] Map "d5c08240-0436-454a-8993-362abf5bc477": window light drew 1/1 beam(s)
2026-05-25 15:36:50.677 +02:00 [INF] Map "d5c08240-0436-454a-8993-362abf5bc477": window light drew 1/1 beam(s)
2026-05-25 15:36:50.704 +02:00 [INF] Map "d5c08240-0436-454a-8993-362abf5bc477": window light drew 1/1 beam(s)
2026-05-25 15:36:50.729 +02:00 [INF] Map "d5c08240-0436-454a-8993-362abf5bc477": window light drew 1/1 beam(s)
2026-05-25 15:36:50.754 +02:00 [INF] Map "d5c08240-0436-454a-8993-362abf5bc477": window light drew 1/1 beam(s)
2026-05-25 15:36:50.779 +02:00 [INF] Map "d5c08240-0436-454a-8993-362abf5bc477": window light drew 1/1 beam(s)
2026-05-25 15:36:50.804 +02:00 [INF] Map "d5c08240-0436-454a-8993-362abf5bc477": window light drew 1/1 beam(s)
2026-05-25 15:36:50.830 +02:00 [INF] Map "d5c08240-0436-454a-8993-362abf5bc477": window light drew 1/1 beam(s)
2026-05-25 15:36:50.855 +02:00 [INF] Map "d5c08240-0436-454a-8993-362abf5bc477": window light drew 1/1 beam(s)
2026-05-25 15:36:50.894 +02:00 [INF] Map "d5c08240-0436-454a-8993-362abf5bc477": window light drew 1/1 beam(s)
2026-05-25 15:36:50.919 +02:00 [INF] Map "d5c08240-0436-454a-8993-362abf5bc477": window light drew 1/1 beam(s)
2026-05-25 15:36:50.944 +02:00 [INF] Map "d5c08240-0436-454a-8993-362abf5bc477": window light drew 1/1 beam(s)
2026-05-25 15:36:50.970 +02:00 [INF] Map "d5c08240-0436-454a-8993-362abf5bc477": window light drew 1/1 beam(s)
2026-05-25 15:36:50.996 +02:00 [INF] Map "d5c08240-0436-454a-8993-362abf5bc477": window light drew 1/1 beam(s)
2026-05-25 15:36:51.021 +02:00 [INF] Map "d5c08240-0436-454a-8993-362abf5bc477": window light drew 1/1 beam(s)
2026-05-25 15:36:51.047 +02:00 [INF] Map "d5c08240-0436-454a-8993-362abf5bc477": window light drew 1/1 beam(s)
2026-05-25 15:36:51.073 +02:00 [INF] Map "d5c08240-0436-454a-8993-362abf5bc477": window light drew 1/1 beam(s)
2026-05-25 15:36:51.098 +02:00 [INF] Map "d5c08240-0436-454a-8993-362abf5bc477": window light drew 1/1 beam(s)
2026-05-25 15:36:51.137 +02:00 [INF] Map "d5c08240-0436-454a-8993-362abf5bc477": window light drew 1/1 beam(s)
2026-05-25 15:36:51.164 +02:00 [INF] Map "d5c08240-0436-454a-8993-362abf5bc477": window light drew 1/1 beam(s)
2026-05-25 15:36:51.189 +02:00 [INF] Map "d5c08240-0436-454a-8993-362abf5bc477": window light drew 1/1 beam(s)
2026-05-25 15:36:51.214 +02:00 [INF] Map "d5c08240-0436-454a-8993-362abf5bc477": window light drew 1/1 beam(s)
2026-05-25 15:36:51.239 +02:00 [INF] Map "d5c08240-0436-454a-8993-362abf5bc477": window light drew 1/1 beam(s)
2026-05-25 15:36:51.265 +02:00 [INF] Map "d5c08240-0436-454a-8993-362abf5bc477": window light drew 1/1 beam(s)
2026-05-25 15:36:51.290 +02:00 [INF] Map "d5c08240-0436-454a-8993-362abf5bc477": window light drew 1/1 beam(s)
2026-05-25 15:36:51.316 +02:00 [INF] Map "d5c08240-0436-454a-8993-362abf5bc477": window light drew 1/1 beam(s)
2026-05-25 15:36:51.343 +02:00 [INF] Map "d5c08240-0436-454a-8993-362abf5bc477": window light drew 1/1 beam(s)
2026-05-25 15:36:51.381 +02:00 [INF] Map "d5c08240-0436-454a-8993-362abf5bc477": window light drew 1/1 beam(s)
2026-05-25 15:36:51.406 +02:00 [INF] Map "d5c08240-0436-454a-8993-362abf5bc477": window light drew 1/1 beam(s)
2026-05-25 15:36:51.431 +02:00 [INF] Map "d5c08240-0436-454a-8993-362abf5bc477": window light drew 1/1 beam(s)
2026-05-25 15:36:51.456 +02:00 [INF] Map "d5c08240-0436-454a-8993-362abf5bc477": window light drew 1/1 beam(s)
2026-05-25 15:36:51.482 +02:00 [INF] Map "d5c08240-0436-454a-8993-362abf5bc477": window light drew 1/1 beam(s)
2026-05-25 15:36:51.507 +02:00 [INF] Map "d5c08240-0436-454a-8993-362abf5bc477": window light drew 1/1 beam(s)
2026-05-25 15:36:51.533 +02:00 [INF] Map "d5c08240-0436-454a-8993-362abf5bc477": window light drew 1/1 beam(s)
2026-05-25 15:36:51.560 +02:00 [INF] Map "d5c08240-0436-454a-8993-362abf5bc477": window light drew 1/1 beam(s)
2026-05-25 15:36:51.585 +02:00 [INF] Map "d5c08240-0436-454a-8993-362abf5bc477": window light drew 1/1 beam(s)
2026-05-25 15:36:51.623 +02:00 [INF] Map "d5c08240-0436-454a-8993-362abf5bc477": window light drew 1/1 beam(s)
2026-05-25 15:36:51.650 +02:00 [INF] Map "d5c08240-0436-454a-8993-362abf5bc477": window light drew 1/1 beam(s)
2026-05-25 15:36:51.675 +02:00 [INF] Map "d5c08240-0436-454a-8993-362abf5bc477": window light drew 1/1 beam(s)
2026-05-25 15:36:51.700 +02:00 [INF] Map "d5c08240-0436-454a-8993-362abf5bc477": window light drew 1/1 beam(s)
2026-05-25 15:36:51.724 +02:00 [INF] Map "d5c08240-0436-454a-8993-362abf5bc477": window light drew 1/1 beam(s)
2026-05-25 15:36:51.750 +02:00 [INF] Map "d5c08240-0436-454a-8993-362abf5bc477": window light drew 1/1 beam(s)
2026-05-25 15:36:51.774 +02:00 [INF] Map "d5c08240-0436-454a-8993-362abf5bc477": window light drew 1/1 beam(s)
2026-05-25 15:36:51.800 +02:00 [INF] Map "d5c08240-0436-454a-8993-362abf5bc477": window light drew 1/1 beam(s)
2026-05-25 15:36:51.825 +02:00 [INF] Map "d5c08240-0436-454a-8993-362abf5bc477": window light drew 1/1 beam(s)
2026-05-25 15:36:51.863 +02:00 [INF] Map "d5c08240-0436-454a-8993-362abf5bc477": window light drew 1/1 beam(s)
2026-05-25 15:36:51.888 +02:00 [INF] Map "d5c08240-0436-454a-8993-362abf5bc477": window light drew 1/1 beam(s)
2026-05-25 15:36:51.914 +02:00 [INF] Map "d5c08240-0436-454a-8993-362abf5bc477": window light drew 1/1 beam(s)
2026-05-25 15:36:51.939 +02:00 [INF] Map "d5c08240-0436-454a-8993-362abf5bc477": window light drew 1/1 beam(s)
2026-05-25 15:36:51.964 +02:00 [INF] Map "d5c08240-0436-454a-8993-362abf5bc477": window light drew 1/1 beam(s)
2026-05-25 15:36:51.990 +02:00 [INF] Map "d5c08240-0436-454a-8993-362abf5bc477": window light drew 1/1 beam(s)
2026-05-25 15:36:52.016 +02:00 [INF] Map "d5c08240-0436-454a-8993-362abf5bc477": window light drew 1/1 beam(s)
2026-05-25 15:36:52.042 +02:00 [INF] Map "d5c08240-0436-454a-8993-362abf5bc477": window light drew 1/1 beam(s)
2026-05-25 15:36:52.068 +02:00 [INF] Map "d5c08240-0436-454a-8993-362abf5bc477": window light drew 1/1 beam(s)
2026-05-25 15:36:52.105 +02:00 [INF] Map "d5c08240-0436-454a-8993-362abf5bc477": window light drew 1/1 beam(s)
2026-05-25 15:36:52.130 +02:00 [INF] Map "d5c08240-0436-454a-8993-362abf5bc477": window light drew 1/1 beam(s)
2026-05-25 15:36:52.155 +02:00 [INF] Map "d5c08240-0436-454a-8993-362abf5bc477": window light drew 1/1 beam(s)
2026-05-25 15:36:52.180 +02:00 [INF] Map "d5c08240-0436-454a-8993-362abf5bc477": window light drew 1/1 beam(s)
2026-05-25 15:36:52.205 +02:00 [INF] Map "d5c08240-0436-454a-8993-362abf5bc477": window light drew 1/1 beam(s)
2026-05-25 15:36:52.231 +02:00 [INF] Map "d5c08240-0436-454a-8993-362abf5bc477": window light drew 1/1 beam(s)
2026-05-25 15:36:52.256 +02:00 [INF] Map "d5c08240-0436-454a-8993-362abf5bc477": window light drew 1/1 beam(s)
2026-05-25 15:36:52.281 +02:00 [INF] Map "d5c08240-0436-454a-8993-362abf5bc477": window light drew 1/1 beam(s)
2026-05-25 15:36:52.307 +02:00 [INF] Map "d5c08240-0436-454a-8993-362abf5bc477": window light drew 1/1 beam(s)
2026-05-25 15:36:52.344 +02:00 [INF] Map "d5c08240-0436-454a-8993-362abf5bc477": window light drew 1/1 beam(s)
2026-05-25 15:36:52.369 +02:00 [INF] Map "d5c08240-0436-454a-8993-362abf5bc477": window light drew 1/1 beam(s)
2026-05-25 15:36:52.395 +02:00 [INF] Map "d5c08240-0436-454a-8993-362abf5bc477": window light drew 1/1 beam(s)
2026-05-25 15:36:52.420 +02:00 [INF] Map "d5c08240-0436-454a-8993-362abf5bc477": window light drew 1/1 beam(s)
2026-05-25 15:36:52.446 +02:00 [INF] Map "d5c08240-0436-454a-8993-362abf5bc477": window light drew 1/1 beam(s)
2026-05-25 15:36:52.471 +02:00 [INF] Map "d5c08240-0436-454a-8993-362abf5bc477": window light drew 1/1 beam(s)
2026-05-25 15:36:52.497 +02:00 [INF] Map "d5c08240-0436-454a-8993-362abf5bc477": window light drew 1/1 beam(s)
2026-05-25 15:36:52.522 +02:00 [INF] Map "d5c08240-0436-454a-8993-362abf5bc477": window light drew 1/1 beam(s)
2026-05-25 15:36:52.547 +02:00 [INF] Map "d5c08240-0436-454a-8993-362abf5bc477": window light drew 1/1 beam(s)
2026-05-25 15:36:52.585 +02:00 [INF] Map "d5c08240-0436-454a-8993-362abf5bc477": window light drew 1/1 beam(s)
2026-05-25 15:36:52.611 +02:00 [INF] Map "d5c08240-0436-454a-8993-362abf5bc477": window light drew 1/1 beam(s)
2026-05-25 15:36:52.637 +02:00 [INF] Map "d5c08240-0436-454a-8993-362abf5bc477": window light drew 1/1 beam(s)
2026-05-25 15:36:52.662 +02:00 [INF] Map "d5c08240-0436-454a-8993-362abf5bc477": window light drew 1/1 beam(s)
2026-05-25 15:36:52.688 +02:00 [INF] Map "d5c08240-0436-454a-8993-362abf5bc477": window light drew 1/1 beam(s)
2026-05-25 15:36:52.714 +02:00 [INF] Map "d5c08240-0436-454a-8993-362abf5bc477": window light drew 1/1 beam(s)
2026-05-25 15:36:52.739 +02:00 [INF] Map "d5c08240-0436-454a-8993-362abf5bc477": window light drew 1/1 beam(s)
2026-05-25 15:36:52.764 +02:00 [INF] Map "d5c08240-0436-454a-8993-362abf5bc477": window light drew 1/1 beam(s)
2026-05-25 15:36:52.789 +02:00 [INF] Map "d5c08240-0436-454a-8993-362abf5bc477": window light drew 1/1 beam(s)
2026-05-25 15:36:52.827 +02:00 [INF] Map "d5c08240-0436-454a-8993-362abf5bc477": window light drew 1/1 beam(s)
2026-05-25 15:36:52.853 +02:00 [INF] Map "d5c08240-0436-454a-8993-362abf5bc477": window light drew 1/1 beam(s)
2026-05-25 15:36:52.878 +02:00 [INF] Map "d5c08240-0436-454a-8993-362abf5bc477": window light drew 1/1 beam(s)
2026-05-25 15:36:53.339 +02:00 [INF] Map "d5c08240-0436-454a-8993-362abf5bc477": window light drew 1/1 beam(s)
2026-05-25 15:36:53.364 +02:00 [INF] Map "d5c08240-0436-454a-8993-362abf5bc477": window light drew 1/1 beam(s)
2026-05-25 15:36:53.389 +02:00 [INF] Map "d5c08240-0436-454a-8993-362abf5bc477": window light drew 1/1 beam(s)
2026-05-25 15:36:53.415 +02:00 [INF] Map "d5c08240-0436-454a-8993-362abf5bc477": window light drew 1/1 beam(s)
2026-05-25 15:36:53.440 +02:00 [INF] Map "d5c08240-0436-454a-8993-362abf5bc477": window light drew 1/1 beam(s)
2026-05-25 15:36:53.465 +02:00 [INF] Map "d5c08240-0436-454a-8993-362abf5bc477": window light drew 1/1 beam(s)
2026-05-25 15:36:53.503 +02:00 [INF] Map "d5c08240-0436-454a-8993-362abf5bc477": window light drew 1/1 beam(s)
2026-05-25 15:36:53.528 +02:00 [INF] Map "d5c08240-0436-454a-8993-362abf5bc477": window light drew 1/1 beam(s)
2026-05-25 15:36:53.553 +02:00 [INF] Map "d5c08240-0436-454a-8993-362abf5bc477": window light drew 1/1 beam(s)
2026-05-25 15:36:53.579 +02:00 [INF] Map "d5c08240-0436-454a-8993-362abf5bc477": window light drew 1/1 beam(s)
2026-05-25 15:36:53.604 +02:00 [INF] Map "d5c08240-0436-454a-8993-362abf5bc477": window light drew 1/1 beam(s)
2026-05-25 15:36:53.629 +02:00 [INF] Map "d5c08240-0436-454a-8993-362abf5bc477": window light drew 1/1 beam(s)
2026-05-25 15:36:53.654 +02:00 [INF] Map "d5c08240-0436-454a-8993-362abf5bc477": window light drew 1/1 beam(s)
2026-05-25 15:36:53.679 +02:00 [INF] Map "d5c08240-0436-454a-8993-362abf5bc477": window light drew 1/1 beam(s)
2026-05-25 15:36:53.705 +02:00 [INF] Map "d5c08240-0436-454a-8993-362abf5bc477": window light drew 1/1 beam(s)
2026-05-25 15:36:53.742 +02:00 [INF] Map "d5c08240-0436-454a-8993-362abf5bc477": window light drew 1/1 beam(s)
2026-05-25 15:36:53.768 +02:00 [INF] Map "d5c08240-0436-454a-8993-362abf5bc477": window light drew 1/1 beam(s)
2026-05-25 15:36:53.793 +02:00 [INF] Map "d5c08240-0436-454a-8993-362abf5bc477": window light drew 1/1 beam(s)
2026-05-25 15:36:53.819 +02:00 [INF] Map "d5c08240-0436-454a-8993-362abf5bc477": window light drew 1/1 beam(s)
2026-05-25 15:36:53.846 +02:00 [INF] Map "d5c08240-0436-454a-8993-362abf5bc477": window light drew 1/1 beam(s)
2026-05-25 15:36:53.871 +02:00 [INF] Map "d5c08240-0436-454a-8993-362abf5bc477": window light drew 1/1 beam(s)
2026-05-25 15:36:53.897 +02:00 [INF] Map "d5c08240-0436-454a-8993-362abf5bc477": window light drew 1/1 beam(s)
2026-05-25 15:36:53.928 +02:00 [INF] Map "d5c08240-0436-454a-8993-362abf5bc477": window light drew 1/1 beam(s)
2026-05-25 15:36:53.955 +02:00 [INF] Map "d5c08240-0436-454a-8993-362abf5bc477": window light drew 1/1 beam(s)
2026-05-25 15:36:53.994 +02:00 [INF] Map "d5c08240-0436-454a-8993-362abf5bc477": window light drew 1/1 beam(s)
2026-05-25 15:36:54.021 +02:00 [INF] Map "d5c08240-0436-454a-8993-362abf5bc477": window light drew 1/1 beam(s)
2026-05-25 15:36:54.048 +02:00 [INF] Map "d5c08240-0436-454a-8993-362abf5bc477": window light drew 1/1 beam(s)
2026-05-25 15:36:54.073 +02:00 [INF] Map "d5c08240-0436-454a-8993-362abf5bc477": window light drew 1/1 beam(s)
2026-05-25 15:36:54.099 +02:00 [INF] Map "d5c08240-0436-454a-8993-362abf5bc477": window light drew 1/1 beam(s)
2026-05-25 15:36:54.126 +02:00 [INF] Map "d5c08240-0436-454a-8993-362abf5bc477": window light drew 1/1 beam(s)
2026-05-25 15:36:54.152 +02:00 [INF] Map "d5c08240-0436-454a-8993-362abf5bc477": window light drew 1/1 beam(s)
2026-05-25 15:36:54.177 +02:00 [INF] Map "d5c08240-0436-454a-8993-362abf5bc477": window light drew 1/1 beam(s)
2026-05-25 15:36:54.207 +02:00 [INF] Map "d5c08240-0436-454a-8993-362abf5bc477": window light drew 1/1 beam(s)
2026-05-25 15:36:54.255 +02:00 [INF] Map "d5c08240-0436-454a-8993-362abf5bc477": window light drew 1/1 beam(s)
2026-05-25 15:36:54.280 +02:00 [INF] Map "d5c08240-0436-454a-8993-362abf5bc477": window light drew 1/1 beam(s)
2026-05-25 15:36:54.305 +02:00 [INF] Map "d5c08240-0436-454a-8993-362abf5bc477": window light drew 1/1 beam(s)
2026-05-25 15:36:54.331 +02:00 [INF] Map "d5c08240-0436-454a-8993-362abf5bc477": window light drew 1/1 beam(s)
2026-05-25 15:36:54.357 +02:00 [INF] Map "d5c08240-0436-454a-8993-362abf5bc477": window light drew 1/1 beam(s)
2026-05-25 15:36:54.383 +02:00 [INF] Map "d5c08240-0436-454a-8993-362abf5bc477": window light drew 1/1 beam(s)
2026-05-25 15:36:54.408 +02:00 [INF] Map "d5c08240-0436-454a-8993-362abf5bc477": window light drew 1/1 beam(s)
2026-05-25 15:36:54.434 +02:00 [INF] Map "d5c08240-0436-454a-8993-362abf5bc477": window light drew 1/1 beam(s)
2026-05-25 15:36:54.460 +02:00 [INF] Map "d5c08240-0436-454a-8993-362abf5bc477": window light drew 1/1 beam(s)
2026-05-25 15:36:54.498 +02:00 [INF] Map "d5c08240-0436-454a-8993-362abf5bc477": window light drew 1/1 beam(s)
2026-05-25 15:36:54.524 +02:00 [INF] Map "d5c08240-0436-454a-8993-362abf5bc477": window light drew 1/1 beam(s)
2026-05-25 15:36:54.550 +02:00 [INF] Map "d5c08240-0436-454a-8993-362abf5bc477": window light drew 1/1 beam(s)
2026-05-25 15:36:54.575 +02:00 [INF] Map "d5c08240-0436-454a-8993-362abf5bc477": window light drew 1/1 beam(s)
2026-05-25 15:36:54.601 +02:00 [INF] Map "d5c08240-0436-454a-8993-362abf5bc477": window light drew 1/1 beam(s)
2026-05-25 15:36:54.627 +02:00 [INF] Map "d5c08240-0436-454a-8993-362abf5bc477": window light drew 1/1 beam(s)
2026-05-25 15:36:54.652 +02:00 [INF] Map "d5c08240-0436-454a-8993-362abf5bc477": window light drew 1/1 beam(s)
2026-05-25 15:36:54.677 +02:00 [INF] Map "d5c08240-0436-454a-8993-362abf5bc477": window light drew 1/1 beam(s)
2026-05-25 15:36:54.702 +02:00 [INF] Map "d5c08240-0436-454a-8993-362abf5bc477": window light drew 1/1 beam(s)
2026-05-25 15:36:54.740 +02:00 [INF] Map "d5c08240-0436-454a-8993-362abf5bc477": window light drew 1/1 beam(s)
2026-05-25 15:36:54.764 +02:00 [INF] Map "d5c08240-0436-454a-8993-362abf5bc477": window light drew 1/1 beam(s)
2026-05-25 15:36:54.812 +02:00 [INF] Map "d5c08240-0436-454a-8993-362abf5bc477": window light drew 1/1 beam(s)
2026-05-25 15:36:54.858 +02:00 [INF] Map "d5c08240-0436-454a-8993-362abf5bc477": window light drew 1/1 beam(s)
2026-05-25 15:36:54.904 +02:00 [INF] Map "d5c08240-0436-454a-8993-362abf5bc477": window light drew 1/1 beam(s)
2026-05-25 15:36:54.950 +02:00 [INF] Map "d5c08240-0436-454a-8993-362abf5bc477": window light drew 1/1 beam(s)
2026-05-25 15:36:54.997 +02:00 [INF] Map "d5c08240-0436-454a-8993-362abf5bc477": window light drew 1/1 beam(s)
2026-05-25 15:36:55.042 +02:00 [INF] Map "d5c08240-0436-454a-8993-362abf5bc477": window light drew 1/1 beam(s)
2026-05-25 15:36:55.089 +02:00 [INF] Map "d5c08240-0436-454a-8993-362abf5bc477": window light drew 1/1 beam(s)
2026-05-25 15:36:55.149 +02:00 [INF] Map "d5c08240-0436-454a-8993-362abf5bc477": window light drew 1/1 beam(s)
2026-05-25 15:36:55.195 +02:00 [INF] Map "d5c08240-0436-454a-8993-362abf5bc477": window light drew 1/1 beam(s)
2026-05-25 15:36:55.242 +02:00 [INF] Map "d5c08240-0436-454a-8993-362abf5bc477": window light drew 1/1 beam(s)
2026-05-25 15:36:55.288 +02:00 [INF] Map "d5c08240-0436-454a-8993-362abf5bc477": window light drew 1/1 beam(s)
2026-05-25 15:36:55.334 +02:00 [INF] Map "d5c08240-0436-454a-8993-362abf5bc477": window light drew 1/1 beam(s)
2026-05-25 15:36:55.382 +02:00 [INF] Map "d5c08240-0436-454a-8993-362abf5bc477": window light drew 1/1 beam(s)
2026-05-25 15:36:55.430 +02:00 [INF] Map "d5c08240-0436-454a-8993-362abf5bc477": window light drew 1/1 beam(s)
2026-05-25 15:36:55.477 +02:00 [INF] Map "d5c08240-0436-454a-8993-362abf5bc477": window light drew 1/1 beam(s)
2026-05-25 15:36:55.523 +02:00 [INF] Map "d5c08240-0436-454a-8993-362abf5bc477": window light drew 1/1 beam(s)
2026-05-25 15:36:55.582 +02:00 [INF] Map "d5c08240-0436-454a-8993-362abf5bc477": window light drew 1/1 beam(s)
2026-05-25 15:36:55.628 +02:00 [INF] Map "d5c08240-0436-454a-8993-362abf5bc477": window light drew 1/1 beam(s)
2026-05-25 15:36:55.675 +02:00 [INF] Map "d5c08240-0436-454a-8993-362abf5bc477": window light drew 1/1 beam(s)
2026-05-25 15:36:55.720 +02:00 [INF] Map "d5c08240-0436-454a-8993-362abf5bc477": window light drew 1/1 beam(s)
2026-05-25 15:36:55.766 +02:00 [INF] Map "d5c08240-0436-454a-8993-362abf5bc477": window light drew 1/1 beam(s)
2026-05-25 15:36:55.812 +02:00 [INF] Map "d5c08240-0436-454a-8993-362abf5bc477": window light drew 1/1 beam(s)
2026-05-25 15:36:55.859 +02:00 [INF] Map "d5c08240-0436-454a-8993-362abf5bc477": window light drew 1/1 beam(s)
2026-05-25 15:36:55.905 +02:00 [INF] Map "d5c08240-0436-454a-8993-362abf5bc477": window light drew 1/1 beam(s)
2026-05-25 15:36:55.951 +02:00 [INF] Map "d5c08240-0436-454a-8993-362abf5bc477": window light drew 1/1 beam(s)
2026-05-25 15:36:56.010 +02:00 [INF] Map "d5c08240-0436-454a-8993-362abf5bc477": window light drew 1/1 beam(s)
2026-05-25 15:36:56.056 +02:00 [INF] Map "d5c08240-0436-454a-8993-362abf5bc477": window light drew 1/1 beam(s)
2026-05-25 15:36:56.102 +02:00 [INF] Map "d5c08240-0436-454a-8993-362abf5bc477": window light drew 1/1 beam(s)
2026-05-25 15:36:56.148 +02:00 [INF] Map "d5c08240-0436-454a-8993-362abf5bc477": window light drew 1/1 beam(s)
2026-05-25 15:36:56.193 +02:00 [INF] Map "d5c08240-0436-454a-8993-362abf5bc477": window light drew 1/1 beam(s)
2026-05-25 15:36:56.239 +02:00 [INF] Map "d5c08240-0436-454a-8993-362abf5bc477": window light drew 1/1 beam(s)
2026-05-25 15:36:56.285 +02:00 [INF] Map "d5c08240-0436-454a-8993-362abf5bc477": window light drew 1/1 beam(s)
2026-05-25 15:36:56.331 +02:00 [INF] Map "d5c08240-0436-454a-8993-362abf5bc477": window light drew 1/1 beam(s)
2026-05-25 15:36:56.377 +02:00 [INF] Map "d5c08240-0436-454a-8993-362abf5bc477": window light drew 1/1 beam(s)
2026-05-25 15:36:56.435 +02:00 [INF] Map "d5c08240-0436-454a-8993-362abf5bc477": window light drew 1/1 beam(s)
2026-05-25 15:36:56.482 +02:00 [INF] Map "d5c08240-0436-454a-8993-362abf5bc477": window light drew 1/1 beam(s)
2026-05-25 15:36:56.529 +02:00 [INF] Map "d5c08240-0436-454a-8993-362abf5bc477": window light drew 1/1 beam(s)
2026-05-25 15:36:56.575 +02:00 [INF] Map "d5c08240-0436-454a-8993-362abf5bc477": window light drew 1/1 beam(s)
2026-05-25 15:36:56.621 +02:00 [INF] Map "d5c08240-0436-454a-8993-362abf5bc477": window light drew 1/1 beam(s)
2026-05-25 15:36:56.667 +02:00 [INF] Map "d5c08240-0436-454a-8993-362abf5bc477": window light drew 1/1 beam(s)
2026-05-25 15:36:56.713 +02:00 [INF] Map "d5c08240-0436-454a-8993-362abf5bc477": window light drew 1/1 beam(s)
2026-05-25 15:36:56.760 +02:00 [INF] Map "d5c08240-0436-454a-8993-362abf5bc477": window light drew 1/1 beam(s)
2026-05-25 15:36:56.807 +02:00 [INF] Map "d5c08240-0436-454a-8993-362abf5bc477": window light drew 1/1 beam(s)
2026-05-25 15:36:56.866 +02:00 [INF] Map "d5c08240-0436-454a-8993-362abf5bc477": window light drew 1/1 beam(s)
2026-05-25 15:36:56.912 +02:00 [INF] Map "d5c08240-0436-454a-8993-362abf5bc477": window light drew 1/1 beam(s)
2026-05-25 15:36:56.957 +02:00 [INF] Map "d5c08240-0436-454a-8993-362abf5bc477": window light drew 1/1 beam(s)
2026-05-25 15:36:57.002 +02:00 [INF] Map "d5c08240-0436-454a-8993-362abf5bc477": window light drew 1/1 beam(s)
2026-05-25 15:36:57.049 +02:00 [INF] Map "d5c08240-0436-454a-8993-362abf5bc477": window light drew 1/1 beam(s)
2026-05-25 15:36:57.094 +02:00 [INF] Map "d5c08240-0436-454a-8993-362abf5bc477": window light drew 1/1 beam(s)
2026-05-25 15:36:57.140 +02:00 [INF] Map "d5c08240-0436-454a-8993-362abf5bc477": window light drew 1/1 beam(s)
2026-05-25 15:36:57.185 +02:00 [INF] Map "d5c08240-0436-454a-8993-362abf5bc477": window light drew 1/1 beam(s)
2026-05-25 15:36:57.230 +02:00 [INF] Map "d5c08240-0436-454a-8993-362abf5bc477": window light drew 1/1 beam(s)
2026-05-25 15:36:57.289 +02:00 [INF] Map "d5c08240-0436-454a-8993-362abf5bc477": window light drew 1/1 beam(s)
2026-05-25 15:36:57.334 +02:00 [INF] Map "d5c08240-0436-454a-8993-362abf5bc477": window light drew 1/1 beam(s)
2026-05-25 15:36:57.380 +02:00 [INF] Map "d5c08240-0436-454a-8993-362abf5bc477": window light drew 1/1 beam(s)
2026-05-25 15:36:57.427 +02:00 [INF] Map "d5c08240-0436-454a-8993-362abf5bc477": window light drew 1/1 beam(s)
2026-05-25 15:36:57.473 +02:00 [INF] Map "d5c08240-0436-454a-8993-362abf5bc477": window light drew 1/1 beam(s)
2026-05-25 15:36:57.519 +02:00 [INF] Map "d5c08240-0436-454a-8993-362abf5bc477": window light drew 1/1 beam(s)
2026-05-25 15:36:57.565 +02:00 [INF] Map "d5c08240-0436-454a-8993-362abf5bc477": window light drew 1/1 beam(s)
2026-05-25 15:36:57.610 +02:00 [INF] Map "d5c08240-0436-454a-8993-362abf5bc477": window light drew 1/1 beam(s)
2026-05-25 15:36:57.657 +02:00 [INF] Map "d5c08240-0436-454a-8993-362abf5bc477": window light drew 1/1 beam(s)
2026-05-25 15:36:57.716 +02:00 [INF] Map "d5c08240-0436-454a-8993-362abf5bc477": window light drew 1/1 beam(s)
2026-05-25 15:36:57.762 +02:00 [INF] Map "d5c08240-0436-454a-8993-362abf5bc477": window light drew 1/1 beam(s)
2026-05-25 15:36:57.809 +02:00 [INF] Map "d5c08240-0436-454a-8993-362abf5bc477": window light drew 1/1 beam(s)
2026-05-25 15:36:57.855 +02:00 [INF] Map "d5c08240-0436-454a-8993-362abf5bc477": window light drew 1/1 beam(s)
2026-05-25 15:36:57.902 +02:00 [INF] Map "d5c08240-0436-454a-8993-362abf5bc477": window light drew 1/1 beam(s)
2026-05-25 15:36:57.948 +02:00 [INF] Map "d5c08240-0436-454a-8993-362abf5bc477": window light drew 1/1 beam(s)
2026-05-25 15:36:57.994 +02:00 [INF] Map "d5c08240-0436-454a-8993-362abf5bc477": window light drew 1/1 beam(s)
2026-05-25 15:36:58.040 +02:00 [INF] Map "d5c08240-0436-454a-8993-362abf5bc477": window light drew 1/1 beam(s)
2026-05-25 15:36:58.086 +02:00 [INF] Map "d5c08240-0436-454a-8993-362abf5bc477": window light drew 1/1 beam(s)
2026-05-25 15:36:58.145 +02:00 [INF] Map "d5c08240-0436-454a-8993-362abf5bc477": window light drew 1/1 beam(s)
2026-05-25 15:36:58.192 +02:00 [INF] Map "d5c08240-0436-454a-8993-362abf5bc477": window light drew 1/1 beam(s)
2026-05-25 15:36:58.238 +02:00 [INF] Map "d5c08240-0436-454a-8993-362abf5bc477": window light drew 1/1 beam(s)
2026-05-25 15:36:58.283 +02:00 [INF] Map "d5c08240-0436-454a-8993-362abf5bc477": window light drew 1/1 beam(s)
2026-05-25 15:36:58.330 +02:00 [INF] Map "d5c08240-0436-454a-8993-362abf5bc477": window light drew 1/1 beam(s)
2026-05-25 15:36:58.376 +02:00 [INF] Map "d5c08240-0436-454a-8993-362abf5bc477": window light drew 1/1 beam(s)
2026-05-25 15:36:58.422 +02:00 [INF] Map "d5c08240-0436-454a-8993-362abf5bc477": window light drew 1/1 beam(s)
2026-05-25 15:36:58.468 +02:00 [INF] Map "d5c08240-0436-454a-8993-362abf5bc477": window light drew 1/1 beam(s)
2026-05-25 15:36:58.515 +02:00 [INF] Map "d5c08240-0436-454a-8993-362abf5bc477": window light drew 1/1 beam(s)
2026-05-25 15:36:58.576 +02:00 [INF] Map "d5c08240-0436-454a-8993-362abf5bc477": window light drew 1/1 beam(s)
2026-05-25 15:36:58.621 +02:00 [INF] Map "d5c08240-0436-454a-8993-362abf5bc477": window light drew 1/1 beam(s)
2026-05-25 15:36:58.669 +02:00 [INF] Map "d5c08240-0436-454a-8993-362abf5bc477": window light drew 1/1 beam(s)
2026-05-25 15:36:58.716 +02:00 [INF] Map "d5c08240-0436-454a-8993-362abf5bc477": window light drew 1/1 beam(s)
2026-05-25 15:36:58.762 +02:00 [INF] Map "d5c08240-0436-454a-8993-362abf5bc477": window light drew 1/1 beam(s)
2026-05-25 15:36:58.809 +02:00 [INF] Map "d5c08240-0436-454a-8993-362abf5bc477": window light drew 1/1 beam(s)
2026-05-25 15:36:58.858 +02:00 [INF] Map "d5c08240-0436-454a-8993-362abf5bc477": window light drew 1/1 beam(s)
2026-05-25 15:36:58.910 +02:00 [INF] Map "d5c08240-0436-454a-8993-362abf5bc477": window light drew 1/1 beam(s)
2026-05-25 15:36:58.961 +02:00 [INF] Map "d5c08240-0436-454a-8993-362abf5bc477": window light drew 1/1 beam(s)
2026-05-25 15:36:59.025 +02:00 [INF] Map "d5c08240-0436-454a-8993-362abf5bc477": window light drew 1/1 beam(s)
2026-05-25 15:36:59.075 +02:00 [INF] Map "d5c08240-0436-454a-8993-362abf5bc477": window light drew 1/1 beam(s)
2026-05-25 15:36:59.124 +02:00 [INF] Map "d5c08240-0436-454a-8993-362abf5bc477": window light drew 1/1 beam(s)
2026-05-25 15:36:59.174 +02:00 [INF] Map "d5c08240-0436-454a-8993-362abf5bc477": window light drew 1/1 beam(s)
2026-05-25 15:36:59.223 +02:00 [INF] Map "d5c08240-0436-454a-8993-362abf5bc477": window light drew 1/1 beam(s)
2026-05-25 15:36:59.273 +02:00 [INF] Map "d5c08240-0436-454a-8993-362abf5bc477": window light drew 1/1 beam(s)
2026-05-25 15:36:59.324 +02:00 [INF] Map "d5c08240-0436-454a-8993-362abf5bc477": window light drew 1/1 beam(s)
2026-05-25 15:36:59.374 +02:00 [INF] Map "d5c08240-0436-454a-8993-362abf5bc477": window light drew 1/1 beam(s)
2026-05-25 15:36:59.426 +02:00 [INF] Map "d5c08240-0436-454a-8993-362abf5bc477": window light drew 1/1 beam(s)
2026-05-25 15:36:59.491 +02:00 [INF] Map "d5c08240-0436-454a-8993-362abf5bc477": window light drew 1/1 beam(s)
2026-05-25 15:36:59.540 +02:00 [INF] Map "d5c08240-0436-454a-8993-362abf5bc477": window light drew 1/1 beam(s)
2026-05-25 15:36:59.589 +02:00 [INF] Map "d5c08240-0436-454a-8993-362abf5bc477": window light drew 1/1 beam(s)
2026-05-25 15:36:59.640 +02:00 [INF] Map "d5c08240-0436-454a-8993-362abf5bc477": window light drew 1/1 beam(s)
2026-05-25 15:36:59.692 +02:00 [INF] Map "d5c08240-0436-454a-8993-362abf5bc477": window light drew 1/1 beam(s)
2026-05-25 15:36:59.740 +02:00 [INF] Map "d5c08240-0436-454a-8993-362abf5bc477": window light drew 1/1 beam(s)
2026-05-25 15:36:59.787 +02:00 [INF] Map "d5c08240-0436-454a-8993-362abf5bc477": window light drew 1/1 beam(s)
2026-05-25 15:36:59.833 +02:00 [INF] Map "d5c08240-0436-454a-8993-362abf5bc477": window light drew 1/1 beam(s)
2026-05-25 15:36:59.879 +02:00 [INF] Map "d5c08240-0436-454a-8993-362abf5bc477": window light drew 1/1 beam(s)
2026-05-25 15:36:59.939 +02:00 [INF] Map "d5c08240-0436-454a-8993-362abf5bc477": window light drew 1/1 beam(s)
2026-05-25 15:36:59.986 +02:00 [INF] Map "d5c08240-0436-454a-8993-362abf5bc477": window light drew 1/1 beam(s)
2026-05-25 15:37:00.033 +02:00 [INF] Map "d5c08240-0436-454a-8993-362abf5bc477": window light drew 1/1 beam(s)
2026-05-25 15:37:00.079 +02:00 [INF] Map "d5c08240-0436-454a-8993-362abf5bc477": window light drew 1/1 beam(s)
2026-05-25 15:37:00.127 +02:00 [INF] Map "d5c08240-0436-454a-8993-362abf5bc477": window light drew 1/1 beam(s)
2026-05-25 15:37:00.172 +02:00 [INF] Map "d5c08240-0436-454a-8993-362abf5bc477": window light drew 1/1 beam(s)
2026-05-25 15:37:00.219 +02:00 [INF] Map "d5c08240-0436-454a-8993-362abf5bc477": window light drew 1/1 beam(s)
2026-05-25 15:37:00.265 +02:00 [INF] Map "d5c08240-0436-454a-8993-362abf5bc477": window light drew 1/1 beam(s)
2026-05-25 15:37:00.311 +02:00 [INF] Map "d5c08240-0436-454a-8993-362abf5bc477": window light drew 1/1 beam(s)
2026-05-25 15:37:00.370 +02:00 [INF] Map "d5c08240-0436-454a-8993-362abf5bc477": window light drew 1/1 beam(s)
2026-05-25 15:37:00.416 +02:00 [INF] Map "d5c08240-0436-454a-8993-362abf5bc477": window light drew 1/1 beam(s)
2026-05-25 15:37:00.462 +02:00 [INF] Map "d5c08240-0436-454a-8993-362abf5bc477": window light drew 1/1 beam(s)
2026-05-25 15:37:00.509 +02:00 [INF] Map "d5c08240-0436-454a-8993-362abf5bc477": window light drew 1/1 beam(s)
2026-05-25 15:37:00.555 +02:00 [INF] Map "d5c08240-0436-454a-8993-362abf5bc477": window light drew 1/1 beam(s)
2026-05-25 15:37:00.601 +02:00 [INF] Map "d5c08240-0436-454a-8993-362abf5bc477": window light drew 1/1 beam(s)
2026-05-25 15:37:00.647 +02:00 [INF] Map "d5c08240-0436-454a-8993-362abf5bc477": window light drew 1/1 beam(s)
2026-05-25 15:37:00.693 +02:00 [INF] Map "d5c08240-0436-454a-8993-362abf5bc477": window light drew 1/1 beam(s)
2026-05-25 15:37:00.740 +02:00 [INF] Map "d5c08240-0436-454a-8993-362abf5bc477": window light drew 1/1 beam(s)
2026-05-25 15:37:00.799 +02:00 [INF] Map "d5c08240-0436-454a-8993-362abf5bc477": window light drew 1/1 beam(s)
2026-05-25 15:37:00.845 +02:00 [INF] Map "d5c08240-0436-454a-8993-362abf5bc477": window light drew 1/1 beam(s)
2026-05-25 15:37:00.891 +02:00 [INF] Map "d5c08240-0436-454a-8993-362abf5bc477": window light drew 1/1 beam(s)
2026-05-25 15:37:00.937 +02:00 [INF] Map "d5c08240-0436-454a-8993-362abf5bc477": window light drew 1/1 beam(s)
2026-05-25 15:37:00.983 +02:00 [INF] Map "d5c08240-0436-454a-8993-362abf5bc477": window light drew 1/1 beam(s)
2026-05-25 15:37:01.028 +02:00 [INF] Map "d5c08240-0436-454a-8993-362abf5bc477": window light drew 1/1 beam(s)
2026-05-25 15:37:01.074 +02:00 [INF] Map "d5c08240-0436-454a-8993-362abf5bc477": window light drew 1/1 beam(s)
2026-05-25 15:37:01.119 +02:00 [INF] Map "d5c08240-0436-454a-8993-362abf5bc477": window light drew 1/1 beam(s)
2026-05-25 15:37:01.167 +02:00 [INF] Map "d5c08240-0436-454a-8993-362abf5bc477": window light drew 1/1 beam(s)
2026-05-25 15:37:01.225 +02:00 [INF] Map "d5c08240-0436-454a-8993-362abf5bc477": window light drew 1/1 beam(s)
2026-05-25 15:37:01.271 +02:00 [INF] Map "d5c08240-0436-454a-8993-362abf5bc477": window light drew 1/1 beam(s)
2026-05-25 15:37:01.317 +02:00 [INF] Map "d5c08240-0436-454a-8993-362abf5bc477": window light drew 1/1 beam(s)
2026-05-25 15:37:01.363 +02:00 [INF] Map "d5c08240-0436-454a-8993-362abf5bc477": window light drew 1/1 beam(s)
2026-05-25 15:37:01.409 +02:00 [INF] Map "d5c08240-0436-454a-8993-362abf5bc477": window light drew 1/1 beam(s)
2026-05-25 15:37:01.455 +02:00 [INF] Map "d5c08240-0436-454a-8993-362abf5bc477": window light drew 1/1 beam(s)
2026-05-25 15:37:01.501 +02:00 [INF] Map "d5c08240-0436-454a-8993-362abf5bc477": window light drew 1/1 beam(s)
2026-05-25 15:37:01.548 +02:00 [INF] Map "d5c08240-0436-454a-8993-362abf5bc477": window light drew 1/1 beam(s)
2026-05-25 15:37:01.596 +02:00 [INF] Map "d5c08240-0436-454a-8993-362abf5bc477": window light drew 1/1 beam(s)
2026-05-25 15:37:01.655 +02:00 [INF] Map "d5c08240-0436-454a-8993-362abf5bc477": window light drew 1/1 beam(s)
2026-05-25 15:37:01.702 +02:00 [INF] Map "d5c08240-0436-454a-8993-362abf5bc477": window light drew 1/1 beam(s)
2026-05-25 15:37:01.748 +02:00 [INF] Map "d5c08240-0436-454a-8993-362abf5bc477": window light drew 1/1 beam(s)
2026-05-25 15:37:01.794 +02:00 [INF] Map "d5c08240-0436-454a-8993-362abf5bc477": window light drew 1/1 beam(s)
2026-05-25 15:37:01.839 +02:00 [INF] Map "d5c08240-0436-454a-8993-362abf5bc477": window light drew 1/1 beam(s)
2026-05-25 15:37:01.885 +02:00 [INF] Map "d5c08240-0436-454a-8993-362abf5bc477": window light drew 1/1 beam(s)
2026-05-25 15:37:01.932 +02:00 [INF] Map "d5c08240-0436-454a-8993-362abf5bc477": window light drew 1/1 beam(s)
2026-05-25 15:37:01.977 +02:00 [INF] Map "d5c08240-0436-454a-8993-362abf5bc477": window light drew 1/1 beam(s)
2026-05-25 15:37:02.022 +02:00 [INF] Map "d5c08240-0436-454a-8993-362abf5bc477": window light drew 1/1 beam(s)
2026-05-25 15:37:02.082 +02:00 [INF] Map "d5c08240-0436-454a-8993-362abf5bc477": window light drew 1/1 beam(s)
2026-05-25 15:37:02.127 +02:00 [INF] Map "d5c08240-0436-454a-8993-362abf5bc477": window light drew 1/1 beam(s)
2026-05-25 15:37:02.173 +02:00 [INF] Map "d5c08240-0436-454a-8993-362abf5bc477": window light drew 1/1 beam(s)
2026-05-25 15:37:02.220 +02:00 [INF] Map "d5c08240-0436-454a-8993-362abf5bc477": window light drew 1/1 beam(s)
2026-05-25 15:37:02.266 +02:00 [INF] Map "d5c08240-0436-454a-8993-362abf5bc477": window light drew 1/1 beam(s)
2026-05-25 15:37:02.317 +02:00 [INF] Map "d5c08240-0436-454a-8993-362abf5bc477": window light drew 1/1 beam(s)
2026-05-25 15:37:02.363 +02:00 [INF] Map "d5c08240-0436-454a-8993-362abf5bc477": window light drew 1/1 beam(s)
2026-05-25 15:37:02.409 +02:00 [INF] Map "d5c08240-0436-454a-8993-362abf5bc477": window light drew 1/1 beam(s)
2026-05-25 15:37:02.455 +02:00 [INF] Map "d5c08240-0436-454a-8993-362abf5bc477": window light drew 1/1 beam(s)
2026-05-25 15:37:02.513 +02:00 [INF] Map "d5c08240-0436-454a-8993-362abf5bc477": window light drew 1/1 beam(s)
2026-05-25 15:37:02.559 +02:00 [INF] Map "d5c08240-0436-454a-8993-362abf5bc477": window light drew 1/1 beam(s)
2026-05-25 15:37:02.606 +02:00 [INF] Map "d5c08240-0436-454a-8993-362abf5bc477": window light drew 1/1 beam(s)
2026-05-25 15:37:02.653 +02:00 [INF] Map "d5c08240-0436-454a-8993-362abf5bc477": window light drew 1/1 beam(s)
2026-05-25 15:37:02.700 +02:00 [INF] Map "d5c08240-0436-454a-8993-362abf5bc477": window light drew 1/1 beam(s)
2026-05-25 15:37:02.745 +02:00 [INF] Map "d5c08240-0436-454a-8993-362abf5bc477": window light drew 1/1 beam(s)
2026-05-25 15:37:02.790 +02:00 [INF] Map "d5c08240-0436-454a-8993-362abf5bc477": window light drew 1/1 beam(s)
2026-05-25 15:37:02.837 +02:00 [INF] Map "d5c08240-0436-454a-8993-362abf5bc477": window light drew 1/1 beam(s)
2026-05-25 15:37:02.882 +02:00 [INF] Map "d5c08240-0436-454a-8993-362abf5bc477": window light drew 1/1 beam(s)
2026-05-25 15:37:02.941 +02:00 [INF] Map "d5c08240-0436-454a-8993-362abf5bc477": window light drew 1/1 beam(s)
2026-05-25 15:37:02.987 +02:00 [INF] Map "d5c08240-0436-454a-8993-362abf5bc477": window light drew 1/1 beam(s)
2026-05-25 15:37:03.033 +02:00 [INF] Map "d5c08240-0436-454a-8993-362abf5bc477": window light drew 1/1 beam(s)
2026-05-25 15:37:03.079 +02:00 [INF] Map "d5c08240-0436-454a-8993-362abf5bc477": window light drew 1/1 beam(s)
2026-05-25 15:37:03.126 +02:00 [INF] Map "d5c08240-0436-454a-8993-362abf5bc477": window light drew 1/1 beam(s)
2026-05-25 15:37:03.172 +02:00 [INF] Map "d5c08240-0436-454a-8993-362abf5bc477": window light drew 1/1 beam(s)
2026-05-25 15:37:03.218 +02:00 [INF] Map "d5c08240-0436-454a-8993-362abf5bc477": window light drew 1/1 beam(s)
2026-05-25 15:37:03.264 +02:00 [INF] Map "d5c08240-0436-454a-8993-362abf5bc477": window light drew 1/1 beam(s)
2026-05-25 15:37:03.310 +02:00 [INF] Map "d5c08240-0436-454a-8993-362abf5bc477": window light drew 1/1 beam(s)
2026-05-25 15:37:03.368 +02:00 [INF] Map "d5c08240-0436-454a-8993-362abf5bc477": window light drew 1/1 beam(s)
2026-05-25 15:37:03.416 +02:00 [INF] Map "d5c08240-0436-454a-8993-362abf5bc477": window light drew 1/1 beam(s)
2026-05-25 15:37:03.463 +02:00 [INF] Map "d5c08240-0436-454a-8993-362abf5bc477": window light drew 1/1 beam(s)
2026-05-25 15:37:03.509 +02:00 [INF] Map "d5c08240-0436-454a-8993-362abf5bc477": window light drew 1/1 beam(s)
2026-05-25 15:37:03.556 +02:00 [INF] Map "d5c08240-0436-454a-8993-362abf5bc477": window light drew 1/1 beam(s)
2026-05-25 15:37:03.602 +02:00 [INF] Map "d5c08240-0436-454a-8993-362abf5bc477": window light drew 1/1 beam(s)
2026-05-25 15:37:03.649 +02:00 [INF] Map "d5c08240-0436-454a-8993-362abf5bc477": window light drew 1/1 beam(s)
2026-05-25 15:37:03.695 +02:00 [INF] Map "d5c08240-0436-454a-8993-362abf5bc477": window light drew 1/1 beam(s)
2026-05-25 15:37:03.741 +02:00 [INF] Map "d5c08240-0436-454a-8993-362abf5bc477": window light drew 1/1 beam(s)
2026-05-25 15:37:03.799 +02:00 [INF] Map "d5c08240-0436-454a-8993-362abf5bc477": window light drew 1/1 beam(s)
2026-05-25 15:37:03.845 +02:00 [INF] Map "d5c08240-0436-454a-8993-362abf5bc477": window light drew 1/1 beam(s)
2026-05-25 15:37:03.890 +02:00 [INF] Map "d5c08240-0436-454a-8993-362abf5bc477": window light drew 1/1 beam(s)
2026-05-25 15:37:03.936 +02:00 [INF] Map "d5c08240-0436-454a-8993-362abf5bc477": window light drew 1/1 beam(s)
2026-05-25 15:37:03.982 +02:00 [INF] Map "d5c08240-0436-454a-8993-362abf5bc477": window light drew 1/1 beam(s)
2026-05-25 15:37:04.027 +02:00 [INF] Map "d5c08240-0436-454a-8993-362abf5bc477": window light drew 1/1 beam(s)
2026-05-25 15:37:04.072 +02:00 [INF] Map "d5c08240-0436-454a-8993-362abf5bc477": window light drew 1/1 beam(s)
2026-05-25 15:37:04.119 +02:00 [INF] Map "d5c08240-0436-454a-8993-362abf5bc477": window light drew 1/1 beam(s)
2026-05-25 15:37:04.166 +02:00 [INF] Map "d5c08240-0436-454a-8993-362abf5bc477": window light drew 1/1 beam(s)
2026-05-25 15:37:04.224 +02:00 [INF] Map "d5c08240-0436-454a-8993-362abf5bc477": window light drew 1/1 beam(s)
2026-05-25 15:37:04.269 +02:00 [INF] Map "d5c08240-0436-454a-8993-362abf5bc477": window light drew 1/1 beam(s)
2026-05-25 15:37:04.315 +02:00 [INF] Map "d5c08240-0436-454a-8993-362abf5bc477": window light drew 1/1 beam(s)
2026-05-25 15:37:04.360 +02:00 [INF] Map "d5c08240-0436-454a-8993-362abf5bc477": window light drew 1/1 beam(s)
2026-05-25 15:37:04.407 +02:00 [INF] Map "d5c08240-0436-454a-8993-362abf5bc477": window light drew 1/1 beam(s)
2026-05-25 15:37:04.452 +02:00 [INF] Map "d5c08240-0436-454a-8993-362abf5bc477": window light drew 1/1 beam(s)
2026-05-25 15:37:04.498 +02:00 [INF] Map "d5c08240-0436-454a-8993-362abf5bc477": window light drew 1/1 beam(s)
2026-05-25 15:37:04.543 +02:00 [INF] Map "d5c08240-0436-454a-8993-362abf5bc477": window light drew 1/1 beam(s)
2026-05-25 15:37:04.590 +02:00 [INF] Map "d5c08240-0436-454a-8993-362abf5bc477": window light drew 1/1 beam(s)
2026-05-25 15:37:04.649 +02:00 [INF] Map "d5c08240-0436-454a-8993-362abf5bc477": window light drew 1/1 beam(s)
2026-05-25 15:37:04.694 +02:00 [INF] Map "d5c08240-0436-454a-8993-362abf5bc477": window light drew 1/1 beam(s)
2026-05-25 15:37:04.740 +02:00 [INF] Map "d5c08240-0436-454a-8993-362abf5bc477": window light drew 1/1 beam(s)
2026-05-25 15:37:04.786 +02:00 [INF] Map "d5c08240-0436-454a-8993-362abf5bc477": window light drew 1/1 beam(s)
2026-05-25 15:37:04.832 +02:00 [INF] Map "d5c08240-0436-454a-8993-362abf5bc477": window light drew 1/1 beam(s)
2026-05-25 15:37:04.878 +02:00 [INF] Map "d5c08240-0436-454a-8993-362abf5bc477": window light drew 1/1 beam(s)
2026-05-25 15:37:04.925 +02:00 [INF] Map "d5c08240-0436-454a-8993-362abf5bc477": window light drew 1/1 beam(s)
2026-05-25 15:37:04.972 +02:00 [INF] Map "d5c08240-0436-454a-8993-362abf5bc477": window light drew 1/1 beam(s)
2026-05-25 15:37:05.018 +02:00 [INF] Map "d5c08240-0436-454a-8993-362abf5bc477": window light drew 1/1 beam(s)
2026-05-25 15:37:05.076 +02:00 [INF] Map "d5c08240-0436-454a-8993-362abf5bc477": window light drew 1/1 beam(s)
2026-05-25 15:37:05.122 +02:00 [INF] Map "d5c08240-0436-454a-8993-362abf5bc477": window light drew 1/1 beam(s)
2026-05-25 15:37:05.167 +02:00 [INF] Map "d5c08240-0436-454a-8993-362abf5bc477": window light drew 1/1 beam(s)
2026-05-25 15:37:05.212 +02:00 [INF] Map "d5c08240-0436-454a-8993-362abf5bc477": window light drew 1/1 beam(s)
2026-05-25 15:37:05.258 +02:00 [INF] Map "d5c08240-0436-454a-8993-362abf5bc477": window light drew 1/1 beam(s)
2026-05-25 15:37:05.304 +02:00 [INF] Map "d5c08240-0436-454a-8993-362abf5bc477": window light drew 1/1 beam(s)
2026-05-25 15:37:05.354 +02:00 [INF] Map "d5c08240-0436-454a-8993-362abf5bc477": window light drew 1/1 beam(s)
2026-05-25 15:37:05.400 +02:00 [INF] Map "d5c08240-0436-454a-8993-362abf5bc477": window light drew 1/1 beam(s)
2026-05-25 15:37:05.446 +02:00 [INF] Map "d5c08240-0436-454a-8993-362abf5bc477": window light drew 1/1 beam(s)
2026-05-25 15:37:05.504 +02:00 [INF] Map "d5c08240-0436-454a-8993-362abf5bc477": window light drew 1/1 beam(s)
2026-05-25 15:37:05.549 +02:00 [INF] Map "d5c08240-0436-454a-8993-362abf5bc477": window light drew 1/1 beam(s)
2026-05-25 15:37:05.594 +02:00 [INF] Map "d5c08240-0436-454a-8993-362abf5bc477": window light drew 1/1 beam(s)
2026-05-25 15:37:05.641 +02:00 [INF] Map "d5c08240-0436-454a-8993-362abf5bc477": window light drew 1/1 beam(s)
2026-05-25 15:37:05.686 +02:00 [INF] Map "d5c08240-0436-454a-8993-362abf5bc477": window light drew 1/1 beam(s)
2026-05-25 15:37:05.732 +02:00 [INF] Map "d5c08240-0436-454a-8993-362abf5bc477": window light drew 1/1 beam(s)
2026-05-25 15:37:05.778 +02:00 [INF] Map "d5c08240-0436-454a-8993-362abf5bc477": window light drew 1/1 beam(s)
2026-05-25 15:37:05.824 +02:00 [INF] Map "d5c08240-0436-454a-8993-362abf5bc477": window light drew 1/1 beam(s)
2026-05-25 15:37:05.870 +02:00 [INF] Map "d5c08240-0436-454a-8993-362abf5bc477": window light drew 1/1 beam(s)
2026-05-25 15:37:05.928 +02:00 [INF] Map "d5c08240-0436-454a-8993-362abf5bc477": window light drew 1/1 beam(s)
2026-05-25 15:37:05.974 +02:00 [INF] Map "d5c08240-0436-454a-8993-362abf5bc477": window light drew 1/1 beam(s)
2026-05-25 15:37:06.020 +02:00 [INF] Map "d5c08240-0436-454a-8993-362abf5bc477": window light drew 1/1 beam(s)
2026-05-25 15:37:06.067 +02:00 [INF] Map "d5c08240-0436-454a-8993-362abf5bc477": window light drew 1/1 beam(s)
2026-05-25 15:37:06.116 +02:00 [INF] Map "d5c08240-0436-454a-8993-362abf5bc477": window light drew 1/1 beam(s)
2026-05-25 15:37:06.162 +02:00 [INF] Map "d5c08240-0436-454a-8993-362abf5bc477": window light drew 1/1 beam(s)
2026-05-25 15:37:06.220 +02:00 [INF] Map "d5c08240-0436-454a-8993-362abf5bc477" 'New Map' loaded with 1 window light zone(s)
2026-05-25 15:37:06.239 +02:00 [INF] BuildWindowLightBeams() map "d5c08240-0436-454a-8993-362abf5bc477": WindowLightZones=1
2026-05-25 15:37:06.239 +02:00 [INF] BuildWindowLightBeams() map "d5c08240-0436-454a-8993-362abf5bc477": created 1 beam(s) from 1 zone(s)
2026-05-25 15:37:06.239 +02:00 [INF] Built VBO for map d5c08240-0436-454a-8993-362abf5bc477 'New Map' in 2.0603ms
2026-05-25 15:37:06.240 +02:00 [INF] Map "d5c08240-0436-454a-8993-362abf5bc477": window light drew 1/1 beam(s)
2026-05-25 15:37:06.287 +02:00 [INF] Map "d5c08240-0436-454a-8993-362abf5bc477": window light drew 1/1 beam(s)
2026-05-25 15:37:06.333 +02:00 [INF] Map "d5c08240-0436-454a-8993-362abf5bc477": window light drew 1/1 beam(s)
2026-05-25 15:37:06.392 +02:00 [INF] Map "d5c08240-0436-454a-8993-362abf5bc477": window light drew 1/1 beam(s)
2026-05-25 15:37:06.441 +02:00 [INF] Map "d5c08240-0436-454a-8993-362abf5bc477": window light drew 1/1 beam(s)
2026-05-25 15:37:06.487 +02:00 [INF] Map "d5c08240-0436-454a-8993-362abf5bc477": window light drew 1/1 beam(s)
2026-05-25 15:37:06.534 +02:00 [INF] Map "d5c08240-0436-454a-8993-362abf5bc477": window light drew 1/1 beam(s)
2026-05-25 15:37:06.580 +02:00 [INF] Map "d5c08240-0436-454a-8993-362abf5bc477": window light drew 1/1 beam(s)
2026-05-25 15:37:06.626 +02:00 [INF] Map "d5c08240-0436-454a-8993-362abf5bc477": window light drew 1/1 beam(s)
2026-05-25 15:37:06.672 +02:00 [INF] Map "d5c08240-0436-454a-8993-362abf5bc477": window light drew 1/1 beam(s)
2026-05-25 15:37:06.717 +02:00 [INF] Map "d5c08240-0436-454a-8993-362abf5bc477": window light drew 1/1 beam(s)
2026-05-25 15:37:06.763 +02:00 [INF] Map "d5c08240-0436-454a-8993-362abf5bc477": window light drew 1/1 beam(s)
2026-05-25 15:37:06.822 +02:00 [INF] Map "d5c08240-0436-454a-8993-362abf5bc477": window light drew 1/1 beam(s)
2026-05-25 15:37:06.868 +02:00 [INF] Map "d5c08240-0436-454a-8993-362abf5bc477": window light drew 1/1 beam(s)
2026-05-25 15:37:06.914 +02:00 [INF] Map "d5c08240-0436-454a-8993-362abf5bc477": window light drew 1/1 beam(s)
2026-05-25 15:37:06.961 +02:00 [INF] Map "d5c08240-0436-454a-8993-362abf5bc477": window light drew 1/1 beam(s)
2026-05-25 15:37:07.007 +02:00 [INF] Map "d5c08240-0436-454a-8993-362abf5bc477": window light drew 1/1 beam(s)
2026-05-25 15:37:07.053 +02:00 [INF] Map "d5c08240-0436-454a-8993-362abf5bc477": window light drew 1/1 beam(s)
2026-05-25 15:37:07.099 +02:00 [INF] Map "d5c08240-0436-454a-8993-362abf5bc477": window light drew 1/1 beam(s)
2026-05-25 15:37:07.145 +02:00 [INF] Map "d5c08240-0436-454a-8993-362abf5bc477": window light drew 1/1 beam(s)
2026-05-25 15:37:07.192 +02:00 [INF] Map "d5c08240-0436-454a-8993-362abf5bc477": window light drew 1/1 beam(s)
2026-05-25 15:37:07.250 +02:00 [INF] Map "d5c08240-0436-454a-8993-362abf5bc477": window light drew 1/1 beam(s)
2026-05-25 15:37:07.297 +02:00 [INF] Map "d5c08240-0436-454a-8993-362abf5bc477": window light drew 1/1 beam(s)
2026-05-25 15:37:07.348 +02:00 [INF] Map "d5c08240-0436-454a-8993-362abf5bc477": window light drew 1/1 beam(s)
2026-05-25 15:37:07.394 +02:00 [INF] Map "d5c08240-0436-454a-8993-362abf5bc477": window light drew 1/1 beam(s)
2026-05-25 15:37:07.441 +02:00 [INF] Map "d5c08240-0436-454a-8993-362abf5bc477": window light drew 1/1 beam(s)
2026-05-25 15:37:07.487 +02:00 [INF] Map "d5c08240-0436-454a-8993-362abf5bc477": window light drew 1/1 beam(s)
2026-05-25 15:37:07.534 +02:00 [INF] Map "d5c08240-0436-454a-8993-362abf5bc477": window light drew 1/1 beam(s)
2026-05-25 15:37:07.582 +02:00 [INF] Map "d5c08240-0436-454a-8993-362abf5bc477": window light drew 1/1 beam(s)
2026-05-25 15:37:07.629 +02:00 [INF] Map "d5c08240-0436-454a-8993-362abf5bc477": window light drew 1/1 beam(s)
2026-05-25 15:37:07.687 +02:00 [INF] Map "d5c08240-0436-454a-8993-362abf5bc477": window light drew 1/1 beam(s)
2026-05-25 15:37:07.734 +02:00 [INF] Map "d5c08240-0436-454a-8993-362abf5bc477": window light drew 1/1 beam(s)
2026-05-25 15:37:07.781 +02:00 [INF] Map "d5c08240-0436-454a-8993-362abf5bc477": window light drew 1/1 beam(s)
2026-05-25 15:37:07.827 +02:00 [INF] Map "d5c08240-0436-454a-8993-362abf5bc477": window light drew 1/1 beam(s)
2026-05-25 15:37:07.873 +02:00 [INF] Map "d5c08240-0436-454a-8993-362abf5bc477": window light drew 1/1 beam(s)
2026-05-25 15:37:07.919 +02:00 [INF] Map "d5c08240-0436-454a-8993-362abf5bc477": window light drew 1/1 beam(s)
2026-05-25 15:37:07.967 +02:00 [INF] Map "d5c08240-0436-454a-8993-362abf5bc477": window light drew 1/1 beam(s)
2026-05-25 15:37:08.013 +02:00 [INF] Map "d5c08240-0436-454a-8993-362abf5bc477": window light drew 1/1 beam(s)
2026-05-25 15:37:08.059 +02:00 [INF] Map "d5c08240-0436-454a-8993-362abf5bc477": window light drew 1/1 beam(s)
2026-05-25 15:37:08.117 +02:00 [INF] Map "d5c08240-0436-454a-8993-362abf5bc477": window light drew 1/1 beam(s)
2026-05-25 15:37:08.163 +02:00 [INF] Map "d5c08240-0436-454a-8993-362abf5bc477": window light drew 1/1 beam(s)
2026-05-25 15:37:08.209 +02:00 [INF] Map "d5c08240-0436-454a-8993-362abf5bc477": window light drew 1/1 beam(s)
2026-05-25 15:37:08.254 +02:00 [INF] Map "d5c08240-0436-454a-8993-362abf5bc477": window light drew 1/1 beam(s)
2026-05-25 15:37:08.300 +02:00 [INF] Map "d5c08240-0436-454a-8993-362abf5bc477": window light drew 1/1 beam(s)
2026-05-25 15:37:08.346 +02:00 [INF] Map "d5c08240-0436-454a-8993-362abf5bc477": window light drew 1/1 beam(s)
2026-05-25 15:37:08.401 +02:00 [INF] Map "d5c08240-0436-454a-8993-362abf5bc477": window light drew 1/1 beam(s)
2026-05-25 15:37:08.445 +02:00 [INF] Map "d5c08240-0436-454a-8993-362abf5bc477": window light drew 1/1 beam(s)
2026-05-25 15:37:08.472 +02:00 [INF] Map "d5c08240-0436-454a-8993-362abf5bc477": window light drew 1/1 beam(s)
2026-05-25 15:37:08.514 +02:00 [INF] Map "d5c08240-0436-454a-8993-362abf5bc477": window light drew 1/1 beam(s)
2026-05-25 15:37:08.540 +02:00 [INF] Map "d5c08240-0436-454a-8993-362abf5bc477": window light drew 1/1 beam(s)
2026-05-25 15:37:08.566 +02:00 [INF] Map "d5c08240-0436-454a-8993-362abf5bc477": window light drew 1/1 beam(s)
2026-05-25 15:37:08.592 +02:00 [INF] Map "d5c08240-0436-454a-8993-362abf5bc477": window light drew 1/1 beam(s)
2026-05-25 15:37:08.618 +02:00 [INF] Map "d5c08240-0436-454a-8993-362abf5bc477": window light drew 1/1 beam(s)
2026-05-25 15:37:08.644 +02:00 [INF] Map "d5c08240-0436-454a-8993-362abf5bc477": window light drew 1/1 beam(s)
2026-05-25 15:37:08.670 +02:00 [INF] Map "d5c08240-0436-454a-8993-362abf5bc477": window light drew 1/1 beam(s)
2026-05-25 15:37:08.696 +02:00 [INF] Map "d5c08240-0436-454a-8993-362abf5bc477": window light drew 1/1 beam(s)
2026-05-25 15:37:08.722 +02:00 [INF] Map "d5c08240-0436-454a-8993-362abf5bc477": window light drew 1/1 beam(s)
2026-05-25 15:37:08.762 +02:00 [INF] Map "d5c08240-0436-454a-8993-362abf5bc477": window light drew 1/1 beam(s)
2026-05-25 15:37:08.788 +02:00 [INF] Map "d5c08240-0436-454a-8993-362abf5bc477": window light drew 1/1 beam(s)
2026-05-25 15:37:08.814 +02:00 [INF] Map "d5c08240-0436-454a-8993-362abf5bc477": window light drew 1/1 beam(s)
2026-05-25 15:37:08.840 +02:00 [INF] Map "d5c08240-0436-454a-8993-362abf5bc477": window light drew 1/1 beam(s)
2026-05-25 15:37:08.866 +02:00 [INF] Map "d5c08240-0436-454a-8993-362abf5bc477": window light drew 1/1 beam(s)
2026-05-25 15:37:08.893 +02:00 [INF] Map "d5c08240-0436-454a-8993-362abf5bc477": window light drew 1/1 beam(s)
2026-05-25 15:37:08.919 +02:00 [INF] Map "d5c08240-0436-454a-8993-362abf5bc477": window light drew 1/1 beam(s)
2026-05-25 15:37:08.946 +02:00 [INF] Map "d5c08240-0436-454a-8993-362abf5bc477": window light drew 1/1 beam(s)
2026-05-25 15:37:08.973 +02:00 [INF] Map "d5c08240-0436-454a-8993-362abf5bc477": window light drew 1/1 beam(s)
2026-05-25 15:37:09.013 +02:00 [INF] Map "d5c08240-0436-454a-8993-362abf5bc477": window light drew 1/1 beam(s)
2026-05-25 15:37:09.039 +02:00 [INF] Map "d5c08240-0436-454a-8993-362abf5bc477": window light drew 1/1 beam(s)
2026-05-25 15:37:09.065 +02:00 [INF] Map "d5c08240-0436-454a-8993-362abf5bc477": window light drew 1/1 beam(s)
2026-05-25 15:37:09.093 +02:00 [INF] Map "d5c08240-0436-454a-8993-362abf5bc477": window light drew 1/1 beam(s)
2026-05-25 15:37:09.120 +02:00 [INF] Map "d5c08240-0436-454a-8993-362abf5bc477": window light drew 1/1 beam(s)
2026-05-25 15:37:09.146 +02:00 [INF] Map "d5c08240-0436-454a-8993-362abf5bc477": window light drew 1/1 beam(s)
2026-05-25 15:37:09.172 +02:00 [INF] Map "d5c08240-0436-454a-8993-362abf5bc477": window light drew 1/1 beam(s)
2026-05-25 15:37:09.198 +02:00 [INF] Map "d5c08240-0436-454a-8993-362abf5bc477": window light drew 1/1 beam(s)
2026-05-25 15:37:09.224 +02:00 [INF] Map "d5c08240-0436-454a-8993-362abf5bc477": window light drew 1/1 beam(s)
2026-05-25 15:37:09.262 +02:00 [INF] Map "d5c08240-0436-454a-8993-362abf5bc477": window light drew 1/1 beam(s)
2026-05-25 15:37:09.287 +02:00 [INF] Map "d5c08240-0436-454a-8993-362abf5bc477": window light drew 1/1 beam(s)
2026-05-25 15:37:09.313 +02:00 [INF] Map "d5c08240-0436-454a-8993-362abf5bc477": window light drew 1/1 beam(s)
2026-05-25 15:37:09.339 +02:00 [INF] Map "d5c08240-0436-454a-8993-362abf5bc477": window light drew 1/1 beam(s)
2026-05-25 15:37:09.365 +02:00 [INF] Map "d5c08240-0436-454a-8993-362abf5bc477": window light drew 1/1 beam(s)
2026-05-25 15:37:09.391 +02:00 [INF] Map "d5c08240-0436-454a-8993-362abf5bc477": window light drew 1/1 beam(s)
2026-05-25 15:37:09.417 +02:00 [INF] Map "d5c08240-0436-454a-8993-362abf5bc477": window light drew 1/1 beam(s)
2026-05-25 15:37:09.444 +02:00 [INF] Map "d5c08240-0436-454a-8993-362abf5bc477": window light drew 1/1 beam(s)
2026-05-25 15:37:09.470 +02:00 [INF] Map "d5c08240-0436-454a-8993-362abf5bc477": window light drew 1/1 beam(s)
2026-05-25 15:37:09.508 +02:00 [INF] Map "d5c08240-0436-454a-8993-362abf5bc477": window light drew 1/1 beam(s)
2026-05-25 15:37:09.534 +02:00 [INF] Map "d5c08240-0436-454a-8993-362abf5bc477": window light drew 1/1 beam(s)
2026-05-25 15:37:09.560 +02:00 [INF] Map "d5c08240-0436-454a-8993-362abf5bc477": window light drew 1/1 beam(s)
2026-05-25 15:37:09.586 +02:00 [INF] Map "d5c08240-0436-454a-8993-362abf5bc477": window light drew 1/1 beam(s)
2026-05-25 15:37:09.612 +02:00 [INF] Map "d5c08240-0436-454a-8993-362abf5bc477": window light drew 1/1 beam(s)
2026-05-25 15:37:09.639 +02:00 [INF] Map "d5c08240-0436-454a-8993-362abf5bc477": window light drew 1/1 beam(s)
2026-05-25 15:37:09.665 +02:00 [INF] Map "d5c08240-0436-454a-8993-362abf5bc477": window light drew 1/1 beam(s)
2026-05-25 15:37:09.691 +02:00 [INF] Map "d5c08240-0436-454a-8993-362abf5bc477": window light drew 1/1 beam(s)
2026-05-25 15:37:09.717 +02:00 [INF] Map "d5c08240-0436-454a-8993-362abf5bc477": window light drew 1/1 beam(s)
2026-05-25 15:37:09.755 +02:00 [INF] Map "d5c08240-0436-454a-8993-362abf5bc477": window light drew 1/1 beam(s)
2026-05-25 15:37:09.781 +02:00 [INF] Map "d5c08240-0436-454a-8993-362abf5bc477": window light drew 1/1 beam(s)
2026-05-25 15:37:09.807 +02:00 [INF] Map "d5c08240-0436-454a-8993-362abf5bc477": window light drew 1/1 beam(s)
2026-05-25 15:37:09.833 +02:00 [INF] Map "d5c08240-0436-454a-8993-362abf5bc477": window light drew 1/1 beam(s)
2026-05-25 15:37:09.859 +02:00 [INF] Map "d5c08240-0436-454a-8993-362abf5bc477": window light drew 1/1 beam(s)
2026-05-25 15:37:09.884 +02:00 [INF] Map "d5c08240-0436-454a-8993-362abf5bc477": window light drew 1/1 beam(s)
2026-05-25 15:37:09.911 +02:00 [INF] Map "d5c08240-0436-454a-8993-362abf5bc477": window light drew 1/1 beam(s)
2026-05-25 15:37:09.937 +02:00 [INF] Map "d5c08240-0436-454a-8993-362abf5bc477": window light drew 1/1 beam(s)
2026-05-25 15:37:09.963 +02:00 [INF] Map "d5c08240-0436-454a-8993-362abf5bc477": window light drew 1/1 beam(s)
2026-05-25 15:37:10.001 +02:00 [INF] Map "d5c08240-0436-454a-8993-362abf5bc477": window light drew 1/1 beam(s)
2026-05-25 15:37:10.028 +02:00 [INF] Map "d5c08240-0436-454a-8993-362abf5bc477": window light drew 1/1 beam(s)
2026-05-25 15:37:10.053 +02:00 [INF] Map "d5c08240-0436-454a-8993-362abf5bc477": window light drew 1/1 beam(s)
2026-05-25 15:37:10.080 +02:00 [INF] Map "d5c08240-0436-454a-8993-362abf5bc477": window light drew 1/1 beam(s)
2026-05-25 15:37:10.105 +02:00 [INF] Map "d5c08240-0436-454a-8993-362abf5bc477": window light drew 1/1 beam(s)
2026-05-25 15:37:10.131 +02:00 [INF] Map "d5c08240-0436-454a-8993-362abf5bc477": window light drew 1/1 beam(s)
2026-05-25 15:37:10.157 +02:00 [INF] Map "d5c08240-0436-454a-8993-362abf5bc477": window light drew 1/1 beam(s)
2026-05-25 15:37:10.183 +02:00 [INF] Map "d5c08240-0436-454a-8993-362abf5bc477": window light drew 1/1 beam(s)
2026-05-25 15:37:10.208 +02:00 [INF] Map "d5c08240-0436-454a-8993-362abf5bc477": window light drew 1/1 beam(s)
2026-05-25 15:37:10.247 +02:00 [INF] Map "d5c08240-0436-454a-8993-362abf5bc477": window light drew 1/1 beam(s)
2026-05-25 15:37:10.273 +02:00 [INF] Map "d5c08240-0436-454a-8993-362abf5bc477": window light drew 1/1 beam(s)
2026-05-25 15:37:10.299 +02:00 [INF] Map "d5c08240-0436-454a-8993-362abf5bc477": window light drew 1/1 beam(s)
2026-05-25 15:37:10.324 +02:00 [INF] Map "d5c08240-0436-454a-8993-362abf5bc477": window light drew 1/1 beam(s)
2026-05-25 15:37:10.350 +02:00 [INF] Map "d5c08240-0436-454a-8993-362abf5bc477": window light drew 1/1 beam(s)
2026-05-25 15:37:10.376 +02:00 [INF] Map "d5c08240-0436-454a-8993-362abf5bc477": window light drew 1/1 beam(s)
2026-05-25 15:37:10.402 +02:00 [INF] Map "d5c08240-0436-454a-8993-362abf5bc477": window light drew 1/1 beam(s)
2026-05-25 15:37:10.427 +02:00 [INF] Map "d5c08240-0436-454a-8993-362abf5bc477": window light drew 1/1 beam(s)
2026-05-25 15:37:10.453 +02:00 [INF] Map "d5c08240-0436-454a-8993-362abf5bc477": window light drew 1/1 beam(s)
2026-05-25 15:37:10.491 +02:00 [INF] Map "d5c08240-0436-454a-8993-362abf5bc477": window light drew 1/1 beam(s)
2026-05-25 15:37:10.516 +02:00 [INF] Map "d5c08240-0436-454a-8993-362abf5bc477": window light drew 1/1 beam(s)
2026-05-25 15:37:10.542 +02:00 [INF] Map "d5c08240-0436-454a-8993-362abf5bc477": window light drew 1/1 beam(s)
2026-05-25 15:37:10.567 +02:00 [INF] Map "d5c08240-0436-454a-8993-362abf5bc477": window light drew 1/1 beam(s)
2026-05-25 15:37:10.594 +02:00 [INF] Map "d5c08240-0436-454a-8993-362abf5bc477": window light drew 1/1 beam(s)
2026-05-25 15:37:10.619 +02:00 [INF] Map "d5c08240-0436-454a-8993-362abf5bc477": window light drew 1/1 beam(s)
2026-05-25 15:37:10.645 +02:00 [INF] Map "d5c08240-0436-454a-8993-362abf5bc477": window light drew 1/1 beam(s)
2026-05-25 15:37:10.671 +02:00 [INF] Map "d5c08240-0436-454a-8993-362abf5bc477": window light drew 1/1 beam(s)
2026-05-25 15:37:10.697 +02:00 [INF] Map "d5c08240-0436-454a-8993-362abf5bc477": window light drew 1/1 beam(s)
2026-05-25 15:37:10.735 +02:00 [INF] Map "d5c08240-0436-454a-8993-362abf5bc477": window light drew 1/1 beam(s)
2026-05-25 15:37:10.762 +02:00 [INF] Map "d5c08240-0436-454a-8993-362abf5bc477": window light drew 1/1 beam(s)
2026-05-25 15:37:10.788 +02:00 [INF] Map "d5c08240-0436-454a-8993-362abf5bc477": window light drew 1/1 beam(s)
2026-05-25 15:37:10.814 +02:00 [INF] Map "d5c08240-0436-454a-8993-362abf5bc477": window light drew 1/1 beam(s)
2026-05-25 15:37:10.839 +02:00 [INF] Map "d5c08240-0436-454a-8993-362abf5bc477": window light drew 1/1 beam(s)
2026-05-25 15:37:10.865 +02:00 [INF] Map "d5c08240-0436-454a-8993-362abf5bc477": window light drew 1/1 beam(s)
2026-05-25 15:37:10.891 +02:00 [INF] Map "d5c08240-0436-454a-8993-362abf5bc477": window light drew 1/1 beam(s)
2026-05-25 15:37:10.917 +02:00 [INF] Map "d5c08240-0436-454a-8993-362abf5bc477": window light drew 1/1 beam(s)
2026-05-25 15:37:10.943 +02:00 [INF] Map "d5c08240-0436-454a-8993-362abf5bc477": window light drew 1/1 beam(s)
2026-05-25 15:37:10.981 +02:00 [INF] Map "d5c08240-0436-454a-8993-362abf5bc477": window light drew 1/1 beam(s)
2026-05-25 15:37:11.007 +02:00 [INF] Map "d5c08240-0436-454a-8993-362abf5bc477": window light drew 1/1 beam(s)
2026-05-25 15:37:11.033 +02:00 [INF] Map "d5c08240-0436-454a-8993-362abf5bc477": window light drew 1/1 beam(s)
2026-05-25 15:37:11.058 +02:00 [INF] Map "d5c08240-0436-454a-8993-362abf5bc477": window light drew 1/1 beam(s)
2026-05-25 15:37:11.084 +02:00 [INF] Map "d5c08240-0436-454a-8993-362abf5bc477": window light drew 1/1 beam(s)
2026-05-25 15:37:11.110 +02:00 [INF] Map "d5c08240-0436-454a-8993-362abf5bc477": window light drew 1/1 beam(s)
2026-05-25 15:37:11.136 +02:00 [INF] Map "d5c08240-0436-454a-8993-362abf5bc477": window light drew 1/1 beam(s)
2026-05-25 15:37:11.162 +02:00 [INF] Map "d5c08240-0436-454a-8993-362abf5bc477": window light drew 1/1 beam(s)
2026-05-25 15:37:11.187 +02:00 [INF] Map "d5c08240-0436-454a-8993-362abf5bc477": window light drew 1/1 beam(s)
2026-05-25 15:37:11.226 +02:00 [INF] Map "d5c08240-0436-454a-8993-362abf5bc477": window light drew 1/1 beam(s)
2026-05-25 15:37:11.252 +02:00 [INF] Map "d5c08240-0436-454a-8993-362abf5bc477": window light drew 1/1 beam(s)
2026-05-25 15:37:11.278 +02:00 [INF] Map "d5c08240-0436-454a-8993-362abf5bc477": window light drew 1/1 beam(s)
2026-05-25 15:37:11.303 +02:00 [INF] Map "d5c08240-0436-454a-8993-362abf5bc477": window light drew 1/1 beam(s)
2026-05-25 15:37:11.329 +02:00 [INF] Map "d5c08240-0436-454a-8993-362abf5bc477": window light drew 1/1 beam(s)
2026-05-25 15:37:11.355 +02:00 [INF] Map "d5c08240-0436-454a-8993-362abf5bc477": window light drew 1/1 beam(s)
2026-05-25 15:37:11.381 +02:00 [INF] Map "d5c08240-0436-454a-8993-362abf5bc477": window light drew 1/1 beam(s)
2026-05-25 15:37:11.406 +02:00 [INF] Map "d5c08240-0436-454a-8993-362abf5bc477": window light drew 1/1 beam(s)
2026-05-25 15:37:11.433 +02:00 [INF] Map "d5c08240-0436-454a-8993-362abf5bc477": window light drew 1/1 beam(s)
2026-05-25 15:37:11.471 +02:00 [INF] Map "d5c08240-0436-454a-8993-362abf5bc477": window light drew 1/1 beam(s)
2026-05-25 15:37:11.497 +02:00 [INF] Map "d5c08240-0436-454a-8993-362abf5bc477": window light drew 1/1 beam(s)
2026-05-25 15:37:11.523 +02:00 [INF] Map "d5c08240-0436-454a-8993-362abf5bc477": window light drew 1/1 beam(s)
2026-05-25 15:37:11.550 +02:00 [INF] Map "d5c08240-0436-454a-8993-362abf5bc477": window light drew 1/1 beam(s)
2026-05-25 15:37:11.576 +02:00 [INF] Map "d5c08240-0436-454a-8993-362abf5bc477": window light drew 1/1 beam(s)
2026-05-25 15:37:11.602 +02:00 [INF] Map "d5c08240-0436-454a-8993-362abf5bc477": window light drew 1/1 beam(s)
2026-05-25 15:37:11.628 +02:00 [INF] Map "d5c08240-0436-454a-8993-362abf5bc477": window light drew 1/1 beam(s)
2026-05-25 15:37:11.654 +02:00 [INF] Map "d5c08240-0436-454a-8993-362abf5bc477": window light drew 1/1 beam(s)
2026-05-25 15:37:11.679 +02:00 [INF] Map "d5c08240-0436-454a-8993-362abf5bc477": window light drew 1/1 beam(s)
2026-05-25 15:37:11.718 +02:00 [INF] Map "d5c08240-0436-454a-8993-362abf5bc477": window light drew 1/1 beam(s)
2026-05-25 15:37:11.744 +02:00 [INF] Map "d5c08240-0436-454a-8993-362abf5bc477": window light drew 1/1 beam(s)
2026-05-25 15:37:11.770 +02:00 [INF] Map "d5c08240-0436-454a-8993-362abf5bc477": window light drew 1/1 beam(s)
2026-05-25 15:37:11.797 +02:00 [INF] Map "d5c08240-0436-454a-8993-362abf5bc477": window light drew 1/1 beam(s)
2026-05-25 15:37:11.823 +02:00 [INF] Map "d5c08240-0436-454a-8993-362abf5bc477": window light drew 1/1 beam(s)
2026-05-25 15:37:11.849 +02:00 [INF] Map "d5c08240-0436-454a-8993-362abf5bc477": window light drew 1/1 beam(s)
2026-05-25 15:37:11.875 +02:00 [INF] Map "d5c08240-0436-454a-8993-362abf5bc477": window light drew 1/1 beam(s)
2026-05-25 15:37:11.901 +02:00 [INF] Map "d5c08240-0436-454a-8993-362abf5bc477": window light drew 1/1 beam(s)
2026-05-25 15:37:11.926 +02:00 [INF] Map "d5c08240-0436-454a-8993-362abf5bc477": window light drew 1/1 beam(s)
2026-05-25 15:37:11.965 +02:00 [INF] Map "d5c08240-0436-454a-8993-362abf5bc477": window light drew 1/1 beam(s)
2026-05-25 15:37:11.991 +02:00 [INF] Map "d5c08240-0436-454a-8993-362abf5bc477": window light drew 1/1 beam(s)
2026-05-25 15:37:12.017 +02:00 [INF] Map "d5c08240-0436-454a-8993-362abf5bc477": window light drew 1/1 beam(s)
2026-05-25 15:37:12.044 +02:00 [INF] Map "d5c08240-0436-454a-8993-362abf5bc477": window light drew 1/1 beam(s)
2026-05-25 15:37:12.069 +02:00 [INF] Map "d5c08240-0436-454a-8993-362abf5bc477": window light drew 1/1 beam(s)
2026-05-25 15:37:12.095 +02:00 [INF] Map "d5c08240-0436-454a-8993-362abf5bc477": window light drew 1/1 beam(s)
2026-05-25 15:37:12.122 +02:00 [INF] Map "d5c08240-0436-454a-8993-362abf5bc477": window light drew 1/1 beam(s)
2026-05-25 15:37:12.147 +02:00 [INF] Map "d5c08240-0436-454a-8993-362abf5bc477": window light drew 1/1 beam(s)
2026-05-25 15:37:12.173 +02:00 [INF] Map "d5c08240-0436-454a-8993-362abf5bc477": window light drew 1/1 beam(s)
2026-05-25 15:37:12.212 +02:00 [INF] Map "d5c08240-0436-454a-8993-362abf5bc477": window light drew 1/1 beam(s)
2026-05-25 15:37:12.237 +02:00 [INF] Map "d5c08240-0436-454a-8993-362abf5bc477": window light drew 1/1 beam(s)
2026-05-25 15:37:12.263 +02:00 [INF] Map "d5c08240-0436-454a-8993-362abf5bc477": window light drew 1/1 beam(s)
2026-05-25 15:37:12.288 +02:00 [INF] Map "d5c08240-0436-454a-8993-362abf5bc477": window light drew 1/1 beam(s)
2026-05-25 15:37:12.314 +02:00 [INF] Map "d5c08240-0436-454a-8993-362abf5bc477": window light drew 1/1 beam(s)
2026-05-25 15:37:12.340 +02:00 [INF] Map "d5c08240-0436-454a-8993-362abf5bc477": window light drew 1/1 beam(s)
2026-05-25 15:37:12.366 +02:00 [INF] Map "d5c08240-0436-454a-8993-362abf5bc477": window light drew 1/1 beam(s)
2026-05-25 15:37:12.391 +02:00 [INF] Map "d5c08240-0436-454a-8993-362abf5bc477": window light drew 1/1 beam(s)
2026-05-25 15:37:12.417 +02:00 [INF] Map "d5c08240-0436-454a-8993-362abf5bc477": window light drew 1/1 beam(s)
2026-05-25 15:37:12.456 +02:00 [INF] Map "d5c08240-0436-454a-8993-362abf5bc477": window light drew 1/1 beam(s)
2026-05-25 15:37:12.481 +02:00 [INF] Map "d5c08240-0436-454a-8993-362abf5bc477": window light drew 1/1 beam(s)
2026-05-25 15:37:12.507 +02:00 [INF] Map "d5c08240-0436-454a-8993-362abf5bc477": window light drew 1/1 beam(s)
2026-05-25 15:37:12.532 +02:00 [INF] Map "d5c08240-0436-454a-8993-362abf5bc477": window light drew 1/1 beam(s)
2026-05-25 15:37:12.558 +02:00 [INF] Map "d5c08240-0436-454a-8993-362abf5bc477": window light drew 1/1 beam(s)
2026-05-25 15:37:12.584 +02:00 [INF] Map "d5c08240-0436-454a-8993-362abf5bc477": window light drew 1/1 beam(s)
2026-05-25 15:37:12.610 +02:00 [INF] Map "d5c08240-0436-454a-8993-362abf5bc477": window light drew 1/1 beam(s)
2026-05-25 15:37:12.636 +02:00 [INF] Map "d5c08240-0436-454a-8993-362abf5bc477": window light drew 1/1 beam(s)
2026-05-25 15:37:12.662 +02:00 [INF] Map "d5c08240-0436-454a-8993-362abf5bc477": window light drew 1/1 beam(s)
2026-05-25 15:37:12.700 +02:00 [INF] Map "d5c08240-0436-454a-8993-362abf5bc477": window light drew 1/1 beam(s)
2026-05-25 15:37:12.725 +02:00 [INF] Map "d5c08240-0436-454a-8993-362abf5bc477": window light drew 1/1 beam(s)
2026-05-25 15:37:12.751 +02:00 [INF] Map "d5c08240-0436-454a-8993-362abf5bc477": window light drew 1/1 beam(s)
2026-05-25 15:37:12.778 +02:00 [INF] Map "d5c08240-0436-454a-8993-362abf5bc477": window light drew 1/1 beam(s)
2026-05-25 15:37:12.803 +02:00 [INF] Map "d5c08240-0436-454a-8993-362abf5bc477": window light drew 1/1 beam(s)
2026-05-25 15:37:12.829 +02:00 [INF] Map "d5c08240-0436-454a-8993-362abf5bc477": window light drew 1/1 beam(s)
2026-05-25 15:37:12.855 +02:00 [INF] Map "d5c08240-0436-454a-8993-362abf5bc477": window light drew 1/1 beam(s)
2026-05-25 15:37:12.880 +02:00 [INF] Map "d5c08240-0436-454a-8993-362abf5bc477": window light drew 1/1 beam(s)
2026-05-25 15:37:12.906 +02:00 [INF] Map "d5c08240-0436-454a-8993-362abf5bc477": window light drew 1/1 beam(s)
2026-05-25 15:37:12.945 +02:00 [INF] Map "d5c08240-0436-454a-8993-362abf5bc477": window light drew 1/1 beam(s)
2026-05-25 15:37:12.971 +02:00 [INF] Map "d5c08240-0436-454a-8993-362abf5bc477": window light drew 1/1 beam(s)
2026-05-25 15:37:12.996 +02:00 [INF] Map "d5c08240-0436-454a-8993-362abf5bc477": window light drew 1/1 beam(s)
2026-05-25 15:37:13.022 +02:00 [INF] Map "d5c08240-0436-454a-8993-362abf5bc477": window light drew 1/1 beam(s)
2026-05-25 15:37:13.048 +02:00 [INF] Map "d5c08240-0436-454a-8993-362abf5bc477": window light drew 1/1 beam(s)
2026-05-25 15:37:13.073 +02:00 [INF] Map "d5c08240-0436-454a-8993-362abf5bc477": window light drew 1/1 beam(s)
2026-05-25 15:37:13.099 +02:00 [INF] Map "d5c08240-0436-454a-8993-362abf5bc477": window light drew 1/1 beam(s)
2026-05-25 15:37:13.124 +02:00 [INF] Map "d5c08240-0436-454a-8993-362abf5bc477": window light drew 1/1 beam(s)
2026-05-25 15:37:13.150 +02:00 [INF] Map "d5c08240-0436-454a-8993-362abf5bc477": window light drew 1/1 beam(s)
2026-05-25 15:37:13.188 +02:00 [INF] Map "d5c08240-0436-454a-8993-362abf5bc477": window light drew 1/1 beam(s)
2026-05-25 15:37:13.214 +02:00 [INF] Map "d5c08240-0436-454a-8993-362abf5bc477": window light drew 1/1 beam(s)
2026-05-25 15:37:13.239 +02:00 [INF] Map "d5c08240-0436-454a-8993-362abf5bc477": window light drew 1/1 beam(s)
2026-05-25 15:37:13.265 +02:00 [INF] Map "d5c08240-0436-454a-8993-362abf5bc477": window light drew 1/1 beam(s)
2026-05-25 15:37:13.291 +02:00 [INF] Map "d5c08240-0436-454a-8993-362abf5bc477": window light drew 1/1 beam(s)
2026-05-25 15:37:13.316 +02:00 [INF] Map "d5c08240-0436-454a-8993-362abf5bc477": window light drew 1/1 beam(s)
2026-05-25 15:37:13.342 +02:00 [INF] Map "d5c08240-0436-454a-8993-362abf5bc477": window light drew 1/1 beam(s)
2026-05-25 15:37:13.368 +02:00 [INF] Map "d5c08240-0436-454a-8993-362abf5bc477": window light drew 1/1 beam(s)
2026-05-25 15:37:13.393 +02:00 [INF] Map "d5c08240-0436-454a-8993-362abf5bc477": window light drew 1/1 beam(s)
2026-05-25 15:37:13.432 +02:00 [INF] Map "d5c08240-0436-454a-8993-362abf5bc477": window light drew 1/1 beam(s)
2026-05-25 15:37:13.457 +02:00 [INF] Map "d5c08240-0436-454a-8993-362abf5bc477": window light drew 1/1 beam(s)
2026-05-25 15:37:13.483 +02:00 [INF] Map "d5c08240-0436-454a-8993-362abf5bc477": window light drew 1/1 beam(s)
2026-05-25 15:37:13.509 +02:00 [INF] Map "d5c08240-0436-454a-8993-362abf5bc477": window light drew 1/1 beam(s)
2026-05-25 15:37:13.534 +02:00 [INF] Map "d5c08240-0436-454a-8993-362abf5bc477": window light drew 1/1 beam(s)
2026-05-25 15:37:13.561 +02:00 [INF] Map "d5c08240-0436-454a-8993-362abf5bc477": window light drew 1/1 beam(s)
2026-05-25 15:37:13.587 +02:00 [INF] Map "d5c08240-0436-454a-8993-362abf5bc477": window light drew 1/1 beam(s)
2026-05-25 15:37:13.612 +02:00 [INF] Map "d5c08240-0436-454a-8993-362abf5bc477": window light drew 1/1 beam(s)
2026-05-25 15:37:13.638 +02:00 [INF] Map "d5c08240-0436-454a-8993-362abf5bc477": window light drew 1/1 beam(s)
2026-05-25 15:37:13.676 +02:00 [INF] Map "d5c08240-0436-454a-8993-362abf5bc477": window light drew 1/1 beam(s)
2026-05-25 15:37:13.702 +02:00 [INF] Map "d5c08240-0436-454a-8993-362abf5bc477": window light drew 1/1 beam(s)
2026-05-25 15:37:13.729 +02:00 [INF] Map "d5c08240-0436-454a-8993-362abf5bc477": window light drew 1/1 beam(s)
2026-05-25 15:37:13.754 +02:00 [INF] Map "d5c08240-0436-454a-8993-362abf5bc477": window light drew 1/1 beam(s)
2026-05-25 15:37:13.780 +02:00 [INF] Map "d5c08240-0436-454a-8993-362abf5bc477": window light drew 1/1 beam(s)
2026-05-25 15:37:13.806 +02:00 [INF] Map "d5c08240-0436-454a-8993-362abf5bc477": window light drew 1/1 beam(s)
2026-05-25 15:37:13.832 +02:00 [INF] Map "d5c08240-0436-454a-8993-362abf5bc477": window light drew 1/1 beam(s)
2026-05-25 15:37:13.858 +02:00 [INF] Map "d5c08240-0436-454a-8993-362abf5bc477": window light drew 1/1 beam(s)
2026-05-25 15:37:13.883 +02:00 [INF] Map "d5c08240-0436-454a-8993-362abf5bc477": window light drew 1/1 beam(s)
2026-05-25 15:37:13.922 +02:00 [INF] Map "d5c08240-0436-454a-8993-362abf5bc477": window light drew 1/1 beam(s)
2026-05-25 15:37:13.948 +02:00 [INF] Map "d5c08240-0436-454a-8993-362abf5bc477": window light drew 1/1 beam(s)
2026-05-25 15:37:13.974 +02:00 [INF] Map "d5c08240-0436-454a-8993-362abf5bc477": window light drew 1/1 beam(s)
2026-05-25 15:37:14.000 +02:00 [INF] Map "d5c08240-0436-454a-8993-362abf5bc477": window light drew 1/1 beam(s)
2026-05-25 15:37:14.026 +02:00 [INF] Map "d5c08240-0436-454a-8993-362abf5bc477": window light drew 1/1 beam(s)
2026-05-25 15:37:14.052 +02:00 [INF] Map "d5c08240-0436-454a-8993-362abf5bc477": window light drew 1/1 beam(s)
2026-05-25 15:37:14.078 +02:00 [INF] Map "d5c08240-0436-454a-8993-362abf5bc477": window light drew 1/1 beam(s)
2026-05-25 15:37:14.104 +02:00 [INF] Map "d5c08240-0436-454a-8993-362abf5bc477": window light drew 1/1 beam(s)
2026-05-25 15:37:14.130 +02:00 [INF] Map "d5c08240-0436-454a-8993-362abf5bc477": window light drew 1/1 beam(s)
2026-05-25 15:37:14.168 +02:00 [INF] Map "d5c08240-0436-454a-8993-362abf5bc477": window light drew 1/1 beam(s)
2026-05-25 15:37:14.195 +02:00 [INF] Map "d5c08240-0436-454a-8993-362abf5bc477": window light drew 1/1 beam(s)
2026-05-25 15:37:14.220 +02:00 [INF] Map "d5c08240-0436-454a-8993-362abf5bc477": window light drew 1/1 beam(s)
2026-05-25 15:37:14.246 +02:00 [INF] Map "d5c08240-0436-454a-8993-362abf5bc477": window light drew 1/1 beam(s)
2026-05-25 15:37:14.272 +02:00 [INF] Map "d5c08240-0436-454a-8993-362abf5bc477": window light drew 1/1 beam(s)
2026-05-25 15:37:14.298 +02:00 [INF] Map "d5c08240-0436-454a-8993-362abf5bc477": window light drew 1/1 beam(s)
2026-05-25 15:37:14.323 +02:00 [INF] Map "d5c08240-0436-454a-8993-362abf5bc477": window light drew 1/1 beam(s)
2026-05-25 15:37:14.349 +02:00 [INF] Map "d5c08240-0436-454a-8993-362abf5bc477": window light drew 1/1 beam(s)
2026-05-25 15:37:14.376 +02:00 [INF] Map "d5c08240-0436-454a-8993-362abf5bc477": window light drew 1/1 beam(s)
2026-05-25 15:37:14.415 +02:00 [INF] Map "d5c08240-0436-454a-8993-362abf5bc477": window light drew 1/1 beam(s)
2026-05-25 15:37:14.441 +02:00 [INF] Map "d5c08240-0436-454a-8993-362abf5bc477": window light drew 1/1 beam(s)
2026-05-25 15:37:14.467 +02:00 [INF] Map "d5c08240-0436-454a-8993-362abf5bc477": window light drew 1/1 beam(s)
2026-05-25 15:37:14.493 +02:00 [INF] Map "d5c08240-0436-454a-8993-362abf5bc477": window light drew 1/1 beam(s)
2026-05-25 15:37:14.518 +02:00 [INF] Map "d5c08240-0436-454a-8993-362abf5bc477": window light drew 1/1 beam(s)
2026-05-25 15:37:14.545 +02:00 [INF] Map "d5c08240-0436-454a-8993-362abf5bc477": window light drew 1/1 beam(s)
2026-05-25 15:37:14.571 +02:00 [INF] Map "d5c08240-0436-454a-8993-362abf5bc477": window light drew 1/1 beam(s)
2026-05-25 15:37:14.597 +02:00 [INF] Map "d5c08240-0436-454a-8993-362abf5bc477": window light drew 1/1 beam(s)
2026-05-25 15:37:14.623 +02:00 [INF] Map "d5c08240-0436-454a-8993-362abf5bc477": window light drew 1/1 beam(s)
2026-05-25 15:37:14.663 +02:00 [INF] Map "d5c08240-0436-454a-8993-362abf5bc477": window light drew 1/1 beam(s)
2026-05-25 15:37:14.689 +02:00 [INF] Map "d5c08240-0436-454a-8993-362abf5bc477": window light drew 1/1 beam(s)
2026-05-25 15:37:14.715 +02:00 [INF] Map "d5c08240-0436-454a-8993-362abf5bc477": window light drew 1/1 beam(s)
2026-05-25 15:37:14.741 +02:00 [INF] Map "d5c08240-0436-454a-8993-362abf5bc477": window light drew 1/1 beam(s)
2026-05-25 15:37:14.766 +02:00 [INF] Map "d5c08240-0436-454a-8993-362abf5bc477": window light drew 1/1 beam(s)
2026-05-25 15:37:14.792 +02:00 [INF] Map "d5c08240-0436-454a-8993-362abf5bc477": window light drew 1/1 beam(s)
2026-05-25 15:37:14.819 +02:00 [INF] Map "d5c08240-0436-454a-8993-362abf5bc477": window light drew 1/1 beam(s)
2026-05-25 15:37:14.845 +02:00 [INF] Map "d5c08240-0436-454a-8993-362abf5bc477": window light drew 1/1 beam(s)
2026-05-25 15:37:14.871 +02:00 [INF] Map "d5c08240-0436-454a-8993-362abf5bc477": window light drew 1/1 beam(s)
2026-05-25 15:37:14.909 +02:00 [INF] Map "d5c08240-0436-454a-8993-362abf5bc477": window light drew 1/1 beam(s)
2026-05-25 15:37:14.935 +02:00 [INF] Map "d5c08240-0436-454a-8993-362abf5bc477": window light drew 1/1 beam(s)
2026-05-25 15:37:14.961 +02:00 [INF] Map "d5c08240-0436-454a-8993-362abf5bc477": window light drew 1/1 beam(s)
2026-05-25 15:37:14.987 +02:00 [INF] Map "d5c08240-0436-454a-8993-362abf5bc477": window light drew 1/1 beam(s)
2026-05-25 15:37:15.013 +02:00 [INF] Map "d5c08240-0436-454a-8993-362abf5bc477": window light drew 1/1 beam(s)
2026-05-25 15:37:15.039 +02:00 [INF] Map "d5c08240-0436-454a-8993-362abf5bc477": window light drew 1/1 beam(s)
2026-05-25 15:37:15.065 +02:00 [INF] Map "d5c08240-0436-454a-8993-362abf5bc477": window light drew 1/1 beam(s)
2026-05-25 15:37:15.091 +02:00 [INF] Map "d5c08240-0436-454a-8993-362abf5bc477": window light drew 1/1 beam(s)
2026-05-25 15:37:15.117 +02:00 [INF] Map "d5c08240-0436-454a-8993-362abf5bc477": window light drew 1/1 beam(s)
2026-05-25 15:37:15.155 +02:00 [INF] Map "d5c08240-0436-454a-8993-362abf5bc477": window light drew 1/1 beam(s)
2026-05-25 15:37:15.181 +02:00 [INF] Map "d5c08240-0436-454a-8993-362abf5bc477": window light drew 1/1 beam(s)
2026-05-25 15:37:15.207 +02:00 [INF] Map "d5c08240-0436-454a-8993-362abf5bc477": window light drew 1/1 beam(s)
2026-05-25 15:37:15.232 +02:00 [INF] Map "d5c08240-0436-454a-8993-362abf5bc477": window light drew 1/1 beam(s)
2026-05-25 15:37:15.258 +02:00 [INF] Map "d5c08240-0436-454a-8993-362abf5bc477": window light drew 1/1 beam(s)
2026-05-25 15:37:15.284 +02:00 [INF] Map "d5c08240-0436-454a-8993-362abf5bc477": window light drew 1/1 beam(s)
2026-05-25 15:37:15.309 +02:00 [INF] Map "d5c08240-0436-454a-8993-362abf5bc477": window light drew 1/1 beam(s)
2026-05-25 15:37:15.335 +02:00 [INF] Map "d5c08240-0436-454a-8993-362abf5bc477": window light drew 1/1 beam(s)
2026-05-25 15:37:15.361 +02:00 [INF] Map "d5c08240-0436-454a-8993-362abf5bc477": window light drew 1/1 beam(s)
2026-05-25 15:37:15.399 +02:00 [INF] Map "d5c08240-0436-454a-8993-362abf5bc477": window light drew 1/1 beam(s)
2026-05-25 15:37:15.425 +02:00 [INF] Map "d5c08240-0436-454a-8993-362abf5bc477": window light drew 1/1 beam(s)
2026-05-25 15:37:15.451 +02:00 [INF] Map "d5c08240-0436-454a-8993-362abf5bc477": window light drew 1/1 beam(s)
2026-05-25 15:37:15.478 +02:00 [INF] Map "d5c08240-0436-454a-8993-362abf5bc477": window light drew 1/1 beam(s)
2026-05-25 15:37:15.503 +02:00 [INF] Map "d5c08240-0436-454a-8993-362abf5bc477": window light drew 1/1 beam(s)
2026-05-25 15:37:15.530 +02:00 [INF] Map "d5c08240-0436-454a-8993-362abf5bc477": window light drew 1/1 beam(s)
2026-05-25 15:37:15.555 +02:00 [INF] Map "d5c08240-0436-454a-8993-362abf5bc477": window light drew 1/1 beam(s)
2026-05-25 15:37:15.581 +02:00 [INF] Map "d5c08240-0436-454a-8993-362abf5bc477": window light drew 1/1 beam(s)
2026-05-25 15:37:15.607 +02:00 [INF] Map "d5c08240-0436-454a-8993-362abf5bc477": window light drew 1/1 beam(s)
2026-05-25 15:37:15.646 +02:00 [INF] Map "d5c08240-0436-454a-8993-362abf5bc477": window light drew 1/1 beam(s)
2026-05-25 15:37:15.673 +02:00 [INF] Map "d5c08240-0436-454a-8993-362abf5bc477": window light drew 1/1 beam(s)
2026-05-25 15:37:15.699 +02:00 [INF] Map "d5c08240-0436-454a-8993-362abf5bc477": window light drew 1/1 beam(s)
2026-05-25 15:37:15.725 +02:00 [INF] Map "d5c08240-0436-454a-8993-362abf5bc477": window light drew 1/1 beam(s)
2026-05-25 15:37:15.751 +02:00 [INF] Map "d5c08240-0436-454a-8993-362abf5bc477": window light drew 1/1 beam(s)
2026-05-25 15:37:15.778 +02:00 [INF] Map "d5c08240-0436-454a-8993-362abf5bc477": window light drew 1/1 beam(s)
2026-05-25 15:37:15.804 +02:00 [INF] Map "d5c08240-0436-454a-8993-362abf5bc477": window light drew 1/1 beam(s)
2026-05-25 15:37:15.830 +02:00 [INF] Map "d5c08240-0436-454a-8993-362abf5bc477": window light drew 1/1 beam(s)
2026-05-25 15:37:15.856 +02:00 [INF] Map "d5c08240-0436-454a-8993-362abf5bc477": window light drew 1/1 beam(s)
2026-05-25 15:37:15.896 +02:00 [INF] Map "d5c08240-0436-454a-8993-362abf5bc477": window light drew 1/1 beam(s)
2026-05-25 15:37:15.924 +02:00 [INF] Map "d5c08240-0436-454a-8993-362abf5bc477": window light drew 1/1 beam(s)
2026-05-25 15:37:15.950 +02:00 [INF] Map "d5c08240-0436-454a-8993-362abf5bc477": window light drew 1/1 beam(s)
2026-05-25 15:37:15.977 +02:00 [INF] Map "d5c08240-0436-454a-8993-362abf5bc477": window light drew 1/1 beam(s)
2026-05-25 15:37:16.003 +02:00 [INF] Map "d5c08240-0436-454a-8993-362abf5bc477": window light drew 1/1 beam(s)
2026-05-25 15:37:16.029 +02:00 [INF] Map "d5c08240-0436-454a-8993-362abf5bc477": window light drew 1/1 beam(s)
2026-05-25 15:37:16.056 +02:00 [INF] Map "d5c08240-0436-454a-8993-362abf5bc477": window light drew 1/1 beam(s)
2026-05-25 15:37:16.082 +02:00 [INF] Map "d5c08240-0436-454a-8993-362abf5bc477": window light drew 1/1 beam(s)
2026-05-25 15:37:16.112 +02:00 [INF] Map "d5c08240-0436-454a-8993-362abf5bc477": window light drew 1/1 beam(s)
2026-05-25 15:37:16.151 +02:00 [INF] Map "d5c08240-0436-454a-8993-362abf5bc477": window light drew 1/1 beam(s)
2026-05-25 15:37:16.178 +02:00 [INF] Map "d5c08240-0436-454a-8993-362abf5bc477": window light drew 1/1 beam(s)
2026-05-25 15:37:16.204 +02:00 [INF] Map "d5c08240-0436-454a-8993-362abf5bc477": window light drew 1/1 beam(s)
2026-05-25 15:37:16.231 +02:00 [INF] Map "d5c08240-0436-454a-8993-362abf5bc477": window light drew 1/1 beam(s)
2026-05-25 15:37:16.258 +02:00 [INF] Map "d5c08240-0436-454a-8993-362abf5bc477": window light drew 1/1 beam(s)
2026-05-25 15:37:16.286 +02:00 [INF] Map "d5c08240-0436-454a-8993-362abf5bc477": window light drew 1/1 beam(s)
2026-05-25 15:37:16.315 +02:00 [INF] Map "d5c08240-0436-454a-8993-362abf5bc477": window light drew 1/1 beam(s)
2026-05-25 15:37:16.342 +02:00 [INF] Map "d5c08240-0436-454a-8993-362abf5bc477": window light drew 1/1 beam(s)
2026-05-25 15:37:16.368 +02:00 [INF] Map "d5c08240-0436-454a-8993-362abf5bc477": window light drew 1/1 beam(s)
2026-05-25 15:37:16.407 +02:00 [INF] Map "d5c08240-0436-454a-8993-362abf5bc477": window light drew 1/1 beam(s)
2026-05-25 15:37:16.433 +02:00 [INF] Map "d5c08240-0436-454a-8993-362abf5bc477": window light drew 1/1 beam(s)
2026-05-25 15:37:16.460 +02:00 [INF] Map "d5c08240-0436-454a-8993-362abf5bc477": window light drew 1/1 beam(s)
2026-05-25 15:37:16.486 +02:00 [INF] Map "d5c08240-0436-454a-8993-362abf5bc477": window light drew 1/1 beam(s)
2026-05-25 15:37:16.513 +02:00 [INF] Map "d5c08240-0436-454a-8993-362abf5bc477": window light drew 1/1 beam(s)
2026-05-25 15:37:16.541 +02:00 [INF] Map "d5c08240-0436-454a-8993-362abf5bc477": window light drew 1/1 beam(s)
2026-05-25 15:37:16.568 +02:00 [INF] Map "d5c08240-0436-454a-8993-362abf5bc477": window light drew 1/1 beam(s)
2026-05-25 15:37:16.595 +02:00 [INF] Map "d5c08240-0436-454a-8993-362abf5bc477": window light drew 1/1 beam(s)
2026-05-25 15:37:16.622 +02:00 [INF] Map "d5c08240-0436-454a-8993-362abf5bc477": window light drew 1/1 beam(s)
2026-05-25 15:37:16.662 +02:00 [INF] Map "d5c08240-0436-454a-8993-362abf5bc477": window light drew 1/1 beam(s)
2026-05-25 15:37:16.688 +02:00 [INF] Map "d5c08240-0436-454a-8993-362abf5bc477": window light drew 1/1 beam(s)
2026-05-25 15:37:16.715 +02:00 [INF] Map "d5c08240-0436-454a-8993-362abf5bc477": window light drew 1/1 beam(s)
2026-05-25 15:37:16.743 +02:00 [INF] Map "d5c08240-0436-454a-8993-362abf5bc477": window light drew 1/1 beam(s)
2026-05-25 15:37:16.770 +02:00 [INF] Map "d5c08240-0436-454a-8993-362abf5bc477": window light drew 1/1 beam(s)
2026-05-25 15:37:16.797 +02:00 [INF] Map "d5c08240-0436-454a-8993-362abf5bc477": window light drew 1/1 beam(s)
2026-05-25 15:37:16.824 +02:00 [INF] Map "d5c08240-0436-454a-8993-362abf5bc477": window light drew 1/1 beam(s)
2026-05-25 15:37:16.850 +02:00 [INF] Map "d5c08240-0436-454a-8993-362abf5bc477": window light drew 1/1 beam(s)
2026-05-25 15:37:16.877 +02:00 [INF] Map "d5c08240-0436-454a-8993-362abf5bc477": window light drew 1/1 beam(s)
2026-05-25 15:37:16.917 +02:00 [INF] Map "d5c08240-0436-454a-8993-362abf5bc477": window light drew 1/1 beam(s)
2026-05-25 15:37:16.944 +02:00 [INF] Map "d5c08240-0436-454a-8993-362abf5bc477": window light drew 1/1 beam(s)
2026-05-25 15:37:16.970 +02:00 [INF] Map "d5c08240-0436-454a-8993-362abf5bc477": window light drew 1/1 beam(s)
2026-05-25 15:37:16.997 +02:00 [INF] Map "d5c08240-0436-454a-8993-362abf5bc477": window light drew 1/1 beam(s)
2026-05-25 15:37:17.024 +02:00 [INF] Map "d5c08240-0436-454a-8993-362abf5bc477": window light drew 1/1 beam(s)
2026-05-25 15:37:17.051 +02:00 [INF] Map "d5c08240-0436-454a-8993-362abf5bc477": window light drew 1/1 beam(s)
2026-05-25 15:37:17.078 +02:00 [INF] Map "d5c08240-0436-454a-8993-362abf5bc477": window light drew 1/1 beam(s)
2026-05-25 15:37:17.105 +02:00 [INF] Map "d5c08240-0436-454a-8993-362abf5bc477": window light drew 1/1 beam(s)
2026-05-25 15:37:17.134 +02:00 [INF] Map "d5c08240-0436-454a-8993-362abf5bc477": window light drew 1/1 beam(s)
2026-05-25 15:37:17.174 +02:00 [INF] Map "d5c08240-0436-454a-8993-362abf5bc477": window light drew 1/1 beam(s)
2026-05-25 15:37:17.201 +02:00 [INF] Map "d5c08240-0436-454a-8993-362abf5bc477": window light drew 1/1 beam(s)
2026-05-25 15:37:17.229 +02:00 [INF] Map "d5c08240-0436-454a-8993-362abf5bc477": window light drew 1/1 beam(s)
2026-05-25 15:37:17.256 +02:00 [INF] Map "d5c08240-0436-454a-8993-362abf5bc477": window light drew 1/1 beam(s)
2026-05-25 15:37:17.282 +02:00 [INF] Map "d5c08240-0436-454a-8993-362abf5bc477": window light drew 1/1 beam(s)
2026-05-25 15:37:17.311 +02:00 [INF] Map "d5c08240-0436-454a-8993-362abf5bc477": window light drew 1/1 beam(s)
2026-05-25 15:37:17.340 +02:00 [INF] Map "d5c08240-0436-454a-8993-362abf5bc477": window light drew 1/1 beam(s)
2026-05-25 15:37:17.367 +02:00 [INF] Map "d5c08240-0436-454a-8993-362abf5bc477": window light drew 1/1 beam(s)
2026-05-25 15:37:17.394 +02:00 [INF] Map "d5c08240-0436-454a-8993-362abf5bc477": window light drew 1/1 beam(s)
2026-05-25 15:37:17.433 +02:00 [INF] Map "d5c08240-0436-454a-8993-362abf5bc477": window light drew 1/1 beam(s)
2026-05-25 15:37:17.459 +02:00 [INF] Map "d5c08240-0436-454a-8993-362abf5bc477": window light drew 1/1 beam(s)
2026-05-25 15:37:17.485 +02:00 [INF] Map "d5c08240-0436-454a-8993-362abf5bc477": window light drew 1/1 beam(s)
2026-05-25 15:37:17.512 +02:00 [INF] Map "d5c08240-0436-454a-8993-362abf5bc477": window light drew 1/1 beam(s)
2026-05-25 15:37:17.538 +02:00 [INF] Map "d5c08240-0436-454a-8993-362abf5bc477": window light drew 1/1 beam(s)
2026-05-25 15:37:17.564 +02:00 [INF] Map "d5c08240-0436-454a-8993-362abf5bc477": window light drew 1/1 beam(s)
2026-05-25 15:37:17.590 +02:00 [INF] Map "d5c08240-0436-454a-8993-362abf5bc477": window light drew 1/1 beam(s)
2026-05-25 15:37:17.616 +02:00 [INF] Map "d5c08240-0436-454a-8993-362abf5bc477": window light drew 1/1 beam(s)
2026-05-25 15:37:17.641 +02:00 [INF] Map "d5c08240-0436-454a-8993-362abf5bc477": window light drew 1/1 beam(s)
2026-05-25 15:37:17.680 +02:00 [INF] Map "d5c08240-0436-454a-8993-362abf5bc477": window light drew 1/1 beam(s)
2026-05-25 15:37:17.705 +02:00 [INF] Map "d5c08240-0436-454a-8993-362abf5bc477": window light drew 1/1 beam(s)
2026-05-25 15:37:17.730 +02:00 [INF] Map "d5c08240-0436-454a-8993-362abf5bc477": window light drew 1/1 beam(s)
2026-05-25 15:37:17.756 +02:00 [INF] Map "d5c08240-0436-454a-8993-362abf5bc477": window light drew 1/1 beam(s)
2026-05-25 15:37:17.782 +02:00 [INF] Map "d5c08240-0436-454a-8993-362abf5bc477": window light drew 1/1 beam(s)
2026-05-25 15:37:17.807 +02:00 [INF] Map "d5c08240-0436-454a-8993-362abf5bc477": window light drew 1/1 beam(s)
2026-05-25 15:37:17.832 +02:00 [INF] Map "d5c08240-0436-454a-8993-362abf5bc477": window light drew 1/1 beam(s)
2026-05-25 15:37:17.858 +02:00 [INF] Map "d5c08240-0436-454a-8993-362abf5bc477": window light drew 1/1 beam(s)
2026-05-25 15:37:17.883 +02:00 [INF] Map "d5c08240-0436-454a-8993-362abf5bc477": window light drew 1/1 beam(s)
2026-05-25 15:37:17.922 +02:00 [INF] Map "d5c08240-0436-454a-8993-362abf5bc477": window light drew 1/1 beam(s)
2026-05-25 15:37:17.948 +02:00 [INF] Map "d5c08240-0436-454a-8993-362abf5bc477": window light drew 1/1 beam(s)
2026-05-25 15:37:17.974 +02:00 [INF] Map "d5c08240-0436-454a-8993-362abf5bc477": window light drew 1/1 beam(s)
2026-05-25 15:37:17.999 +02:00 [INF] Map "d5c08240-0436-454a-8993-362abf5bc477": window light drew 1/1 beam(s)
2026-05-25 15:37:18.025 +02:00 [INF] Map "d5c08240-0436-454a-8993-362abf5bc477": window light drew 1/1 beam(s)
2026-05-25 15:37:18.051 +02:00 [INF] Map "d5c08240-0436-454a-8993-362abf5bc477": window light drew 1/1 beam(s)
2026-05-25 15:37:18.077 +02:00 [INF] Map "d5c08240-0436-454a-8993-362abf5bc477": window light drew 1/1 beam(s)
2026-05-25 15:37:18.103 +02:00 [INF] Map "d5c08240-0436-454a-8993-362abf5bc477": window light drew 1/1 beam(s)
2026-05-25 15:37:18.129 +02:00 [INF] Map "d5c08240-0436-454a-8993-362abf5bc477": window light drew 1/1 beam(s)
2026-05-25 15:37:18.167 +02:00 [INF] Map "d5c08240-0436-454a-8993-362abf5bc477": window light drew 1/1 beam(s)
2026-05-25 15:37:18.193 +02:00 [INF] Map "d5c08240-0436-454a-8993-362abf5bc477": window light drew 1/1 beam(s)
2026-05-25 15:37:18.219 +02:00 [INF] Map "d5c08240-0436-454a-8993-362abf5bc477": window light drew 1/1 beam(s)
2026-05-25 15:37:18.244 +02:00 [INF] Map "d5c08240-0436-454a-8993-362abf5bc477": window light drew 1/1 beam(s)
2026-05-25 15:37:18.270 +02:00 [INF] Map "d5c08240-0436-454a-8993-362abf5bc477": window light drew 1/1 beam(s)
2026-05-25 15:37:18.296 +02:00 [INF] Map "d5c08240-0436-454a-8993-362abf5bc477": window light drew 1/1 beam(s)
2026-05-25 15:37:18.322 +02:00 [INF] Map "d5c08240-0436-454a-8993-362abf5bc477": window light drew 1/1 beam(s)
2026-05-25 15:37:18.348 +02:00 [INF] Map "d5c08240-0436-454a-8993-362abf5bc477": window light drew 1/1 beam(s)
2026-05-25 15:37:18.373 +02:00 [INF] Map "d5c08240-0436-454a-8993-362abf5bc477": window light drew 1/1 beam(s)
2026-05-25 15:37:18.412 +02:00 [INF] Map "d5c08240-0436-454a-8993-362abf5bc477": window light drew 1/1 beam(s)
2026-05-25 15:37:18.438 +02:00 [INF] Map "d5c08240-0436-454a-8993-362abf5bc477": window light drew 1/1 beam(s)
2026-05-25 15:37:18.463 +02:00 [INF] Map "d5c08240-0436-454a-8993-362abf5bc477": window light drew 1/1 beam(s)
2026-05-25 15:37:18.489 +02:00 [INF] Map "d5c08240-0436-454a-8993-362abf5bc477": window light drew 1/1 beam(s)
2026-05-25 15:37:18.515 +02:00 [INF] Map "d5c08240-0436-454a-8993-362abf5bc477": window light drew 1/1 beam(s)
2026-05-25 15:37:18.541 +02:00 [INF] Map "d5c08240-0436-454a-8993-362abf5bc477": window light drew 1/1 beam(s)
2026-05-25 15:37:18.567 +02:00 [INF] Map "d5c08240-0436-454a-8993-362abf5bc477": window light drew 1/1 beam(s)
2026-05-25 15:37:18.593 +02:00 [INF] Map "d5c08240-0436-454a-8993-362abf5bc477": window light drew 1/1 beam(s)
2026-05-25 15:37:18.619 +02:00 [INF] Map "d5c08240-0436-454a-8993-362abf5bc477": window light drew 1/1 beam(s)
2026-05-25 15:37:18.657 +02:00 [INF] Map "d5c08240-0436-454a-8993-362abf5bc477": window light drew 1/1 beam(s)
2026-05-25 15:37:18.683 +02:00 [INF] Map "d5c08240-0436-454a-8993-362abf5bc477": window light drew 1/1 beam(s)
2026-05-25 15:37:18.708 +02:00 [INF] Map "d5c08240-0436-454a-8993-362abf5bc477": window light drew 1/1 beam(s)
2026-05-25 15:37:18.734 +02:00 [INF] Map "d5c08240-0436-454a-8993-362abf5bc477": window light drew 1/1 beam(s)
2026-05-25 15:37:18.760 +02:00 [INF] Map "d5c08240-0436-454a-8993-362abf5bc477": window light drew 1/1 beam(s)
2026-05-25 15:37:18.785 +02:00 [INF] Map "d5c08240-0436-454a-8993-362abf5bc477": window light drew 1/1 beam(s)
2026-05-25 15:37:18.811 +02:00 [INF] Map "d5c08240-0436-454a-8993-362abf5bc477": window light drew 1/1 beam(s)
2026-05-25 15:37:18.837 +02:00 [INF] Map "d5c08240-0436-454a-8993-362abf5bc477": window light drew 1/1 beam(s)
2026-05-25 15:37:18.863 +02:00 [INF] Map "d5c08240-0436-454a-8993-362abf5bc477": window light drew 1/1 beam(s)
2026-05-25 15:37:18.902 +02:00 [INF] Map "d5c08240-0436-454a-8993-362abf5bc477": window light drew 1/1 beam(s)
2026-05-25 15:37:18.928 +02:00 [INF] Map "d5c08240-0436-454a-8993-362abf5bc477": window light drew 1/1 beam(s)
2026-05-25 15:37:18.953 +02:00 [INF] Map "d5c08240-0436-454a-8993-362abf5bc477": window light drew 1/1 beam(s)
2026-05-25 15:37:18.979 +02:00 [INF] Map "d5c08240-0436-454a-8993-362abf5bc477": window light drew 1/1 beam(s)
2026-05-25 15:37:19.004 +02:00 [INF] Map "d5c08240-0436-454a-8993-362abf5bc477": window light drew 1/1 beam(s)
2026-05-25 15:37:19.030 +02:00 [INF] Map "d5c08240-0436-454a-8993-362abf5bc477": window light drew 1/1 beam(s)
2026-05-25 15:37:19.056 +02:00 [INF] Map "d5c08240-0436-454a-8993-362abf5bc477": window light drew 1/1 beam(s)
2026-05-25 15:37:19.082 +02:00 [INF] Map "d5c08240-0436-454a-8993-362abf5bc477": window light drew 1/1 beam(s)
2026-05-25 15:37:19.108 +02:00 [INF] Map "d5c08240-0436-454a-8993-362abf5bc477": window light drew 1/1 beam(s)
2026-05-25 15:37:19.168 +02:00 [INF] Map "d5c08240-0436-454a-8993-362abf5bc477": window light drew 1/1 beam(s)
2026-05-25 15:37:19.216 +02:00 [INF] Map "d5c08240-0436-454a-8993-362abf5bc477": window light drew 1/1 beam(s)
2026-05-25 15:37:19.263 +02:00 [INF] Map "d5c08240-0436-454a-8993-362abf5bc477": window light drew 1/1 beam(s)
2026-05-25 15:37:19.309 +02:00 [INF] Map "d5c08240-0436-454a-8993-362abf5bc477": window light drew 1/1 beam(s)
2026-05-25 15:37:19.355 +02:00 [INF] Map "d5c08240-0436-454a-8993-362abf5bc477": window light drew 1/1 beam(s)
2026-05-25 15:37:19.402 +02:00 [INF] Map "d5c08240-0436-454a-8993-362abf5bc477": window light drew 1/1 beam(s)
2026-05-25 15:37:19.448 +02:00 [INF] Map "d5c08240-0436-454a-8993-362abf5bc477": window light drew 1/1 beam(s)
2026-05-25 15:37:19.494 +02:00 [INF] Map "d5c08240-0436-454a-8993-362abf5bc477": window light drew 1/1 beam(s)
2026-05-25 15:37:19.540 +02:00 [INF] Map "d5c08240-0436-454a-8993-362abf5bc477": window light drew 1/1 beam(s)
2026-05-25 15:37:19.600 +02:00 [INF] Map "d5c08240-0436-454a-8993-362abf5bc477": window light drew 1/1 beam(s)
2026-05-25 15:37:19.647 +02:00 [INF] Map "d5c08240-0436-454a-8993-362abf5bc477": window light drew 1/1 beam(s)
2026-05-25 15:37:19.693 +02:00 [INF] Map "d5c08240-0436-454a-8993-362abf5bc477": window light drew 1/1 beam(s)
2026-05-25 15:37:19.739 +02:00 [INF] Map "d5c08240-0436-454a-8993-362abf5bc477": window light drew 1/1 beam(s)
2026-05-25 15:37:19.786 +02:00 [INF] Map "d5c08240-0436-454a-8993-362abf5bc477": window light drew 1/1 beam(s)
2026-05-25 15:37:19.832 +02:00 [INF] Map "d5c08240-0436-454a-8993-362abf5bc477": window light drew 1/1 beam(s)
2026-05-25 15:37:19.879 +02:00 [INF] Map "d5c08240-0436-454a-8993-362abf5bc477": window light drew 1/1 beam(s)
2026-05-25 15:37:19.924 +02:00 [INF] Map "d5c08240-0436-454a-8993-362abf5bc477": window light drew 1/1 beam(s)
2026-05-25 15:37:19.972 +02:00 [INF] Map "d5c08240-0436-454a-8993-362abf5bc477": window light drew 1/1 beam(s)
2026-05-25 15:37:20.032 +02:00 [INF] Map "d5c08240-0436-454a-8993-362abf5bc477": window light drew 1/1 beam(s)
2026-05-25 15:37:20.079 +02:00 [INF] Map "d5c08240-0436-454a-8993-362abf5bc477": window light drew 1/1 beam(s)
2026-05-25 15:37:20.126 +02:00 [INF] Map "d5c08240-0436-454a-8993-362abf5bc477": window light drew 1/1 beam(s)
2026-05-25 15:37:20.172 +02:00 [INF] Map "d5c08240-0436-454a-8993-362abf5bc477": window light drew 1/1 beam(s)
2026-05-25 15:37:20.220 +02:00 [INF] Map "d5c08240-0436-454a-8993-362abf5bc477": window light drew 1/1 beam(s)
2026-05-25 15:37:20.267 +02:00 [INF] Map "d5c08240-0436-454a-8993-362abf5bc477": window light drew 1/1 beam(s)
2026-05-25 15:37:20.315 +02:00 [INF] Map "d5c08240-0436-454a-8993-362abf5bc477": window light drew 1/1 beam(s)
2026-05-25 15:37:20.362 +02:00 [INF] Map "d5c08240-0436-454a-8993-362abf5bc477": window light drew 1/1 beam(s)
2026-05-25 15:37:20.408 +02:00 [INF] Map "d5c08240-0436-454a-8993-362abf5bc477": window light drew 1/1 beam(s)
2026-05-25 15:37:20.468 +02:00 [INF] Map "d5c08240-0436-454a-8993-362abf5bc477": window light drew 1/1 beam(s)
2026-05-25 15:37:20.515 +02:00 [INF] Map "d5c08240-0436-454a-8993-362abf5bc477": window light drew 1/1 beam(s)
2026-05-25 15:37:20.562 +02:00 [INF] Map "d5c08240-0436-454a-8993-362abf5bc477": window light drew 1/1 beam(s)
2026-05-25 15:37:20.608 +02:00 [INF] Map "d5c08240-0436-454a-8993-362abf5bc477": window light drew 1/1 beam(s)
2026-05-25 15:37:20.654 +02:00 [INF] Map "d5c08240-0436-454a-8993-362abf5bc477": window light drew 1/1 beam(s)
2026-05-25 15:37:20.701 +02:00 [INF] Map "d5c08240-0436-454a-8993-362abf5bc477": window light drew 1/1 beam(s)
2026-05-25 15:37:20.748 +02:00 [INF] Map "d5c08240-0436-454a-8993-362abf5bc477": window light drew 1/1 beam(s)
2026-05-25 15:37:20.794 +02:00 [INF] Map "d5c08240-0436-454a-8993-362abf5bc477": window light drew 1/1 beam(s)
2026-05-25 15:37:20.841 +02:00 [INF] Map "d5c08240-0436-454a-8993-362abf5bc477": window light drew 1/1 beam(s)
2026-05-25 15:37:20.900 +02:00 [INF] Map "d5c08240-0436-454a-8993-362abf5bc477": window light drew 1/1 beam(s)
2026-05-25 15:37:20.947 +02:00 [INF] Map "d5c08240-0436-454a-8993-362abf5bc477": window light drew 1/1 beam(s)
2026-05-25 15:37:20.993 +02:00 [INF] Map "d5c08240-0436-454a-8993-362abf5bc477": window light drew 1/1 beam(s)
2026-05-25 15:37:21.040 +02:00 [INF] Map "d5c08240-0436-454a-8993-362abf5bc477": window light drew 1/1 beam(s)
2026-05-25 15:37:21.087 +02:00 [INF] Map "d5c08240-0436-454a-8993-362abf5bc477": window light drew 1/1 beam(s)
2026-05-25 15:37:21.134 +02:00 [INF] Map "d5c08240-0436-454a-8993-362abf5bc477": window light drew 1/1 beam(s)
2026-05-25 15:37:21.181 +02:00 [INF] Map "d5c08240-0436-454a-8993-362abf5bc477": window light drew 1/1 beam(s)
2026-05-25 15:37:21.227 +02:00 [INF] Map "d5c08240-0436-454a-8993-362abf5bc477": window light drew 1/1 beam(s)
2026-05-25 15:37:21.274 +02:00 [INF] Map "d5c08240-0436-454a-8993-362abf5bc477": window light drew 1/1 beam(s)
2026-05-25 15:37:21.333 +02:00 [INF] Map "d5c08240-0436-454a-8993-362abf5bc477": window light drew 1/1 beam(s)
2026-05-25 15:37:21.380 +02:00 [INF] Map "d5c08240-0436-454a-8993-362abf5bc477": window light drew 1/1 beam(s)
2026-05-25 15:37:21.426 +02:00 [INF] Map "d5c08240-0436-454a-8993-362abf5bc477": window light drew 1/1 beam(s)
2026-05-25 15:37:21.472 +02:00 [INF] Map "d5c08240-0436-454a-8993-362abf5bc477": window light drew 1/1 beam(s)
2026-05-25 15:37:21.519 +02:00 [INF] Map "d5c08240-0436-454a-8993-362abf5bc477": window light drew 1/1 beam(s)
2026-05-25 15:37:21.565 +02:00 [INF] Map "d5c08240-0436-454a-8993-362abf5bc477": window light drew 1/1 beam(s)
2026-05-25 15:37:21.612 +02:00 [INF] Map "d5c08240-0436-454a-8993-362abf5bc477": window light drew 1/1 beam(s)
2026-05-25 15:37:21.659 +02:00 [INF] Map "d5c08240-0436-454a-8993-362abf5bc477": window light drew 1/1 beam(s)
2026-05-25 15:37:21.705 +02:00 [INF] Map "d5c08240-0436-454a-8993-362abf5bc477": window light drew 1/1 beam(s)
2026-05-25 15:37:21.764 +02:00 [INF] Map "d5c08240-0436-454a-8993-362abf5bc477": window light drew 1/1 beam(s)
2026-05-25 15:37:21.811 +02:00 [INF] Map "d5c08240-0436-454a-8993-362abf5bc477": window light drew 1/1 beam(s)
2026-05-25 15:37:21.857 +02:00 [INF] Map "d5c08240-0436-454a-8993-362abf5bc477": window light drew 1/1 beam(s)
2026-05-25 15:37:21.904 +02:00 [INF] Map "d5c08240-0436-454a-8993-362abf5bc477": window light drew 1/1 beam(s)
2026-05-25 15:37:21.950 +02:00 [INF] Map "d5c08240-0436-454a-8993-362abf5bc477": window light drew 1/1 beam(s)
2026-05-25 15:37:21.997 +02:00 [INF] Map "d5c08240-0436-454a-8993-362abf5bc477": window light drew 1/1 beam(s)
2026-05-25 15:37:22.043 +02:00 [INF] Map "d5c08240-0436-454a-8993-362abf5bc477": window light drew 1/1 beam(s)
2026-05-25 15:37:22.090 +02:00 [INF] Map "d5c08240-0436-454a-8993-362abf5bc477": window light drew 1/1 beam(s)
2026-05-25 15:37:22.137 +02:00 [INF] Map "d5c08240-0436-454a-8993-362abf5bc477": window light drew 1/1 beam(s)
2026-05-25 15:37:22.195 +02:00 [INF] Map "d5c08240-0436-454a-8993-362abf5bc477": window light drew 1/1 beam(s)
2026-05-25 15:37:22.242 +02:00 [INF] Map "d5c08240-0436-454a-8993-362abf5bc477": window light drew 1/1 beam(s)
2026-05-25 15:37:22.289 +02:00 [INF] Map "d5c08240-0436-454a-8993-362abf5bc477": window light drew 1/1 beam(s)
2026-05-25 15:37:22.335 +02:00 [INF] Map "d5c08240-0436-454a-8993-362abf5bc477": window light drew 1/1 beam(s)
2026-05-25 15:37:22.382 +02:00 [INF] Map "d5c08240-0436-454a-8993-362abf5bc477": window light drew 1/1 beam(s)
2026-05-25 15:37:22.428 +02:00 [INF] Map "d5c08240-0436-454a-8993-362abf5bc477": window light drew 1/1 beam(s)
2026-05-25 15:37:22.475 +02:00 [INF] Map "d5c08240-0436-454a-8993-362abf5bc477": window light drew 1/1 beam(s)
2026-05-25 15:37:22.522 +02:00 [INF] Map "d5c08240-0436-454a-8993-362abf5bc477": window light drew 1/1 beam(s)
2026-05-25 15:37:22.568 +02:00 [INF] Map "d5c08240-0436-454a-8993-362abf5bc477": window light drew 1/1 beam(s)
2026-05-25 15:37:22.628 +02:00 [INF] Map "d5c08240-0436-454a-8993-362abf5bc477": window light drew 1/1 beam(s)
2026-05-25 15:37:22.675 +02:00 [INF] Map "d5c08240-0436-454a-8993-362abf5bc477": window light drew 1/1 beam(s)
2026-05-25 15:37:22.721 +02:00 [INF] Map "d5c08240-0436-454a-8993-362abf5bc477": window light drew 1/1 beam(s)
2026-05-25 15:37:22.767 +02:00 [INF] Map "d5c08240-0436-454a-8993-362abf5bc477": window light drew 1/1 beam(s)
2026-05-25 15:37:22.814 +02:00 [INF] Map "d5c08240-0436-454a-8993-362abf5bc477": window light drew 1/1 beam(s)
2026-05-25 15:37:22.862 +02:00 [INF] Map "d5c08240-0436-454a-8993-362abf5bc477": window light drew 1/1 beam(s)
2026-05-25 15:37:22.909 +02:00 [INF] Map "d5c08240-0436-454a-8993-362abf5bc477": window light drew 1/1 beam(s)
2026-05-25 15:37:22.956 +02:00 [INF] Map "d5c08240-0436-454a-8993-362abf5bc477": window light drew 1/1 beam(s)
2026-05-25 15:37:23.002 +02:00 [INF] Map "d5c08240-0436-454a-8993-362abf5bc477": window light drew 1/1 beam(s)
2026-05-25 15:37:23.061 +02:00 [INF] Map "d5c08240-0436-454a-8993-362abf5bc477": window light drew 1/1 beam(s)
2026-05-25 15:37:23.109 +02:00 [INF] Map "d5c08240-0436-454a-8993-362abf5bc477": window light drew 1/1 beam(s)
2026-05-25 15:37:23.157 +02:00 [INF] Map "d5c08240-0436-454a-8993-362abf5bc477": window light drew 1/1 beam(s)
2026-05-25 15:37:23.203 +02:00 [INF] Map "d5c08240-0436-454a-8993-362abf5bc477": window light drew 1/1 beam(s)
2026-05-25 15:37:23.250 +02:00 [INF] Map "d5c08240-0436-454a-8993-362abf5bc477": window light drew 1/1 beam(s)
2026-05-25 15:37:23.297 +02:00 [INF] Map "d5c08240-0436-454a-8993-362abf5bc477": window light drew 1/1 beam(s)
2026-05-25 15:37:23.344 +02:00 [INF] Map "d5c08240-0436-454a-8993-362abf5bc477": window light drew 1/1 beam(s)
2026-05-25 15:37:23.391 +02:00 [INF] Map "d5c08240-0436-454a-8993-362abf5bc477": window light drew 1/1 beam(s)
2026-05-25 15:37:23.439 +02:00 [INF] Map "d5c08240-0436-454a-8993-362abf5bc477": window light drew 1/1 beam(s)
2026-05-25 15:37:23.498 +02:00 [INF] Map "d5c08240-0436-454a-8993-362abf5bc477": window light drew 1/1 beam(s)
2026-05-25 15:37:23.544 +02:00 [INF] Map "d5c08240-0436-454a-8993-362abf5bc477": window light drew 1/1 beam(s)
2026-05-25 15:37:23.590 +02:00 [INF] Map "d5c08240-0436-454a-8993-362abf5bc477": window light drew 1/1 beam(s)
2026-05-25 15:37:23.636 +02:00 [INF] Map "d5c08240-0436-454a-8993-362abf5bc477": window light drew 1/1 beam(s)
2026-05-25 15:37:23.682 +02:00 [INF] Map "d5c08240-0436-454a-8993-362abf5bc477": window light drew 1/1 beam(s)
2026-05-25 15:37:23.729 +02:00 [INF] Map "d5c08240-0436-454a-8993-362abf5bc477": window light drew 1/1 beam(s)
2026-05-25 15:37:23.776 +02:00 [INF] Map "d5c08240-0436-454a-8993-362abf5bc477": window light drew 1/1 beam(s)
2026-05-25 15:37:23.823 +02:00 [INF] Map "d5c08240-0436-454a-8993-362abf5bc477": window light drew 1/1 beam(s)
2026-05-25 15:37:23.869 +02:00 [INF] Map "d5c08240-0436-454a-8993-362abf5bc477": window light drew 1/1 beam(s)
2026-05-25 15:37:23.928 +02:00 [INF] Map "d5c08240-0436-454a-8993-362abf5bc477": window light drew 1/1 beam(s)
2026-05-25 15:37:23.975 +02:00 [INF] Map "d5c08240-0436-454a-8993-362abf5bc477": window light drew 1/1 beam(s)
2026-05-25 15:37:24.022 +02:00 [INF] Map "d5c08240-0436-454a-8993-362abf5bc477": window light drew 1/1 beam(s)
2026-05-25 15:37:24.068 +02:00 [INF] Map "d5c08240-0436-454a-8993-362abf5bc477": window light drew 1/1 beam(s)
2026-05-25 15:37:24.116 +02:00 [INF] Map "d5c08240-0436-454a-8993-362abf5bc477": window light drew 1/1 beam(s)
2026-05-25 15:37:24.163 +02:00 [INF] Map "d5c08240-0436-454a-8993-362abf5bc477": window light drew 1/1 beam(s)
2026-05-25 15:37:24.210 +02:00 [INF] Map "d5c08240-0436-454a-8993-362abf5bc477": window light drew 1/1 beam(s)
2026-05-25 15:37:24.257 +02:00 [INF] Map "d5c08240-0436-454a-8993-362abf5bc477": window light drew 1/1 beam(s)
2026-05-25 15:37:24.303 +02:00 [INF] Map "d5c08240-0436-454a-8993-362abf5bc477": window light drew 1/1 beam(s)
2026-05-25 15:37:24.362 +02:00 [INF] Map "d5c08240-0436-454a-8993-362abf5bc477": window light drew 1/1 beam(s)
2026-05-25 15:37:24.409 +02:00 [INF] Map "d5c08240-0436-454a-8993-362abf5bc477": window light drew 1/1 beam(s)
2026-05-25 15:37:24.459 +02:00 [INF] Map "d5c08240-0436-454a-8993-362abf5bc477": window light drew 1/1 beam(s)
2026-05-25 15:37:24.506 +02:00 [INF] Map "d5c08240-0436-454a-8993-362abf5bc477": window light drew 1/1 beam(s)
2026-05-25 15:37:24.552 +02:00 [INF] Map "d5c08240-0436-454a-8993-362abf5bc477": window light drew 1/1 beam(s)
2026-05-25 15:37:24.599 +02:00 [INF] Map "d5c08240-0436-454a-8993-362abf5bc477": window light drew 1/1 beam(s)
2026-05-25 15:37:24.647 +02:00 [INF] Map "d5c08240-0436-454a-8993-362abf5bc477": window light drew 1/1 beam(s)
2026-05-25 15:37:24.694 +02:00 [INF] Map "d5c08240-0436-454a-8993-362abf5bc477": window light drew 1/1 beam(s)
2026-05-25 15:37:24.740 +02:00 [INF] Map "d5c08240-0436-454a-8993-362abf5bc477": window light drew 1/1 beam(s)
2026-05-25 15:37:24.800 +02:00 [INF] Map "d5c08240-0436-454a-8993-362abf5bc477": window light drew 1/1 beam(s)
2026-05-25 15:37:24.848 +02:00 [INF] Map "d5c08240-0436-454a-8993-362abf5bc477": window light drew 1/1 beam(s)
2026-05-25 15:37:24.895 +02:00 [INF] Map "d5c08240-0436-454a-8993-362abf5bc477": window light drew 1/1 beam(s)
2026-05-25 15:37:24.942 +02:00 [INF] Map "d5c08240-0436-454a-8993-362abf5bc477": window light drew 1/1 beam(s)
2026-05-25 15:37:24.989 +02:00 [INF] Map "d5c08240-0436-454a-8993-362abf5bc477": window light drew 1/1 beam(s)
2026-05-25 15:37:25.036 +02:00 [INF] Map "d5c08240-0436-454a-8993-362abf5bc477": window light drew 1/1 beam(s)
2026-05-25 15:37:25.082 +02:00 [INF] Map "d5c08240-0436-454a-8993-362abf5bc477": window light drew 1/1 beam(s)
2026-05-25 15:37:25.129 +02:00 [INF] Map "d5c08240-0436-454a-8993-362abf5bc477": window light drew 1/1 beam(s)
2026-05-25 15:37:25.176 +02:00 [INF] Map "d5c08240-0436-454a-8993-362abf5bc477": window light drew 1/1 beam(s)
2026-05-25 15:37:25.235 +02:00 [INF] Map "d5c08240-0436-454a-8993-362abf5bc477": window light drew 1/1 beam(s)
2026-05-25 15:37:25.282 +02:00 [INF] Map "d5c08240-0436-454a-8993-362abf5bc477": window light drew 1/1 beam(s)
2026-05-25 15:37:25.329 +02:00 [INF] Map "d5c08240-0436-454a-8993-362abf5bc477": window light drew 1/1 beam(s)
2026-05-25 15:37:25.376 +02:00 [INF] Map "d5c08240-0436-454a-8993-362abf5bc477": window light drew 1/1 beam(s)
2026-05-25 15:37:25.422 +02:00 [INF] Map "d5c08240-0436-454a-8993-362abf5bc477": window light drew 1/1 beam(s)
2026-05-25 15:37:25.469 +02:00 [INF] Map "d5c08240-0436-454a-8993-362abf5bc477": window light drew 1/1 beam(s)
2026-05-25 15:37:25.515 +02:00 [INF] Map "d5c08240-0436-454a-8993-362abf5bc477": window light drew 1/1 beam(s)
2026-05-25 15:37:25.563 +02:00 [INF] Map "d5c08240-0436-454a-8993-362abf5bc477": window light drew 1/1 beam(s)
2026-05-25 15:37:25.610 +02:00 [INF] Map "d5c08240-0436-454a-8993-362abf5bc477": window light drew 1/1 beam(s)
2026-05-25 15:37:25.669 +02:00 [INF] Map "d5c08240-0436-454a-8993-362abf5bc477": window light drew 1/1 beam(s)
2026-05-25 15:37:25.717 +02:00 [INF] Map "d5c08240-0436-454a-8993-362abf5bc477": window light drew 1/1 beam(s)
2026-05-25 15:37:25.766 +02:00 [INF] Map "d5c08240-0436-454a-8993-362abf5bc477": window light drew 1/1 beam(s)
2026-05-25 15:37:25.812 +02:00 [INF] Map "d5c08240-0436-454a-8993-362abf5bc477": window light drew 1/1 beam(s)
2026-05-25 15:37:25.859 +02:00 [INF] Map "d5c08240-0436-454a-8993-362abf5bc477": window light drew 1/1 beam(s)
2026-05-25 15:37:25.905 +02:00 [INF] Map "d5c08240-0436-454a-8993-362abf5bc477": window light drew 1/1 beam(s)
2026-05-25 15:37:25.952 +02:00 [INF] Map "d5c08240-0436-454a-8993-362abf5bc477": window light drew 1/1 beam(s)
2026-05-25 15:37:25.999 +02:00 [INF] Map "d5c08240-0436-454a-8993-362abf5bc477": window light drew 1/1 beam(s)
2026-05-25 15:37:26.047 +02:00 [INF] Map "d5c08240-0436-454a-8993-362abf5bc477": window light drew 1/1 beam(s)
2026-05-25 15:37:26.107 +02:00 [INF] Map "d5c08240-0436-454a-8993-362abf5bc477": window light drew 1/1 beam(s)
2026-05-25 15:37:26.154 +02:00 [INF] Map "d5c08240-0436-454a-8993-362abf5bc477": window light drew 1/1 beam(s)
2026-05-25 15:37:26.200 +02:00 [INF] Map "d5c08240-0436-454a-8993-362abf5bc477": window light drew 1/1 beam(s)
2026-05-25 15:37:26.247 +02:00 [INF] Map "d5c08240-0436-454a-8993-362abf5bc477": window light drew 1/1 beam(s)
2026-05-25 15:37:26.294 +02:00 [INF] Map "d5c08240-0436-454a-8993-362abf5bc477": window light drew 1/1 beam(s)
2026-05-25 15:37:26.340 +02:00 [INF] Map "d5c08240-0436-454a-8993-362abf5bc477": window light drew 1/1 beam(s)
2026-05-25 15:37:26.387 +02:00 [INF] Map "d5c08240-0436-454a-8993-362abf5bc477": window light drew 1/1 beam(s)
2026-05-25 15:37:26.434 +02:00 [INF] Map "d5c08240-0436-454a-8993-362abf5bc477": window light drew 1/1 beam(s)
2026-05-25 15:37:26.481 +02:00 [INF] Map "d5c08240-0436-454a-8993-362abf5bc477": window light drew 1/1 beam(s)
2026-05-25 15:37:26.540 +02:00 [INF] Map "d5c08240-0436-454a-8993-362abf5bc477": window light drew 1/1 beam(s)
2026-05-25 15:37:26.587 +02:00 [INF] Map "d5c08240-0436-454a-8993-362abf5bc477": window light drew 1/1 beam(s)
2026-05-25 15:37:26.633 +02:00 [INF] Map "d5c08240-0436-454a-8993-362abf5bc477": window light drew 1/1 beam(s)
2026-05-25 15:37:26.679 +02:00 [INF] Map "d5c08240-0436-454a-8993-362abf5bc477": window light drew 1/1 beam(s)
2026-05-25 15:37:26.726 +02:00 [INF] Map "d5c08240-0436-454a-8993-362abf5bc477": window light drew 1/1 beam(s)
2026-05-25 15:37:26.773 +02:00 [INF] Map "d5c08240-0436-454a-8993-362abf5bc477": window light drew 1/1 beam(s)
2026-05-25 15:37:26.822 +02:00 [INF] Map "d5c08240-0436-454a-8993-362abf5bc477": window light drew 1/1 beam(s)
2026-05-25 15:37:26.869 +02:00 [INF] Map "d5c08240-0436-454a-8993-362abf5bc477": window light drew 1/1 beam(s)
2026-05-25 15:37:26.918 +02:00 [INF] Map "d5c08240-0436-454a-8993-362abf5bc477": window light drew 1/1 beam(s)
2026-05-25 15:37:26.978 +02:00 [INF] Map "d5c08240-0436-454a-8993-362abf5bc477": window light drew 1/1 beam(s)
2026-05-25 15:37:27.024 +02:00 [INF] Map "d5c08240-0436-454a-8993-362abf5bc477": window light drew 1/1 beam(s)
2026-05-25 15:37:27.071 +02:00 [INF] Map "d5c08240-0436-454a-8993-362abf5bc477": window light drew 1/1 beam(s)
2026-05-25 15:37:27.118 +02:00 [INF] Map "d5c08240-0436-454a-8993-362abf5bc477": window light drew 1/1 beam(s)
2026-05-25 15:37:27.165 +02:00 [INF] Map "d5c08240-0436-454a-8993-362abf5bc477": window light drew 1/1 beam(s)
2026-05-25 15:37:27.212 +02:00 [INF] Map "d5c08240-0436-454a-8993-362abf5bc477": window light drew 1/1 beam(s)
2026-05-25 15:37:27.258 +02:00 [INF] Map "d5c08240-0436-454a-8993-362abf5bc477": window light drew 1/1 beam(s)
2026-05-25 15:37:27.305 +02:00 [INF] Map "d5c08240-0436-454a-8993-362abf5bc477": window light drew 1/1 beam(s)
2026-05-25 15:37:27.351 +02:00 [INF] Map "d5c08240-0436-454a-8993-362abf5bc477": window light drew 1/1 beam(s)
2026-05-25 15:37:27.411 +02:00 [INF] Map "d5c08240-0436-454a-8993-362abf5bc477": window light drew 1/1 beam(s)
2026-05-25 15:37:27.457 +02:00 [INF] Map "d5c08240-0436-454a-8993-362abf5bc477": window light drew 1/1 beam(s)
2026-05-25 15:37:27.504 +02:00 [INF] Map "d5c08240-0436-454a-8993-362abf5bc477": window light drew 1/1 beam(s)
2026-05-25 15:37:27.550 +02:00 [INF] Map "d5c08240-0436-454a-8993-362abf5bc477": window light drew 1/1 beam(s)
2026-05-25 15:37:27.597 +02:00 [INF] Map "d5c08240-0436-454a-8993-362abf5bc477": window light drew 1/1 beam(s)
2026-05-25 15:37:27.643 +02:00 [INF] Map "d5c08240-0436-454a-8993-362abf5bc477": window light drew 1/1 beam(s)
2026-05-25 15:37:27.690 +02:00 [INF] Map "d5c08240-0436-454a-8993-362abf5bc477": window light drew 1/1 beam(s)
2026-05-25 15:37:27.737 +02:00 [INF] Map "d5c08240-0436-454a-8993-362abf5bc477": window light drew 1/1 beam(s)
2026-05-25 15:37:27.784 +02:00 [INF] Map "d5c08240-0436-454a-8993-362abf5bc477": window light drew 1/1 beam(s)
2026-05-25 15:37:27.843 +02:00 [INF] Map "d5c08240-0436-454a-8993-362abf5bc477": window light drew 1/1 beam(s)
2026-05-25 15:37:27.889 +02:00 [INF] Map "d5c08240-0436-454a-8993-362abf5bc477": window light drew 1/1 beam(s)
2026-05-25 15:37:27.936 +02:00 [INF] Map "d5c08240-0436-454a-8993-362abf5bc477": window light drew 1/1 beam(s)
2026-05-25 15:37:27.983 +02:00 [INF] Map "d5c08240-0436-454a-8993-362abf5bc477": window light drew 1/1 beam(s)
2026-05-25 15:37:28.031 +02:00 [INF] Map "d5c08240-0436-454a-8993-362abf5bc477": window light drew 1/1 beam(s)
2026-05-25 15:37:28.078 +02:00 [INF] Map "d5c08240-0436-454a-8993-362abf5bc477": window light drew 1/1 beam(s)
2026-05-25 15:37:28.124 +02:00 [INF] Map "d5c08240-0436-454a-8993-362abf5bc477": window light drew 1/1 beam(s)
2026-05-25 15:37:28.173 +02:00 [INF] Map "d5c08240-0436-454a-8993-362abf5bc477" 'New Map' loaded with 1 window light zone(s)
2026-05-25 15:37:28.183 +02:00 [INF] BuildWindowLightBeams() map "d5c08240-0436-454a-8993-362abf5bc477": WindowLightZones=1
2026-05-25 15:37:28.184 +02:00 [INF] BuildWindowLightBeams() map "d5c08240-0436-454a-8993-362abf5bc477": created 1 beam(s) from 1 zone(s)
2026-05-25 15:37:28.184 +02:00 [INF] Built VBO for map d5c08240-0436-454a-8993-362abf5bc477 'New Map' in 1.0843ms
2026-05-25 15:37:28.184 +02:00 [INF] Map "d5c08240-0436-454a-8993-362abf5bc477": window light drew 1/1 beam(s)
2026-05-25 15:37:28.232 +02:00 [INF] Map "d5c08240-0436-454a-8993-362abf5bc477": window light drew 1/1 beam(s)
2026-05-25 15:37:28.292 +02:00 [INF] Map "d5c08240-0436-454a-8993-362abf5bc477": window light drew 1/1 beam(s)
2026-05-25 15:37:28.340 +02:00 [INF] Map "d5c08240-0436-454a-8993-362abf5bc477": window light drew 1/1 beam(s)
2026-05-25 15:37:28.387 +02:00 [INF] Map "d5c08240-0436-454a-8993-362abf5bc477": window light drew 1/1 beam(s)
2026-05-25 15:37:28.435 +02:00 [INF] Map "d5c08240-0436-454a-8993-362abf5bc477": window light drew 1/1 beam(s)
2026-05-25 15:37:28.482 +02:00 [INF] Map "d5c08240-0436-454a-8993-362abf5bc477": window light drew 1/1 beam(s)
2026-05-25 15:37:28.529 +02:00 [INF] Map "d5c08240-0436-454a-8993-362abf5bc477": window light drew 1/1 beam(s)
2026-05-25 15:37:28.576 +02:00 [INF] Map "d5c08240-0436-454a-8993-362abf5bc477": window light drew 1/1 beam(s)
2026-05-25 15:37:28.623 +02:00 [INF] Map "d5c08240-0436-454a-8993-362abf5bc477": window light drew 1/1 beam(s)
2026-05-25 15:37:28.683 +02:00 [INF] Map "d5c08240-0436-454a-8993-362abf5bc477": window light drew 1/1 beam(s)
2026-05-25 15:37:28.731 +02:00 [INF] Map "d5c08240-0436-454a-8993-362abf5bc477": window light drew 1/1 beam(s)
2026-05-25 15:37:28.781 +02:00 [INF] Map "d5c08240-0436-454a-8993-362abf5bc477": window light drew 1/1 beam(s)
2026-05-25 15:37:28.827 +02:00 [INF] Map "d5c08240-0436-454a-8993-362abf5bc477": window light drew 1/1 beam(s)
2026-05-25 15:37:28.874 +02:00 [INF] Map "d5c08240-0436-454a-8993-362abf5bc477": window light drew 1/1 beam(s)
2026-05-25 15:37:28.920 +02:00 [INF] Map "d5c08240-0436-454a-8993-362abf5bc477": window light drew 1/1 beam(s)
2026-05-25 15:37:28.967 +02:00 [INF] Map "d5c08240-0436-454a-8993-362abf5bc477": window light drew 1/1 beam(s)
2026-05-25 15:37:29.014 +02:00 [INF] Map "d5c08240-0436-454a-8993-362abf5bc477": window light drew 1/1 beam(s)
2026-05-25 15:37:29.060 +02:00 [INF] Map "d5c08240-0436-454a-8993-362abf5bc477": window light drew 1/1 beam(s)
2026-05-25 15:37:29.119 +02:00 [INF] Map "d5c08240-0436-454a-8993-362abf5bc477": window light drew 1/1 beam(s)
2026-05-25 15:37:29.167 +02:00 [INF] Map "d5c08240-0436-454a-8993-362abf5bc477": window light drew 1/1 beam(s)
2026-05-25 15:37:29.214 +02:00 [INF] Map "d5c08240-0436-454a-8993-362abf5bc477": window light drew 1/1 beam(s)
2026-05-25 15:37:29.261 +02:00 [INF] Map "d5c08240-0436-454a-8993-362abf5bc477": window light drew 1/1 beam(s)
2026-05-25 15:37:29.308 +02:00 [INF] Map "d5c08240-0436-454a-8993-362abf5bc477": window light drew 1/1 beam(s)
2026-05-25 15:37:29.355 +02:00 [INF] Map "d5c08240-0436-454a-8993-362abf5bc477": window light drew 1/1 beam(s)
2026-05-25 15:37:29.401 +02:00 [INF] Map "d5c08240-0436-454a-8993-362abf5bc477": window light drew 1/1 beam(s)
2026-05-25 15:37:29.448 +02:00 [INF] Map "d5c08240-0436-454a-8993-362abf5bc477": window light drew 1/1 beam(s)
2026-05-25 15:37:29.495 +02:00 [INF] Map "d5c08240-0436-454a-8993-362abf5bc477": window light drew 1/1 beam(s)
2026-05-25 15:37:29.555 +02:00 [INF] Map "d5c08240-0436-454a-8993-362abf5bc477": window light drew 1/1 beam(s)
2026-05-25 15:37:29.602 +02:00 [INF] Map "d5c08240-0436-454a-8993-362abf5bc477": window light drew 1/1 beam(s)
2026-05-25 15:37:29.648 +02:00 [INF] Map "d5c08240-0436-454a-8993-362abf5bc477": window light drew 1/1 beam(s)
2026-05-25 15:37:29.694 +02:00 [INF] Map "d5c08240-0436-454a-8993-362abf5bc477": window light drew 1/1 beam(s)
2026-05-25 15:37:29.741 +02:00 [INF] Map "d5c08240-0436-454a-8993-362abf5bc477": window light drew 1/1 beam(s)
2026-05-25 15:37:29.788 +02:00 [INF] Map "d5c08240-0436-454a-8993-362abf5bc477": window light drew 1/1 beam(s)
2026-05-25 15:37:29.834 +02:00 [INF] Map "d5c08240-0436-454a-8993-362abf5bc477": window light drew 1/1 beam(s)
2026-05-25 15:37:29.881 +02:00 [INF] Map "d5c08240-0436-454a-8993-362abf5bc477": window light drew 1/1 beam(s)
2026-05-25 15:37:29.928 +02:00 [INF] Map "d5c08240-0436-454a-8993-362abf5bc477": window light drew 1/1 beam(s)
2026-05-25 15:37:29.987 +02:00 [INF] Map "d5c08240-0436-454a-8993-362abf5bc477": window light drew 1/1 beam(s)
2026-05-25 15:37:30.034 +02:00 [INF] Map "d5c08240-0436-454a-8993-362abf5bc477": window light drew 1/1 beam(s)
2026-05-25 15:37:30.081 +02:00 [INF] Map "d5c08240-0436-454a-8993-362abf5bc477": window light drew 1/1 beam(s)
2026-05-25 15:37:30.128 +02:00 [INF] Map "d5c08240-0436-454a-8993-362abf5bc477": window light drew 1/1 beam(s)
2026-05-25 15:37:30.174 +02:00 [INF] Map "d5c08240-0436-454a-8993-362abf5bc477": window light drew 1/1 beam(s)
2026-05-25 15:37:30.221 +02:00 [INF] Map "d5c08240-0436-454a-8993-362abf5bc477": window light drew 1/1 beam(s)
2026-05-25 15:37:30.267 +02:00 [INF] Map "d5c08240-0436-454a-8993-362abf5bc477": window light drew 1/1 beam(s)
2026-05-25 15:37:30.314 +02:00 [INF] Map "d5c08240-0436-454a-8993-362abf5bc477": window light drew 1/1 beam(s)
2026-05-25 15:37:30.360 +02:00 [INF] Map "d5c08240-0436-454a-8993-362abf5bc477": window light drew 1/1 beam(s)
2026-05-25 15:37:30.420 +02:00 [INF] Map "d5c08240-0436-454a-8993-362abf5bc477": window light drew 1/1 beam(s)
2026-05-25 15:37:30.467 +02:00 [INF] Map "d5c08240-0436-454a-8993-362abf5bc477": window light drew 1/1 beam(s)
2026-05-25 15:37:30.516 +02:00 [INF] Map "d5c08240-0436-454a-8993-362abf5bc477": window light drew 1/1 beam(s)
2026-05-25 15:37:30.563 +02:00 [INF] Map "d5c08240-0436-454a-8993-362abf5bc477": window light drew 1/1 beam(s)
2026-05-25 15:37:30.611 +02:00 [INF] Map "d5c08240-0436-454a-8993-362abf5bc477": window light drew 1/1 beam(s)
2026-05-25 15:37:30.658 +02:00 [INF] Map "d5c08240-0436-454a-8993-362abf5bc477": window light drew 1/1 beam(s)
2026-05-25 15:37:30.705 +02:00 [INF] Map "d5c08240-0436-454a-8993-362abf5bc477": window light drew 1/1 beam(s)
2026-05-25 15:37:30.753 +02:00 [INF] Map "d5c08240-0436-454a-8993-362abf5bc477": window light drew 1/1 beam(s)
2026-05-25 15:37:30.799 +02:00 [INF] Map "d5c08240-0436-454a-8993-362abf5bc477": window light drew 1/1 beam(s)
2026-05-25 15:37:30.858 +02:00 [INF] Map "d5c08240-0436-454a-8993-362abf5bc477": window light drew 1/1 beam(s)
2026-05-25 15:37:30.905 +02:00 [INF] Map "d5c08240-0436-454a-8993-362abf5bc477": window light drew 1/1 beam(s)
2026-05-25 15:37:30.952 +02:00 [INF] Map "d5c08240-0436-454a-8993-362abf5bc477": window light drew 1/1 beam(s)
2026-05-25 15:37:30.999 +02:00 [INF] Map "d5c08240-0436-454a-8993-362abf5bc477": window light drew 1/1 beam(s)
2026-05-25 15:37:31.064 +02:00 [INF] Map "d5c08240-0436-454a-8993-362abf5bc477": window light drew 1/1 beam(s)
2026-05-25 15:37:31.093 +02:00 [INF] Map "d5c08240-0436-454a-8993-362abf5bc477": window light drew 1/1 beam(s)
2026-05-25 15:37:31.119 +02:00 [INF] Map "d5c08240-0436-454a-8993-362abf5bc477": window light drew 1/1 beam(s)
2026-05-25 15:37:31.147 +02:00 [INF] Map "d5c08240-0436-454a-8993-362abf5bc477": window light drew 1/1 beam(s)
2026-05-25 15:37:31.173 +02:00 [INF] Map "d5c08240-0436-454a-8993-362abf5bc477": window light drew 1/1 beam(s)
2026-05-25 15:37:31.212 +02:00 [INF] Map "d5c08240-0436-454a-8993-362abf5bc477": window light drew 1/1 beam(s)
2026-05-25 15:37:31.239 +02:00 [INF] Map "d5c08240-0436-454a-8993-362abf5bc477": window light drew 1/1 beam(s)
2026-05-25 15:37:31.265 +02:00 [INF] Map "d5c08240-0436-454a-8993-362abf5bc477": window light drew 1/1 beam(s)
2026-05-25 15:37:31.291 +02:00 [INF] Map "d5c08240-0436-454a-8993-362abf5bc477": window light drew 1/1 beam(s)
2026-05-25 15:37:31.316 +02:00 [INF] Map "d5c08240-0436-454a-8993-362abf5bc477": window light drew 1/1 beam(s)
2026-05-25 15:37:31.342 +02:00 [INF] Map "d5c08240-0436-454a-8993-362abf5bc477": window light drew 1/1 beam(s)
2026-05-25 15:37:31.368 +02:00 [INF] Map "d5c08240-0436-454a-8993-362abf5bc477": window light drew 1/1 beam(s)
2026-05-25 15:37:31.395 +02:00 [INF] Map "d5c08240-0436-454a-8993-362abf5bc477": window light drew 1/1 beam(s)
2026-05-25 15:37:31.421 +02:00 [INF] Map "d5c08240-0436-454a-8993-362abf5bc477": window light drew 1/1 beam(s)
2026-05-25 15:37:31.460 +02:00 [INF] Map "d5c08240-0436-454a-8993-362abf5bc477": window light drew 1/1 beam(s)
2026-05-25 15:37:31.486 +02:00 [INF] Map "d5c08240-0436-454a-8993-362abf5bc477": window light drew 1/1 beam(s)
2026-05-25 15:37:31.512 +02:00 [INF] Map "d5c08240-0436-454a-8993-362abf5bc477": window light drew 1/1 beam(s)
2026-05-25 15:37:31.538 +02:00 [INF] Map "d5c08240-0436-454a-8993-362abf5bc477": window light drew 1/1 beam(s)
2026-05-25 15:37:31.564 +02:00 [INF] Map "d5c08240-0436-454a-8993-362abf5bc477": window light drew 1/1 beam(s)
2026-05-25 15:37:31.590 +02:00 [INF] Map "d5c08240-0436-454a-8993-362abf5bc477": window light drew 1/1 beam(s)
2026-05-25 15:37:31.616 +02:00 [INF] Map "d5c08240-0436-454a-8993-362abf5bc477": window light drew 1/1 beam(s)
2026-05-25 15:37:31.642 +02:00 [INF] Map "d5c08240-0436-454a-8993-362abf5bc477": window light drew 1/1 beam(s)
2026-05-25 15:37:31.668 +02:00 [INF] Map "d5c08240-0436-454a-8993-362abf5bc477": window light drew 1/1 beam(s)
2026-05-25 15:37:31.707 +02:00 [INF] Map "d5c08240-0436-454a-8993-362abf5bc477": window light drew 1/1 beam(s)
2026-05-25 15:37:31.733 +02:00 [INF] Map "d5c08240-0436-454a-8993-362abf5bc477": window light drew 1/1 beam(s)
2026-05-25 15:37:31.758 +02:00 [INF] Map "d5c08240-0436-454a-8993-362abf5bc477": window light drew 1/1 beam(s)
2026-05-25 15:37:31.784 +02:00 [INF] Map "d5c08240-0436-454a-8993-362abf5bc477": window light drew 1/1 beam(s)
2026-05-25 15:37:31.810 +02:00 [INF] Map "d5c08240-0436-454a-8993-362abf5bc477": window light drew 1/1 beam(s)
2026-05-25 15:37:31.836 +02:00 [INF] Map "d5c08240-0436-454a-8993-362abf5bc477": window light drew 1/1 beam(s)
2026-05-25 15:37:31.861 +02:00 [INF] Map "d5c08240-0436-454a-8993-362abf5bc477": window light drew 1/1 beam(s)
2026-05-25 15:37:31.890 +02:00 [INF] Map "d5c08240-0436-454a-8993-362abf5bc477": window light drew 1/1 beam(s)
2026-05-25 15:37:31.916 +02:00 [INF] Map "d5c08240-0436-454a-8993-362abf5bc477": window light drew 1/1 beam(s)
2026-05-25 15:37:31.955 +02:00 [INF] Map "d5c08240-0436-454a-8993-362abf5bc477": window light drew 1/1 beam(s)
2026-05-25 15:37:31.981 +02:00 [INF] Map "d5c08240-0436-454a-8993-362abf5bc477": window light drew 1/1 beam(s)
2026-05-25 15:37:32.007 +02:00 [INF] Map "d5c08240-0436-454a-8993-362abf5bc477": window light drew 1/1 beam(s)
2026-05-25 15:37:32.034 +02:00 [INF] Map "d5c08240-0436-454a-8993-362abf5bc477": window light drew 1/1 beam(s)
2026-05-25 15:37:32.061 +02:00 [INF] Map "d5c08240-0436-454a-8993-362abf5bc477": window light drew 1/1 beam(s)
2026-05-25 15:37:32.087 +02:00 [INF] Map "d5c08240-0436-454a-8993-362abf5bc477": window light drew 1/1 beam(s)
2026-05-25 15:37:32.112 +02:00 [INF] Map "d5c08240-0436-454a-8993-362abf5bc477": window light drew 1/1 beam(s)
2026-05-25 15:37:32.138 +02:00 [INF] Map "d5c08240-0436-454a-8993-362abf5bc477": window light drew 1/1 beam(s)
2026-05-25 15:37:32.164 +02:00 [INF] Map "d5c08240-0436-454a-8993-362abf5bc477": window light drew 1/1 beam(s)
2026-05-25 15:37:32.203 +02:00 [INF] Map "d5c08240-0436-454a-8993-362abf5bc477": window light drew 1/1 beam(s)
2026-05-25 15:37:32.229 +02:00 [INF] Map "d5c08240-0436-454a-8993-362abf5bc477": window light drew 1/1 beam(s)
2026-05-25 15:37:32.255 +02:00 [INF] Map "d5c08240-0436-454a-8993-362abf5bc477": window light drew 1/1 beam(s)
2026-05-25 15:37:32.280 +02:00 [INF] Map "d5c08240-0436-454a-8993-362abf5bc477": window light drew 1/1 beam(s)
2026-05-25 15:37:32.307 +02:00 [INF] Map "d5c08240-0436-454a-8993-362abf5bc477": window light drew 1/1 beam(s)
2026-05-25 15:37:32.333 +02:00 [INF] Map "d5c08240-0436-454a-8993-362abf5bc477": window light drew 1/1 beam(s)
2026-05-25 15:37:32.359 +02:00 [INF] Map "d5c08240-0436-454a-8993-362abf5bc477": window light drew 1/1 beam(s)
2026-05-25 15:37:32.385 +02:00 [INF] Map "d5c08240-0436-454a-8993-362abf5bc477": window light drew 1/1 beam(s)
2026-05-25 15:37:32.412 +02:00 [INF] Map "d5c08240-0436-454a-8993-362abf5bc477": window light drew 1/1 beam(s)
2026-05-25 15:37:32.451 +02:00 [INF] Map "d5c08240-0436-454a-8993-362abf5bc477": window light drew 1/1 beam(s)
2026-05-25 15:37:32.478 +02:00 [INF] Map "d5c08240-0436-454a-8993-362abf5bc477": window light drew 1/1 beam(s)
2026-05-25 15:37:32.504 +02:00 [INF] Map "d5c08240-0436-454a-8993-362abf5bc477": window light drew 1/1 beam(s)
2026-05-25 15:37:32.530 +02:00 [INF] Map "d5c08240-0436-454a-8993-362abf5bc477": window light drew 1/1 beam(s)
2026-05-25 15:37:32.556 +02:00 [INF] Map "d5c08240-0436-454a-8993-362abf5bc477": window light drew 1/1 beam(s)
2026-05-25 15:37:32.582 +02:00 [INF] Map "d5c08240-0436-454a-8993-362abf5bc477": window light drew 1/1 beam(s)
2026-05-25 15:37:32.612 +02:00 [INF] Map "d5c08240-0436-454a-8993-362abf5bc477": window light drew 1/1 beam(s)
2026-05-25 15:37:32.638 +02:00 [INF] Map "d5c08240-0436-454a-8993-362abf5bc477": window light drew 1/1 beam(s)
2026-05-25 15:37:32.664 +02:00 [INF] Map "d5c08240-0436-454a-8993-362abf5bc477": window light drew 1/1 beam(s)
2026-05-25 15:37:32.703 +02:00 [INF] Map "d5c08240-0436-454a-8993-362abf5bc477": window light drew 1/1 beam(s)
2026-05-25 15:37:32.729 +02:00 [INF] Map "d5c08240-0436-454a-8993-362abf5bc477": window light drew 1/1 beam(s)
2026-05-25 15:37:32.755 +02:00 [INF] Map "d5c08240-0436-454a-8993-362abf5bc477": window light drew 1/1 beam(s)
2026-05-25 15:37:32.782 +02:00 [INF] Map "d5c08240-0436-454a-8993-362abf5bc477": window light drew 1/1 beam(s)
2026-05-25 15:37:32.808 +02:00 [INF] Map "d5c08240-0436-454a-8993-362abf5bc477": window light drew 1/1 beam(s)
2026-05-25 15:37:32.833 +02:00 [INF] Map "d5c08240-0436-454a-8993-362abf5bc477": window light drew 1/1 beam(s)
2026-05-25 15:37:32.861 +02:00 [INF] Map "d5c08240-0436-454a-8993-362abf5bc477": window light drew 1/1 beam(s)
2026-05-25 15:37:32.886 +02:00 [INF] Map "d5c08240-0436-454a-8993-362abf5bc477": window light drew 1/1 beam(s)
2026-05-25 15:37:32.913 +02:00 [INF] Map "d5c08240-0436-454a-8993-362abf5bc477": window light drew 1/1 beam(s)
2026-05-25 15:37:32.951 +02:00 [INF] Map "d5c08240-0436-454a-8993-362abf5bc477": window light drew 1/1 beam(s)
2026-05-25 15:37:32.978 +02:00 [INF] Map "d5c08240-0436-454a-8993-362abf5bc477": window light drew 1/1 beam(s)
2026-05-25 15:37:33.004 +02:00 [INF] Map "d5c08240-0436-454a-8993-362abf5bc477": window light drew 1/1 beam(s)
2026-05-25 15:37:33.030 +02:00 [INF] Map "d5c08240-0436-454a-8993-362abf5bc477": window light drew 1/1 beam(s)
2026-05-25 15:37:33.056 +02:00 [INF] Map "d5c08240-0436-454a-8993-362abf5bc477": window light drew 1/1 beam(s)
2026-05-25 15:37:33.082 +02:00 [INF] Map "d5c08240-0436-454a-8993-362abf5bc477": window light drew 1/1 beam(s)
2026-05-25 15:37:33.108 +02:00 [INF] Map "d5c08240-0436-454a-8993-362abf5bc477": window light drew 1/1 beam(s)
2026-05-25 15:37:33.133 +02:00 [INF] Map "d5c08240-0436-454a-8993-362abf5bc477": window light drew 1/1 beam(s)
2026-05-25 15:37:33.159 +02:00 [INF] Map "d5c08240-0436-454a-8993-362abf5bc477": window light drew 1/1 beam(s)
2026-05-25 15:37:33.198 +02:00 [INF] Map "d5c08240-0436-454a-8993-362abf5bc477": window light drew 1/1 beam(s)
2026-05-25 15:37:33.224 +02:00 [INF] Map "d5c08240-0436-454a-8993-362abf5bc477": window light drew 1/1 beam(s)
2026-05-25 15:37:33.250 +02:00 [INF] Map "d5c08240-0436-454a-8993-362abf5bc477": window light drew 1/1 beam(s)
2026-05-25 15:37:33.276 +02:00 [INF] Map "d5c08240-0436-454a-8993-362abf5bc477": window light drew 1/1 beam(s)
2026-05-25 15:37:33.302 +02:00 [INF] Map "d5c08240-0436-454a-8993-362abf5bc477": window light drew 1/1 beam(s)
2026-05-25 15:37:33.328 +02:00 [INF] Map "d5c08240-0436-454a-8993-362abf5bc477": window light drew 1/1 beam(s)
2026-05-25 15:37:33.353 +02:00 [INF] Map "d5c08240-0436-454a-8993-362abf5bc477": window light drew 1/1 beam(s)
2026-05-25 15:37:33.379 +02:00 [INF] Map "d5c08240-0436-454a-8993-362abf5bc477": window light drew 1/1 beam(s)
2026-05-25 15:37:33.405 +02:00 [INF] Map "d5c08240-0436-454a-8993-362abf5bc477": window light drew 1/1 beam(s)
2026-05-25 15:37:33.444 +02:00 [INF] Map "d5c08240-0436-454a-8993-362abf5bc477": window light drew 1/1 beam(s)
2026-05-25 15:37:33.470 +02:00 [INF] Map "d5c08240-0436-454a-8993-362abf5bc477": window light drew 1/1 beam(s)
2026-05-25 15:37:33.495 +02:00 [INF] Map "d5c08240-0436-454a-8993-362abf5bc477": window light drew 1/1 beam(s)
2026-05-25 15:37:33.521 +02:00 [INF] Map "d5c08240-0436-454a-8993-362abf5bc477": window light drew 1/1 beam(s)
2026-05-25 15:37:33.547 +02:00 [INF] Map "d5c08240-0436-454a-8993-362abf5bc477": window light drew 1/1 beam(s)
2026-05-25 15:37:33.573 +02:00 [INF] Map "d5c08240-0436-454a-8993-362abf5bc477": window light drew 1/1 beam(s)
2026-05-25 15:37:33.599 +02:00 [INF] Map "d5c08240-0436-454a-8993-362abf5bc477": window light drew 1/1 beam(s)
2026-05-25 15:37:33.625 +02:00 [INF] Map "d5c08240-0436-454a-8993-362abf5bc477": window light drew 1/1 beam(s)
2026-05-25 15:37:33.651 +02:00 [INF] Map "d5c08240-0436-454a-8993-362abf5bc477": window light drew 1/1 beam(s)
2026-05-25 15:37:33.690 +02:00 [INF] Map "d5c08240-0436-454a-8993-362abf5bc477": window light drew 1/1 beam(s)
2026-05-25 15:37:33.716 +02:00 [INF] Map "d5c08240-0436-454a-8993-362abf5bc477": window light drew 1/1 beam(s)
2026-05-25 15:37:33.744 +02:00 [INF] Map "d5c08240-0436-454a-8993-362abf5bc477": window light drew 1/1 beam(s)
2026-05-25 15:37:33.769 +02:00 [INF] Map "d5c08240-0436-454a-8993-362abf5bc477": window light drew 1/1 beam(s)
2026-05-25 15:37:33.796 +02:00 [INF] Map "d5c08240-0436-454a-8993-362abf5bc477": window light drew 1/1 beam(s)
2026-05-25 15:37:33.821 +02:00 [INF] Map "d5c08240-0436-454a-8993-362abf5bc477": window light drew 1/1 beam(s)
2026-05-25 15:37:33.847 +02:00 [INF] Map "d5c08240-0436-454a-8993-362abf5bc477": window light drew 1/1 beam(s)
2026-05-25 15:37:33.873 +02:00 [INF] Map "d5c08240-0436-454a-8993-362abf5bc477": window light drew 1/1 beam(s)
2026-05-25 15:37:33.899 +02:00 [INF] Map "d5c08240-0436-454a-8993-362abf5bc477": window light drew 1/1 beam(s)
2026-05-25 15:37:33.938 +02:00 [INF] Map "d5c08240-0436-454a-8993-362abf5bc477": window light drew 1/1 beam(s)
2026-05-25 15:37:33.964 +02:00 [INF] Map "d5c08240-0436-454a-8993-362abf5bc477": window light drew 1/1 beam(s)
2026-05-25 15:37:33.990 +02:00 [INF] Map "d5c08240-0436-454a-8993-362abf5bc477": window light drew 1/1 beam(s)
2026-05-25 15:37:34.016 +02:00 [INF] Map "d5c08240-0436-454a-8993-362abf5bc477": window light drew 1/1 beam(s)
2026-05-25 15:37:34.042 +02:00 [INF] Map "d5c08240-0436-454a-8993-362abf5bc477": window light drew 1/1 beam(s)
2026-05-25 15:37:34.068 +02:00 [INF] Map "d5c08240-0436-454a-8993-362abf5bc477": window light drew 1/1 beam(s)
2026-05-25 15:37:34.095 +02:00 [INF] Map "d5c08240-0436-454a-8993-362abf5bc477": window light drew 1/1 beam(s)
2026-05-25 15:37:34.121 +02:00 [INF] Map "d5c08240-0436-454a-8993-362abf5bc477": window light drew 1/1 beam(s)
2026-05-25 15:37:34.147 +02:00 [INF] Map "d5c08240-0436-454a-8993-362abf5bc477": window light drew 1/1 beam(s)
2026-05-25 15:37:34.186 +02:00 [INF] Map "d5c08240-0436-454a-8993-362abf5bc477": window light drew 1/1 beam(s)
2026-05-25 15:37:34.212 +02:00 [INF] Map "d5c08240-0436-454a-8993-362abf5bc477": window light drew 1/1 beam(s)
2026-05-25 15:37:34.238 +02:00 [INF] Map "d5c08240-0436-454a-8993-362abf5bc477": window light drew 1/1 beam(s)
2026-05-25 15:37:34.264 +02:00 [INF] Map "d5c08240-0436-454a-8993-362abf5bc477": window light drew 1/1 beam(s)
2026-05-25 15:37:34.290 +02:00 [INF] Map "d5c08240-0436-454a-8993-362abf5bc477": window light drew 1/1 beam(s)
2026-05-25 15:37:34.316 +02:00 [INF] Map "d5c08240-0436-454a-8993-362abf5bc477": window light drew 1/1 beam(s)
2026-05-25 15:37:34.342 +02:00 [INF] Map "d5c08240-0436-454a-8993-362abf5bc477": window light drew 1/1 beam(s)
2026-05-25 15:37:34.367 +02:00 [INF] Map "d5c08240-0436-454a-8993-362abf5bc477": window light drew 1/1 beam(s)
2026-05-25 15:37:34.393 +02:00 [INF] Map "d5c08240-0436-454a-8993-362abf5bc477": window light drew 1/1 beam(s)
2026-05-25 15:37:34.432 +02:00 [INF] Map "d5c08240-0436-454a-8993-362abf5bc477": window light drew 1/1 beam(s)
2026-05-25 15:37:34.458 +02:00 [INF] Map "d5c08240-0436-454a-8993-362abf5bc477": window light drew 1/1 beam(s)
2026-05-25 15:37:34.484 +02:00 [INF] Map "d5c08240-0436-454a-8993-362abf5bc477": window light drew 1/1 beam(s)
2026-05-25 15:37:34.510 +02:00 [INF] Map "d5c08240-0436-454a-8993-362abf5bc477": window light drew 1/1 beam(s)
2026-05-25 15:37:34.536 +02:00 [INF] Map "d5c08240-0436-454a-8993-362abf5bc477": window light drew 1/1 beam(s)
2026-05-25 15:37:34.562 +02:00 [INF] Map "d5c08240-0436-454a-8993-362abf5bc477": window light drew 1/1 beam(s)
2026-05-25 15:37:34.588 +02:00 [INF] Map "d5c08240-0436-454a-8993-362abf5bc477": window light drew 1/1 beam(s)
2026-05-25 15:37:34.614 +02:00 [INF] Map "d5c08240-0436-454a-8993-362abf5bc477": window light drew 1/1 beam(s)
2026-05-25 15:37:34.639 +02:00 [INF] Map "d5c08240-0436-454a-8993-362abf5bc477": window light drew 1/1 beam(s)
2026-05-25 15:37:34.678 +02:00 [INF] Map "d5c08240-0436-454a-8993-362abf5bc477": window light drew 1/1 beam(s)
2026-05-25 15:37:34.704 +02:00 [INF] Map "d5c08240-0436-454a-8993-362abf5bc477": window light drew 1/1 beam(s)
2026-05-25 15:37:34.730 +02:00 [INF] Map "d5c08240-0436-454a-8993-362abf5bc477": window light drew 1/1 beam(s)
2026-05-25 15:37:34.756 +02:00 [INF] Map "d5c08240-0436-454a-8993-362abf5bc477": window light drew 1/1 beam(s)
2026-05-25 15:37:34.782 +02:00 [INF] Map "d5c08240-0436-454a-8993-362abf5bc477": window light drew 1/1 beam(s)
2026-05-25 15:37:34.808 +02:00 [INF] Map "d5c08240-0436-454a-8993-362abf5bc477": window light drew 1/1 beam(s)
2026-05-25 15:37:34.834 +02:00 [INF] Map "d5c08240-0436-454a-8993-362abf5bc477": window light drew 1/1 beam(s)
2026-05-25 15:37:34.859 +02:00 [INF] Map "d5c08240-0436-454a-8993-362abf5bc477": window light drew 1/1 beam(s)
2026-05-25 15:37:34.885 +02:00 [INF] Map "d5c08240-0436-454a-8993-362abf5bc477": window light drew 1/1 beam(s)
2026-05-25 15:37:34.923 +02:00 [INF] Map "d5c08240-0436-454a-8993-362abf5bc477": window light drew 1/1 beam(s)
2026-05-25 15:37:34.949 +02:00 [INF] Map "d5c08240-0436-454a-8993-362abf5bc477": window light drew 1/1 beam(s)
2026-05-25 15:37:34.975 +02:00 [INF] Map "d5c08240-0436-454a-8993-362abf5bc477": window light drew 1/1 beam(s)
2026-05-25 15:37:35.000 +02:00 [INF] Map "d5c08240-0436-454a-8993-362abf5bc477": window light drew 1/1 beam(s)
2026-05-25 15:37:35.026 +02:00 [INF] Map "d5c08240-0436-454a-8993-362abf5bc477": window light drew 1/1 beam(s)
2026-05-25 15:37:35.052 +02:00 [INF] Map "d5c08240-0436-454a-8993-362abf5bc477": window light drew 1/1 beam(s)
2026-05-25 15:37:35.078 +02:00 [INF] Map "d5c08240-0436-454a-8993-362abf5bc477": window light drew 1/1 beam(s)
2026-05-25 15:37:35.104 +02:00 [INF] Map "d5c08240-0436-454a-8993-362abf5bc477": window light drew 1/1 beam(s)
2026-05-25 15:37:35.130 +02:00 [INF] Map "d5c08240-0436-454a-8993-362abf5bc477": window light drew 1/1 beam(s)
2026-05-25 15:37:35.168 +02:00 [INF] Map "d5c08240-0436-454a-8993-362abf5bc477": window light drew 1/1 beam(s)
2026-05-25 15:37:35.196 +02:00 [INF] Map "d5c08240-0436-454a-8993-362abf5bc477": window light drew 1/1 beam(s)
2026-05-25 15:37:35.221 +02:00 [INF] Map "d5c08240-0436-454a-8993-362abf5bc477": window light drew 1/1 beam(s)
2026-05-25 15:37:35.247 +02:00 [INF] Map "d5c08240-0436-454a-8993-362abf5bc477": window light drew 1/1 beam(s)
2026-05-25 15:37:35.273 +02:00 [INF] Map "d5c08240-0436-454a-8993-362abf5bc477": window light drew 1/1 beam(s)
2026-05-25 15:37:35.299 +02:00 [INF] Map "d5c08240-0436-454a-8993-362abf5bc477": window light drew 1/1 beam(s)
2026-05-25 15:37:35.327 +02:00 [INF] Map "d5c08240-0436-454a-8993-362abf5bc477": window light drew 1/1 beam(s)
2026-05-25 15:37:35.354 +02:00 [INF] Map "d5c08240-0436-454a-8993-362abf5bc477": window light drew 1/1 beam(s)
2026-05-25 15:37:35.381 +02:00 [INF] Map "d5c08240-0436-454a-8993-362abf5bc477": window light drew 1/1 beam(s)
2026-05-25 15:37:35.421 +02:00 [INF] Map "d5c08240-0436-454a-8993-362abf5bc477": window light drew 1/1 beam(s)
2026-05-25 15:37:35.450 +02:00 [INF] Map "d5c08240-0436-454a-8993-362abf5bc477": window light drew 1/1 beam(s)
2026-05-25 15:37:35.475 +02:00 [INF] Map "d5c08240-0436-454a-8993-362abf5bc477": window light drew 1/1 beam(s)
2026-05-25 15:37:35.501 +02:00 [INF] Map "d5c08240-0436-454a-8993-362abf5bc477": window light drew 1/1 beam(s)
2026-05-25 15:37:35.527 +02:00 [INF] Map "d5c08240-0436-454a-8993-362abf5bc477": window light drew 1/1 beam(s)
2026-05-25 15:37:35.553 +02:00 [INF] Map "d5c08240-0436-454a-8993-362abf5bc477": window light drew 1/1 beam(s)
2026-05-25 15:37:35.579 +02:00 [INF] Map "d5c08240-0436-454a-8993-362abf5bc477": window light drew 1/1 beam(s)
2026-05-25 15:37:35.605 +02:00 [INF] Map "d5c08240-0436-454a-8993-362abf5bc477": window light drew 1/1 beam(s)
2026-05-25 15:37:35.630 +02:00 [INF] Map "d5c08240-0436-454a-8993-362abf5bc477": window light drew 1/1 beam(s)
2026-05-25 15:37:35.669 +02:00 [INF] Map "d5c08240-0436-454a-8993-362abf5bc477": window light drew 1/1 beam(s)
2026-05-25 15:37:35.696 +02:00 [INF] Map "d5c08240-0436-454a-8993-362abf5bc477": window light drew 1/1 beam(s)
2026-05-25 15:37:35.723 +02:00 [INF] Map "d5c08240-0436-454a-8993-362abf5bc477": window light drew 1/1 beam(s)
2026-05-25 15:37:35.749 +02:00 [INF] Map "d5c08240-0436-454a-8993-362abf5bc477": window light drew 1/1 beam(s)
2026-05-25 15:37:35.776 +02:00 [INF] Map "d5c08240-0436-454a-8993-362abf5bc477": window light drew 1/1 beam(s)
2026-05-25 15:37:35.803 +02:00 [INF] Map "d5c08240-0436-454a-8993-362abf5bc477": window light drew 1/1 beam(s)
2026-05-25 15:37:35.830 +02:00 [INF] Map "d5c08240-0436-454a-8993-362abf5bc477": window light drew 1/1 beam(s)
2026-05-25 15:37:35.856 +02:00 [INF] Map "d5c08240-0436-454a-8993-362abf5bc477": window light drew 1/1 beam(s)
2026-05-25 15:37:35.883 +02:00 [INF] Map "d5c08240-0436-454a-8993-362abf5bc477": window light drew 1/1 beam(s)
2026-05-25 15:37:35.923 +02:00 [INF] Map "d5c08240-0436-454a-8993-362abf5bc477": window light drew 1/1 beam(s)
2026-05-25 15:37:35.948 +02:00 [INF] Map "d5c08240-0436-454a-8993-362abf5bc477": window light drew 1/1 beam(s)
2026-05-25 15:37:35.974 +02:00 [INF] Map "d5c08240-0436-454a-8993-362abf5bc477": window light drew 1/1 beam(s)
2026-05-25 15:37:36.001 +02:00 [INF] Map "d5c08240-0436-454a-8993-362abf5bc477": window light drew 1/1 beam(s)
2026-05-25 15:37:36.028 +02:00 [INF] Map "d5c08240-0436-454a-8993-362abf5bc477": window light drew 1/1 beam(s)
2026-05-25 15:37:36.055 +02:00 [INF] Map "d5c08240-0436-454a-8993-362abf5bc477": window light drew 1/1 beam(s)
2026-05-25 15:37:36.113 +02:00 [INF] Map "d5c08240-0436-454a-8993-362abf5bc477": window light drew 1/1 beam(s)
2026-05-25 15:37:36.160 +02:00 [INF] Map "d5c08240-0436-454a-8993-362abf5bc477": window light drew 1/1 beam(s)
2026-05-25 15:37:36.207 +02:00 [INF] Map "d5c08240-0436-454a-8993-362abf5bc477": window light drew 1/1 beam(s)
2026-05-25 15:37:36.270 +02:00 [INF] Map "d5c08240-0436-454a-8993-362abf5bc477": window light drew 1/1 beam(s)
2026-05-25 15:37:36.317 +02:00 [INF] Map "d5c08240-0436-454a-8993-362abf5bc477": window light drew 1/1 beam(s)
2026-05-25 15:37:36.364 +02:00 [INF] Map "d5c08240-0436-454a-8993-362abf5bc477": window light drew 1/1 beam(s)
2026-05-25 15:37:36.412 +02:00 [INF] Map "d5c08240-0436-454a-8993-362abf5bc477": window light drew 1/1 beam(s)
2026-05-25 15:37:36.459 +02:00 [INF] Map "d5c08240-0436-454a-8993-362abf5bc477": window light drew 1/1 beam(s)
2026-05-25 15:37:36.505 +02:00 [INF] Map "d5c08240-0436-454a-8993-362abf5bc477": window light drew 1/1 beam(s)
2026-05-25 15:37:36.551 +02:00 [INF] Map "d5c08240-0436-454a-8993-362abf5bc477": window light drew 1/1 beam(s)
2026-05-25 15:37:36.598 +02:00 [INF] Map "d5c08240-0436-454a-8993-362abf5bc477": window light drew 1/1 beam(s)
2026-05-25 15:37:36.645 +02:00 [INF] Map "d5c08240-0436-454a-8993-362abf5bc477": window light drew 1/1 beam(s)
2026-05-25 15:37:36.705 +02:00 [INF] Map "d5c08240-0436-454a-8993-362abf5bc477": window light drew 1/1 beam(s)
2026-05-25 15:37:36.752 +02:00 [INF] Map "d5c08240-0436-454a-8993-362abf5bc477": window light drew 1/1 beam(s)
2026-05-25 15:37:36.799 +02:00 [INF] Map "d5c08240-0436-454a-8993-362abf5bc477": window light drew 1/1 beam(s)
2026-05-25 15:37:36.846 +02:00 [INF] Map "d5c08240-0436-454a-8993-362abf5bc477": window light drew 1/1 beam(s)
2026-05-25 15:37:36.892 +02:00 [INF] Map "d5c08240-0436-454a-8993-362abf5bc477": window light drew 1/1 beam(s)
2026-05-25 15:37:36.938 +02:00 [INF] Map "d5c08240-0436-454a-8993-362abf5bc477": window light drew 1/1 beam(s)
2026-05-25 15:37:36.986 +02:00 [INF] Map "d5c08240-0436-454a-8993-362abf5bc477": window light drew 1/1 beam(s)
2026-05-25 15:37:37.032 +02:00 [INF] Map "d5c08240-0436-454a-8993-362abf5bc477": window light drew 1/1 beam(s)
2026-05-25 15:37:37.079 +02:00 [INF] Map "d5c08240-0436-454a-8993-362abf5bc477": window light drew 1/1 beam(s)
2026-05-25 15:37:37.139 +02:00 [INF] Map "d5c08240-0436-454a-8993-362abf5bc477": window light drew 1/1 beam(s)
2026-05-25 15:37:37.185 +02:00 [INF] Map "d5c08240-0436-454a-8993-362abf5bc477": window light drew 1/1 beam(s)
2026-05-25 15:37:37.232 +02:00 [INF] Map "d5c08240-0436-454a-8993-362abf5bc477": window light drew 1/1 beam(s)
2026-05-25 15:37:37.278 +02:00 [INF] Map "d5c08240-0436-454a-8993-362abf5bc477": window light drew 1/1 beam(s)
2026-05-25 15:37:37.325 +02:00 [INF] Map "d5c08240-0436-454a-8993-362abf5bc477": window light drew 1/1 beam(s)
2026-05-25 15:37:37.372 +02:00 [INF] Map "d5c08240-0436-454a-8993-362abf5bc477": window light drew 1/1 beam(s)
2026-05-25 15:37:37.418 +02:00 [INF] Map "d5c08240-0436-454a-8993-362abf5bc477": window light drew 1/1 beam(s)
2026-05-25 15:37:37.465 +02:00 [INF] Map "d5c08240-0436-454a-8993-362abf5bc477": window light drew 1/1 beam(s)
2026-05-25 15:37:37.511 +02:00 [INF] Map "d5c08240-0436-454a-8993-362abf5bc477": window light drew 1/1 beam(s)
2026-05-25 15:37:37.571 +02:00 [INF] Map "d5c08240-0436-454a-8993-362abf5bc477": window light drew 1/1 beam(s)
2026-05-25 15:37:37.618 +02:00 [INF] Map "d5c08240-0436-454a-8993-362abf5bc477": window light drew 1/1 beam(s)
2026-05-25 15:37:37.665 +02:00 [INF] Map "d5c08240-0436-454a-8993-362abf5bc477": window light drew 1/1 beam(s)
2026-05-25 15:37:37.712 +02:00 [INF] Map "d5c08240-0436-454a-8993-362abf5bc477": window light drew 1/1 beam(s)
2026-05-25 15:37:37.759 +02:00 [INF] Map "d5c08240-0436-454a-8993-362abf5bc477": window light drew 1/1 beam(s)
2026-05-25 15:37:37.805 +02:00 [INF] Map "d5c08240-0436-454a-8993-362abf5bc477": window light drew 1/1 beam(s)
2026-05-25 15:37:37.852 +02:00 [INF] Map "d5c08240-0436-454a-8993-362abf5bc477": window light drew 1/1 beam(s)
2026-05-25 15:37:37.899 +02:00 [INF] Map "d5c08240-0436-454a-8993-362abf5bc477": window light drew 1/1 beam(s)
2026-05-25 15:37:37.945 +02:00 [INF] Map "d5c08240-0436-454a-8993-362abf5bc477": window light drew 1/1 beam(s)
2026-05-25 15:37:38.004 +02:00 [INF] Map "d5c08240-0436-454a-8993-362abf5bc477": window light drew 1/1 beam(s)
2026-05-25 15:37:38.051 +02:00 [INF] Map "d5c08240-0436-454a-8993-362abf5bc477": window light drew 1/1 beam(s)
2026-05-25 15:37:38.099 +02:00 [INF] Map "d5c08240-0436-454a-8993-362abf5bc477": window light drew 1/1 beam(s)
2026-05-25 15:37:38.196 +02:00 [INF] Map "d5c08240-0436-454a-8993-362abf5bc477": window light drew 1/1 beam(s)
2026-05-25 15:37:38.248 +02:00 [INF] Map "d5c08240-0436-454a-8993-362abf5bc477": window light drew 1/1 beam(s)
2026-05-25 15:37:38.303 +02:00 [INF] Map "d5c08240-0436-454a-8993-362abf5bc477": window light drew 1/1 beam(s)
2026-05-25 15:37:38.330 +02:00 [INF] Map "d5c08240-0436-454a-8993-362abf5bc477": window light drew 1/1 beam(s)
2026-05-25 15:37:38.357 +02:00 [INF] Map "d5c08240-0436-454a-8993-362abf5bc477": window light drew 1/1 beam(s)
2026-05-25 15:37:38.384 +02:00 [INF] Map "d5c08240-0436-454a-8993-362abf5bc477": window light drew 1/1 beam(s)
2026-05-25 15:37:38.427 +02:00 [INF] Map "d5c08240-0436-454a-8993-362abf5bc477": window light drew 1/1 beam(s)
2026-05-25 15:37:38.454 +02:00 [INF] Map "d5c08240-0436-454a-8993-362abf5bc477": window light drew 1/1 beam(s)
2026-05-25 15:37:38.483 +02:00 [INF] Map "d5c08240-0436-454a-8993-362abf5bc477": window light drew 1/1 beam(s)
2026-05-25 15:37:38.513 +02:00 [INF] Map "d5c08240-0436-454a-8993-362abf5bc477": window light drew 1/1 beam(s)
2026-05-25 15:37:38.541 +02:00 [INF] Map "d5c08240-0436-454a-8993-362abf5bc477": window light drew 1/1 beam(s)
2026-05-25 15:37:38.568 +02:00 [INF] Map "d5c08240-0436-454a-8993-362abf5bc477": window light drew 1/1 beam(s)
2026-05-25 15:37:38.597 +02:00 [INF] Map "d5c08240-0436-454a-8993-362abf5bc477": window light drew 1/1 beam(s)
2026-05-25 15:37:38.624 +02:00 [INF] Map "d5c08240-0436-454a-8993-362abf5bc477": window light drew 1/1 beam(s)
2026-05-25 15:37:38.650 +02:00 [INF] Map "d5c08240-0436-454a-8993-362abf5bc477": window light drew 1/1 beam(s)
2026-05-25 15:37:38.689 +02:00 [INF] Map "d5c08240-0436-454a-8993-362abf5bc477": window light drew 1/1 beam(s)
2026-05-25 15:37:38.715 +02:00 [INF] Map "d5c08240-0436-454a-8993-362abf5bc477": window light drew 1/1 beam(s)
2026-05-25 15:37:38.741 +02:00 [INF] Map "d5c08240-0436-454a-8993-362abf5bc477": window light drew 1/1 beam(s)
2026-05-25 15:37:38.767 +02:00 [INF] Map "d5c08240-0436-454a-8993-362abf5bc477": window light drew 1/1 beam(s)
2026-05-25 15:37:38.795 +02:00 [INF] Map "d5c08240-0436-454a-8993-362abf5bc477": window light drew 1/1 beam(s)
2026-05-25 15:37:38.823 +02:00 [INF] Map "d5c08240-0436-454a-8993-362abf5bc477": window light drew 1/1 beam(s)
2026-05-25 15:37:38.851 +02:00 [INF] Map "d5c08240-0436-454a-8993-362abf5bc477": window light drew 1/1 beam(s)
2026-05-25 15:37:38.879 +02:00 [INF] Map "d5c08240-0436-454a-8993-362abf5bc477": window light drew 1/1 beam(s)
2026-05-25 15:37:38.907 +02:00 [INF] Map "d5c08240-0436-454a-8993-362abf5bc477": window light drew 1/1 beam(s)
2026-05-25 15:37:38.947 +02:00 [INF] Map "d5c08240-0436-454a-8993-362abf5bc477": window light drew 1/1 beam(s)
2026-05-25 15:37:38.974 +02:00 [INF] Map "d5c08240-0436-454a-8993-362abf5bc477": window light drew 1/1 beam(s)
2026-05-25 15:37:39.000 +02:00 [INF] Map "d5c08240-0436-454a-8993-362abf5bc477": window light drew 1/1 beam(s)
2026-05-25 15:37:39.028 +02:00 [INF] Map "d5c08240-0436-454a-8993-362abf5bc477": window light drew 1/1 beam(s)
2026-05-25 15:37:39.055 +02:00 [INF] Map "d5c08240-0436-454a-8993-362abf5bc477": window light drew 1/1 beam(s)
2026-05-25 15:37:39.082 +02:00 [INF] Map "d5c08240-0436-454a-8993-362abf5bc477": window light drew 1/1 beam(s)
2026-05-25 15:37:39.108 +02:00 [INF] Map "d5c08240-0436-454a-8993-362abf5bc477": window light drew 1/1 beam(s)
2026-05-25 15:37:39.135 +02:00 [INF] Map "d5c08240-0436-454a-8993-362abf5bc477": window light drew 1/1 beam(s)
2026-05-25 15:37:39.184 +02:00 [INF] Map "d5c08240-0436-454a-8993-362abf5bc477": window light drew 1/1 beam(s)
2026-05-25 15:37:39.244 +02:00 [INF] Map "d5c08240-0436-454a-8993-362abf5bc477": window light drew 1/1 beam(s)
2026-05-25 15:37:39.291 +02:00 [INF] Map "d5c08240-0436-454a-8993-362abf5bc477": window light drew 1/1 beam(s)
2026-05-25 15:37:39.332 +02:00 [INF] Map "d5c08240-0436-454a-8993-362abf5bc477": window light drew 1/1 beam(s)
2026-05-25 15:37:39.362 +02:00 [INF] Map "d5c08240-0436-454a-8993-362abf5bc477": window light drew 1/1 beam(s)
2026-05-25 15:37:39.391 +02:00 [INF] Map "d5c08240-0436-454a-8993-362abf5bc477": window light drew 1/1 beam(s)
2026-05-25 15:37:39.417 +02:00 [INF] Map "d5c08240-0436-454a-8993-362abf5bc477": window light drew 1/1 beam(s)
2026-05-25 15:37:39.445 +02:00 [INF] Map "d5c08240-0436-454a-8993-362abf5bc477": window light drew 1/1 beam(s)
2026-05-25 15:37:39.471 +02:00 [INF] Map "d5c08240-0436-454a-8993-362abf5bc477": window light drew 1/1 beam(s)
2026-05-25 15:37:39.497 +02:00 [INF] Map "d5c08240-0436-454a-8993-362abf5bc477": window light drew 1/1 beam(s)
2026-05-25 15:37:39.537 +02:00 [INF] Map "d5c08240-0436-454a-8993-362abf5bc477": window light drew 1/1 beam(s)
2026-05-25 15:37:39.564 +02:00 [INF] Map "d5c08240-0436-454a-8993-362abf5bc477": window light drew 1/1 beam(s)
2026-05-25 15:37:39.589 +02:00 [INF] Map "d5c08240-0436-454a-8993-362abf5bc477": window light drew 1/1 beam(s)
2026-05-25 15:37:39.615 +02:00 [INF] Map "d5c08240-0436-454a-8993-362abf5bc477": window light drew 1/1 beam(s)
2026-05-25 15:37:39.641 +02:00 [INF] Map "d5c08240-0436-454a-8993-362abf5bc477": window light drew 1/1 beam(s)
2026-05-25 15:37:39.667 +02:00 [INF] Map "d5c08240-0436-454a-8993-362abf5bc477": window light drew 1/1 beam(s)
2026-05-25 15:37:39.694 +02:00 [INF] Map "d5c08240-0436-454a-8993-362abf5bc477": window light drew 1/1 beam(s)
2026-05-25 15:37:39.719 +02:00 [INF] Map "d5c08240-0436-454a-8993-362abf5bc477": window light drew 1/1 beam(s)
2026-05-25 15:37:39.745 +02:00 [INF] Map "d5c08240-0436-454a-8993-362abf5bc477": window light drew 1/1 beam(s)
2026-05-25 15:37:39.784 +02:00 [INF] Map "d5c08240-0436-454a-8993-362abf5bc477": window light drew 1/1 beam(s)
2026-05-25 15:37:39.811 +02:00 [INF] Map "d5c08240-0436-454a-8993-362abf5bc477": window light drew 1/1 beam(s)
2026-05-25 15:37:39.836 +02:00 [INF] Map "d5c08240-0436-454a-8993-362abf5bc477": window light drew 1/1 beam(s)
2026-05-25 15:37:39.863 +02:00 [INF] Map "d5c08240-0436-454a-8993-362abf5bc477": window light drew 1/1 beam(s)
2026-05-25 15:37:39.889 +02:00 [INF] Map "d5c08240-0436-454a-8993-362abf5bc477": window light drew 1/1 beam(s)
2026-05-25 15:37:39.915 +02:00 [INF] Map "d5c08240-0436-454a-8993-362abf5bc477": window light drew 1/1 beam(s)
2026-05-25 15:37:39.940 +02:00 [INF] Map "d5c08240-0436-454a-8993-362abf5bc477": window light drew 1/1 beam(s)
2026-05-25 15:37:39.967 +02:00 [INF] Map "d5c08240-0436-454a-8993-362abf5bc477": window light drew 1/1 beam(s)
2026-05-25 15:37:39.993 +02:00 [INF] Map "d5c08240-0436-454a-8993-362abf5bc477": window light drew 1/1 beam(s)
2026-05-25 15:37:40.032 +02:00 [INF] Map "d5c08240-0436-454a-8993-362abf5bc477": window light drew 1/1 beam(s)
2026-05-25 15:37:40.057 +02:00 [INF] Map "d5c08240-0436-454a-8993-362abf5bc477": window light drew 1/1 beam(s)
2026-05-25 15:37:40.083 +02:00 [INF] Map "d5c08240-0436-454a-8993-362abf5bc477": window light drew 1/1 beam(s)
2026-05-25 15:37:40.109 +02:00 [INF] Map "d5c08240-0436-454a-8993-362abf5bc477": window light drew 1/1 beam(s)
2026-05-25 15:37:40.134 +02:00 [INF] Map "d5c08240-0436-454a-8993-362abf5bc477": window light drew 1/1 beam(s)
2026-05-25 15:37:40.161 +02:00 [INF] Map "d5c08240-0436-454a-8993-362abf5bc477": window light drew 1/1 beam(s)
2026-05-25 15:37:40.187 +02:00 [INF] Map "d5c08240-0436-454a-8993-362abf5bc477": window light drew 1/1 beam(s)
2026-05-25 15:37:40.212 +02:00 [INF] Map "d5c08240-0436-454a-8993-362abf5bc477": window light drew 1/1 beam(s)
2026-05-25 15:37:40.238 +02:00 [INF] Map "d5c08240-0436-454a-8993-362abf5bc477": window light drew 1/1 beam(s)
2026-05-25 15:37:40.277 +02:00 [INF] Map "d5c08240-0436-454a-8993-362abf5bc477": window light drew 1/1 beam(s)
2026-05-25 15:37:40.303 +02:00 [INF] Map "d5c08240-0436-454a-8993-362abf5bc477": window light drew 1/1 beam(s)
2026-05-25 15:37:40.329 +02:00 [INF] Map "d5c08240-0436-454a-8993-362abf5bc477": window light drew 1/1 beam(s)
2026-05-25 15:37:40.355 +02:00 [INF] Map "d5c08240-0436-454a-8993-362abf5bc477": window light drew 1/1 beam(s)
2026-05-25 15:37:40.381 +02:00 [INF] Map "d5c08240-0436-454a-8993-362abf5bc477": window light drew 1/1 beam(s)
2026-05-25 15:37:40.406 +02:00 [INF] Map "d5c08240-0436-454a-8993-362abf5bc477": window light drew 1/1 beam(s)
2026-05-25 15:37:40.432 +02:00 [INF] Map "d5c08240-0436-454a-8993-362abf5bc477": window light drew 1/1 beam(s)
2026-05-25 15:37:40.458 +02:00 [INF] Map "d5c08240-0436-454a-8993-362abf5bc477": window light drew 1/1 beam(s)
2026-05-25 15:37:40.484 +02:00 [INF] Map "d5c08240-0436-454a-8993-362abf5bc477": window light drew 1/1 beam(s)
2026-05-25 15:37:40.522 +02:00 [INF] Map "d5c08240-0436-454a-8993-362abf5bc477": window light drew 1/1 beam(s)
2026-05-25 15:37:40.548 +02:00 [INF] Map "d5c08240-0436-454a-8993-362abf5bc477": window light drew 1/1 beam(s)
2026-05-25 15:37:40.574 +02:00 [INF] Map "d5c08240-0436-454a-8993-362abf5bc477": window light drew 1/1 beam(s)
2026-05-25 15:37:40.600 +02:00 [INF] Map "d5c08240-0436-454a-8993-362abf5bc477": window light drew 1/1 beam(s)
2026-05-25 15:37:40.627 +02:00 [INF] Map "d5c08240-0436-454a-8993-362abf5bc477": window light drew 1/1 beam(s)
2026-05-25 15:37:40.652 +02:00 [INF] Map "d5c08240-0436-454a-8993-362abf5bc477": window light drew 1/1 beam(s)
2026-05-25 15:37:40.678 +02:00 [INF] Map "d5c08240-0436-454a-8993-362abf5bc477": window light drew 1/1 beam(s)
2026-05-25 15:37:40.704 +02:00 [INF] Map "d5c08240-0436-454a-8993-362abf5bc477": window light drew 1/1 beam(s)
2026-05-25 15:37:40.730 +02:00 [INF] Map "d5c08240-0436-454a-8993-362abf5bc477": window light drew 1/1 beam(s)
2026-05-25 15:37:40.769 +02:00 [INF] Map "d5c08240-0436-454a-8993-362abf5bc477": window light drew 1/1 beam(s)
2026-05-25 15:37:40.795 +02:00 [INF] Map "d5c08240-0436-454a-8993-362abf5bc477": window light drew 1/1 beam(s)
2026-05-25 15:37:40.820 +02:00 [INF] Map "d5c08240-0436-454a-8993-362abf5bc477": window light drew 1/1 beam(s)
2026-05-25 15:37:40.846 +02:00 [INF] Map "d5c08240-0436-454a-8993-362abf5bc477": window light drew 1/1 beam(s)
2026-05-25 15:37:40.872 +02:00 [INF] Map "d5c08240-0436-454a-8993-362abf5bc477": window light drew 1/1 beam(s)
2026-05-25 15:37:40.898 +02:00 [INF] Map "d5c08240-0436-454a-8993-362abf5bc477": window light drew 1/1 beam(s)
2026-05-25 15:37:40.924 +02:00 [INF] Map "d5c08240-0436-454a-8993-362abf5bc477": window light drew 1/1 beam(s)
2026-05-25 15:37:40.950 +02:00 [INF] Map "d5c08240-0436-454a-8993-362abf5bc477": window light drew 1/1 beam(s)
2026-05-25 15:37:40.978 +02:00 [INF] Map "d5c08240-0436-454a-8993-362abf5bc477": window light drew 1/1 beam(s)
2026-05-25 15:37:41.027 +02:00 [INF] Map "d5c08240-0436-454a-8993-362abf5bc477": window light drew 1/1 beam(s)
2026-05-25 15:37:41.053 +02:00 [INF] Map "d5c08240-0436-454a-8993-362abf5bc477": window light drew 1/1 beam(s)
2026-05-25 15:37:41.080 +02:00 [INF] Map "d5c08240-0436-454a-8993-362abf5bc477": window light drew 1/1 beam(s)
2026-05-25 15:37:41.107 +02:00 [INF] Map "d5c08240-0436-454a-8993-362abf5bc477": window light drew 1/1 beam(s)
2026-05-25 15:37:41.133 +02:00 [INF] Map "d5c08240-0436-454a-8993-362abf5bc477": window light drew 1/1 beam(s)
2026-05-25 15:37:41.160 +02:00 [INF] Map "d5c08240-0436-454a-8993-362abf5bc477": window light drew 1/1 beam(s)
2026-05-25 15:37:41.186 +02:00 [INF] Map "d5c08240-0436-454a-8993-362abf5bc477": window light drew 1/1 beam(s)
2026-05-25 15:37:41.212 +02:00 [INF] Map "d5c08240-0436-454a-8993-362abf5bc477": window light drew 1/1 beam(s)
2026-05-25 15:37:41.238 +02:00 [INF] Map "d5c08240-0436-454a-8993-362abf5bc477": window light drew 1/1 beam(s)
2026-05-25 15:37:41.277 +02:00 [INF] Map "d5c08240-0436-454a-8993-362abf5bc477": window light drew 1/1 beam(s)
2026-05-25 15:37:41.304 +02:00 [INF] Map "d5c08240-0436-454a-8993-362abf5bc477": window light drew 1/1 beam(s)
2026-05-25 15:37:41.336 +02:00 [INF] Map "d5c08240-0436-454a-8993-362abf5bc477": window light drew 1/1 beam(s)
2026-05-25 15:37:41.365 +02:00 [INF] Map "d5c08240-0436-454a-8993-362abf5bc477": window light drew 1/1 beam(s)
2026-05-25 15:37:41.430 +02:00 [INF] Map "d5c08240-0436-454a-8993-362abf5bc477": window light drew 1/1 beam(s)
2026-05-25 15:37:41.490 +02:00 [INF] Map "d5c08240-0436-454a-8993-362abf5bc477": window light drew 1/1 beam(s)
2026-05-25 15:37:41.539 +02:00 [INF] Map "d5c08240-0436-454a-8993-362abf5bc477": window light drew 1/1 beam(s)
2026-05-25 15:37:41.588 +02:00 [INF] Map "d5c08240-0436-454a-8993-362abf5bc477": window light drew 1/1 beam(s)
2026-05-25 15:37:41.636 +02:00 [INF] Map "d5c08240-0436-454a-8993-362abf5bc477": window light drew 1/1 beam(s)
2026-05-25 15:37:41.697 +02:00 [INF] Map "d5c08240-0436-454a-8993-362abf5bc477": window light drew 1/1 beam(s)
2026-05-25 15:37:41.744 +02:00 [INF] Map "d5c08240-0436-454a-8993-362abf5bc477": window light drew 1/1 beam(s)
2026-05-25 15:37:41.791 +02:00 [INF] Map "d5c08240-0436-454a-8993-362abf5bc477": window light drew 1/1 beam(s)
2026-05-25 15:37:41.839 +02:00 [INF] Map "d5c08240-0436-454a-8993-362abf5bc477": window light drew 1/1 beam(s)
2026-05-25 15:37:41.890 +02:00 [INF] Map "d5c08240-0436-454a-8993-362abf5bc477": window light drew 1/1 beam(s)
2026-05-25 15:37:41.939 +02:00 [INF] Map "d5c08240-0436-454a-8993-362abf5bc477": window light drew 1/1 beam(s)
2026-05-25 15:37:41.987 +02:00 [INF] Map "d5c08240-0436-454a-8993-362abf5bc477": window light drew 1/1 beam(s)
2026-05-25 15:37:42.037 +02:00 [INF] Map "d5c08240-0436-454a-8993-362abf5bc477": window light drew 1/1 beam(s)
2026-05-25 15:37:42.083 +02:00 [INF] Map "d5c08240-0436-454a-8993-362abf5bc477": window light drew 1/1 beam(s)
2026-05-25 15:37:42.146 +02:00 [INF] Map "d5c08240-0436-454a-8993-362abf5bc477": window light drew 1/1 beam(s)
2026-05-25 15:37:42.192 +02:00 [INF] Map "d5c08240-0436-454a-8993-362abf5bc477": window light drew 1/1 beam(s)
2026-05-25 15:37:42.240 +02:00 [INF] Map "d5c08240-0436-454a-8993-362abf5bc477": window light drew 1/1 beam(s)
2026-05-25 15:37:42.299 +02:00 [INF] Map "d5c08240-0436-454a-8993-362abf5bc477": window light drew 1/1 beam(s)
2026-05-25 15:37:42.331 +02:00 [INF] Map "d5c08240-0436-454a-8993-362abf5bc477": window light drew 1/1 beam(s)
2026-05-25 15:37:42.367 +02:00 [INF] Map "d5c08240-0436-454a-8993-362abf5bc477": window light drew 1/1 beam(s)
2026-05-25 15:37:42.395 +02:00 [INF] Map "d5c08240-0436-454a-8993-362abf5bc477": window light drew 1/1 beam(s)
2026-05-25 15:37:42.421 +02:00 [INF] Map "d5c08240-0436-454a-8993-362abf5bc477": window light drew 1/1 beam(s)
2026-05-25 15:37:42.449 +02:00 [INF] Map "d5c08240-0436-454a-8993-362abf5bc477": window light drew 1/1 beam(s)
2026-05-25 15:37:42.488 +02:00 [INF] Map "d5c08240-0436-454a-8993-362abf5bc477": window light drew 1/1 beam(s)
2026-05-25 15:37:42.513 +02:00 [INF] Map "d5c08240-0436-454a-8993-362abf5bc477": window light drew 1/1 beam(s)
2026-05-25 15:37:42.538 +02:00 [INF] Map "d5c08240-0436-454a-8993-362abf5bc477": window light drew 1/1 beam(s)
2026-05-25 15:37:42.564 +02:00 [INF] Map "d5c08240-0436-454a-8993-362abf5bc477": window light drew 1/1 beam(s)
2026-05-25 15:37:42.589 +02:00 [INF] Map "d5c08240-0436-454a-8993-362abf5bc477": window light drew 1/1 beam(s)
2026-05-25 15:37:42.614 +02:00 [INF] Map "d5c08240-0436-454a-8993-362abf5bc477": window light drew 1/1 beam(s)
2026-05-25 15:37:42.640 +02:00 [INF] Map "d5c08240-0436-454a-8993-362abf5bc477": window light drew 1/1 beam(s)
2026-05-25 15:37:42.665 +02:00 [INF] Map "d5c08240-0436-454a-8993-362abf5bc477": window light drew 1/1 beam(s)
2026-05-25 15:37:42.691 +02:00 [INF] Map "d5c08240-0436-454a-8993-362abf5bc477": window light drew 1/1 beam(s)
2026-05-25 15:37:42.730 +02:00 [INF] Map "d5c08240-0436-454a-8993-362abf5bc477": window light drew 1/1 beam(s)
2026-05-25 15:37:42.755 +02:00 [INF] Map "d5c08240-0436-454a-8993-362abf5bc477": window light drew 1/1 beam(s)
2026-05-25 15:37:42.780 +02:00 [INF] Map "d5c08240-0436-454a-8993-362abf5bc477": window light drew 1/1 beam(s)
2026-05-25 15:37:42.805 +02:00 [INF] Map "d5c08240-0436-454a-8993-362abf5bc477": window light drew 1/1 beam(s)
2026-05-25 15:37:42.831 +02:00 [INF] Map "d5c08240-0436-454a-8993-362abf5bc477": window light drew 1/1 beam(s)
2026-05-25 15:37:42.856 +02:00 [INF] Map "d5c08240-0436-454a-8993-362abf5bc477": window light drew 1/1 beam(s)
2026-05-25 15:37:42.881 +02:00 [INF] Map "d5c08240-0436-454a-8993-362abf5bc477": window light drew 1/1 beam(s)
2026-05-25 15:37:42.907 +02:00 [INF] Map "d5c08240-0436-454a-8993-362abf5bc477": window light drew 1/1 beam(s)
2026-05-25 15:37:42.932 +02:00 [INF] Map "d5c08240-0436-454a-8993-362abf5bc477": window light drew 1/1 beam(s)
2026-05-25 15:37:42.970 +02:00 [INF] Map "d5c08240-0436-454a-8993-362abf5bc477": window light drew 1/1 beam(s)
2026-05-25 15:37:42.995 +02:00 [INF] Map "d5c08240-0436-454a-8993-362abf5bc477": window light drew 1/1 beam(s)
2026-05-25 15:37:43.020 +02:00 [INF] Map "d5c08240-0436-454a-8993-362abf5bc477": window light drew 1/1 beam(s)
2026-05-25 15:37:43.046 +02:00 [INF] Map "d5c08240-0436-454a-8993-362abf5bc477": window light drew 1/1 beam(s)
2026-05-25 15:37:43.071 +02:00 [INF] Map "d5c08240-0436-454a-8993-362abf5bc477": window light drew 1/1 beam(s)
2026-05-25 15:37:43.120 +02:00 [INF] Map "d5c08240-0436-454a-8993-362abf5bc477": window light drew 1/1 beam(s)
2026-05-25 15:37:43.166 +02:00 [INF] Map "d5c08240-0436-454a-8993-362abf5bc477": window light drew 1/1 beam(s)
2026-05-25 15:37:43.212 +02:00 [INF] Map "d5c08240-0436-454a-8993-362abf5bc477": window light drew 1/1 beam(s)
2026-05-25 15:37:43.258 +02:00 [INF] Map "d5c08240-0436-454a-8993-362abf5bc477": window light drew 1/1 beam(s)
2026-05-25 15:37:43.317 +02:00 [INF] Map "d5c08240-0436-454a-8993-362abf5bc477": window light drew 1/1 beam(s)
2026-05-25 15:37:43.362 +02:00 [INF] Map "d5c08240-0436-454a-8993-362abf5bc477": window light drew 1/1 beam(s)
2026-05-25 15:37:43.408 +02:00 [INF] Map "d5c08240-0436-454a-8993-362abf5bc477": window light drew 1/1 beam(s)
2026-05-25 15:37:43.454 +02:00 [INF] Map "d5c08240-0436-454a-8993-362abf5bc477": window light drew 1/1 beam(s)
2026-05-25 15:37:43.500 +02:00 [INF] Map "d5c08240-0436-454a-8993-362abf5bc477": window light drew 1/1 beam(s)
2026-05-25 15:37:43.546 +02:00 [INF] Map "d5c08240-0436-454a-8993-362abf5bc477": window light drew 1/1 beam(s)
2026-05-25 15:37:43.592 +02:00 [INF] Map "d5c08240-0436-454a-8993-362abf5bc477": window light drew 1/1 beam(s)
2026-05-25 15:37:43.638 +02:00 [INF] Map "d5c08240-0436-454a-8993-362abf5bc477": window light drew 1/1 beam(s)
2026-05-25 15:37:43.683 +02:00 [INF] Map "d5c08240-0436-454a-8993-362abf5bc477": window light drew 1/1 beam(s)
2026-05-25 15:37:43.742 +02:00 [INF] Map "d5c08240-0436-454a-8993-362abf5bc477": window light drew 1/1 beam(s)
2026-05-25 15:37:43.788 +02:00 [INF] Map "d5c08240-0436-454a-8993-362abf5bc477": window light drew 1/1 beam(s)
2026-05-25 15:37:43.834 +02:00 [INF] Map "d5c08240-0436-454a-8993-362abf5bc477": window light drew 1/1 beam(s)
2026-05-25 15:37:43.880 +02:00 [INF] Map "d5c08240-0436-454a-8993-362abf5bc477": window light drew 1/1 beam(s)
2026-05-25 15:37:43.925 +02:00 [INF] Map "d5c08240-0436-454a-8993-362abf5bc477": window light drew 1/1 beam(s)
2026-05-25 15:37:43.972 +02:00 [INF] Map "d5c08240-0436-454a-8993-362abf5bc477": window light drew 1/1 beam(s)
2026-05-25 15:37:44.017 +02:00 [INF] Map "d5c08240-0436-454a-8993-362abf5bc477": window light drew 1/1 beam(s)
2026-05-25 15:37:44.063 +02:00 [INF] Map "d5c08240-0436-454a-8993-362abf5bc477": window light drew 1/1 beam(s)
2026-05-25 15:37:44.108 +02:00 [INF] Map "d5c08240-0436-454a-8993-362abf5bc477": window light drew 1/1 beam(s)
2026-05-25 15:37:44.167 +02:00 [INF] Map "d5c08240-0436-454a-8993-362abf5bc477": window light drew 1/1 beam(s)
2026-05-25 15:37:44.213 +02:00 [INF] Map "d5c08240-0436-454a-8993-362abf5bc477": window light drew 1/1 beam(s)
2026-05-25 15:37:44.259 +02:00 [INF] Map "d5c08240-0436-454a-8993-362abf5bc477": window light drew 1/1 beam(s)
2026-05-25 15:37:44.304 +02:00 [INF] Map "d5c08240-0436-454a-8993-362abf5bc477": window light drew 1/1 beam(s)
2026-05-25 15:37:44.350 +02:00 [INF] Map "d5c08240-0436-454a-8993-362abf5bc477": window light drew 1/1 beam(s)
2026-05-25 15:37:44.395 +02:00 [INF] Map "d5c08240-0436-454a-8993-362abf5bc477": window light drew 1/1 beam(s)
2026-05-25 15:37:44.441 +02:00 [INF] Map "d5c08240-0436-454a-8993-362abf5bc477": window light drew 1/1 beam(s)
2026-05-25 15:37:44.487 +02:00 [INF] Map "d5c08240-0436-454a-8993-362abf5bc477": window light drew 1/1 beam(s)
2026-05-25 15:37:44.533 +02:00 [INF] Map "d5c08240-0436-454a-8993-362abf5bc477": window light drew 1/1 beam(s)
2026-05-25 15:37:44.592 +02:00 [INF] Map "d5c08240-0436-454a-8993-362abf5bc477": window light drew 1/1 beam(s)
2026-05-25 15:37:44.638 +02:00 [INF] Map "d5c08240-0436-454a-8993-362abf5bc477": window light drew 1/1 beam(s)
2026-05-25 15:37:44.684 +02:00 [INF] Map "d5c08240-0436-454a-8993-362abf5bc477": window light drew 1/1 beam(s)
2026-05-25 15:37:44.730 +02:00 [INF] Map "d5c08240-0436-454a-8993-362abf5bc477": window light drew 1/1 beam(s)
2026-05-25 15:37:44.776 +02:00 [INF] Map "d5c08240-0436-454a-8993-362abf5bc477": window light drew 1/1 beam(s)
2026-05-25 15:37:44.821 +02:00 [INF] Map "d5c08240-0436-454a-8993-362abf5bc477": window light drew 1/1 beam(s)
2026-05-25 15:37:44.867 +02:00 [INF] Map "d5c08240-0436-454a-8993-362abf5bc477": window light drew 1/1 beam(s)
2026-05-25 15:37:44.912 +02:00 [INF] Map "d5c08240-0436-454a-8993-362abf5bc477": window light drew 1/1 beam(s)
2026-05-25 15:37:44.959 +02:00 [INF] Map "d5c08240-0436-454a-8993-362abf5bc477": window light drew 1/1 beam(s)
2026-05-25 15:37:45.017 +02:00 [INF] Map "d5c08240-0436-454a-8993-362abf5bc477": window light drew 1/1 beam(s)
2026-05-25 15:37:45.062 +02:00 [INF] Map "d5c08240-0436-454a-8993-362abf5bc477": window light drew 1/1 beam(s)
2026-05-25 15:37:45.107 +02:00 [INF] Map "d5c08240-0436-454a-8993-362abf5bc477": window light drew 1/1 beam(s)
2026-05-25 15:37:45.153 +02:00 [INF] Map "d5c08240-0436-454a-8993-362abf5bc477": window light drew 1/1 beam(s)
2026-05-25 15:37:45.199 +02:00 [INF] Map "d5c08240-0436-454a-8993-362abf5bc477": window light drew 1/1 beam(s)
2026-05-25 15:37:45.244 +02:00 [INF] Map "d5c08240-0436-454a-8993-362abf5bc477": window light drew 1/1 beam(s)
2026-05-25 15:37:45.290 +02:00 [INF] Map "d5c08240-0436-454a-8993-362abf5bc477": window light drew 1/1 beam(s)
2026-05-25 15:37:45.335 +02:00 [INF] Map "d5c08240-0436-454a-8993-362abf5bc477": window light drew 1/1 beam(s)
2026-05-25 15:37:45.381 +02:00 [INF] Map "d5c08240-0436-454a-8993-362abf5bc477": window light drew 1/1 beam(s)
2026-05-25 15:37:45.440 +02:00 [INF] Map "d5c08240-0436-454a-8993-362abf5bc477": window light drew 1/1 beam(s)
2026-05-25 15:37:45.486 +02:00 [INF] Map "d5c08240-0436-454a-8993-362abf5bc477": window light drew 1/1 beam(s)
2026-05-25 15:37:45.532 +02:00 [INF] Map "d5c08240-0436-454a-8993-362abf5bc477": window light drew 1/1 beam(s)
2026-05-25 15:37:45.577 +02:00 [INF] Map "d5c08240-0436-454a-8993-362abf5bc477": window light drew 1/1 beam(s)
2026-05-25 15:37:45.622 +02:00 [INF] Map "d5c08240-0436-454a-8993-362abf5bc477": window light drew 1/1 beam(s)
2026-05-25 15:37:45.667 +02:00 [INF] Map "d5c08240-0436-454a-8993-362abf5bc477": window light drew 1/1 beam(s)
2026-05-25 15:37:45.714 +02:00 [INF] Map "d5c08240-0436-454a-8993-362abf5bc477": window light drew 1/1 beam(s)
2026-05-25 15:37:45.759 +02:00 [INF] Map "d5c08240-0436-454a-8993-362abf5bc477": window light drew 1/1 beam(s)
2026-05-25 15:37:45.805 +02:00 [INF] Map "d5c08240-0436-454a-8993-362abf5bc477": window light drew 1/1 beam(s)
2026-05-25 15:37:45.863 +02:00 [INF] Map "d5c08240-0436-454a-8993-362abf5bc477": window light drew 1/1 beam(s)
2026-05-25 15:37:45.909 +02:00 [INF] Map "d5c08240-0436-454a-8993-362abf5bc477": window light drew 1/1 beam(s)
2026-05-25 15:37:45.954 +02:00 [INF] Map "d5c08240-0436-454a-8993-362abf5bc477": window light drew 1/1 beam(s)
2026-05-25 15:37:46.000 +02:00 [INF] Map "d5c08240-0436-454a-8993-362abf5bc477": window light drew 1/1 beam(s)
2026-05-25 15:37:46.046 +02:00 [INF] Map "d5c08240-0436-454a-8993-362abf5bc477": window light drew 1/1 beam(s)
2026-05-25 15:37:46.091 +02:00 [INF] Map "d5c08240-0436-454a-8993-362abf5bc477": window light drew 1/1 beam(s)
2026-05-25 15:37:46.137 +02:00 [INF] Map "d5c08240-0436-454a-8993-362abf5bc477": window light drew 1/1 beam(s)
2026-05-25 15:37:46.183 +02:00 [INF] Map "d5c08240-0436-454a-8993-362abf5bc477": window light drew 1/1 beam(s)
2026-05-25 15:37:46.229 +02:00 [INF] Map "d5c08240-0436-454a-8993-362abf5bc477": window light drew 1/1 beam(s)
2026-05-25 15:37:46.287 +02:00 [INF] Map "d5c08240-0436-454a-8993-362abf5bc477": window light drew 1/1 beam(s)
2026-05-25 15:37:46.333 +02:00 [INF] Map "d5c08240-0436-454a-8993-362abf5bc477": window light drew 1/1 beam(s)
2026-05-25 15:37:46.377 +02:00 [INF] Map "d5c08240-0436-454a-8993-362abf5bc477": window light drew 1/1 beam(s)
2026-05-25 15:37:46.423 +02:00 [INF] Map "d5c08240-0436-454a-8993-362abf5bc477": window light drew 1/1 beam(s)
2026-05-25 15:37:46.468 +02:00 [INF] Map "d5c08240-0436-454a-8993-362abf5bc477": window light drew 1/1 beam(s)
2026-05-25 15:37:46.514 +02:00 [INF] Map "d5c08240-0436-454a-8993-362abf5bc477": window light drew 1/1 beam(s)
2026-05-25 15:37:46.560 +02:00 [INF] Map "d5c08240-0436-454a-8993-362abf5bc477": window light drew 1/1 beam(s)
2026-05-25 15:37:46.605 +02:00 [INF] Map "d5c08240-0436-454a-8993-362abf5bc477": window light drew 1/1 beam(s)
2026-05-25 15:37:46.651 +02:00 [INF] Map "d5c08240-0436-454a-8993-362abf5bc477": window light drew 1/1 beam(s)
2026-05-25 15:37:46.709 +02:00 [INF] Map "d5c08240-0436-454a-8993-362abf5bc477": window light drew 1/1 beam(s)
2026-05-25 15:37:46.755 +02:00 [INF] Map "d5c08240-0436-454a-8993-362abf5bc477": window light drew 1/1 beam(s)
2026-05-25 15:37:46.801 +02:00 [INF] Map "d5c08240-0436-454a-8993-362abf5bc477": window light drew 1/1 beam(s)
2026-05-25 15:37:46.847 +02:00 [INF] Map "d5c08240-0436-454a-8993-362abf5bc477": window light drew 1/1 beam(s)
2026-05-25 15:37:46.893 +02:00 [INF] Map "d5c08240-0436-454a-8993-362abf5bc477": window light drew 1/1 beam(s)
2026-05-25 15:37:46.938 +02:00 [INF] Map "d5c08240-0436-454a-8993-362abf5bc477": window light drew 1/1 beam(s)
2026-05-25 15:37:46.984 +02:00 [INF] Map "d5c08240-0436-454a-8993-362abf5bc477": window light drew 1/1 beam(s)
2026-05-25 15:37:47.031 +02:00 [INF] Map "d5c08240-0436-454a-8993-362abf5bc477": window light drew 1/1 beam(s)
2026-05-25 15:37:47.076 +02:00 [INF] Map "d5c08240-0436-454a-8993-362abf5bc477": window light drew 1/1 beam(s)
2026-05-25 15:37:47.136 +02:00 [INF] Map "d5c08240-0436-454a-8993-362abf5bc477": window light drew 1/1 beam(s)
2026-05-25 15:37:47.181 +02:00 [INF] Map "d5c08240-0436-454a-8993-362abf5bc477": window light drew 1/1 beam(s)
2026-05-25 15:37:47.227 +02:00 [INF] Map "d5c08240-0436-454a-8993-362abf5bc477": window light drew 1/1 beam(s)
2026-05-25 15:37:47.274 +02:00 [INF] Map "d5c08240-0436-454a-8993-362abf5bc477": window light drew 1/1 beam(s)
2026-05-25 15:37:47.320 +02:00 [INF] Map "d5c08240-0436-454a-8993-362abf5bc477": window light drew 1/1 beam(s)
2026-05-25 15:37:47.367 +02:00 [INF] Map "d5c08240-0436-454a-8993-362abf5bc477": window light drew 1/1 beam(s)
2026-05-25 15:37:47.415 +02:00 [INF] Map "d5c08240-0436-454a-8993-362abf5bc477": window light drew 1/1 beam(s)
2026-05-25 15:37:47.462 +02:00 [INF] Map "d5c08240-0436-454a-8993-362abf5bc477": window light drew 1/1 beam(s)
2026-05-25 15:37:47.508 +02:00 [INF] Map "d5c08240-0436-454a-8993-362abf5bc477": window light drew 1/1 beam(s)
2026-05-25 15:37:47.568 +02:00 [INF] Map "d5c08240-0436-454a-8993-362abf5bc477": window light drew 1/1 beam(s)
2026-05-25 15:37:47.616 +02:00 [INF] Map "d5c08240-0436-454a-8993-362abf5bc477": window light drew 1/1 beam(s)
2026-05-25 15:37:47.665 +02:00 [INF] Map "d5c08240-0436-454a-8993-362abf5bc477": window light drew 1/1 beam(s)
2026-05-25 15:37:47.710 +02:00 [INF] Map "d5c08240-0436-454a-8993-362abf5bc477": window light drew 1/1 beam(s)
2026-05-25 15:37:47.756 +02:00 [INF] Map "d5c08240-0436-454a-8993-362abf5bc477": window light drew 1/1 beam(s)
2026-05-25 15:37:47.801 +02:00 [INF] Map "d5c08240-0436-454a-8993-362abf5bc477": window light drew 1/1 beam(s)
2026-05-25 15:37:47.847 +02:00 [INF] Map "d5c08240-0436-454a-8993-362abf5bc477": window light drew 1/1 beam(s)
2026-05-25 15:37:47.893 +02:00 [INF] Map "d5c08240-0436-454a-8993-362abf5bc477": window light drew 1/1 beam(s)
2026-05-25 15:37:47.940 +02:00 [INF] Map "d5c08240-0436-454a-8993-362abf5bc477": window light drew 1/1 beam(s)
2026-05-25 15:37:47.999 +02:00 [INF] Map "d5c08240-0436-454a-8993-362abf5bc477": window light drew 1/1 beam(s)
2026-05-25 15:37:48.044 +02:00 [INF] Map "d5c08240-0436-454a-8993-362abf5bc477": window light drew 1/1 beam(s)
2026-05-25 15:37:48.090 +02:00 [INF] Map "d5c08240-0436-454a-8993-362abf5bc477": window light drew 1/1 beam(s)
2026-05-25 15:37:48.136 +02:00 [INF] Map "d5c08240-0436-454a-8993-362abf5bc477": window light drew 1/1 beam(s)
2026-05-25 15:37:48.182 +02:00 [INF] Map "d5c08240-0436-454a-8993-362abf5bc477": window light drew 1/1 beam(s)
2026-05-25 15:37:48.227 +02:00 [INF] Map "d5c08240-0436-454a-8993-362abf5bc477": window light drew 1/1 beam(s)
2026-05-25 15:37:48.273 +02:00 [INF] Map "d5c08240-0436-454a-8993-362abf5bc477": window light drew 1/1 beam(s)
2026-05-25 15:37:48.318 +02:00 [INF] Map "d5c08240-0436-454a-8993-362abf5bc477": window light drew 1/1 beam(s)
2026-05-25 15:37:48.364 +02:00 [INF] Map "d5c08240-0436-454a-8993-362abf5bc477": window light drew 1/1 beam(s)
2026-05-25 15:37:48.422 +02:00 [INF] Map "d5c08240-0436-454a-8993-362abf5bc477": window light drew 1/1 beam(s)
2026-05-25 15:37:48.468 +02:00 [INF] Map "d5c08240-0436-454a-8993-362abf5bc477": window light drew 1/1 beam(s)
2026-05-25 15:37:48.514 +02:00 [INF] Map "d5c08240-0436-454a-8993-362abf5bc477": window light drew 1/1 beam(s)
2026-05-25 15:37:48.560 +02:00 [INF] Map "d5c08240-0436-454a-8993-362abf5bc477": window light drew 1/1 beam(s)
2026-05-25 15:37:48.608 +02:00 [INF] Map "d5c08240-0436-454a-8993-362abf5bc477": window light drew 1/1 beam(s)
2026-05-25 15:37:48.653 +02:00 [INF] Map "d5c08240-0436-454a-8993-362abf5bc477": window light drew 1/1 beam(s)
2026-05-25 15:37:48.699 +02:00 [INF] Map "d5c08240-0436-454a-8993-362abf5bc477": window light drew 1/1 beam(s)
2026-05-25 15:37:48.745 +02:00 [INF] Map "d5c08240-0436-454a-8993-362abf5bc477": window light drew 1/1 beam(s)
2026-05-25 15:37:48.790 +02:00 [INF] Map "d5c08240-0436-454a-8993-362abf5bc477": window light drew 1/1 beam(s)
2026-05-25 15:37:48.850 +02:00 [INF] Map "d5c08240-0436-454a-8993-362abf5bc477": window light drew 1/1 beam(s)
2026-05-25 15:37:48.895 +02:00 [INF] Map "d5c08240-0436-454a-8993-362abf5bc477": window light drew 1/1 beam(s)
2026-05-25 15:37:48.941 +02:00 [INF] Map "d5c08240-0436-454a-8993-362abf5bc477": window light drew 1/1 beam(s)
2026-05-25 15:37:48.987 +02:00 [INF] Map "d5c08240-0436-454a-8993-362abf5bc477": window light drew 1/1 beam(s)
2026-05-25 15:37:49.033 +02:00 [INF] Map "d5c08240-0436-454a-8993-362abf5bc477": window light drew 1/1 beam(s)
2026-05-25 15:37:49.079 +02:00 [INF] Map "d5c08240-0436-454a-8993-362abf5bc477": window light drew 1/1 beam(s)
2026-05-25 15:37:49.124 +02:00 [INF] Map "d5c08240-0436-454a-8993-362abf5bc477": window light drew 1/1 beam(s)
2026-05-25 15:37:49.170 +02:00 [INF] Map "d5c08240-0436-454a-8993-362abf5bc477": window light drew 1/1 beam(s)
2026-05-25 15:37:49.217 +02:00 [INF] Map "d5c08240-0436-454a-8993-362abf5bc477": window light drew 1/1 beam(s)
2026-05-25 15:37:49.275 +02:00 [INF] Map "d5c08240-0436-454a-8993-362abf5bc477": window light drew 1/1 beam(s)
2026-05-25 15:37:49.321 +02:00 [INF] Map "d5c08240-0436-454a-8993-362abf5bc477": window light drew 1/1 beam(s)
2026-05-25 15:37:49.367 +02:00 [INF] Map "d5c08240-0436-454a-8993-362abf5bc477": window light drew 1/1 beam(s)
2026-05-25 15:37:49.414 +02:00 [INF] Map "d5c08240-0436-454a-8993-362abf5bc477": window light drew 1/1 beam(s)
2026-05-25 15:37:49.460 +02:00 [INF] Map "d5c08240-0436-454a-8993-362abf5bc477": window light drew 1/1 beam(s)
2026-05-25 15:37:49.506 +02:00 [INF] Map "d5c08240-0436-454a-8993-362abf5bc477": window light drew 1/1 beam(s)
2026-05-25 15:37:49.552 +02:00 [INF] Map "d5c08240-0436-454a-8993-362abf5bc477": window light drew 1/1 beam(s)
2026-05-25 15:37:49.597 +02:00 [INF] Map "d5c08240-0436-454a-8993-362abf5bc477": window light drew 1/1 beam(s)
2026-05-25 15:37:49.642 +02:00 [INF] Map "d5c08240-0436-454a-8993-362abf5bc477": window light drew 1/1 beam(s)
2026-05-25 15:37:49.702 +02:00 [INF] Map "d5c08240-0436-454a-8993-362abf5bc477": window light drew 1/1 beam(s)
2026-05-25 15:37:49.748 +02:00 [INF] Map "d5c08240-0436-454a-8993-362abf5bc477": window light drew 1/1 beam(s)
2026-05-25 15:37:49.795 +02:00 [INF] Map "d5c08240-0436-454a-8993-362abf5bc477": window light drew 1/1 beam(s)
2026-05-25 15:37:49.841 +02:00 [INF] Map "d5c08240-0436-454a-8993-362abf5bc477": window light drew 1/1 beam(s)
2026-05-25 15:37:49.887 +02:00 [INF] Map "d5c08240-0436-454a-8993-362abf5bc477": window light drew 1/1 beam(s)
2026-05-25 15:37:49.933 +02:00 [INF] Map "d5c08240-0436-454a-8993-362abf5bc477": window light drew 1/1 beam(s)
2026-05-25 15:37:49.979 +02:00 [INF] Map "d5c08240-0436-454a-8993-362abf5bc477": window light drew 1/1 beam(s)
2026-05-25 15:37:50.024 +02:00 [INF] Map "d5c08240-0436-454a-8993-362abf5bc477": window light drew 1/1 beam(s)
2026-05-25 15:37:50.069 +02:00 [INF] Map "d5c08240-0436-454a-8993-362abf5bc477": window light drew 1/1 beam(s)
2026-05-25 15:37:50.133 +02:00 [INF] Map "d5c08240-0436-454a-8993-362abf5bc477": window light drew 1/1 beam(s)
2026-05-25 15:37:50.179 +02:00 [INF] Map "d5c08240-0436-454a-8993-362abf5bc477": window light drew 1/1 beam(s)
2026-05-25 15:37:50.225 +02:00 [INF] Map "d5c08240-0436-454a-8993-362abf5bc477": window light drew 1/1 beam(s)
2026-05-25 15:37:50.270 +02:00 [INF] Map "d5c08240-0436-454a-8993-362abf5bc477": window light drew 1/1 beam(s)
2026-05-25 15:37:50.317 +02:00 [INF] Map "d5c08240-0436-454a-8993-362abf5bc477": window light drew 1/1 beam(s)
2026-05-25 15:37:50.364 +02:00 [INF] Map "d5c08240-0436-454a-8993-362abf5bc477": window light drew 1/1 beam(s)
2026-05-25 15:37:50.409 +02:00 [INF] Map "d5c08240-0436-454a-8993-362abf5bc477": window light drew 1/1 beam(s)
2026-05-25 15:37:50.455 +02:00 [INF] Map "d5c08240-0436-454a-8993-362abf5bc477": window light drew 1/1 beam(s)
2026-05-25 15:37:50.500 +02:00 [INF] Map "d5c08240-0436-454a-8993-362abf5bc477": window light drew 1/1 beam(s)
2026-05-25 15:37:50.559 +02:00 [INF] Map "d5c08240-0436-454a-8993-362abf5bc477": window light drew 1/1 beam(s)
2026-05-25 15:37:50.604 +02:00 [INF] Map "d5c08240-0436-454a-8993-362abf5bc477": window light drew 1/1 beam(s)
2026-05-25 15:37:50.650 +02:00 [INF] Map "d5c08240-0436-454a-8993-362abf5bc477": window light drew 1/1 beam(s)
2026-05-25 15:37:50.696 +02:00 [INF] Map "d5c08240-0436-454a-8993-362abf5bc477": window light drew 1/1 beam(s)
2026-05-25 15:37:50.741 +02:00 [INF] Map "d5c08240-0436-454a-8993-362abf5bc477": window light drew 1/1 beam(s)
2026-05-25 15:37:50.787 +02:00 [INF] Map "d5c08240-0436-454a-8993-362abf5bc477": window light drew 1/1 beam(s)
2026-05-25 15:37:50.832 +02:00 [INF] Map "d5c08240-0436-454a-8993-362abf5bc477": window light drew 1/1 beam(s)
2026-05-25 15:37:50.878 +02:00 [INF] Map "d5c08240-0436-454a-8993-362abf5bc477": window light drew 1/1 beam(s)
2026-05-25 15:37:50.924 +02:00 [INF] Map "d5c08240-0436-454a-8993-362abf5bc477": window light drew 1/1 beam(s)
2026-05-25 15:37:50.982 +02:00 [INF] Map "d5c08240-0436-454a-8993-362abf5bc477": window light drew 1/1 beam(s)
2026-05-25 15:37:51.028 +02:00 [INF] Map "d5c08240-0436-454a-8993-362abf5bc477": window light drew 1/1 beam(s)
2026-05-25 15:37:51.073 +02:00 [INF] Map "d5c08240-0436-454a-8993-362abf5bc477": window light drew 1/1 beam(s)
2026-05-25 15:37:51.118 +02:00 [INF] Map "d5c08240-0436-454a-8993-362abf5bc477": window light drew 1/1 beam(s)
2026-05-25 15:37:51.164 +02:00 [INF] Map "d5c08240-0436-454a-8993-362abf5bc477": window light drew 1/1 beam(s)
2026-05-25 15:37:51.211 +02:00 [INF] Map "d5c08240-0436-454a-8993-362abf5bc477": window light drew 1/1 beam(s)
2026-05-25 15:37:51.257 +02:00 [INF] Map "d5c08240-0436-454a-8993-362abf5bc477": window light drew 1/1 beam(s)
2026-05-25 15:37:51.302 +02:00 [INF] Map "d5c08240-0436-454a-8993-362abf5bc477": window light drew 1/1 beam(s)
2026-05-25 15:37:51.348 +02:00 [INF] Map "d5c08240-0436-454a-8993-362abf5bc477": window light drew 1/1 beam(s)
2026-05-25 15:37:51.407 +02:00 [INF] Map "d5c08240-0436-454a-8993-362abf5bc477": window light drew 1/1 beam(s)
2026-05-25 15:37:51.454 +02:00 [INF] Map "d5c08240-0436-454a-8993-362abf5bc477": window light drew 1/1 beam(s)
2026-05-25 15:37:51.499 +02:00 [INF] Map "d5c08240-0436-454a-8993-362abf5bc477": window light drew 1/1 beam(s)
2026-05-25 15:37:51.544 +02:00 [INF] Map "d5c08240-0436-454a-8993-362abf5bc477": window light drew 1/1 beam(s)
2026-05-25 15:37:51.591 +02:00 [INF] Map "d5c08240-0436-454a-8993-362abf5bc477": window light drew 1/1 beam(s)
2026-05-25 15:37:51.637 +02:00 [INF] Map "d5c08240-0436-454a-8993-362abf5bc477": window light drew 1/1 beam(s)
2026-05-25 15:37:51.682 +02:00 [INF] Map "d5c08240-0436-454a-8993-362abf5bc477": window light drew 1/1 beam(s)
2026-05-25 15:37:51.727 +02:00 [INF] Map "d5c08240-0436-454a-8993-362abf5bc477": window light drew 1/1 beam(s)
2026-05-25 15:37:51.772 +02:00 [INF] Map "d5c08240-0436-454a-8993-362abf5bc477": window light drew 1/1 beam(s)
2026-05-25 15:37:51.830 +02:00 [INF] Map "d5c08240-0436-454a-8993-362abf5bc477": window light drew 1/1 beam(s)
2026-05-25 15:37:51.875 +02:00 [INF] Map "d5c08240-0436-454a-8993-362abf5bc477": window light drew 1/1 beam(s)
2026-05-25 15:37:51.920 +02:00 [INF] Map "d5c08240-0436-454a-8993-362abf5bc477": window light drew 1/1 beam(s)
2026-05-25 15:37:51.967 +02:00 [INF] Map "d5c08240-0436-454a-8993-362abf5bc477": window light drew 1/1 beam(s)
2026-05-25 15:37:52.013 +02:00 [INF] Map "d5c08240-0436-454a-8993-362abf5bc477": window light drew 1/1 beam(s)
2026-05-25 15:37:52.059 +02:00 [INF] Map "d5c08240-0436-454a-8993-362abf5bc477": window light drew 1/1 beam(s)
2026-05-25 15:37:52.105 +02:00 [INF] Map "d5c08240-0436-454a-8993-362abf5bc477": window light drew 1/1 beam(s)
2026-05-25 15:37:52.150 +02:00 [INF] Map "d5c08240-0436-454a-8993-362abf5bc477": window light drew 1/1 beam(s)
2026-05-25 15:37:52.197 +02:00 [INF] Map "d5c08240-0436-454a-8993-362abf5bc477": window light drew 1/1 beam(s)
2026-05-25 15:37:52.255 +02:00 [INF] Map "d5c08240-0436-454a-8993-362abf5bc477": window light drew 1/1 beam(s)
2026-05-25 15:37:52.300 +02:00 [INF] Map "d5c08240-0436-454a-8993-362abf5bc477": window light drew 1/1 beam(s)
2026-05-25 15:37:52.346 +02:00 [INF] Map "d5c08240-0436-454a-8993-362abf5bc477": window light drew 1/1 beam(s)
2026-05-25 15:37:52.392 +02:00 [INF] Map "d5c08240-0436-454a-8993-362abf5bc477": window light drew 1/1 beam(s)
2026-05-25 15:37:52.437 +02:00 [INF] Map "d5c08240-0436-454a-8993-362abf5bc477": window light drew 1/1 beam(s)
2026-05-25 15:37:52.483 +02:00 [INF] Map "d5c08240-0436-454a-8993-362abf5bc477": window light drew 1/1 beam(s)
2026-05-25 15:37:52.529 +02:00 [INF] Map "d5c08240-0436-454a-8993-362abf5bc477": window light drew 1/1 beam(s)
2026-05-25 15:37:52.575 +02:00 [INF] Map "d5c08240-0436-454a-8993-362abf5bc477": window light drew 1/1 beam(s)
2026-05-25 15:37:52.621 +02:00 [INF] Map "d5c08240-0436-454a-8993-362abf5bc477": window light drew 1/1 beam(s)
2026-05-25 15:37:52.679 +02:00 [INF] Map "d5c08240-0436-454a-8993-362abf5bc477": window light drew 1/1 beam(s)
2026-05-25 15:37:52.725 +02:00 [INF] Map "d5c08240-0436-454a-8993-362abf5bc477": window light drew 1/1 beam(s)
2026-05-25 15:37:52.771 +02:00 [INF] Map "d5c08240-0436-454a-8993-362abf5bc477": window light drew 1/1 beam(s)
2026-05-25 15:37:52.817 +02:00 [INF] Map "d5c08240-0436-454a-8993-362abf5bc477": window light drew 1/1 beam(s)
2026-05-25 15:37:52.863 +02:00 [INF] Map "d5c08240-0436-454a-8993-362abf5bc477": window light drew 1/1 beam(s)
2026-05-25 15:37:52.908 +02:00 [INF] Map "d5c08240-0436-454a-8993-362abf5bc477": window light drew 1/1 beam(s)
2026-05-25 15:37:52.954 +02:00 [INF] Map "d5c08240-0436-454a-8993-362abf5bc477": window light drew 1/1 beam(s)
2026-05-25 15:37:53.000 +02:00 [INF] Map "d5c08240-0436-454a-8993-362abf5bc477": window light drew 1/1 beam(s)
2026-05-25 15:37:53.045 +02:00 [INF] Map "d5c08240-0436-454a-8993-362abf5bc477": window light drew 1/1 beam(s)
2026-05-25 15:37:53.104 +02:00 [INF] Map "d5c08240-0436-454a-8993-362abf5bc477": window light drew 1/1 beam(s)
2026-05-25 15:37:53.150 +02:00 [INF] Map "d5c08240-0436-454a-8993-362abf5bc477": window light drew 1/1 beam(s)
2026-05-25 15:37:53.195 +02:00 [INF] Map "d5c08240-0436-454a-8993-362abf5bc477": window light drew 1/1 beam(s)
2026-05-25 15:37:53.241 +02:00 [INF] Map "d5c08240-0436-454a-8993-362abf5bc477": window light drew 1/1 beam(s)
2026-05-25 15:37:53.286 +02:00 [INF] Map "d5c08240-0436-454a-8993-362abf5bc477": window light drew 1/1 beam(s)
2026-05-25 15:37:53.332 +02:00 [INF] Map "d5c08240-0436-454a-8993-362abf5bc477": window light drew 1/1 beam(s)
2026-05-25 15:37:53.378 +02:00 [INF] Map "d5c08240-0436-454a-8993-362abf5bc477": window light drew 1/1 beam(s)
2026-05-25 15:37:53.423 +02:00 [INF] Map "d5c08240-0436-454a-8993-362abf5bc477": window light drew 1/1 beam(s)
2026-05-25 15:37:53.468 +02:00 [INF] Map "d5c08240-0436-454a-8993-362abf5bc477": window light drew 1/1 beam(s)
2026-05-25 15:37:53.527 +02:00 [INF] Map "d5c08240-0436-454a-8993-362abf5bc477": window light drew 1/1 beam(s)
2026-05-25 15:37:53.572 +02:00 [INF] Map "d5c08240-0436-454a-8993-362abf5bc477": window light drew 1/1 beam(s)
2026-05-25 15:37:53.618 +02:00 [INF] Map "d5c08240-0436-454a-8993-362abf5bc477": window light drew 1/1 beam(s)
2026-05-25 15:37:53.664 +02:00 [INF] Map "d5c08240-0436-454a-8993-362abf5bc477": window light drew 1/1 beam(s)
2026-05-25 15:37:53.710 +02:00 [INF] Map "d5c08240-0436-454a-8993-362abf5bc477": window light drew 1/1 beam(s)
2026-05-25 15:37:53.755 +02:00 [INF] Map "d5c08240-0436-454a-8993-362abf5bc477": window light drew 1/1 beam(s)
2026-05-25 15:37:53.801 +02:00 [INF] Map "d5c08240-0436-454a-8993-362abf5bc477": window light drew 1/1 beam(s)
2026-05-25 15:37:53.847 +02:00 [INF] Map "d5c08240-0436-454a-8993-362abf5bc477": window light drew 1/1 beam(s)
2026-05-25 15:37:53.893 +02:00 [INF] Map "d5c08240-0436-454a-8993-362abf5bc477": window light drew 1/1 beam(s)
2026-05-25 15:37:53.951 +02:00 [INF] Map "d5c08240-0436-454a-8993-362abf5bc477": window light drew 1/1 beam(s)
2026-05-25 15:37:53.996 +02:00 [INF] Map "d5c08240-0436-454a-8993-362abf5bc477": window light drew 1/1 beam(s)
2026-05-25 15:37:54.042 +02:00 [INF] Map "d5c08240-0436-454a-8993-362abf5bc477": window light drew 1/1 beam(s)
2026-05-25 15:37:54.091 +02:00 [INF] Map "d5c08240-0436-454a-8993-362abf5bc477": window light drew 1/1 beam(s)
2026-05-25 15:37:54.136 +02:00 [INF] Map "d5c08240-0436-454a-8993-362abf5bc477": window light drew 1/1 beam(s)
2026-05-25 15:37:54.181 +02:00 [INF] Map "d5c08240-0436-454a-8993-362abf5bc477": window light drew 1/1 beam(s)
2026-05-25 15:37:54.227 +02:00 [INF] Map "d5c08240-0436-454a-8993-362abf5bc477": window light drew 1/1 beam(s)
2026-05-25 15:37:54.272 +02:00 [INF] Map "d5c08240-0436-454a-8993-362abf5bc477": window light drew 1/1 beam(s)
2026-05-25 15:37:54.318 +02:00 [INF] Map "d5c08240-0436-454a-8993-362abf5bc477": window light drew 1/1 beam(s)
2026-05-25 15:37:54.377 +02:00 [INF] Map "d5c08240-0436-454a-8993-362abf5bc477": window light drew 1/1 beam(s)
2026-05-25 15:37:54.423 +02:00 [INF] Map "d5c08240-0436-454a-8993-362abf5bc477": window light drew 1/1 beam(s)
2026-05-25 15:37:54.468 +02:00 [INF] Map "d5c08240-0436-454a-8993-362abf5bc477": window light drew 1/1 beam(s)
2026-05-25 15:37:54.514 +02:00 [INF] Map "d5c08240-0436-454a-8993-362abf5bc477": window light drew 1/1 beam(s)
2026-05-25 15:37:54.559 +02:00 [INF] Map "d5c08240-0436-454a-8993-362abf5bc477": window light drew 1/1 beam(s)
2026-05-25 15:37:54.611 +02:00 [INF] Map "d5c08240-0436-454a-8993-362abf5bc477": window light drew 1/1 beam(s)
2026-05-25 15:37:54.661 +02:00 [INF] Map "d5c08240-0436-454a-8993-362abf5bc477": window light drew 1/1 beam(s)
2026-05-25 15:37:54.707 +02:00 [INF] Map "d5c08240-0436-454a-8993-362abf5bc477": window light drew 1/1 beam(s)
2026-05-25 15:37:54.753 +02:00 [INF] Map "d5c08240-0436-454a-8993-362abf5bc477": window light drew 1/1 beam(s)
2026-05-25 15:37:54.811 +02:00 [INF] Map "d5c08240-0436-454a-8993-362abf5bc477": window light drew 1/1 beam(s)
2026-05-25 15:37:54.857 +02:00 [INF] Map "d5c08240-0436-454a-8993-362abf5bc477": window light drew 1/1 beam(s)
2026-05-25 15:37:54.903 +02:00 [INF] Map "d5c08240-0436-454a-8993-362abf5bc477": window light drew 1/1 beam(s)
2026-05-25 15:37:54.950 +02:00 [INF] Map "d5c08240-0436-454a-8993-362abf5bc477": window light drew 1/1 beam(s)
2026-05-25 15:37:54.995 +02:00 [INF] Map "d5c08240-0436-454a-8993-362abf5bc477": window light drew 1/1 beam(s)
2026-05-25 15:37:55.041 +02:00 [INF] Map "d5c08240-0436-454a-8993-362abf5bc477": window light drew 1/1 beam(s)
2026-05-25 15:37:55.087 +02:00 [INF] Map "d5c08240-0436-454a-8993-362abf5bc477": window light drew 1/1 beam(s)
2026-05-25 15:37:55.135 +02:00 [INF] Map "d5c08240-0436-454a-8993-362abf5bc477": window light drew 1/1 beam(s)
2026-05-25 15:37:55.180 +02:00 [INF] Map "d5c08240-0436-454a-8993-362abf5bc477": window light drew 1/1 beam(s)
2026-05-25 15:37:55.238 +02:00 [INF] Map "d5c08240-0436-454a-8993-362abf5bc477": window light drew 1/1 beam(s)
2026-05-25 15:37:55.284 +02:00 [INF] Map "d5c08240-0436-454a-8993-362abf5bc477": window light drew 1/1 beam(s)
2026-05-25 15:37:55.331 +02:00 [INF] Map "d5c08240-0436-454a-8993-362abf5bc477": window light drew 1/1 beam(s)
2026-05-25 15:37:55.377 +02:00 [INF] Map "d5c08240-0436-454a-8993-362abf5bc477": window light drew 1/1 beam(s)
2026-05-25 15:37:55.423 +02:00 [INF] Map "d5c08240-0436-454a-8993-362abf5bc477": window light drew 1/1 beam(s)
2026-05-25 15:37:55.468 +02:00 [INF] Map "d5c08240-0436-454a-8993-362abf5bc477": window light drew 1/1 beam(s)
2026-05-25 15:37:55.514 +02:00 [INF] Map "d5c08240-0436-454a-8993-362abf5bc477": window light drew 1/1 beam(s)
2026-05-25 15:37:55.559 +02:00 [INF] Map "d5c08240-0436-454a-8993-362abf5bc477": window light drew 1/1 beam(s)
2026-05-25 15:37:55.605 +02:00 [INF] Map "d5c08240-0436-454a-8993-362abf5bc477": window light drew 1/1 beam(s)
2026-05-25 15:37:55.663 +02:00 [INF] Map "d5c08240-0436-454a-8993-362abf5bc477": window light drew 1/1 beam(s)
2026-05-25 15:37:55.709 +02:00 [INF] Map "d5c08240-0436-454a-8993-362abf5bc477": window light drew 1/1 beam(s)
2026-05-25 15:37:55.755 +02:00 [INF] Map "d5c08240-0436-454a-8993-362abf5bc477": window light drew 1/1 beam(s)
2026-05-25 15:37:55.801 +02:00 [INF] Map "d5c08240-0436-454a-8993-362abf5bc477": window light drew 1/1 beam(s)
2026-05-25 15:37:55.847 +02:00 [INF] Map "d5c08240-0436-454a-8993-362abf5bc477": window light drew 1/1 beam(s)
2026-05-25 15:37:55.893 +02:00 [INF] Map "d5c08240-0436-454a-8993-362abf5bc477": window light drew 1/1 beam(s)
2026-05-25 15:37:55.939 +02:00 [INF] Map "d5c08240-0436-454a-8993-362abf5bc477": window light drew 1/1 beam(s)
2026-05-25 15:37:55.984 +02:00 [INF] Map "d5c08240-0436-454a-8993-362abf5bc477": window light drew 1/1 beam(s)
2026-05-25 15:37:56.031 +02:00 [INF] Map "d5c08240-0436-454a-8993-362abf5bc477": window light drew 1/1 beam(s)
2026-05-25 15:37:56.090 +02:00 [INF] Map "d5c08240-0436-454a-8993-362abf5bc477": window light drew 1/1 beam(s)
2026-05-25 15:37:56.136 +02:00 [INF] Map "d5c08240-0436-454a-8993-362abf5bc477": window light drew 1/1 beam(s)
2026-05-25 15:37:56.181 +02:00 [INF] Map "d5c08240-0436-454a-8993-362abf5bc477": window light drew 1/1 beam(s)
2026-05-25 15:37:56.227 +02:00 [INF] Map "d5c08240-0436-454a-8993-362abf5bc477": window light drew 1/1 beam(s)
2026-05-25 15:37:56.272 +02:00 [INF] Map "d5c08240-0436-454a-8993-362abf5bc477": window light drew 1/1 beam(s)
2026-05-25 15:37:56.318 +02:00 [INF] Map "d5c08240-0436-454a-8993-362abf5bc477": window light drew 1/1 beam(s)
2026-05-25 15:37:56.363 +02:00 [INF] Map "d5c08240-0436-454a-8993-362abf5bc477": window light drew 1/1 beam(s)
2026-05-25 15:37:56.408 +02:00 [INF] Map "d5c08240-0436-454a-8993-362abf5bc477": window light drew 1/1 beam(s)
2026-05-25 15:37:56.454 +02:00 [INF] Map "d5c08240-0436-454a-8993-362abf5bc477": window light drew 1/1 beam(s)
2026-05-25 15:37:56.512 +02:00 [INF] Map "d5c08240-0436-454a-8993-362abf5bc477": window light drew 1/1 beam(s)
2026-05-25 15:37:56.558 +02:00 [INF] Map "d5c08240-0436-454a-8993-362abf5bc477": window light drew 1/1 beam(s)
2026-05-25 15:37:56.604 +02:00 [INF] Map "d5c08240-0436-454a-8993-362abf5bc477": window light drew 1/1 beam(s)
2026-05-25 15:37:56.648 +02:00 [INF] Map "d5c08240-0436-454a-8993-362abf5bc477": window light drew 1/1 beam(s)
2026-05-25 15:37:56.694 +02:00 [INF] Map "d5c08240-0436-454a-8993-362abf5bc477": window light drew 1/1 beam(s)
2026-05-25 15:37:56.740 +02:00 [INF] Map "d5c08240-0436-454a-8993-362abf5bc477": window light drew 1/1 beam(s)
2026-05-25 15:37:56.787 +02:00 [INF] Map "d5c08240-0436-454a-8993-362abf5bc477": window light drew 1/1 beam(s)
2026-05-25 15:37:56.832 +02:00 [INF] Map "d5c08240-0436-454a-8993-362abf5bc477": window light drew 1/1 beam(s)
2026-05-25 15:37:56.878 +02:00 [INF] Map "d5c08240-0436-454a-8993-362abf5bc477": window light drew 1/1 beam(s)
2026-05-25 15:37:56.937 +02:00 [INF] Map "d5c08240-0436-454a-8993-362abf5bc477": window light drew 1/1 beam(s)
2026-05-25 15:37:56.983 +02:00 [INF] Map "d5c08240-0436-454a-8993-362abf5bc477": window light drew 1/1 beam(s)
2026-05-25 15:37:57.028 +02:00 [INF] Map "d5c08240-0436-454a-8993-362abf5bc477": window light drew 1/1 beam(s)
2026-05-25 15:37:57.073 +02:00 [INF] Map "d5c08240-0436-454a-8993-362abf5bc477": window light drew 1/1 beam(s)
2026-05-25 15:37:57.118 +02:00 [INF] Map "d5c08240-0436-454a-8993-362abf5bc477": window light drew 1/1 beam(s)
2026-05-25 15:37:57.164 +02:00 [INF] Map "d5c08240-0436-454a-8993-362abf5bc477": window light drew 1/1 beam(s)
2026-05-25 15:37:57.210 +02:00 [INF] Map "d5c08240-0436-454a-8993-362abf5bc477": window light drew 1/1 beam(s)
2026-05-25 15:37:57.255 +02:00 [INF] Map "d5c08240-0436-454a-8993-362abf5bc477": window light drew 1/1 beam(s)
2026-05-25 15:37:57.300 +02:00 [INF] Map "d5c08240-0436-454a-8993-362abf5bc477": window light drew 1/1 beam(s)
2026-05-25 15:37:57.358 +02:00 [INF] Map "d5c08240-0436-454a-8993-362abf5bc477": window light drew 1/1 beam(s)
2026-05-25 15:37:57.404 +02:00 [INF] Map "d5c08240-0436-454a-8993-362abf5bc477": window light drew 1/1 beam(s)
2026-05-25 15:37:57.449 +02:00 [INF] Map "d5c08240-0436-454a-8993-362abf5bc477": window light drew 1/1 beam(s)
2026-05-25 15:37:57.495 +02:00 [INF] Map "d5c08240-0436-454a-8993-362abf5bc477": window light drew 1/1 beam(s)
2026-05-25 15:37:57.539 +02:00 [INF] Map "d5c08240-0436-454a-8993-362abf5bc477": window light drew 1/1 beam(s)
2026-05-25 15:37:57.585 +02:00 [INF] Map "d5c08240-0436-454a-8993-362abf5bc477": window light drew 1/1 beam(s)
2026-05-25 15:37:57.631 +02:00 [INF] Map "d5c08240-0436-454a-8993-362abf5bc477": window light drew 1/1 beam(s)
2026-05-25 15:37:57.677 +02:00 [INF] Map "d5c08240-0436-454a-8993-362abf5bc477": window light drew 1/1 beam(s)
2026-05-25 15:37:57.722 +02:00 [INF] Map "d5c08240-0436-454a-8993-362abf5bc477": window light drew 1/1 beam(s)
2026-05-25 15:37:57.781 +02:00 [INF] Map "d5c08240-0436-454a-8993-362abf5bc477": window light drew 1/1 beam(s)
2026-05-25 15:37:57.826 +02:00 [INF] Map "d5c08240-0436-454a-8993-362abf5bc477": window light drew 1/1 beam(s)
2026-05-25 15:37:57.872 +02:00 [INF] Map "d5c08240-0436-454a-8993-362abf5bc477": window light drew 1/1 beam(s)
2026-05-25 15:37:57.917 +02:00 [INF] Map "d5c08240-0436-454a-8993-362abf5bc477": window light drew 1/1 beam(s)
2026-05-25 15:37:57.963 +02:00 [INF] Map "d5c08240-0436-454a-8993-362abf5bc477": window light drew 1/1 beam(s)
2026-05-25 15:37:58.008 +02:00 [INF] Map "d5c08240-0436-454a-8993-362abf5bc477": window light drew 1/1 beam(s)
2026-05-25 15:37:58.054 +02:00 [INF] Map "d5c08240-0436-454a-8993-362abf5bc477": window light drew 1/1 beam(s)
2026-05-25 15:37:58.099 +02:00 [INF] Map "d5c08240-0436-454a-8993-362abf5bc477": window light drew 1/1 beam(s)
2026-05-25 15:37:58.145 +02:00 [INF] Map "d5c08240-0436-454a-8993-362abf5bc477": window light drew 1/1 beam(s)
2026-05-25 15:37:58.203 +02:00 [INF] Map "d5c08240-0436-454a-8993-362abf5bc477": window light drew 1/1 beam(s)
2026-05-25 15:37:58.249 +02:00 [INF] Map "d5c08240-0436-454a-8993-362abf5bc477": window light drew 1/1 beam(s)
2026-05-25 15:37:58.294 +02:00 [INF] Map "d5c08240-0436-454a-8993-362abf5bc477": window light drew 1/1 beam(s)
2026-05-25 15:37:58.339 +02:00 [INF] Map "d5c08240-0436-454a-8993-362abf5bc477": window light drew 1/1 beam(s)
2026-05-25 15:37:58.385 +02:00 [INF] Map "d5c08240-0436-454a-8993-362abf5bc477": window light drew 1/1 beam(s)
2026-05-25 15:37:58.431 +02:00 [INF] Map "d5c08240-0436-454a-8993-362abf5bc477": window light drew 1/1 beam(s)
2026-05-25 15:37:58.477 +02:00 [INF] Map "d5c08240-0436-454a-8993-362abf5bc477": window light drew 1/1 beam(s)
2026-05-25 15:37:58.523 +02:00 [INF] Map "d5c08240-0436-454a-8993-362abf5bc477": window light drew 1/1 beam(s)
2026-05-25 15:37:58.569 +02:00 [INF] Map "d5c08240-0436-454a-8993-362abf5bc477": window light drew 1/1 beam(s)
2026-05-25 15:37:58.627 +02:00 [INF] Map "d5c08240-0436-454a-8993-362abf5bc477": window light drew 1/1 beam(s)
2026-05-25 15:37:58.672 +02:00 [INF] Map "d5c08240-0436-454a-8993-362abf5bc477": window light drew 1/1 beam(s)
2026-05-25 15:37:58.717 +02:00 [INF] Map "d5c08240-0436-454a-8993-362abf5bc477": window light drew 1/1 beam(s)
2026-05-25 15:37:58.762 +02:00 [INF] Map "d5c08240-0436-454a-8993-362abf5bc477": window light drew 1/1 beam(s)
2026-05-25 15:37:58.807 +02:00 [INF] Map "d5c08240-0436-454a-8993-362abf5bc477": window light drew 1/1 beam(s)
2026-05-25 15:37:58.852 +02:00 [INF] Map "d5c08240-0436-454a-8993-362abf5bc477": window light drew 1/1 beam(s)
2026-05-25 15:37:58.897 +02:00 [INF] Map "d5c08240-0436-454a-8993-362abf5bc477": window light drew 1/1 beam(s)
2026-05-25 15:37:58.943 +02:00 [INF] Map "d5c08240-0436-454a-8993-362abf5bc477": window light drew 1/1 beam(s)
2026-05-25 15:37:58.989 +02:00 [INF] Map "d5c08240-0436-454a-8993-362abf5bc477": window light drew 1/1 beam(s)
2026-05-25 15:37:59.047 +02:00 [INF] Map "d5c08240-0436-454a-8993-362abf5bc477": window light drew 1/1 beam(s)
2026-05-25 15:37:59.093 +02:00 [INF] Map "d5c08240-0436-454a-8993-362abf5bc477": window light drew 1/1 beam(s)
2026-05-25 15:37:59.138 +02:00 [INF] Map "d5c08240-0436-454a-8993-362abf5bc477": window light drew 1/1 beam(s)
2026-05-25 15:37:59.183 +02:00 [INF] Map "d5c08240-0436-454a-8993-362abf5bc477": window light drew 1/1 beam(s)
2026-05-25 15:37:59.229 +02:00 [INF] Map "d5c08240-0436-454a-8993-362abf5bc477": window light drew 1/1 beam(s)
2026-05-25 15:37:59.274 +02:00 [INF] Map "d5c08240-0436-454a-8993-362abf5bc477": window light drew 1/1 beam(s)
2026-05-25 15:37:59.319 +02:00 [INF] Map "d5c08240-0436-454a-8993-362abf5bc477": window light drew 1/1 beam(s)
2026-05-25 15:37:59.364 +02:00 [INF] Map "d5c08240-0436-454a-8993-362abf5bc477": window light drew 1/1 beam(s)
2026-05-25 15:37:59.409 +02:00 [INF] Map "d5c08240-0436-454a-8993-362abf5bc477": window light drew 1/1 beam(s)
2026-05-25 15:37:59.468 +02:00 [INF] Map "d5c08240-0436-454a-8993-362abf5bc477": window light drew 1/1 beam(s)
2026-05-25 15:37:59.515 +02:00 [INF] Map "d5c08240-0436-454a-8993-362abf5bc477": window light drew 1/1 beam(s)
2026-05-25 15:37:59.559 +02:00 [INF] Map "d5c08240-0436-454a-8993-362abf5bc477": window light drew 1/1 beam(s)
2026-05-25 15:37:59.605 +02:00 [INF] Map "d5c08240-0436-454a-8993-362abf5bc477": window light drew 1/1 beam(s)
2026-05-25 15:37:59.650 +02:00 [INF] Map "d5c08240-0436-454a-8993-362abf5bc477": window light drew 1/1 beam(s)
2026-05-25 15:37:59.695 +02:00 [INF] Map "d5c08240-0436-454a-8993-362abf5bc477": window light drew 1/1 beam(s)
2026-05-25 15:37:59.741 +02:00 [INF] Map "d5c08240-0436-454a-8993-362abf5bc477": window light drew 1/1 beam(s)
2026-05-25 15:37:59.787 +02:00 [INF] Map "d5c08240-0436-454a-8993-362abf5bc477": window light drew 1/1 beam(s)
2026-05-25 15:37:59.832 +02:00 [INF] Map "d5c08240-0436-454a-8993-362abf5bc477": window light drew 1/1 beam(s)
2026-05-25 15:37:59.890 +02:00 [INF] Map "d5c08240-0436-454a-8993-362abf5bc477": window light drew 1/1 beam(s)
2026-05-25 15:37:59.936 +02:00 [INF] Map "d5c08240-0436-454a-8993-362abf5bc477": window light drew 1/1 beam(s)
2026-05-25 15:37:59.981 +02:00 [INF] Map "d5c08240-0436-454a-8993-362abf5bc477": window light drew 1/1 beam(s)
2026-05-25 15:38:00.027 +02:00 [INF] Map "d5c08240-0436-454a-8993-362abf5bc477": window light drew 1/1 beam(s)
2026-05-25 15:38:00.073 +02:00 [INF] Map "d5c08240-0436-454a-8993-362abf5bc477": window light drew 1/1 beam(s)
2026-05-25 15:38:00.118 +02:00 [INF] Map "d5c08240-0436-454a-8993-362abf5bc477": window light drew 1/1 beam(s)
2026-05-25 15:38:00.164 +02:00 [INF] Map "d5c08240-0436-454a-8993-362abf5bc477": window light drew 1/1 beam(s)
2026-05-25 15:38:00.210 +02:00 [INF] Map "d5c08240-0436-454a-8993-362abf5bc477": window light drew 1/1 beam(s)
2026-05-25 15:38:00.256 +02:00 [INF] Map "d5c08240-0436-454a-8993-362abf5bc477": window light drew 1/1 beam(s)
2026-05-25 15:38:00.314 +02:00 [INF] Map "d5c08240-0436-454a-8993-362abf5bc477": window light drew 1/1 beam(s)
2026-05-25 15:38:00.360 +02:00 [INF] Map "d5c08240-0436-454a-8993-362abf5bc477": window light drew 1/1 beam(s)
2026-05-25 15:38:00.406 +02:00 [INF] Map "d5c08240-0436-454a-8993-362abf5bc477": window light drew 1/1 beam(s)
2026-05-25 15:38:00.451 +02:00 [INF] Map "d5c08240-0436-454a-8993-362abf5bc477": window light drew 1/1 beam(s)
2026-05-25 15:38:00.496 +02:00 [INF] Map "d5c08240-0436-454a-8993-362abf5bc477": window light drew 1/1 beam(s)
2026-05-25 15:38:00.542 +02:00 [INF] Map "d5c08240-0436-454a-8993-362abf5bc477": window light drew 1/1 beam(s)
2026-05-25 15:38:00.588 +02:00 [INF] Map "d5c08240-0436-454a-8993-362abf5bc477": window light drew 1/1 beam(s)
2026-05-25 15:38:00.634 +02:00 [INF] Map "d5c08240-0436-454a-8993-362abf5bc477": window light drew 1/1 beam(s)
2026-05-25 15:38:00.680 +02:00 [INF] Map "d5c08240-0436-454a-8993-362abf5bc477": window light drew 1/1 beam(s)
2026-05-25 15:38:00.738 +02:00 [INF] Map "d5c08240-0436-454a-8993-362abf5bc477": window light drew 1/1 beam(s)
2026-05-25 15:38:00.784 +02:00 [INF] Map "d5c08240-0436-454a-8993-362abf5bc477": window light drew 1/1 beam(s)
2026-05-25 15:38:00.830 +02:00 [INF] Map "d5c08240-0436-454a-8993-362abf5bc477": window light drew 1/1 beam(s)
2026-05-25 15:38:00.876 +02:00 [INF] Map "d5c08240-0436-454a-8993-362abf5bc477": window light drew 1/1 beam(s)
2026-05-25 15:38:00.922 +02:00 [INF] Map "d5c08240-0436-454a-8993-362abf5bc477": window light drew 1/1 beam(s)
2026-05-25 15:38:00.967 +02:00 [INF] Map "d5c08240-0436-454a-8993-362abf5bc477": window light drew 1/1 beam(s)
2026-05-25 15:38:01.013 +02:00 [INF] Map "d5c08240-0436-454a-8993-362abf5bc477": window light drew 1/1 beam(s)
2026-05-25 15:38:01.059 +02:00 [INF] Map "d5c08240-0436-454a-8993-362abf5bc477": window light drew 1/1 beam(s)
2026-05-25 15:38:01.104 +02:00 [INF] Map "d5c08240-0436-454a-8993-362abf5bc477": window light drew 1/1 beam(s)
2026-05-25 15:38:01.163 +02:00 [INF] Map "d5c08240-0436-454a-8993-362abf5bc477": window light drew 1/1 beam(s)
2026-05-25 15:38:01.209 +02:00 [INF] Map "d5c08240-0436-454a-8993-362abf5bc477": window light drew 1/1 beam(s)
2026-05-25 15:38:01.254 +02:00 [INF] Map "d5c08240-0436-454a-8993-362abf5bc477": window light drew 1/1 beam(s)
2026-05-25 15:38:01.300 +02:00 [INF] Map "d5c08240-0436-454a-8993-362abf5bc477": window light drew 1/1 beam(s)
2026-05-25 15:38:01.346 +02:00 [INF] Map "d5c08240-0436-454a-8993-362abf5bc477": window light drew 1/1 beam(s)
2026-05-25 15:38:01.392 +02:00 [INF] Map "d5c08240-0436-454a-8993-362abf5bc477": window light drew 1/1 beam(s)
2026-05-25 15:38:01.438 +02:00 [INF] Map "d5c08240-0436-454a-8993-362abf5bc477": window light drew 1/1 beam(s)
2026-05-25 15:38:01.484 +02:00 [INF] Map "d5c08240-0436-454a-8993-362abf5bc477": window light drew 1/1 beam(s)
2026-05-25 15:38:01.530 +02:00 [INF] Map "d5c08240-0436-454a-8993-362abf5bc477": window light drew 1/1 beam(s)
2026-05-25 15:38:01.588 +02:00 [INF] Map "d5c08240-0436-454a-8993-362abf5bc477": window light drew 1/1 beam(s)
2026-05-25 15:38:01.634 +02:00 [INF] Map "d5c08240-0436-454a-8993-362abf5bc477": window light drew 1/1 beam(s)
2026-05-25 15:38:01.680 +02:00 [INF] Map "d5c08240-0436-454a-8993-362abf5bc477": window light drew 1/1 beam(s)
2026-05-25 15:38:01.726 +02:00 [INF] Map "d5c08240-0436-454a-8993-362abf5bc477": window light drew 1/1 beam(s)
2026-05-25 15:38:01.771 +02:00 [INF] Map "d5c08240-0436-454a-8993-362abf5bc477": window light drew 1/1 beam(s)
2026-05-25 15:38:01.817 +02:00 [INF] Map "d5c08240-0436-454a-8993-362abf5bc477": window light drew 1/1 beam(s)
2026-05-25 15:38:01.863 +02:00 [INF] Map "d5c08240-0436-454a-8993-362abf5bc477": window light drew 1/1 beam(s)
2026-05-25 15:38:01.908 +02:00 [INF] Map "d5c08240-0436-454a-8993-362abf5bc477": window light drew 1/1 beam(s)
2026-05-25 15:38:01.954 +02:00 [INF] Map "d5c08240-0436-454a-8993-362abf5bc477": window light drew 1/1 beam(s)
2026-05-25 15:38:02.012 +02:00 [INF] Map "d5c08240-0436-454a-8993-362abf5bc477": window light drew 1/1 beam(s)
2026-05-25 15:38:02.057 +02:00 [INF] Map "d5c08240-0436-454a-8993-362abf5bc477": window light drew 1/1 beam(s)
2026-05-25 15:38:02.103 +02:00 [INF] Map "d5c08240-0436-454a-8993-362abf5bc477": window light drew 1/1 beam(s)
2026-05-25 15:38:02.148 +02:00 [INF] Map "d5c08240-0436-454a-8993-362abf5bc477": window light drew 1/1 beam(s)
2026-05-25 15:38:02.194 +02:00 [INF] Map "d5c08240-0436-454a-8993-362abf5bc477": window light drew 1/1 beam(s)
2026-05-25 15:38:02.239 +02:00 [INF] Map "d5c08240-0436-454a-8993-362abf5bc477": window light drew 1/1 beam(s)
2026-05-25 15:38:02.284 +02:00 [INF] Map "d5c08240-0436-454a-8993-362abf5bc477": window light drew 1/1 beam(s)
2026-05-25 15:38:02.330 +02:00 [INF] Map "d5c08240-0436-454a-8993-362abf5bc477": window light drew 1/1 beam(s)
2026-05-25 15:38:02.375 +02:00 [INF] Map "d5c08240-0436-454a-8993-362abf5bc477": window light drew 1/1 beam(s)
2026-05-25 15:38:02.434 +02:00 [INF] Map "d5c08240-0436-454a-8993-362abf5bc477": window light drew 1/1 beam(s)
2026-05-25 15:38:02.479 +02:00 [INF] Map "d5c08240-0436-454a-8993-362abf5bc477": window light drew 1/1 beam(s)
2026-05-25 15:38:02.524 +02:00 [INF] Map "d5c08240-0436-454a-8993-362abf5bc477": window light drew 1/1 beam(s)
2026-05-25 15:38:02.570 +02:00 [INF] Map "d5c08240-0436-454a-8993-362abf5bc477": window light drew 1/1 beam(s)
2026-05-25 15:38:02.615 +02:00 [INF] Map "d5c08240-0436-454a-8993-362abf5bc477": window light drew 1/1 beam(s)
2026-05-25 15:38:02.661 +02:00 [INF] Map "d5c08240-0436-454a-8993-362abf5bc477": window light drew 1/1 beam(s)
2026-05-25 15:38:02.707 +02:00 [INF] Map "d5c08240-0436-454a-8993-362abf5bc477": window light drew 1/1 beam(s)
2026-05-25 15:38:02.752 +02:00 [INF] Map "d5c08240-0436-454a-8993-362abf5bc477": window light drew 1/1 beam(s)
2026-05-25 15:38:02.798 +02:00 [INF] Map "d5c08240-0436-454a-8993-362abf5bc477": window light drew 1/1 beam(s)
2026-05-25 15:38:02.856 +02:00 [INF] Map "d5c08240-0436-454a-8993-362abf5bc477": window light drew 1/1 beam(s)
2026-05-25 15:38:02.902 +02:00 [INF] Map "d5c08240-0436-454a-8993-362abf5bc477": window light drew 1/1 beam(s)
2026-05-25 15:38:02.948 +02:00 [INF] Map "d5c08240-0436-454a-8993-362abf5bc477": window light drew 1/1 beam(s)
2026-05-25 15:38:02.993 +02:00 [INF] Map "d5c08240-0436-454a-8993-362abf5bc477": window light drew 1/1 beam(s)
2026-05-25 15:38:03.039 +02:00 [INF] Map "d5c08240-0436-454a-8993-362abf5bc477": window light drew 1/1 beam(s)
2026-05-25 15:38:03.085 +02:00 [INF] Map "d5c08240-0436-454a-8993-362abf5bc477": window light drew 1/1 beam(s)
2026-05-25 15:38:03.131 +02:00 [INF] Map "d5c08240-0436-454a-8993-362abf5bc477": window light drew 1/1 beam(s)
2026-05-25 15:38:03.177 +02:00 [INF] Map "d5c08240-0436-454a-8993-362abf5bc477": window light drew 1/1 beam(s)
2026-05-25 15:38:03.222 +02:00 [INF] Map "d5c08240-0436-454a-8993-362abf5bc477": window light drew 1/1 beam(s)
2026-05-25 15:38:03.281 +02:00 [INF] Map "d5c08240-0436-454a-8993-362abf5bc477": window light drew 1/1 beam(s)
2026-05-25 15:38:03.327 +02:00 [INF] Map "d5c08240-0436-454a-8993-362abf5bc477": window light drew 1/1 beam(s)
2026-05-25 15:38:03.372 +02:00 [INF] Map "d5c08240-0436-454a-8993-362abf5bc477": window light drew 1/1 beam(s)
2026-05-25 15:38:03.418 +02:00 [INF] Map "d5c08240-0436-454a-8993-362abf5bc477": window light drew 1/1 beam(s)
2026-05-25 15:38:03.464 +02:00 [INF] Map "d5c08240-0436-454a-8993-362abf5bc477": window light drew 1/1 beam(s)
2026-05-25 15:38:03.510 +02:00 [INF] Map "d5c08240-0436-454a-8993-362abf5bc477": window light drew 1/1 beam(s)
2026-05-25 15:38:03.556 +02:00 [INF] Map "d5c08240-0436-454a-8993-362abf5bc477": window light drew 1/1 beam(s)
2026-05-25 15:38:03.602 +02:00 [INF] Map "d5c08240-0436-454a-8993-362abf5bc477": window light drew 1/1 beam(s)
2026-05-25 15:38:03.648 +02:00 [INF] Map "d5c08240-0436-454a-8993-362abf5bc477": window light drew 1/1 beam(s)
2026-05-25 15:38:03.707 +02:00 [INF] Map "d5c08240-0436-454a-8993-362abf5bc477": window light drew 1/1 beam(s)
2026-05-25 15:38:03.753 +02:00 [INF] Map "d5c08240-0436-454a-8993-362abf5bc477": window light drew 1/1 beam(s)
2026-05-25 15:38:03.798 +02:00 [INF] Map "d5c08240-0436-454a-8993-362abf5bc477": window light drew 1/1 beam(s)
2026-05-25 15:38:03.843 +02:00 [INF] Map "d5c08240-0436-454a-8993-362abf5bc477": window light drew 1/1 beam(s)
2026-05-25 15:38:03.889 +02:00 [INF] Map "d5c08240-0436-454a-8993-362abf5bc477": window light drew 1/1 beam(s)
2026-05-25 15:38:03.934 +02:00 [INF] Map "d5c08240-0436-454a-8993-362abf5bc477": window light drew 1/1 beam(s)
2026-05-25 15:38:03.981 +02:00 [INF] Map "d5c08240-0436-454a-8993-362abf5bc477": window light drew 1/1 beam(s)
2026-05-25 15:38:04.028 +02:00 [INF] Map "d5c08240-0436-454a-8993-362abf5bc477": window light drew 1/1 beam(s)
2026-05-25 15:38:04.075 +02:00 [INF] Map "d5c08240-0436-454a-8993-362abf5bc477": window light drew 1/1 beam(s)
2026-05-25 15:38:04.136 +02:00 [INF] Map "d5c08240-0436-454a-8993-362abf5bc477": window light drew 1/1 beam(s)
2026-05-25 15:38:04.181 +02:00 [INF] Map "d5c08240-0436-454a-8993-362abf5bc477": window light drew 1/1 beam(s)
2026-05-25 15:38:04.227 +02:00 [INF] Map "d5c08240-0436-454a-8993-362abf5bc477": window light drew 1/1 beam(s)
2026-05-25 15:38:04.273 +02:00 [INF] Map "d5c08240-0436-454a-8993-362abf5bc477": window light drew 1/1 beam(s)
2026-05-25 15:38:04.319 +02:00 [INF] Map "d5c08240-0436-454a-8993-362abf5bc477": window light drew 1/1 beam(s)
2026-05-25 15:38:04.365 +02:00 [INF] Map "d5c08240-0436-454a-8993-362abf5bc477": window light drew 1/1 beam(s)
2026-05-25 15:38:04.411 +02:00 [INF] Map "d5c08240-0436-454a-8993-362abf5bc477": window light drew 1/1 beam(s)
2026-05-25 15:38:04.457 +02:00 [INF] Map "d5c08240-0436-454a-8993-362abf5bc477": window light drew 1/1 beam(s)
2026-05-25 15:38:04.502 +02:00 [INF] Map "d5c08240-0436-454a-8993-362abf5bc477": window light drew 1/1 beam(s)
2026-05-25 15:38:04.561 +02:00 [INF] Map "d5c08240-0436-454a-8993-362abf5bc477": window light drew 1/1 beam(s)
2026-05-25 15:38:04.607 +02:00 [INF] Map "d5c08240-0436-454a-8993-362abf5bc477": window light drew 1/1 beam(s)
2026-05-25 15:38:04.653 +02:00 [INF] Map "d5c08240-0436-454a-8993-362abf5bc477": window light drew 1/1 beam(s)
2026-05-25 15:38:04.698 +02:00 [INF] Map "d5c08240-0436-454a-8993-362abf5bc477": window light drew 1/1 beam(s)
2026-05-25 15:38:04.744 +02:00 [INF] Map "d5c08240-0436-454a-8993-362abf5bc477": window light drew 1/1 beam(s)
2026-05-25 15:38:04.790 +02:00 [INF] Map "d5c08240-0436-454a-8993-362abf5bc477": window light drew 1/1 beam(s)
2026-05-25 15:38:04.835 +02:00 [INF] Map "d5c08240-0436-454a-8993-362abf5bc477": window light drew 1/1 beam(s)
2026-05-25 15:38:04.881 +02:00 [INF] Map "d5c08240-0436-454a-8993-362abf5bc477": window light drew 1/1 beam(s)
2026-05-25 15:38:04.933 +02:00 [INF] Map "d5c08240-0436-454a-8993-362abf5bc477": window light drew 1/1 beam(s)
2026-05-25 15:38:04.991 +02:00 [INF] Map "d5c08240-0436-454a-8993-362abf5bc477": window light drew 1/1 beam(s)
2026-05-25 15:38:05.037 +02:00 [INF] Map "d5c08240-0436-454a-8993-362abf5bc477": window light drew 1/1 beam(s)
2026-05-25 15:38:05.082 +02:00 [INF] Map "d5c08240-0436-454a-8993-362abf5bc477": window light drew 1/1 beam(s)
2026-05-25 15:38:05.128 +02:00 [INF] Map "d5c08240-0436-454a-8993-362abf5bc477": window light drew 1/1 beam(s)
2026-05-25 15:38:05.173 +02:00 [INF] Map "d5c08240-0436-454a-8993-362abf5bc477": window light drew 1/1 beam(s)
2026-05-25 15:38:05.220 +02:00 [INF] Map "d5c08240-0436-454a-8993-362abf5bc477": window light drew 1/1 beam(s)
2026-05-25 15:38:05.266 +02:00 [INF] Map "d5c08240-0436-454a-8993-362abf5bc477": window light drew 1/1 beam(s)
2026-05-25 15:38:05.312 +02:00 [INF] Map "d5c08240-0436-454a-8993-362abf5bc477": window light drew 1/1 beam(s)
2026-05-25 15:38:05.358 +02:00 [INF] Map "d5c08240-0436-454a-8993-362abf5bc477": window light drew 1/1 beam(s)
2026-05-25 15:38:05.417 +02:00 [INF] Map "d5c08240-0436-454a-8993-362abf5bc477": window light drew 1/1 beam(s)
2026-05-25 15:38:05.462 +02:00 [INF] Map "d5c08240-0436-454a-8993-362abf5bc477": window light drew 1/1 beam(s)
2026-05-25 15:38:05.508 +02:00 [INF] Map "d5c08240-0436-454a-8993-362abf5bc477": window light drew 1/1 beam(s)
2026-05-25 15:38:05.554 +02:00 [INF] Map "d5c08240-0436-454a-8993-362abf5bc477": window light drew 1/1 beam(s)
2026-05-25 15:38:05.599 +02:00 [INF] Map "d5c08240-0436-454a-8993-362abf5bc477": window light drew 1/1 beam(s)
2026-05-25 15:38:05.644 +02:00 [INF] Map "d5c08240-0436-454a-8993-362abf5bc477": window light drew 1/1 beam(s)
2026-05-25 15:38:05.691 +02:00 [INF] Map "d5c08240-0436-454a-8993-362abf5bc477": window light drew 1/1 beam(s)
2026-05-25 15:38:05.736 +02:00 [INF] Map "d5c08240-0436-454a-8993-362abf5bc477": window light drew 1/1 beam(s)
2026-05-25 15:38:05.782 +02:00 [INF] Map "d5c08240-0436-454a-8993-362abf5bc477": window light drew 1/1 beam(s)
2026-05-25 15:38:05.842 +02:00 [INF] Map "d5c08240-0436-454a-8993-362abf5bc477": window light drew 1/1 beam(s)
2026-05-25 15:38:05.893 +02:00 [INF] Map "d5c08240-0436-454a-8993-362abf5bc477": window light drew 1/1 beam(s)
2026-05-25 15:38:05.938 +02:00 [INF] Map "d5c08240-0436-454a-8993-362abf5bc477": window light drew 1/1 beam(s)
2026-05-25 15:38:05.984 +02:00 [INF] Map "d5c08240-0436-454a-8993-362abf5bc477": window light drew 1/1 beam(s)
2026-05-25 15:38:06.029 +02:00 [INF] Map "d5c08240-0436-454a-8993-362abf5bc477": window light drew 1/1 beam(s)
2026-05-25 15:38:06.076 +02:00 [INF] Map "d5c08240-0436-454a-8993-362abf5bc477": window light drew 1/1 beam(s)
2026-05-25 15:38:06.122 +02:00 [INF] Map "d5c08240-0436-454a-8993-362abf5bc477": window light drew 1/1 beam(s)
2026-05-25 15:38:06.167 +02:00 [INF] Map "d5c08240-0436-454a-8993-362abf5bc477": window light drew 1/1 beam(s)
2026-05-25 15:38:06.214 +02:00 [INF] Map "d5c08240-0436-454a-8993-362abf5bc477": window light drew 1/1 beam(s)
2026-05-25 15:38:06.273 +02:00 [INF] Map "d5c08240-0436-454a-8993-362abf5bc477": window light drew 1/1 beam(s)
2026-05-25 15:38:06.319 +02:00 [INF] Map "d5c08240-0436-454a-8993-362abf5bc477": window light drew 1/1 beam(s)
2026-05-25 15:38:06.365 +02:00 [INF] Map "d5c08240-0436-454a-8993-362abf5bc477": window light drew 1/1 beam(s)
2026-05-25 15:38:06.411 +02:00 [INF] Map "d5c08240-0436-454a-8993-362abf5bc477": window light drew 1/1 beam(s)
2026-05-25 15:38:06.457 +02:00 [INF] Map "d5c08240-0436-454a-8993-362abf5bc477": window light drew 1/1 beam(s)
2026-05-25 15:38:06.506 +02:00 [INF] Map "d5c08240-0436-454a-8993-362abf5bc477": window light drew 1/1 beam(s)
2026-05-25 15:38:06.552 +02:00 [INF] Map "d5c08240-0436-454a-8993-362abf5bc477": window light drew 1/1 beam(s)
2026-05-25 15:38:06.598 +02:00 [INF] Map "d5c08240-0436-454a-8993-362abf5bc477": window light drew 1/1 beam(s)
2026-05-25 15:38:06.644 +02:00 [INF] Map "d5c08240-0436-454a-8993-362abf5bc477": window light drew 1/1 beam(s)
2026-05-25 15:38:06.703 +02:00 [INF] Map "d5c08240-0436-454a-8993-362abf5bc477": window light drew 1/1 beam(s)
2026-05-25 15:38:06.749 +02:00 [INF] Map "d5c08240-0436-454a-8993-362abf5bc477": window light drew 1/1 beam(s)
2026-05-25 15:38:06.799 +02:00 [INF] Map "d5c08240-0436-454a-8993-362abf5bc477": window light drew 1/1 beam(s)
2026-05-25 15:38:06.846 +02:00 [INF] Map "d5c08240-0436-454a-8993-362abf5bc477": window light drew 1/1 beam(s)
2026-05-25 15:38:06.892 +02:00 [INF] Map "d5c08240-0436-454a-8993-362abf5bc477": window light drew 1/1 beam(s)
2026-05-25 15:38:06.939 +02:00 [INF] Map "d5c08240-0436-454a-8993-362abf5bc477": window light drew 1/1 beam(s)
2026-05-25 15:38:06.986 +02:00 [INF] Map "d5c08240-0436-454a-8993-362abf5bc477": window light drew 1/1 beam(s)
2026-05-25 15:38:07.032 +02:00 [INF] Map "d5c08240-0436-454a-8993-362abf5bc477": window light drew 1/1 beam(s)
2026-05-25 15:38:07.079 +02:00 [INF] Map "d5c08240-0436-454a-8993-362abf5bc477": window light drew 1/1 beam(s)
2026-05-25 15:38:07.137 +02:00 [INF] Map "d5c08240-0436-454a-8993-362abf5bc477": window light drew 1/1 beam(s)
2026-05-25 15:38:07.183 +02:00 [INF] Map "d5c08240-0436-454a-8993-362abf5bc477": window light drew 1/1 beam(s)
2026-05-25 15:38:07.230 +02:00 [INF] Map "d5c08240-0436-454a-8993-362abf5bc477": window light drew 1/1 beam(s)
2026-05-25 15:38:07.275 +02:00 [INF] Map "d5c08240-0436-454a-8993-362abf5bc477": window light drew 1/1 beam(s)
2026-05-25 15:38:07.321 +02:00 [INF] Map "d5c08240-0436-454a-8993-362abf5bc477": window light drew 1/1 beam(s)
2026-05-25 15:38:07.367 +02:00 [INF] Map "d5c08240-0436-454a-8993-362abf5bc477": window light drew 1/1 beam(s)
2026-05-25 15:38:07.413 +02:00 [INF] Map "d5c08240-0436-454a-8993-362abf5bc477": window light drew 1/1 beam(s)
2026-05-25 15:38:07.458 +02:00 [INF] Map "d5c08240-0436-454a-8993-362abf5bc477": window light drew 1/1 beam(s)
2026-05-25 15:38:07.503 +02:00 [INF] Map "d5c08240-0436-454a-8993-362abf5bc477": window light drew 1/1 beam(s)
2026-05-25 15:38:07.566 +02:00 [INF] Map "d5c08240-0436-454a-8993-362abf5bc477": window light drew 1/1 beam(s)
2026-05-25 15:38:07.612 +02:00 [INF] Map "d5c08240-0436-454a-8993-362abf5bc477": window light drew 1/1 beam(s)
2026-05-25 15:38:07.657 +02:00 [INF] Map "d5c08240-0436-454a-8993-362abf5bc477": window light drew 1/1 beam(s)
2026-05-25 15:38:07.703 +02:00 [INF] Map "d5c08240-0436-454a-8993-362abf5bc477": window light drew 1/1 beam(s)
2026-05-25 15:38:07.748 +02:00 [INF] Map "d5c08240-0436-454a-8993-362abf5bc477": window light drew 1/1 beam(s)
2026-05-25 15:38:07.794 +02:00 [INF] Map "d5c08240-0436-454a-8993-362abf5bc477": window light drew 1/1 beam(s)
2026-05-25 15:38:07.839 +02:00 [INF] Map "d5c08240-0436-454a-8993-362abf5bc477": window light drew 1/1 beam(s)
2026-05-25 15:38:07.885 +02:00 [INF] Map "d5c08240-0436-454a-8993-362abf5bc477": window light drew 1/1 beam(s)
2026-05-25 15:38:07.931 +02:00 [INF] Map "d5c08240-0436-454a-8993-362abf5bc477": window light drew 1/1 beam(s)
2026-05-25 15:38:07.990 +02:00 [INF] Map "d5c08240-0436-454a-8993-362abf5bc477": window light drew 1/1 beam(s)
2026-05-25 15:38:08.035 +02:00 [INF] Map "d5c08240-0436-454a-8993-362abf5bc477": window light drew 1/1 beam(s)
2026-05-25 15:38:08.083 +02:00 [INF] Map "d5c08240-0436-454a-8993-362abf5bc477": window light drew 1/1 beam(s)
2026-05-25 15:38:08.130 +02:00 [INF] Map "d5c08240-0436-454a-8993-362abf5bc477": window light drew 1/1 beam(s)
2026-05-25 15:38:08.180 +02:00 [INF] Map "d5c08240-0436-454a-8993-362abf5bc477": window light drew 1/1 beam(s)
2026-05-25 15:38:08.227 +02:00 [INF] Map "d5c08240-0436-454a-8993-362abf5bc477": window light drew 1/1 beam(s)
2026-05-25 15:38:08.272 +02:00 [INF] Map "d5c08240-0436-454a-8993-362abf5bc477": window light drew 1/1 beam(s)
2026-05-25 15:38:08.318 +02:00 [INF] Map "d5c08240-0436-454a-8993-362abf5bc477": window light drew 1/1 beam(s)
2026-05-25 15:38:08.365 +02:00 [INF] Map "d5c08240-0436-454a-8993-362abf5bc477": window light drew 1/1 beam(s)
2026-05-25 15:38:08.427 +02:00 [INF] Map "d5c08240-0436-454a-8993-362abf5bc477": window light drew 1/1 beam(s)
2026-05-25 15:38:08.473 +02:00 [INF] Map "d5c08240-0436-454a-8993-362abf5bc477": window light drew 1/1 beam(s)
2026-05-25 15:38:08.519 +02:00 [INF] Map "d5c08240-0436-454a-8993-362abf5bc477": window light drew 1/1 beam(s)
2026-05-25 15:38:08.564 +02:00 [INF] Map "d5c08240-0436-454a-8993-362abf5bc477": window light drew 1/1 beam(s)
2026-05-25 15:38:08.610 +02:00 [INF] Map "d5c08240-0436-454a-8993-362abf5bc477": window light drew 1/1 beam(s)
2026-05-25 15:38:08.656 +02:00 [INF] Map "d5c08240-0436-454a-8993-362abf5bc477": window light drew 1/1 beam(s)
2026-05-25 15:38:08.702 +02:00 [INF] Map "d5c08240-0436-454a-8993-362abf5bc477": window light drew 1/1 beam(s)
2026-05-25 15:38:08.747 +02:00 [INF] Map "d5c08240-0436-454a-8993-362abf5bc477": window light drew 1/1 beam(s)
2026-05-25 15:38:08.793 +02:00 [INF] Map "d5c08240-0436-454a-8993-362abf5bc477": window light drew 1/1 beam(s)
2026-05-25 15:38:08.850 +02:00 [INF] Map "d5c08240-0436-454a-8993-362abf5bc477": window light drew 1/1 beam(s)
2026-05-25 15:38:08.897 +02:00 [INF] Map "d5c08240-0436-454a-8993-362abf5bc477": window light drew 1/1 beam(s)
2026-05-25 15:38:08.942 +02:00 [INF] Map "d5c08240-0436-454a-8993-362abf5bc477": window light drew 1/1 beam(s)
2026-05-25 15:38:08.987 +02:00 [INF] Map "d5c08240-0436-454a-8993-362abf5bc477": window light drew 1/1 beam(s)
2026-05-25 15:38:09.032 +02:00 [INF] Map "d5c08240-0436-454a-8993-362abf5bc477": window light drew 1/1 beam(s)
2026-05-25 15:38:09.078 +02:00 [INF] Map "d5c08240-0436-454a-8993-362abf5bc477": window light drew 1/1 beam(s)
2026-05-25 15:38:09.123 +02:00 [INF] Map "d5c08240-0436-454a-8993-362abf5bc477": window light drew 1/1 beam(s)
2026-05-25 15:38:09.174 +02:00 [INF] Map "d5c08240-0436-454a-8993-362abf5bc477": window light drew 1/1 beam(s)
2026-05-25 15:38:09.220 +02:00 [INF] Map "d5c08240-0436-454a-8993-362abf5bc477": window light drew 1/1 beam(s)
2026-05-25 15:38:09.278 +02:00 [INF] Map "d5c08240-0436-454a-8993-362abf5bc477": window light drew 1/1 beam(s)
2026-05-25 15:38:09.323 +02:00 [INF] Map "d5c08240-0436-454a-8993-362abf5bc477": window light drew 1/1 beam(s)
2026-05-25 15:38:09.369 +02:00 [INF] Map "d5c08240-0436-454a-8993-362abf5bc477": window light drew 1/1 beam(s)
2026-05-25 15:38:09.415 +02:00 [INF] Map "d5c08240-0436-454a-8993-362abf5bc477": window light drew 1/1 beam(s)
2026-05-25 15:38:09.460 +02:00 [INF] Map "d5c08240-0436-454a-8993-362abf5bc477": window light drew 1/1 beam(s)
2026-05-25 15:38:09.505 +02:00 [INF] Map "d5c08240-0436-454a-8993-362abf5bc477": window light drew 1/1 beam(s)
2026-05-25 15:38:09.550 +02:00 [INF] Map "d5c08240-0436-454a-8993-362abf5bc477": window light drew 1/1 beam(s)
2026-05-25 15:38:09.597 +02:00 [INF] Map "d5c08240-0436-454a-8993-362abf5bc477": window light drew 1/1 beam(s)
2026-05-25 15:38:09.642 +02:00 [INF] Map "d5c08240-0436-454a-8993-362abf5bc477": window light drew 1/1 beam(s)
2026-05-25 15:38:09.701 +02:00 [INF] Map "d5c08240-0436-454a-8993-362abf5bc477": window light drew 1/1 beam(s)
2026-05-25 15:38:09.747 +02:00 [INF] Map "d5c08240-0436-454a-8993-362abf5bc477": window light drew 1/1 beam(s)
2026-05-25 15:38:09.792 +02:00 [INF] Map "d5c08240-0436-454a-8993-362abf5bc477": window light drew 1/1 beam(s)
2026-05-25 15:38:09.837 +02:00 [INF] Map "d5c08240-0436-454a-8993-362abf5bc477": window light drew 1/1 beam(s)
2026-05-25 15:38:09.883 +02:00 [INF] Map "d5c08240-0436-454a-8993-362abf5bc477": window light drew 1/1 beam(s)
2026-05-25 15:38:09.928 +02:00 [INF] Map "d5c08240-0436-454a-8993-362abf5bc477": window light drew 1/1 beam(s)
2026-05-25 15:38:09.975 +02:00 [INF] Map "d5c08240-0436-454a-8993-362abf5bc477": window light drew 1/1 beam(s)
2026-05-25 15:38:10.020 +02:00 [INF] Map "d5c08240-0436-454a-8993-362abf5bc477": window light drew 1/1 beam(s)
2026-05-25 15:38:10.065 +02:00 [INF] Map "d5c08240-0436-454a-8993-362abf5bc477": window light drew 1/1 beam(s)
2026-05-25 15:38:10.123 +02:00 [INF] Map "d5c08240-0436-454a-8993-362abf5bc477": window light drew 1/1 beam(s)
2026-05-25 15:38:10.168 +02:00 [INF] Map "d5c08240-0436-454a-8993-362abf5bc477": window light drew 1/1 beam(s)
2026-05-25 15:38:10.215 +02:00 [INF] Map "d5c08240-0436-454a-8993-362abf5bc477": window light drew 1/1 beam(s)
2026-05-25 15:38:10.261 +02:00 [INF] Map "d5c08240-0436-454a-8993-362abf5bc477": window light drew 1/1 beam(s)
2026-05-25 15:38:10.307 +02:00 [INF] Map "d5c08240-0436-454a-8993-362abf5bc477": window light drew 1/1 beam(s)
2026-05-25 15:38:10.353 +02:00 [INF] Map "d5c08240-0436-454a-8993-362abf5bc477": window light drew 1/1 beam(s)
2026-05-25 15:38:10.398 +02:00 [INF] Map "d5c08240-0436-454a-8993-362abf5bc477": window light drew 1/1 beam(s)
2026-05-25 15:38:10.444 +02:00 [INF] Map "d5c08240-0436-454a-8993-362abf5bc477": window light drew 1/1 beam(s)
2026-05-25 15:38:10.489 +02:00 [INF] Map "d5c08240-0436-454a-8993-362abf5bc477": window light drew 1/1 beam(s)
2026-05-25 15:38:10.548 +02:00 [INF] Map "d5c08240-0436-454a-8993-362abf5bc477": window light drew 1/1 beam(s)
2026-05-25 15:38:10.594 +02:00 [INF] Map "d5c08240-0436-454a-8993-362abf5bc477": window light drew 1/1 beam(s)
2026-05-25 15:38:10.639 +02:00 [INF] Map "d5c08240-0436-454a-8993-362abf5bc477": window light drew 1/1 beam(s)
2026-05-25 15:38:10.685 +02:00 [INF] Map "d5c08240-0436-454a-8993-362abf5bc477": window light drew 1/1 beam(s)
2026-05-25 15:38:10.731 +02:00 [INF] Map "d5c08240-0436-454a-8993-362abf5bc477": window light drew 1/1 beam(s)
2026-05-25 15:38:10.777 +02:00 [INF] Map "d5c08240-0436-454a-8993-362abf5bc477": window light drew 1/1 beam(s)
2026-05-25 15:38:10.822 +02:00 [INF] Map "d5c08240-0436-454a-8993-362abf5bc477": window light drew 1/1 beam(s)
2026-05-25 15:38:10.867 +02:00 [INF] Map "d5c08240-0436-454a-8993-362abf5bc477": window light drew 1/1 beam(s)
2026-05-25 15:38:10.913 +02:00 [INF] Map "d5c08240-0436-454a-8993-362abf5bc477": window light drew 1/1 beam(s)
2026-05-25 15:38:10.971 +02:00 [INF] Map "d5c08240-0436-454a-8993-362abf5bc477": window light drew 1/1 beam(s)
2026-05-25 15:38:11.018 +02:00 [INF] Map "d5c08240-0436-454a-8993-362abf5bc477": window light drew 1/1 beam(s)
2026-05-25 15:38:11.064 +02:00 [INF] Map "d5c08240-0436-454a-8993-362abf5bc477": window light drew 1/1 beam(s)
2026-05-25 15:38:11.109 +02:00 [INF] Map "d5c08240-0436-454a-8993-362abf5bc477": window light drew 1/1 beam(s)
2026-05-25 15:38:11.155 +02:00 [INF] Map "d5c08240-0436-454a-8993-362abf5bc477": window light drew 1/1 beam(s)
2026-05-25 15:38:11.201 +02:00 [INF] Map "d5c08240-0436-454a-8993-362abf5bc477": window light drew 1/1 beam(s)
2026-05-25 15:38:11.247 +02:00 [INF] Map "d5c08240-0436-454a-8993-362abf5bc477": window light drew 1/1 beam(s)
2026-05-25 15:38:11.292 +02:00 [INF] Map "d5c08240-0436-454a-8993-362abf5bc477": window light drew 1/1 beam(s)
2026-05-25 15:38:11.338 +02:00 [INF] Map "d5c08240-0436-454a-8993-362abf5bc477": window light drew 1/1 beam(s)
2026-05-25 15:38:11.397 +02:00 [INF] Map "d5c08240-0436-454a-8993-362abf5bc477": window light drew 1/1 beam(s)
2026-05-25 15:38:11.442 +02:00 [INF] Map "d5c08240-0436-454a-8993-362abf5bc477": window light drew 1/1 beam(s)
2026-05-25 15:38:11.489 +02:00 [INF] Map "d5c08240-0436-454a-8993-362abf5bc477": window light drew 1/1 beam(s)
2026-05-25 15:38:11.534 +02:00 [INF] Map "d5c08240-0436-454a-8993-362abf5bc477": window light drew 1/1 beam(s)
2026-05-25 15:38:11.580 +02:00 [INF] Map "d5c08240-0436-454a-8993-362abf5bc477": window light drew 1/1 beam(s)
2026-05-25 15:38:11.626 +02:00 [INF] Map "d5c08240-0436-454a-8993-362abf5bc477": window light drew 1/1 beam(s)
2026-05-25 15:38:11.672 +02:00 [INF] Map "d5c08240-0436-454a-8993-362abf5bc477": window light drew 1/1 beam(s)
2026-05-25 15:38:11.718 +02:00 [INF] Map "d5c08240-0436-454a-8993-362abf5bc477": window light drew 1/1 beam(s)
2026-05-25 15:38:11.764 +02:00 [INF] Map "d5c08240-0436-454a-8993-362abf5bc477": window light drew 1/1 beam(s)
2026-05-25 15:38:11.824 +02:00 [INF] Map "d5c08240-0436-454a-8993-362abf5bc477": window light drew 1/1 beam(s)
2026-05-25 15:38:11.870 +02:00 [INF] Map "d5c08240-0436-454a-8993-362abf5bc477": window light drew 1/1 beam(s)
2026-05-25 15:38:11.916 +02:00 [INF] Map "d5c08240-0436-454a-8993-362abf5bc477": window light drew 1/1 beam(s)
2026-05-25 15:38:11.961 +02:00 [INF] Map "d5c08240-0436-454a-8993-362abf5bc477": window light drew 1/1 beam(s)
2026-05-25 15:38:12.006 +02:00 [INF] Map "d5c08240-0436-454a-8993-362abf5bc477": window light drew 1/1 beam(s)
2026-05-25 15:38:12.052 +02:00 [INF] Map "d5c08240-0436-454a-8993-362abf5bc477": window light drew 1/1 beam(s)
2026-05-25 15:38:12.098 +02:00 [INF] Map "d5c08240-0436-454a-8993-362abf5bc477": window light drew 1/1 beam(s)
2026-05-25 15:38:12.143 +02:00 [INF] Map "d5c08240-0436-454a-8993-362abf5bc477": window light drew 1/1 beam(s)
2026-05-25 15:38:12.189 +02:00 [INF] Map "d5c08240-0436-454a-8993-362abf5bc477": window light drew 1/1 beam(s)
2026-05-25 15:38:12.247 +02:00 [INF] Map "d5c08240-0436-454a-8993-362abf5bc477": window light drew 1/1 beam(s)
2026-05-25 15:38:12.293 +02:00 [INF] Map "d5c08240-0436-454a-8993-362abf5bc477": window light drew 1/1 beam(s)
2026-05-25 15:38:12.339 +02:00 [INF] Map "d5c08240-0436-454a-8993-362abf5bc477": window light drew 1/1 beam(s)
2026-05-25 15:38:12.384 +02:00 [INF] Map "d5c08240-0436-454a-8993-362abf5bc477": window light drew 1/1 beam(s)
2026-05-25 15:38:12.430 +02:00 [INF] Map "d5c08240-0436-454a-8993-362abf5bc477": window light drew 1/1 beam(s)
2026-05-25 15:38:12.476 +02:00 [INF] Map "d5c08240-0436-454a-8993-362abf5bc477": window light drew 1/1 beam(s)
2026-05-25 15:38:12.521 +02:00 [INF] Map "d5c08240-0436-454a-8993-362abf5bc477": window light drew 1/1 beam(s)
2026-05-25 15:38:12.567 +02:00 [INF] Map "d5c08240-0436-454a-8993-362abf5bc477": window light drew 1/1 beam(s)
2026-05-25 15:38:12.612 +02:00 [INF] Map "d5c08240-0436-454a-8993-362abf5bc477": window light drew 1/1 beam(s)
2026-05-25 15:38:12.670 +02:00 [INF] Map "d5c08240-0436-454a-8993-362abf5bc477": window light drew 1/1 beam(s)
2026-05-25 15:38:12.716 +02:00 [INF] Map "d5c08240-0436-454a-8993-362abf5bc477": window light drew 1/1 beam(s)
2026-05-25 15:38:12.761 +02:00 [INF] Map "d5c08240-0436-454a-8993-362abf5bc477": window light drew 1/1 beam(s)
2026-05-25 15:38:12.807 +02:00 [INF] Map "d5c08240-0436-454a-8993-362abf5bc477": window light drew 1/1 beam(s)
2026-05-25 15:38:12.852 +02:00 [INF] Map "d5c08240-0436-454a-8993-362abf5bc477": window light drew 1/1 beam(s)
2026-05-25 15:38:12.898 +02:00 [INF] Map "d5c08240-0436-454a-8993-362abf5bc477": window light drew 1/1 beam(s)
2026-05-25 15:38:12.944 +02:00 [INF] Map "d5c08240-0436-454a-8993-362abf5bc477": window light drew 1/1 beam(s)
2026-05-25 15:38:12.989 +02:00 [INF] Map "d5c08240-0436-454a-8993-362abf5bc477": window light drew 1/1 beam(s)
2026-05-25 15:38:13.035 +02:00 [INF] Map "d5c08240-0436-454a-8993-362abf5bc477": window light drew 1/1 beam(s)
2026-05-25 15:38:13.094 +02:00 [INF] Map "d5c08240-0436-454a-8993-362abf5bc477": window light drew 1/1 beam(s)
2026-05-25 15:38:13.140 +02:00 [INF] Map "d5c08240-0436-454a-8993-362abf5bc477": window light drew 1/1 beam(s)
2026-05-25 15:38:13.185 +02:00 [INF] Map "d5c08240-0436-454a-8993-362abf5bc477": window light drew 1/1 beam(s)
2026-05-25 15:38:13.232 +02:00 [INF] Map "d5c08240-0436-454a-8993-362abf5bc477": window light drew 1/1 beam(s)
2026-05-25 15:38:13.277 +02:00 [INF] Map "d5c08240-0436-454a-8993-362abf5bc477": window light drew 1/1 beam(s)
2026-05-25 15:38:13.322 +02:00 [INF] Map "d5c08240-0436-454a-8993-362abf5bc477": window light drew 1/1 beam(s)
2026-05-25 15:38:13.368 +02:00 [INF] Map "d5c08240-0436-454a-8993-362abf5bc477": window light drew 1/1 beam(s)
2026-05-25 15:38:13.414 +02:00 [INF] Map "d5c08240-0436-454a-8993-362abf5bc477": window light drew 1/1 beam(s)
2026-05-25 15:38:13.460 +02:00 [INF] Map "d5c08240-0436-454a-8993-362abf5bc477": window light drew 1/1 beam(s)
2026-05-25 15:38:13.518 +02:00 [INF] Map "d5c08240-0436-454a-8993-362abf5bc477": window light drew 1/1 beam(s)
2026-05-25 15:38:13.565 +02:00 [INF] Map "d5c08240-0436-454a-8993-362abf5bc477": window light drew 1/1 beam(s)
2026-05-25 15:38:13.610 +02:00 [INF] Map "d5c08240-0436-454a-8993-362abf5bc477": window light drew 1/1 beam(s)
2026-05-25 15:38:13.655 +02:00 [INF] Map "d5c08240-0436-454a-8993-362abf5bc477": window light drew 1/1 beam(s)
2026-05-25 15:38:13.701 +02:00 [INF] Map "d5c08240-0436-454a-8993-362abf5bc477": window light drew 1/1 beam(s)
2026-05-25 15:38:13.747 +02:00 [INF] Map "d5c08240-0436-454a-8993-362abf5bc477": window light drew 1/1 beam(s)
2026-05-25 15:38:13.794 +02:00 [INF] Map "d5c08240-0436-454a-8993-362abf5bc477": window light drew 1/1 beam(s)
2026-05-25 15:38:13.839 +02:00 [INF] Map "d5c08240-0436-454a-8993-362abf5bc477": window light drew 1/1 beam(s)
2026-05-25 15:38:13.885 +02:00 [INF] Map "d5c08240-0436-454a-8993-362abf5bc477": window light drew 1/1 beam(s)
2026-05-25 15:38:13.943 +02:00 [INF] Map "d5c08240-0436-454a-8993-362abf5bc477": window light drew 1/1 beam(s)
2026-05-25 15:38:13.989 +02:00 [INF] Map "d5c08240-0436-454a-8993-362abf5bc477": window light drew 1/1 beam(s)
2026-05-25 15:38:14.034 +02:00 [INF] Map "d5c08240-0436-454a-8993-362abf5bc477": window light drew 1/1 beam(s)
2026-05-25 15:38:14.079 +02:00 [INF] Map "d5c08240-0436-454a-8993-362abf5bc477": window light drew 1/1 beam(s)
2026-05-25 15:38:14.126 +02:00 [INF] Map "d5c08240-0436-454a-8993-362abf5bc477": window light drew 1/1 beam(s)
2026-05-25 15:38:14.172 +02:00 [INF] Map "d5c08240-0436-454a-8993-362abf5bc477": window light drew 1/1 beam(s)
2026-05-25 15:38:14.217 +02:00 [INF] Map "d5c08240-0436-454a-8993-362abf5bc477": window light drew 1/1 beam(s)
2026-05-25 15:38:14.262 +02:00 [INF] Map "d5c08240-0436-454a-8993-362abf5bc477": window light drew 1/1 beam(s)
2026-05-25 15:38:14.307 +02:00 [INF] Map "d5c08240-0436-454a-8993-362abf5bc477": window light drew 1/1 beam(s)
2026-05-25 15:38:14.366 +02:00 [INF] Map "d5c08240-0436-454a-8993-362abf5bc477": window light drew 1/1 beam(s)
2026-05-25 15:38:14.411 +02:00 [INF] Map "d5c08240-0436-454a-8993-362abf5bc477": window light drew 1/1 beam(s)
2026-05-25 15:38:14.456 +02:00 [INF] Map "d5c08240-0436-454a-8993-362abf5bc477": window light drew 1/1 beam(s)
2026-05-25 15:38:14.501 +02:00 [INF] Map "d5c08240-0436-454a-8993-362abf5bc477": window light drew 1/1 beam(s)
2026-05-25 15:38:14.547 +02:00 [INF] Map "d5c08240-0436-454a-8993-362abf5bc477": window light drew 1/1 beam(s)
2026-05-25 15:38:14.593 +02:00 [INF] Map "d5c08240-0436-454a-8993-362abf5bc477": window light drew 1/1 beam(s)
2026-05-25 15:38:14.639 +02:00 [INF] Map "d5c08240-0436-454a-8993-362abf5bc477": window light drew 1/1 beam(s)
2026-05-25 15:38:14.684 +02:00 [INF] Map "d5c08240-0436-454a-8993-362abf5bc477": window light drew 1/1 beam(s)
2026-05-25 15:38:14.731 +02:00 [INF] Map "d5c08240-0436-454a-8993-362abf5bc477": window light drew 1/1 beam(s)
2026-05-25 15:38:14.788 +02:00 [INF] Map "d5c08240-0436-454a-8993-362abf5bc477": window light drew 1/1 beam(s)
2026-05-25 15:38:14.833 +02:00 [INF] Map "d5c08240-0436-454a-8993-362abf5bc477": window light drew 1/1 beam(s)
2026-05-25 15:38:14.880 +02:00 [INF] Map "d5c08240-0436-454a-8993-362abf5bc477": window light drew 1/1 beam(s)
2026-05-25 15:38:14.925 +02:00 [INF] Map "d5c08240-0436-454a-8993-362abf5bc477": window light drew 1/1 beam(s)
2026-05-25 15:38:14.971 +02:00 [INF] Map "d5c08240-0436-454a-8993-362abf5bc477": window light drew 1/1 beam(s)
2026-05-25 15:38:15.018 +02:00 [INF] Map "d5c08240-0436-454a-8993-362abf5bc477": window light drew 1/1 beam(s)
2026-05-25 15:38:15.064 +02:00 [INF] Map "d5c08240-0436-454a-8993-362abf5bc477": window light drew 1/1 beam(s)
2026-05-25 15:38:15.110 +02:00 [INF] Map "d5c08240-0436-454a-8993-362abf5bc477": window light drew 1/1 beam(s)
2026-05-25 15:38:15.157 +02:00 [INF] Map "d5c08240-0436-454a-8993-362abf5bc477": window light drew 1/1 beam(s)
2026-05-25 15:38:15.215 +02:00 [INF] Map "d5c08240-0436-454a-8993-362abf5bc477": window light drew 1/1 beam(s)
2026-05-25 15:38:15.261 +02:00 [INF] Map "d5c08240-0436-454a-8993-362abf5bc477": window light drew 1/1 beam(s)
2026-05-25 15:38:15.307 +02:00 [INF] Map "d5c08240-0436-454a-8993-362abf5bc477": window light drew 1/1 beam(s)
2026-05-25 15:38:15.352 +02:00 [INF] Map "d5c08240-0436-454a-8993-362abf5bc477": window light drew 1/1 beam(s)
2026-05-25 15:38:15.397 +02:00 [INF] Map "d5c08240-0436-454a-8993-362abf5bc477": window light drew 1/1 beam(s)
2026-05-25 15:38:15.443 +02:00 [INF] Map "d5c08240-0436-454a-8993-362abf5bc477": window light drew 1/1 beam(s)
2026-05-25 15:38:15.488 +02:00 [INF] Map "d5c08240-0436-454a-8993-362abf5bc477": window light drew 1/1 beam(s)
2026-05-25 15:38:15.533 +02:00 [INF] Map "d5c08240-0436-454a-8993-362abf5bc477": window light drew 1/1 beam(s)
2026-05-25 15:38:15.583 +02:00 [INF] Map "d5c08240-0436-454a-8993-362abf5bc477": window light drew 1/1 beam(s)
2026-05-25 15:38:15.641 +02:00 [INF] Map "d5c08240-0436-454a-8993-362abf5bc477": window light drew 1/1 beam(s)
2026-05-25 15:38:15.687 +02:00 [INF] Map "d5c08240-0436-454a-8993-362abf5bc477": window light drew 1/1 beam(s)
2026-05-25 15:38:15.732 +02:00 [INF] Map "d5c08240-0436-454a-8993-362abf5bc477": window light drew 1/1 beam(s)
2026-05-25 15:38:15.778 +02:00 [INF] Map "d5c08240-0436-454a-8993-362abf5bc477": window light drew 1/1 beam(s)
2026-05-25 15:38:15.823 +02:00 [INF] Map "d5c08240-0436-454a-8993-362abf5bc477": window light drew 1/1 beam(s)
2026-05-25 15:38:15.868 +02:00 [INF] Map "d5c08240-0436-454a-8993-362abf5bc477": window light drew 1/1 beam(s)
2026-05-25 15:38:15.914 +02:00 [INF] Map "d5c08240-0436-454a-8993-362abf5bc477": window light drew 1/1 beam(s)
2026-05-25 15:38:15.959 +02:00 [INF] Map "d5c08240-0436-454a-8993-362abf5bc477": window light drew 1/1 beam(s)
2026-05-25 15:38:16.005 +02:00 [INF] Map "d5c08240-0436-454a-8993-362abf5bc477": window light drew 1/1 beam(s)
2026-05-25 15:38:16.064 +02:00 [INF] Map "d5c08240-0436-454a-8993-362abf5bc477": window light drew 1/1 beam(s)
2026-05-25 15:38:16.110 +02:00 [INF] Map "d5c08240-0436-454a-8993-362abf5bc477": window light drew 1/1 beam(s)
2026-05-25 15:38:16.155 +02:00 [INF] Map "d5c08240-0436-454a-8993-362abf5bc477": window light drew 1/1 beam(s)
2026-05-25 15:38:16.201 +02:00 [INF] Map "d5c08240-0436-454a-8993-362abf5bc477": window light drew 1/1 beam(s)
2026-05-25 15:38:16.247 +02:00 [INF] Map "d5c08240-0436-454a-8993-362abf5bc477": window light drew 1/1 beam(s)
2026-05-25 15:38:16.292 +02:00 [INF] Map "d5c08240-0436-454a-8993-362abf5bc477": window light drew 1/1 beam(s)
2026-05-25 15:38:16.337 +02:00 [INF] Map "d5c08240-0436-454a-8993-362abf5bc477": window light drew 1/1 beam(s)
2026-05-25 15:38:16.382 +02:00 [INF] Map "d5c08240-0436-454a-8993-362abf5bc477": window light drew 1/1 beam(s)
2026-05-25 15:38:16.428 +02:00 [INF] Map "d5c08240-0436-454a-8993-362abf5bc477": window light drew 1/1 beam(s)
2026-05-25 15:38:16.487 +02:00 [INF] Map "d5c08240-0436-454a-8993-362abf5bc477": window light drew 1/1 beam(s)
2026-05-25 15:38:16.532 +02:00 [INF] Map "d5c08240-0436-454a-8993-362abf5bc477": window light drew 1/1 beam(s)
2026-05-25 15:38:16.585 +02:00 [INF] Map "d5c08240-0436-454a-8993-362abf5bc477": window light drew 1/1 beam(s)
2026-05-25 15:38:16.631 +02:00 [INF] Map "d5c08240-0436-454a-8993-362abf5bc477": window light drew 1/1 beam(s)
2026-05-25 15:38:16.677 +02:00 [INF] Map "d5c08240-0436-454a-8993-362abf5bc477": window light drew 1/1 beam(s)
2026-05-25 15:38:16.722 +02:00 [INF] Map "d5c08240-0436-454a-8993-362abf5bc477": window light drew 1/1 beam(s)
2026-05-25 15:38:16.769 +02:00 [INF] Map "d5c08240-0436-454a-8993-362abf5bc477": window light drew 1/1 beam(s)
2026-05-25 15:38:16.815 +02:00 [INF] Map "d5c08240-0436-454a-8993-362abf5bc477": window light drew 1/1 beam(s)
2026-05-25 15:38:16.860 +02:00 [INF] Map "d5c08240-0436-454a-8993-362abf5bc477": window light drew 1/1 beam(s)
2026-05-25 15:38:16.918 +02:00 [INF] Map "d5c08240-0436-454a-8993-362abf5bc477": window light drew 1/1 beam(s)
2026-05-25 15:38:16.965 +02:00 [INF] Map "d5c08240-0436-454a-8993-362abf5bc477": window light drew 1/1 beam(s)
2026-05-25 15:38:17.010 +02:00 [INF] Map "d5c08240-0436-454a-8993-362abf5bc477": window light drew 1/1 beam(s)
2026-05-25 15:38:17.055 +02:00 [INF] Map "d5c08240-0436-454a-8993-362abf5bc477": window light drew 1/1 beam(s)
2026-05-25 15:38:17.100 +02:00 [INF] Map "d5c08240-0436-454a-8993-362abf5bc477": window light drew 1/1 beam(s)
2026-05-25 15:38:17.146 +02:00 [INF] Map "d5c08240-0436-454a-8993-362abf5bc477": window light drew 1/1 beam(s)
2026-05-25 15:38:17.192 +02:00 [INF] Map "d5c08240-0436-454a-8993-362abf5bc477": window light drew 1/1 beam(s)
2026-05-25 15:38:17.237 +02:00 [INF] Map "d5c08240-0436-454a-8993-362abf5bc477": window light drew 1/1 beam(s)
2026-05-25 15:38:17.282 +02:00 [INF] Map "d5c08240-0436-454a-8993-362abf5bc477": window light drew 1/1 beam(s)
2026-05-25 15:38:17.341 +02:00 [INF] Map "d5c08240-0436-454a-8993-362abf5bc477": window light drew 1/1 beam(s)
2026-05-25 15:38:17.386 +02:00 [INF] Map "d5c08240-0436-454a-8993-362abf5bc477": window light drew 1/1 beam(s)
2026-05-25 15:38:17.432 +02:00 [INF] Map "d5c08240-0436-454a-8993-362abf5bc477": window light drew 1/1 beam(s)
2026-05-25 15:38:17.477 +02:00 [INF] Map "d5c08240-0436-454a-8993-362abf5bc477": window light drew 1/1 beam(s)
2026-05-25 15:38:17.522 +02:00 [INF] Map "d5c08240-0436-454a-8993-362abf5bc477": window light drew 1/1 beam(s)
2026-05-25 15:38:17.567 +02:00 [INF] Map "d5c08240-0436-454a-8993-362abf5bc477": window light drew 1/1 beam(s)
2026-05-25 15:38:17.614 +02:00 [INF] Map "d5c08240-0436-454a-8993-362abf5bc477": window light drew 1/1 beam(s)
2026-05-25 15:38:17.659 +02:00 [INF] Map "d5c08240-0436-454a-8993-362abf5bc477": window light drew 1/1 beam(s)
2026-05-25 15:38:17.704 +02:00 [INF] Map "d5c08240-0436-454a-8993-362abf5bc477": window light drew 1/1 beam(s)
2026-05-25 15:38:17.763 +02:00 [INF] Map "d5c08240-0436-454a-8993-362abf5bc477": window light drew 1/1 beam(s)
2026-05-25 15:38:17.809 +02:00 [INF] Map "d5c08240-0436-454a-8993-362abf5bc477": window light drew 1/1 beam(s)
2026-05-25 15:38:17.855 +02:00 [INF] Map "d5c08240-0436-454a-8993-362abf5bc477": window light drew 1/1 beam(s)
2026-05-25 15:38:17.900 +02:00 [INF] Map "d5c08240-0436-454a-8993-362abf5bc477": window light drew 1/1 beam(s)
2026-05-25 15:38:17.947 +02:00 [INF] Map "d5c08240-0436-454a-8993-362abf5bc477": window light drew 1/1 beam(s)
2026-05-25 15:38:17.992 +02:00 [INF] Map "d5c08240-0436-454a-8993-362abf5bc477": window light drew 1/1 beam(s)
2026-05-25 15:38:18.038 +02:00 [INF] Map "d5c08240-0436-454a-8993-362abf5bc477": window light drew 1/1 beam(s)
2026-05-25 15:38:18.084 +02:00 [INF] Map "d5c08240-0436-454a-8993-362abf5bc477": window light drew 1/1 beam(s)
2026-05-25 15:38:18.130 +02:00 [INF] Map "d5c08240-0436-454a-8993-362abf5bc477": window light drew 1/1 beam(s)
2026-05-25 15:38:18.189 +02:00 [INF] Map "d5c08240-0436-454a-8993-362abf5bc477": window light drew 1/1 beam(s)
2026-05-25 15:38:18.234 +02:00 [INF] Map "d5c08240-0436-454a-8993-362abf5bc477": window light drew 1/1 beam(s)
2026-05-25 15:38:18.280 +02:00 [INF] Map "d5c08240-0436-454a-8993-362abf5bc477": window light drew 1/1 beam(s)
2026-05-25 15:38:18.325 +02:00 [INF] Map "d5c08240-0436-454a-8993-362abf5bc477": window light drew 1/1 beam(s)
2026-05-25 15:38:18.370 +02:00 [INF] Map "d5c08240-0436-454a-8993-362abf5bc477": window light drew 1/1 beam(s)
2026-05-25 15:38:18.415 +02:00 [INF] Map "d5c08240-0436-454a-8993-362abf5bc477": window light drew 1/1 beam(s)
2026-05-25 15:38:18.461 +02:00 [INF] Map "d5c08240-0436-454a-8993-362abf5bc477": window light drew 1/1 beam(s)
2026-05-25 15:38:18.507 +02:00 [INF] Map "d5c08240-0436-454a-8993-362abf5bc477": window light drew 1/1 beam(s)
2026-05-25 15:38:18.552 +02:00 [INF] Map "d5c08240-0436-454a-8993-362abf5bc477": window light drew 1/1 beam(s)
2026-05-25 15:38:18.610 +02:00 [INF] Map "d5c08240-0436-454a-8993-362abf5bc477": window light drew 1/1 beam(s)
2026-05-25 15:38:18.656 +02:00 [INF] Map "d5c08240-0436-454a-8993-362abf5bc477": window light drew 1/1 beam(s)
2026-05-25 15:38:18.701 +02:00 [INF] Map "d5c08240-0436-454a-8993-362abf5bc477": window light drew 1/1 beam(s)
2026-05-25 15:38:18.747 +02:00 [INF] Map "d5c08240-0436-454a-8993-362abf5bc477": window light drew 1/1 beam(s)
2026-05-25 15:38:18.793 +02:00 [INF] Map "d5c08240-0436-454a-8993-362abf5bc477": window light drew 1/1 beam(s)
2026-05-25 15:38:18.839 +02:00 [INF] Map "d5c08240-0436-454a-8993-362abf5bc477": window light drew 1/1 beam(s)
2026-05-25 15:38:18.884 +02:00 [INF] Map "d5c08240-0436-454a-8993-362abf5bc477": window light drew 1/1 beam(s)
2026-05-25 15:38:18.930 +02:00 [INF] Map "d5c08240-0436-454a-8993-362abf5bc477": window light drew 1/1 beam(s)
2026-05-25 15:38:18.975 +02:00 [INF] Map "d5c08240-0436-454a-8993-362abf5bc477": window light drew 1/1 beam(s)
2026-05-25 15:38:19.034 +02:00 [INF] Map "d5c08240-0436-454a-8993-362abf5bc477": window light drew 1/1 beam(s)
2026-05-25 15:38:19.080 +02:00 [INF] Map "d5c08240-0436-454a-8993-362abf5bc477": window light drew 1/1 beam(s)
2026-05-25 15:38:19.125 +02:00 [INF] Map "d5c08240-0436-454a-8993-362abf5bc477": window light drew 1/1 beam(s)
2026-05-25 15:38:19.171 +02:00 [INF] Map "d5c08240-0436-454a-8993-362abf5bc477": window light drew 1/1 beam(s)
2026-05-25 15:38:19.216 +02:00 [INF] Map "d5c08240-0436-454a-8993-362abf5bc477": window light drew 1/1 beam(s)
2026-05-25 15:38:19.261 +02:00 [INF] Map "d5c08240-0436-454a-8993-362abf5bc477": window light drew 1/1 beam(s)
2026-05-25 15:38:19.307 +02:00 [INF] Map "d5c08240-0436-454a-8993-362abf5bc477": window light drew 1/1 beam(s)
2026-05-25 15:38:19.352 +02:00 [INF] Map "d5c08240-0436-454a-8993-362abf5bc477": window light drew 1/1 beam(s)
2026-05-25 15:38:19.397 +02:00 [INF] Map "d5c08240-0436-454a-8993-362abf5bc477": window light drew 1/1 beam(s)
2026-05-25 15:38:19.455 +02:00 [INF] Map "d5c08240-0436-454a-8993-362abf5bc477": window light drew 1/1 beam(s)
2026-05-25 15:38:19.502 +02:00 [INF] Map "d5c08240-0436-454a-8993-362abf5bc477": window light drew 1/1 beam(s)
2026-05-25 15:38:19.548 +02:00 [INF] Map "d5c08240-0436-454a-8993-362abf5bc477": window light drew 1/1 beam(s)
2026-05-25 15:38:19.594 +02:00 [INF] Map "d5c08240-0436-454a-8993-362abf5bc477": window light drew 1/1 beam(s)
2026-05-25 15:38:19.640 +02:00 [INF] Map "d5c08240-0436-454a-8993-362abf5bc477": window light drew 1/1 beam(s)
2026-05-25 15:38:19.685 +02:00 [INF] Map "d5c08240-0436-454a-8993-362abf5bc477": window light drew 1/1 beam(s)
2026-05-25 15:38:19.731 +02:00 [INF] Map "d5c08240-0436-454a-8993-362abf5bc477": window light drew 1/1 beam(s)
2026-05-25 15:38:19.777 +02:00 [INF] Map "d5c08240-0436-454a-8993-362abf5bc477": window light drew 1/1 beam(s)
2026-05-25 15:38:19.822 +02:00 [INF] Map "d5c08240-0436-454a-8993-362abf5bc477": window light drew 1/1 beam(s)
2026-05-25 15:38:19.881 +02:00 [INF] Map "d5c08240-0436-454a-8993-362abf5bc477": window light drew 1/1 beam(s)
2026-05-25 15:38:19.927 +02:00 [INF] Map "d5c08240-0436-454a-8993-362abf5bc477": window light drew 1/1 beam(s)
2026-05-25 15:38:19.972 +02:00 [INF] Map "d5c08240-0436-454a-8993-362abf5bc477": window light drew 1/1 beam(s)
2026-05-25 15:38:20.018 +02:00 [INF] Map "d5c08240-0436-454a-8993-362abf5bc477": window light drew 1/1 beam(s)
2026-05-25 15:38:20.064 +02:00 [INF] Map "d5c08240-0436-454a-8993-362abf5bc477": window light drew 1/1 beam(s)
2026-05-25 15:38:20.109 +02:00 [INF] Map "d5c08240-0436-454a-8993-362abf5bc477": window light drew 1/1 beam(s)
2026-05-25 15:38:20.155 +02:00 [INF] Map "d5c08240-0436-454a-8993-362abf5bc477": window light drew 1/1 beam(s)
2026-05-25 15:38:20.201 +02:00 [INF] Map "d5c08240-0436-454a-8993-362abf5bc477": window light drew 1/1 beam(s)
2026-05-25 15:38:20.247 +02:00 [INF] Map "d5c08240-0436-454a-8993-362abf5bc477": window light drew 1/1 beam(s)
2026-05-25 15:38:20.306 +02:00 [INF] Map "d5c08240-0436-454a-8993-362abf5bc477": window light drew 1/1 beam(s)
2026-05-25 15:38:20.351 +02:00 [INF] Map "d5c08240-0436-454a-8993-362abf5bc477": window light drew 1/1 beam(s)
2026-05-25 15:38:20.397 +02:00 [INF] Map "d5c08240-0436-454a-8993-362abf5bc477": window light drew 1/1 beam(s)
2026-05-25 15:38:20.443 +02:00 [INF] Map "d5c08240-0436-454a-8993-362abf5bc477": window light drew 1/1 beam(s)
2026-05-25 15:38:20.489 +02:00 [INF] Map "d5c08240-0436-454a-8993-362abf5bc477": window light drew 1/1 beam(s)
2026-05-25 15:38:20.536 +02:00 [INF] Map "d5c08240-0436-454a-8993-362abf5bc477": window light drew 1/1 beam(s)
2026-05-25 15:38:20.582 +02:00 [INF] Map "d5c08240-0436-454a-8993-362abf5bc477": window light drew 1/1 beam(s)
2026-05-25 15:38:20.627 +02:00 [INF] Map "d5c08240-0436-454a-8993-362abf5bc477": window light drew 1/1 beam(s)
2026-05-25 15:38:20.673 +02:00 [INF] Map "d5c08240-0436-454a-8993-362abf5bc477": window light drew 1/1 beam(s)
2026-05-25 15:38:20.731 +02:00 [INF] Map "d5c08240-0436-454a-8993-362abf5bc477": window light drew 1/1 beam(s)
2026-05-25 15:38:20.777 +02:00 [INF] Map "d5c08240-0436-454a-8993-362abf5bc477": window light drew 1/1 beam(s)
2026-05-25 15:38:20.822 +02:00 [INF] Map "d5c08240-0436-454a-8993-362abf5bc477": window light drew 1/1 beam(s)
2026-05-25 15:38:20.867 +02:00 [INF] Map "d5c08240-0436-454a-8993-362abf5bc477": window light drew 1/1 beam(s)
2026-05-25 15:38:20.914 +02:00 [INF] Map "d5c08240-0436-454a-8993-362abf5bc477": window light drew 1/1 beam(s)
2026-05-25 15:38:20.960 +02:00 [INF] Map "d5c08240-0436-454a-8993-362abf5bc477": window light drew 1/1 beam(s)
2026-05-25 15:38:21.006 +02:00 [INF] Map "d5c08240-0436-454a-8993-362abf5bc477": window light drew 1/1 beam(s)
2026-05-25 15:38:21.052 +02:00 [INF] Map "d5c08240-0436-454a-8993-362abf5bc477": window light drew 1/1 beam(s)
2026-05-25 15:38:21.099 +02:00 [INF] Map "d5c08240-0436-454a-8993-362abf5bc477": window light drew 1/1 beam(s)
2026-05-25 15:38:21.157 +02:00 [INF] Map "d5c08240-0436-454a-8993-362abf5bc477": window light drew 1/1 beam(s)
2026-05-25 15:38:21.202 +02:00 [INF] Map "d5c08240-0436-454a-8993-362abf5bc477": window light drew 1/1 beam(s)
2026-05-25 15:38:21.248 +02:00 [INF] Map "d5c08240-0436-454a-8993-362abf5bc477": window light drew 1/1 beam(s)
2026-05-25 15:38:21.293 +02:00 [INF] Map "d5c08240-0436-454a-8993-362abf5bc477": window light drew 1/1 beam(s)
2026-05-25 15:38:21.340 +02:00 [INF] Map "d5c08240-0436-454a-8993-362abf5bc477": window light drew 1/1 beam(s)
2026-05-25 15:38:21.385 +02:00 [INF] Map "d5c08240-0436-454a-8993-362abf5bc477": window light drew 1/1 beam(s)
2026-05-25 15:38:21.432 +02:00 [INF] Map "d5c08240-0436-454a-8993-362abf5bc477": window light drew 1/1 beam(s)
2026-05-25 15:38:21.478 +02:00 [INF] Map "d5c08240-0436-454a-8993-362abf5bc477": window light drew 1/1 beam(s)
2026-05-25 15:38:21.524 +02:00 [INF] Map "d5c08240-0436-454a-8993-362abf5bc477": window light drew 1/1 beam(s)
2026-05-25 15:38:21.582 +02:00 [INF] Map "d5c08240-0436-454a-8993-362abf5bc477": window light drew 1/1 beam(s)
2026-05-25 15:38:21.628 +02:00 [INF] Map "d5c08240-0436-454a-8993-362abf5bc477": window light drew 1/1 beam(s)
2026-05-25 15:38:21.674 +02:00 [INF] Map "d5c08240-0436-454a-8993-362abf5bc477": window light drew 1/1 beam(s)
2026-05-25 15:38:21.720 +02:00 [INF] Map "d5c08240-0436-454a-8993-362abf5bc477": window light drew 1/1 beam(s)
2026-05-25 15:38:21.765 +02:00 [INF] Map "d5c08240-0436-454a-8993-362abf5bc477": window light drew 1/1 beam(s)
2026-05-25 15:38:21.810 +02:00 [INF] Map "d5c08240-0436-454a-8993-362abf5bc477": window light drew 1/1 beam(s)
2026-05-25 15:38:21.856 +02:00 [INF] Map "d5c08240-0436-454a-8993-362abf5bc477": window light drew 1/1 beam(s)
2026-05-25 15:38:21.901 +02:00 [INF] Map "d5c08240-0436-454a-8993-362abf5bc477": window light drew 1/1 beam(s)
2026-05-25 15:38:21.947 +02:00 [INF] Map "d5c08240-0436-454a-8993-362abf5bc477": window light drew 1/1 beam(s)
2026-05-25 15:38:22.005 +02:00 [INF] Map "d5c08240-0436-454a-8993-362abf5bc477": window light drew 1/1 beam(s)
2026-05-25 15:38:22.051 +02:00 [INF] Map "d5c08240-0436-454a-8993-362abf5bc477": window light drew 1/1 beam(s)
2026-05-25 15:38:22.097 +02:00 [INF] Map "d5c08240-0436-454a-8993-362abf5bc477": window light drew 1/1 beam(s)
2026-05-25 15:38:22.143 +02:00 [INF] Map "d5c08240-0436-454a-8993-362abf5bc477": window light drew 1/1 beam(s)
2026-05-25 15:38:22.188 +02:00 [INF] Map "d5c08240-0436-454a-8993-362abf5bc477": window light drew 1/1 beam(s)
2026-05-25 15:38:22.234 +02:00 [INF] Map "d5c08240-0436-454a-8993-362abf5bc477": window light drew 1/1 beam(s)
2026-05-25 15:38:22.281 +02:00 [INF] Map "d5c08240-0436-454a-8993-362abf5bc477": window light drew 1/1 beam(s)
2026-05-25 15:38:22.327 +02:00 [INF] Map "d5c08240-0436-454a-8993-362abf5bc477": window light drew 1/1 beam(s)
2026-05-25 15:38:22.373 +02:00 [INF] Map "d5c08240-0436-454a-8993-362abf5bc477": window light drew 1/1 beam(s)
2026-05-25 15:38:22.432 +02:00 [INF] Map "d5c08240-0436-454a-8993-362abf5bc477": window light drew 1/1 beam(s)
2026-05-25 15:38:22.478 +02:00 [INF] Map "d5c08240-0436-454a-8993-362abf5bc477": window light drew 1/1 beam(s)
2026-05-25 15:38:22.525 +02:00 [INF] Map "d5c08240-0436-454a-8993-362abf5bc477": window light drew 1/1 beam(s)
2026-05-25 15:38:22.570 +02:00 [INF] Map "d5c08240-0436-454a-8993-362abf5bc477": window light drew 1/1 beam(s)
2026-05-25 15:38:22.615 +02:00 [INF] Map "d5c08240-0436-454a-8993-362abf5bc477": window light drew 1/1 beam(s)
2026-05-25 15:38:22.661 +02:00 [INF] Map "d5c08240-0436-454a-8993-362abf5bc477": window light drew 1/1 beam(s)
2026-05-25 15:38:22.708 +02:00 [INF] Map "d5c08240-0436-454a-8993-362abf5bc477": window light drew 1/1 beam(s)
2026-05-25 15:38:22.753 +02:00 [INF] Map "d5c08240-0436-454a-8993-362abf5bc477": window light drew 1/1 beam(s)
2026-05-25 15:38:22.800 +02:00 [INF] Map "d5c08240-0436-454a-8993-362abf5bc477": window light drew 1/1 beam(s)
2026-05-25 15:38:22.860 +02:00 [INF] Map "d5c08240-0436-454a-8993-362abf5bc477": window light drew 1/1 beam(s)
2026-05-25 15:38:22.906 +02:00 [INF] Map "d5c08240-0436-454a-8993-362abf5bc477": window light drew 1/1 beam(s)
2026-05-25 15:38:22.952 +02:00 [INF] Map "d5c08240-0436-454a-8993-362abf5bc477": window light drew 1/1 beam(s)
2026-05-25 15:38:22.999 +02:00 [INF] Map "d5c08240-0436-454a-8993-362abf5bc477": window light drew 1/1 beam(s)
2026-05-25 15:38:23.045 +02:00 [INF] Map "d5c08240-0436-454a-8993-362abf5bc477": window light drew 1/1 beam(s)
2026-05-25 15:38:23.091 +02:00 [INF] Map "d5c08240-0436-454a-8993-362abf5bc477": window light drew 1/1 beam(s)
2026-05-25 15:38:23.137 +02:00 [INF] Map "d5c08240-0436-454a-8993-362abf5bc477": window light drew 1/1 beam(s)
2026-05-25 15:38:23.183 +02:00 [INF] Map "d5c08240-0436-454a-8993-362abf5bc477": window light drew 1/1 beam(s)
2026-05-25 15:38:23.229 +02:00 [INF] Map "d5c08240-0436-454a-8993-362abf5bc477": window light drew 1/1 beam(s)
2026-05-25 15:38:23.287 +02:00 [INF] Map "d5c08240-0436-454a-8993-362abf5bc477": window light drew 1/1 beam(s)
2026-05-25 15:38:23.333 +02:00 [INF] Map "d5c08240-0436-454a-8993-362abf5bc477": window light drew 1/1 beam(s)
2026-05-25 15:38:23.378 +02:00 [INF] Map "d5c08240-0436-454a-8993-362abf5bc477": window light drew 1/1 beam(s)
2026-05-25 15:38:23.424 +02:00 [INF] Map "d5c08240-0436-454a-8993-362abf5bc477": window light drew 1/1 beam(s)
2026-05-25 15:38:23.469 +02:00 [INF] Map "d5c08240-0436-454a-8993-362abf5bc477": window light drew 1/1 beam(s)
2026-05-25 15:38:23.514 +02:00 [INF] Map "d5c08240-0436-454a-8993-362abf5bc477": window light drew 1/1 beam(s)
2026-05-25 15:38:23.560 +02:00 [INF] Map "d5c08240-0436-454a-8993-362abf5bc477": window light drew 1/1 beam(s)
2026-05-25 15:38:23.607 +02:00 [INF] Map "d5c08240-0436-454a-8993-362abf5bc477": window light drew 1/1 beam(s)
2026-05-25 15:38:23.653 +02:00 [INF] Map "d5c08240-0436-454a-8993-362abf5bc477": window light drew 1/1 beam(s)
2026-05-25 15:38:23.711 +02:00 [INF] Map "d5c08240-0436-454a-8993-362abf5bc477": window light drew 1/1 beam(s)
2026-05-25 15:38:23.757 +02:00 [INF] Map "d5c08240-0436-454a-8993-362abf5bc477": window light drew 1/1 beam(s)
2026-05-25 15:38:23.802 +02:00 [INF] Map "d5c08240-0436-454a-8993-362abf5bc477": window light drew 1/1 beam(s)
2026-05-25 15:38:23.848 +02:00 [INF] Map "d5c08240-0436-454a-8993-362abf5bc477": window light drew 1/1 beam(s)
2026-05-25 15:38:23.894 +02:00 [INF] Map "d5c08240-0436-454a-8993-362abf5bc477": window light drew 1/1 beam(s)
2026-05-25 15:38:23.939 +02:00 [INF] Map "d5c08240-0436-454a-8993-362abf5bc477": window light drew 1/1 beam(s)
2026-05-25 15:38:23.985 +02:00 [INF] Map "d5c08240-0436-454a-8993-362abf5bc477": window light drew 1/1 beam(s)
2026-05-25 15:38:24.030 +02:00 [INF] Map "d5c08240-0436-454a-8993-362abf5bc477": window light drew 1/1 beam(s)
2026-05-25 15:38:24.076 +02:00 [INF] Map "d5c08240-0436-454a-8993-362abf5bc477": window light drew 1/1 beam(s)
2026-05-25 15:38:24.136 +02:00 [INF] Map "d5c08240-0436-454a-8993-362abf5bc477": window light drew 1/1 beam(s)
2026-05-25 15:38:24.182 +02:00 [INF] Map "d5c08240-0436-454a-8993-362abf5bc477": window light drew 1/1 beam(s)
2026-05-25 15:38:24.228 +02:00 [INF] Map "d5c08240-0436-454a-8993-362abf5bc477": window light drew 1/1 beam(s)
2026-05-25 15:38:24.284 +02:00 [INF] Map "d5c08240-0436-454a-8993-362abf5bc477": window light drew 1/1 beam(s)
2026-05-25 15:38:24.367 +02:00 [INF] Map "d5c08240-0436-454a-8993-362abf5bc477": window light drew 1/1 beam(s)
2026-05-25 15:38:24.418 +02:00 [INF] Map "d5c08240-0436-454a-8993-362abf5bc477": window light drew 1/1 beam(s)
2026-05-25 15:38:24.466 +02:00 [INF] Map "d5c08240-0436-454a-8993-362abf5bc477": window light drew 1/1 beam(s)
2026-05-25 15:38:24.511 +02:00 [INF] Map "d5c08240-0436-454a-8993-362abf5bc477": window light drew 1/1 beam(s)
2026-05-25 15:38:24.557 +02:00 [INF] Map "d5c08240-0436-454a-8993-362abf5bc477": window light drew 1/1 beam(s)
2026-05-25 15:38:24.628 +02:00 [INF] Map "d5c08240-0436-454a-8993-362abf5bc477": window light drew 1/1 beam(s)
2026-05-25 15:38:24.680 +02:00 [INF] Map "d5c08240-0436-454a-8993-362abf5bc477": window light drew 1/1 beam(s)
2026-05-25 15:38:24.735 +02:00 [INF] Map "d5c08240-0436-454a-8993-362abf5bc477": window light drew 1/1 beam(s)
2026-05-25 15:38:24.782 +02:00 [INF] Map "d5c08240-0436-454a-8993-362abf5bc477": window light drew 1/1 beam(s)
2026-05-25 15:38:24.828 +02:00 [INF] Map "d5c08240-0436-454a-8993-362abf5bc477": window light drew 1/1 beam(s)
2026-05-25 15:38:24.873 +02:00 [INF] Map "d5c08240-0436-454a-8993-362abf5bc477": window light drew 1/1 beam(s)
2026-05-25 15:38:24.918 +02:00 [INF] Map "d5c08240-0436-454a-8993-362abf5bc477": window light drew 1/1 beam(s)
2026-05-25 15:38:24.964 +02:00 [INF] Map "d5c08240-0436-454a-8993-362abf5bc477": window light drew 1/1 beam(s)
2026-05-25 15:38:25.009 +02:00 [INF] Map "d5c08240-0436-454a-8993-362abf5bc477": window light drew 1/1 beam(s)
2026-05-25 15:38:25.067 +02:00 [INF] Map "d5c08240-0436-454a-8993-362abf5bc477": window light drew 1/1 beam(s)
2026-05-25 15:38:25.113 +02:00 [INF] Map "d5c08240-0436-454a-8993-362abf5bc477": window light drew 1/1 beam(s)
2026-05-25 15:38:25.159 +02:00 [INF] Map "d5c08240-0436-454a-8993-362abf5bc477": window light drew 1/1 beam(s)
2026-05-25 15:38:25.204 +02:00 [INF] Map "d5c08240-0436-454a-8993-362abf5bc477": window light drew 1/1 beam(s)
2026-05-25 15:38:25.250 +02:00 [INF] Map "d5c08240-0436-454a-8993-362abf5bc477": window light drew 1/1 beam(s)
2026-05-25 15:38:25.297 +02:00 [INF] Map "d5c08240-0436-454a-8993-362abf5bc477": window light drew 1/1 beam(s)
2026-05-25 15:38:25.342 +02:00 [INF] Map "d5c08240-0436-454a-8993-362abf5bc477": window light drew 1/1 beam(s)
2026-05-25 15:38:25.393 +02:00 [INF] Map "d5c08240-0436-454a-8993-362abf5bc477": window light drew 1/1 beam(s)
2026-05-25 15:38:25.439 +02:00 [INF] Map "d5c08240-0436-454a-8993-362abf5bc477": window light drew 1/1 beam(s)
2026-05-25 15:38:25.498 +02:00 [INF] Map "d5c08240-0436-454a-8993-362abf5bc477": window light drew 1/1 beam(s)
2026-05-25 15:38:25.544 +02:00 [INF] Map "d5c08240-0436-454a-8993-362abf5bc477": window light drew 1/1 beam(s)
2026-05-25 15:38:25.591 +02:00 [INF] Map "d5c08240-0436-454a-8993-362abf5bc477": window light drew 1/1 beam(s)
2026-05-25 15:38:25.637 +02:00 [INF] Map "d5c08240-0436-454a-8993-362abf5bc477": window light drew 1/1 beam(s)
2026-05-25 15:38:25.691 +02:00 [INF] Map "d5c08240-0436-454a-8993-362abf5bc477": window light drew 1/1 beam(s)
2026-05-25 15:38:25.745 +02:00 [INF] Map "d5c08240-0436-454a-8993-362abf5bc477": window light drew 1/1 beam(s)
2026-05-25 15:38:25.800 +02:00 [INF] Map "d5c08240-0436-454a-8993-362abf5bc477": window light drew 1/1 beam(s)
2026-05-25 15:38:25.849 +02:00 [INF] Map "d5c08240-0436-454a-8993-362abf5bc477": window light drew 1/1 beam(s)
2026-05-25 15:38:25.896 +02:00 [INF] Map "d5c08240-0436-454a-8993-362abf5bc477": window light drew 1/1 beam(s)
2026-05-25 15:38:25.955 +02:00 [INF] Map "d5c08240-0436-454a-8993-362abf5bc477": window light drew 1/1 beam(s)
2026-05-25 15:38:26.002 +02:00 [INF] Map "d5c08240-0436-454a-8993-362abf5bc477": window light drew 1/1 beam(s)
2026-05-25 15:38:26.050 +02:00 [INF] Map "d5c08240-0436-454a-8993-362abf5bc477": window light drew 1/1 beam(s)
2026-05-25 15:38:26.104 +02:00 [INF] Map "d5c08240-0436-454a-8993-362abf5bc477": window light drew 1/1 beam(s)
2026-05-25 15:38:26.157 +02:00 [INF] Map "d5c08240-0436-454a-8993-362abf5bc477": window light drew 1/1 beam(s)
2026-05-25 15:38:26.203 +02:00 [INF] Map "d5c08240-0436-454a-8993-362abf5bc477": window light drew 1/1 beam(s)
2026-05-25 15:38:26.249 +02:00 [INF] Map "d5c08240-0436-454a-8993-362abf5bc477": window light drew 1/1 beam(s)
2026-05-25 15:38:26.294 +02:00 [INF] Map "d5c08240-0436-454a-8993-362abf5bc477": window light drew 1/1 beam(s)
2026-05-25 15:38:26.341 +02:00 [INF] Map "d5c08240-0436-454a-8993-362abf5bc477": window light drew 1/1 beam(s)
2026-05-25 15:38:26.401 +02:00 [INF] Map "d5c08240-0436-454a-8993-362abf5bc477": window light drew 1/1 beam(s)
2026-05-25 15:38:26.448 +02:00 [INF] Map "d5c08240-0436-454a-8993-362abf5bc477": window light drew 1/1 beam(s)
2026-05-25 15:38:26.496 +02:00 [INF] Map "d5c08240-0436-454a-8993-362abf5bc477": window light drew 1/1 beam(s)
2026-05-25 15:38:26.542 +02:00 [INF] Map "d5c08240-0436-454a-8993-362abf5bc477": window light drew 1/1 beam(s)
2026-05-25 15:38:26.588 +02:00 [INF] Map "d5c08240-0436-454a-8993-362abf5bc477": window light drew 1/1 beam(s)
2026-05-25 15:38:26.634 +02:00 [INF] Map "d5c08240-0436-454a-8993-362abf5bc477": window light drew 1/1 beam(s)
2026-05-25 15:38:26.680 +02:00 [INF] Map "d5c08240-0436-454a-8993-362abf5bc477": window light drew 1/1 beam(s)
2026-05-25 15:38:26.728 +02:00 [INF] Map "d5c08240-0436-454a-8993-362abf5bc477": window light drew 1/1 beam(s)
2026-05-25 15:38:26.775 +02:00 [INF] Map "d5c08240-0436-454a-8993-362abf5bc477": window light drew 1/1 beam(s)
2026-05-25 15:38:26.839 +02:00 [INF] Map "d5c08240-0436-454a-8993-362abf5bc477": window light drew 1/1 beam(s)
2026-05-25 15:38:26.887 +02:00 [INF] Map "d5c08240-0436-454a-8993-362abf5bc477": window light drew 1/1 beam(s)
2026-05-25 15:38:26.939 +02:00 [INF] Map "d5c08240-0436-454a-8993-362abf5bc477": window light drew 1/1 beam(s)
2026-05-25 15:38:26.987 +02:00 [INF] Map "d5c08240-0436-454a-8993-362abf5bc477": window light drew 1/1 beam(s)
2026-05-25 15:38:27.036 +02:00 [INF] Map "d5c08240-0436-454a-8993-362abf5bc477": window light drew 1/1 beam(s)
2026-05-25 15:38:27.083 +02:00 [INF] Map "d5c08240-0436-454a-8993-362abf5bc477": window light drew 1/1 beam(s)
2026-05-25 15:38:27.130 +02:00 [INF] Map "d5c08240-0436-454a-8993-362abf5bc477": window light drew 1/1 beam(s)
2026-05-25 15:38:27.181 +02:00 [INF] Map "d5c08240-0436-454a-8993-362abf5bc477": window light drew 1/1 beam(s)
2026-05-25 15:38:27.227 +02:00 [INF] Map "d5c08240-0436-454a-8993-362abf5bc477": window light drew 1/1 beam(s)
2026-05-25 15:38:27.289 +02:00 [INF] Map "d5c08240-0436-454a-8993-362abf5bc477": window light drew 1/1 beam(s)
2026-05-25 15:38:27.335 +02:00 [INF] Map "d5c08240-0436-454a-8993-362abf5bc477": window light drew 1/1 beam(s)
2026-05-25 15:38:27.382 +02:00 [INF] Map "d5c08240-0436-454a-8993-362abf5bc477": window light drew 1/1 beam(s)
2026-05-25 15:38:27.428 +02:00 [INF] Map "d5c08240-0436-454a-8993-362abf5bc477": window light drew 1/1 beam(s)
2026-05-25 15:38:27.474 +02:00 [INF] Map "d5c08240-0436-454a-8993-362abf5bc477": window light drew 1/1 beam(s)
2026-05-25 15:38:27.521 +02:00 [INF] Map "d5c08240-0436-454a-8993-362abf5bc477": window light drew 1/1 beam(s)
2026-05-25 15:38:27.568 +02:00 [INF] Map "d5c08240-0436-454a-8993-362abf5bc477": window light drew 1/1 beam(s)
2026-05-25 15:38:27.618 +02:00 [INF] Map "d5c08240-0436-454a-8993-362abf5bc477": window light drew 1/1 beam(s)
2026-05-25 15:38:27.664 +02:00 [INF] Map "d5c08240-0436-454a-8993-362abf5bc477": window light drew 1/1 beam(s)
2026-05-25 15:38:27.723 +02:00 [INF] Map "d5c08240-0436-454a-8993-362abf5bc477": window light drew 1/1 beam(s)
2026-05-25 15:38:27.770 +02:00 [INF] Map "d5c08240-0436-454a-8993-362abf5bc477": window light drew 1/1 beam(s)
2026-05-25 15:38:27.824 +02:00 [INF] Map "d5c08240-0436-454a-8993-362abf5bc477": window light drew 1/1 beam(s)
2026-05-25 15:38:27.879 +02:00 [INF] Map "d5c08240-0436-454a-8993-362abf5bc477": window light drew 1/1 beam(s)
2026-05-25 15:38:27.926 +02:00 [INF] Map "d5c08240-0436-454a-8993-362abf5bc477": window light drew 1/1 beam(s)
2026-05-25 15:38:27.971 +02:00 [INF] Map "d5c08240-0436-454a-8993-362abf5bc477": window light drew 1/1 beam(s)
2026-05-25 15:38:28.017 +02:00 [INF] Map "d5c08240-0436-454a-8993-362abf5bc477": window light drew 1/1 beam(s)
2026-05-25 15:38:28.064 +02:00 [INF] Map "d5c08240-0436-454a-8993-362abf5bc477": window light drew 1/1 beam(s)
2026-05-25 15:38:28.110 +02:00 [INF] Map "d5c08240-0436-454a-8993-362abf5bc477": window light drew 1/1 beam(s)
2026-05-25 15:38:28.188 +02:00 [INF] Map "d5c08240-0436-454a-8993-362abf5bc477": window light drew 1/1 beam(s)
2026-05-25 15:38:28.244 +02:00 [INF] Map "d5c08240-0436-454a-8993-362abf5bc477": window light drew 1/1 beam(s)
2026-05-25 15:38:28.293 +02:00 [INF] Map "d5c08240-0436-454a-8993-362abf5bc477": window light drew 1/1 beam(s)
2026-05-25 15:38:28.339 +02:00 [INF] Map "d5c08240-0436-454a-8993-362abf5bc477": window light drew 1/1 beam(s)
2026-05-25 15:38:28.386 +02:00 [INF] Map "d5c08240-0436-454a-8993-362abf5bc477": window light drew 1/1 beam(s)
2026-05-25 15:38:28.432 +02:00 [INF] Map "d5c08240-0436-454a-8993-362abf5bc477": window light drew 1/1 beam(s)
2026-05-25 15:38:28.479 +02:00 [INF] Map "d5c08240-0436-454a-8993-362abf5bc477": window light drew 1/1 beam(s)
2026-05-25 15:38:28.525 +02:00 [INF] Map "d5c08240-0436-454a-8993-362abf5bc477": window light drew 1/1 beam(s)
2026-05-25 15:38:28.572 +02:00 [INF] Map "d5c08240-0436-454a-8993-362abf5bc477": window light drew 1/1 beam(s)
2026-05-25 15:38:28.631 +02:00 [INF] Map "d5c08240-0436-454a-8993-362abf5bc477": window light drew 1/1 beam(s)
2026-05-25 15:38:28.678 +02:00 [INF] Map "d5c08240-0436-454a-8993-362abf5bc477": window light drew 1/1 beam(s)
2026-05-25 15:38:28.724 +02:00 [INF] Map "d5c08240-0436-454a-8993-362abf5bc477": window light drew 1/1 beam(s)
2026-05-25 15:38:28.770 +02:00 [INF] Map "d5c08240-0436-454a-8993-362abf5bc477": window light drew 1/1 beam(s)
2026-05-25 15:38:28.817 +02:00 [INF] Map "d5c08240-0436-454a-8993-362abf5bc477": window light drew 1/1 beam(s)
2026-05-25 15:38:28.864 +02:00 [INF] Map "d5c08240-0436-454a-8993-362abf5bc477": window light drew 1/1 beam(s)
2026-05-25 15:38:28.911 +02:00 [INF] Map "d5c08240-0436-454a-8993-362abf5bc477": window light drew 1/1 beam(s)
2026-05-25 15:38:28.957 +02:00 [INF] Map "d5c08240-0436-454a-8993-362abf5bc477": window light drew 1/1 beam(s)
2026-05-25 15:38:29.003 +02:00 [INF] Map "d5c08240-0436-454a-8993-362abf5bc477": window light drew 1/1 beam(s)
2026-05-25 15:38:29.063 +02:00 [INF] Map "d5c08240-0436-454a-8993-362abf5bc477": window light drew 1/1 beam(s)
2026-05-25 15:38:29.109 +02:00 [INF] Map "d5c08240-0436-454a-8993-362abf5bc477": window light drew 1/1 beam(s)
2026-05-25 15:38:29.155 +02:00 [INF] Map "d5c08240-0436-454a-8993-362abf5bc477": window light drew 1/1 beam(s)
2026-05-25 15:38:29.201 +02:00 [INF] Map "d5c08240-0436-454a-8993-362abf5bc477": window light drew 1/1 beam(s)
2026-05-25 15:38:29.247 +02:00 [INF] Map "d5c08240-0436-454a-8993-362abf5bc477": window light drew 1/1 beam(s)
2026-05-25 15:38:29.293 +02:00 [INF] Map "d5c08240-0436-454a-8993-362abf5bc477": window light drew 1/1 beam(s)
2026-05-25 15:38:29.339 +02:00 [INF] Map "d5c08240-0436-454a-8993-362abf5bc477": window light drew 1/1 beam(s)
2026-05-25 15:38:29.387 +02:00 [INF] Map "d5c08240-0436-454a-8993-362abf5bc477": window light drew 1/1 beam(s)
2026-05-25 15:38:29.433 +02:00 [INF] Map "d5c08240-0436-454a-8993-362abf5bc477": window light drew 1/1 beam(s)
2026-05-25 15:38:29.491 +02:00 [INF] Map "d5c08240-0436-454a-8993-362abf5bc477": window light drew 1/1 beam(s)
2026-05-25 15:38:29.538 +02:00 [INF] Map "d5c08240-0436-454a-8993-362abf5bc477": window light drew 1/1 beam(s)
2026-05-25 15:38:29.584 +02:00 [INF] Map "d5c08240-0436-454a-8993-362abf5bc477": window light drew 1/1 beam(s)
2026-05-25 15:38:29.630 +02:00 [INF] Map "d5c08240-0436-454a-8993-362abf5bc477": window light drew 1/1 beam(s)
2026-05-25 15:38:29.676 +02:00 [INF] Map "d5c08240-0436-454a-8993-362abf5bc477": window light drew 1/1 beam(s)
2026-05-25 15:38:29.721 +02:00 [INF] Map "d5c08240-0436-454a-8993-362abf5bc477": window light drew 1/1 beam(s)
2026-05-25 15:38:29.766 +02:00 [INF] Map "d5c08240-0436-454a-8993-362abf5bc477": window light drew 1/1 beam(s)
2026-05-25 15:38:29.812 +02:00 [INF] Map "d5c08240-0436-454a-8993-362abf5bc477": window light drew 1/1 beam(s)
2026-05-25 15:38:29.857 +02:00 [INF] Map "d5c08240-0436-454a-8993-362abf5bc477": window light drew 1/1 beam(s)
2026-05-25 15:38:29.916 +02:00 [INF] Map "d5c08240-0436-454a-8993-362abf5bc477": window light drew 1/1 beam(s)
2026-05-25 15:38:29.961 +02:00 [INF] Map "d5c08240-0436-454a-8993-362abf5bc477": window light drew 1/1 beam(s)
2026-05-25 15:38:30.007 +02:00 [INF] Map "d5c08240-0436-454a-8993-362abf5bc477": window light drew 1/1 beam(s)
2026-05-25 15:38:30.052 +02:00 [INF] Map "d5c08240-0436-454a-8993-362abf5bc477": window light drew 1/1 beam(s)
2026-05-25 15:38:30.099 +02:00 [INF] Map "d5c08240-0436-454a-8993-362abf5bc477": window light drew 1/1 beam(s)
2026-05-25 15:38:30.144 +02:00 [INF] Map "d5c08240-0436-454a-8993-362abf5bc477": window light drew 1/1 beam(s)
2026-05-25 15:38:30.189 +02:00 [INF] Map "d5c08240-0436-454a-8993-362abf5bc477": window light drew 1/1 beam(s)
2026-05-25 15:38:30.234 +02:00 [INF] Map "d5c08240-0436-454a-8993-362abf5bc477": window light drew 1/1 beam(s)
2026-05-25 15:38:30.280 +02:00 [INF] Map "d5c08240-0436-454a-8993-362abf5bc477": window light drew 1/1 beam(s)
2026-05-25 15:38:30.339 +02:00 [INF] Map "d5c08240-0436-454a-8993-362abf5bc477": window light drew 1/1 beam(s)
2026-05-25 15:38:30.384 +02:00 [INF] Map "d5c08240-0436-454a-8993-362abf5bc477": window light drew 1/1 beam(s)
2026-05-25 15:38:30.430 +02:00 [INF] Map "d5c08240-0436-454a-8993-362abf5bc477": window light drew 1/1 beam(s)
2026-05-25 15:38:30.477 +02:00 [INF] Map "d5c08240-0436-454a-8993-362abf5bc477": window light drew 1/1 beam(s)
2026-05-25 15:38:30.523 +02:00 [INF] Map "d5c08240-0436-454a-8993-362abf5bc477": window light drew 1/1 beam(s)
2026-05-25 15:38:30.569 +02:00 [INF] Map "d5c08240-0436-454a-8993-362abf5bc477": window light drew 1/1 beam(s)
2026-05-25 15:38:30.615 +02:00 [INF] Map "d5c08240-0436-454a-8993-362abf5bc477": window light drew 1/1 beam(s)
2026-05-25 15:38:30.660 +02:00 [INF] Map "d5c08240-0436-454a-8993-362abf5bc477": window light drew 1/1 beam(s)
2026-05-25 15:38:30.706 +02:00 [INF] Map "d5c08240-0436-454a-8993-362abf5bc477": window light drew 1/1 beam(s)
2026-05-25 15:38:30.766 +02:00 [INF] Map "d5c08240-0436-454a-8993-362abf5bc477": window light drew 1/1 beam(s)
2026-05-25 15:38:30.811 +02:00 [INF] Map "d5c08240-0436-454a-8993-362abf5bc477": window light drew 1/1 beam(s)
2026-05-25 15:38:30.858 +02:00 [INF] Map "d5c08240-0436-454a-8993-362abf5bc477": window light drew 1/1 beam(s)
2026-05-25 15:38:30.903 +02:00 [INF] Map "d5c08240-0436-454a-8993-362abf5bc477": window light drew 1/1 beam(s)
2026-05-25 15:38:30.949 +02:00 [INF] Map "d5c08240-0436-454a-8993-362abf5bc477": window light drew 1/1 beam(s)
2026-05-25 15:38:30.995 +02:00 [INF] Map "d5c08240-0436-454a-8993-362abf5bc477": window light drew 1/1 beam(s)
2026-05-25 15:38:31.040 +02:00 [INF] Map "d5c08240-0436-454a-8993-362abf5bc477": window light drew 1/1 beam(s)
2026-05-25 15:38:31.085 +02:00 [INF] Map "d5c08240-0436-454a-8993-362abf5bc477": window light drew 1/1 beam(s)
2026-05-25 15:38:31.131 +02:00 [INF] Map "d5c08240-0436-454a-8993-362abf5bc477": window light drew 1/1 beam(s)
2026-05-25 15:38:31.189 +02:00 [INF] Map "d5c08240-0436-454a-8993-362abf5bc477": window light drew 1/1 beam(s)
2026-05-25 15:38:31.234 +02:00 [INF] Map "d5c08240-0436-454a-8993-362abf5bc477": window light drew 1/1 beam(s)
2026-05-25 15:38:31.280 +02:00 [INF] Map "d5c08240-0436-454a-8993-362abf5bc477": window light drew 1/1 beam(s)
2026-05-25 15:38:31.326 +02:00 [INF] Map "d5c08240-0436-454a-8993-362abf5bc477": window light drew 1/1 beam(s)
2026-05-25 15:38:31.371 +02:00 [INF] Map "d5c08240-0436-454a-8993-362abf5bc477": window light drew 1/1 beam(s)
2026-05-25 15:38:31.417 +02:00 [INF] Map "d5c08240-0436-454a-8993-362abf5bc477": window light drew 1/1 beam(s)
2026-05-25 15:38:31.463 +02:00 [INF] Map "d5c08240-0436-454a-8993-362abf5bc477": window light drew 1/1 beam(s)
2026-05-25 15:38:31.509 +02:00 [INF] Map "d5c08240-0436-454a-8993-362abf5bc477": window light drew 1/1 beam(s)
2026-05-25 15:38:31.554 +02:00 [INF] Map "d5c08240-0436-454a-8993-362abf5bc477": window light drew 1/1 beam(s)
2026-05-25 15:38:31.614 +02:00 [INF] Map "d5c08240-0436-454a-8993-362abf5bc477": window light drew 1/1 beam(s)
2026-05-25 15:38:31.659 +02:00 [INF] Map "d5c08240-0436-454a-8993-362abf5bc477": window light drew 1/1 beam(s)
2026-05-25 15:38:31.705 +02:00 [INF] Map "d5c08240-0436-454a-8993-362abf5bc477": window light drew 1/1 beam(s)
2026-05-25 15:38:31.752 +02:00 [INF] Map "d5c08240-0436-454a-8993-362abf5bc477": window light drew 1/1 beam(s)
2026-05-25 15:38:31.798 +02:00 [INF] Map "d5c08240-0436-454a-8993-362abf5bc477": window light drew 1/1 beam(s)
2026-05-25 15:38:31.844 +02:00 [INF] Map "d5c08240-0436-454a-8993-362abf5bc477": window light drew 1/1 beam(s)
2026-05-25 15:38:31.890 +02:00 [INF] Map "d5c08240-0436-454a-8993-362abf5bc477": window light drew 1/1 beam(s)
2026-05-25 15:38:31.937 +02:00 [INF] Map "d5c08240-0436-454a-8993-362abf5bc477": window light drew 1/1 beam(s)
2026-05-25 15:38:31.984 +02:00 [INF] Map "d5c08240-0436-454a-8993-362abf5bc477": window light drew 1/1 beam(s)
2026-05-25 15:38:32.052 +02:00 [INF] Map "d5c08240-0436-454a-8993-362abf5bc477": window light drew 1/1 beam(s)
2026-05-25 15:38:32.110 +02:00 [INF] Map "d5c08240-0436-454a-8993-362abf5bc477": window light drew 1/1 beam(s)
2026-05-25 15:38:32.157 +02:00 [INF] Map "d5c08240-0436-454a-8993-362abf5bc477": window light drew 1/1 beam(s)
2026-05-25 15:38:32.205 +02:00 [INF] Map "d5c08240-0436-454a-8993-362abf5bc477": window light drew 1/1 beam(s)
2026-05-25 15:38:32.253 +02:00 [INF] Map "d5c08240-0436-454a-8993-362abf5bc477": window light drew 1/1 beam(s)
2026-05-25 15:38:32.298 +02:00 [INF] Map "d5c08240-0436-454a-8993-362abf5bc477": window light drew 1/1 beam(s)
2026-05-25 15:38:32.344 +02:00 [INF] Map "d5c08240-0436-454a-8993-362abf5bc477": window light drew 1/1 beam(s)
2026-05-25 15:38:32.390 +02:00 [INF] Map "d5c08240-0436-454a-8993-362abf5bc477": window light drew 1/1 beam(s)
2026-05-25 15:38:32.436 +02:00 [INF] Map "d5c08240-0436-454a-8993-362abf5bc477": window light drew 1/1 beam(s)
2026-05-25 15:38:32.495 +02:00 [INF] Map "d5c08240-0436-454a-8993-362abf5bc477": window light drew 1/1 beam(s)
2026-05-25 15:38:32.540 +02:00 [INF] Map "d5c08240-0436-454a-8993-362abf5bc477": window light drew 1/1 beam(s)
2026-05-25 15:38:32.587 +02:00 [INF] Map "d5c08240-0436-454a-8993-362abf5bc477": window light drew 1/1 beam(s)
2026-05-25 15:38:32.633 +02:00 [INF] Map "d5c08240-0436-454a-8993-362abf5bc477": window light drew 1/1 beam(s)
2026-05-25 15:38:32.679 +02:00 [INF] Map "d5c08240-0436-454a-8993-362abf5bc477": window light drew 1/1 beam(s)
2026-05-25 15:38:32.725 +02:00 [INF] Map "d5c08240-0436-454a-8993-362abf5bc477": window light drew 1/1 beam(s)
2026-05-25 15:38:32.771 +02:00 [INF] Map "d5c08240-0436-454a-8993-362abf5bc477": window light drew 1/1 beam(s)
2026-05-25 15:38:32.817 +02:00 [INF] Map "d5c08240-0436-454a-8993-362abf5bc477": window light drew 1/1 beam(s)
2026-05-25 15:38:32.863 +02:00 [INF] Map "d5c08240-0436-454a-8993-362abf5bc477": window light drew 1/1 beam(s)
2026-05-25 15:38:32.923 +02:00 [INF] Map "d5c08240-0436-454a-8993-362abf5bc477": window light drew 1/1 beam(s)
2026-05-25 15:38:32.969 +02:00 [INF] Map "d5c08240-0436-454a-8993-362abf5bc477": window light drew 1/1 beam(s)
2026-05-25 15:38:33.015 +02:00 [INF] Map "d5c08240-0436-454a-8993-362abf5bc477": window light drew 1/1 beam(s)
2026-05-25 15:38:33.060 +02:00 [INF] Map "d5c08240-0436-454a-8993-362abf5bc477": window light drew 1/1 beam(s)
2026-05-25 15:38:33.106 +02:00 [INF] Map "d5c08240-0436-454a-8993-362abf5bc477": window light drew 1/1 beam(s)
2026-05-25 15:38:33.152 +02:00 [INF] Map "d5c08240-0436-454a-8993-362abf5bc477": window light drew 1/1 beam(s)
2026-05-25 15:38:33.198 +02:00 [INF] Map "d5c08240-0436-454a-8993-362abf5bc477": window light drew 1/1 beam(s)
2026-05-25 15:38:33.243 +02:00 [INF] Map "d5c08240-0436-454a-8993-362abf5bc477": window light drew 1/1 beam(s)
2026-05-25 15:38:33.289 +02:00 [INF] Map "d5c08240-0436-454a-8993-362abf5bc477": window light drew 1/1 beam(s)
2026-05-25 15:38:33.347 +02:00 [INF] Map "d5c08240-0436-454a-8993-362abf5bc477": window light drew 1/1 beam(s)
2026-05-25 15:38:33.393 +02:00 [INF] Map "d5c08240-0436-454a-8993-362abf5bc477": window light drew 1/1 beam(s)
2026-05-25 15:38:33.439 +02:00 [INF] Map "d5c08240-0436-454a-8993-362abf5bc477": window light drew 1/1 beam(s)
2026-05-25 15:38:33.485 +02:00 [INF] Map "d5c08240-0436-454a-8993-362abf5bc477": window light drew 1/1 beam(s)
2026-05-25 15:38:33.532 +02:00 [INF] Map "d5c08240-0436-454a-8993-362abf5bc477": window light drew 1/1 beam(s)
2026-05-25 15:38:33.577 +02:00 [INF] Map "d5c08240-0436-454a-8993-362abf5bc477": window light drew 1/1 beam(s)
2026-05-25 15:38:33.622 +02:00 [INF] Map "d5c08240-0436-454a-8993-362abf5bc477": window light drew 1/1 beam(s)
2026-05-25 15:38:33.668 +02:00 [INF] Map "d5c08240-0436-454a-8993-362abf5bc477": window light drew 1/1 beam(s)
2026-05-25 15:38:33.714 +02:00 [INF] Map "d5c08240-0436-454a-8993-362abf5bc477": window light drew 1/1 beam(s)
2026-05-25 15:38:33.773 +02:00 [INF] Map "d5c08240-0436-454a-8993-362abf5bc477": window light drew 1/1 beam(s)
2026-05-25 15:38:33.818 +02:00 [INF] Map "d5c08240-0436-454a-8993-362abf5bc477": window light drew 1/1 beam(s)
2026-05-25 15:38:33.865 +02:00 [INF] Map "d5c08240-0436-454a-8993-362abf5bc477": window light drew 1/1 beam(s)
2026-05-25 15:38:33.911 +02:00 [INF] Map "d5c08240-0436-454a-8993-362abf5bc477": window light drew 1/1 beam(s)
2026-05-25 15:38:33.957 +02:00 [INF] Map "d5c08240-0436-454a-8993-362abf5bc477": window light drew 1/1 beam(s)
2026-05-25 15:38:34.002 +02:00 [INF] Map "d5c08240-0436-454a-8993-362abf5bc477": window light drew 1/1 beam(s)
2026-05-25 15:38:34.048 +02:00 [INF] Map "d5c08240-0436-454a-8993-362abf5bc477": window light drew 1/1 beam(s)
2026-05-25 15:38:34.094 +02:00 [INF] Map "d5c08240-0436-454a-8993-362abf5bc477": window light drew 1/1 beam(s)
2026-05-25 15:38:34.139 +02:00 [INF] Map "d5c08240-0436-454a-8993-362abf5bc477": window light drew 1/1 beam(s)
2026-05-25 15:38:34.198 +02:00 [INF] Map "d5c08240-0436-454a-8993-362abf5bc477": window light drew 1/1 beam(s)
2026-05-25 15:38:34.243 +02:00 [INF] Map "d5c08240-0436-454a-8993-362abf5bc477": window light drew 1/1 beam(s)
2026-05-25 15:38:34.289 +02:00 [INF] Map "d5c08240-0436-454a-8993-362abf5bc477": window light drew 1/1 beam(s)
2026-05-25 15:38:34.336 +02:00 [INF] Map "d5c08240-0436-454a-8993-362abf5bc477": window light drew 1/1 beam(s)
2026-05-25 15:38:34.382 +02:00 [INF] Map "d5c08240-0436-454a-8993-362abf5bc477": window light drew 1/1 beam(s)
2026-05-25 15:38:34.428 +02:00 [INF] Map "d5c08240-0436-454a-8993-362abf5bc477": window light drew 1/1 beam(s)
2026-05-25 15:38:34.473 +02:00 [INF] Map "d5c08240-0436-454a-8993-362abf5bc477": window light drew 1/1 beam(s)
2026-05-25 15:38:34.519 +02:00 [INF] Map "d5c08240-0436-454a-8993-362abf5bc477": window light drew 1/1 beam(s)
2026-05-25 15:38:34.564 +02:00 [INF] Map "d5c08240-0436-454a-8993-362abf5bc477": window light drew 1/1 beam(s)
2026-05-25 15:38:34.623 +02:00 [INF] Map "d5c08240-0436-454a-8993-362abf5bc477": window light drew 1/1 beam(s)
2026-05-25 15:38:34.669 +02:00 [INF] Map "d5c08240-0436-454a-8993-362abf5bc477": window light drew 1/1 beam(s)
2026-05-25 15:38:34.715 +02:00 [INF] Map "d5c08240-0436-454a-8993-362abf5bc477": window light drew 1/1 beam(s)
2026-05-25 15:38:34.760 +02:00 [INF] Map "d5c08240-0436-454a-8993-362abf5bc477": window light drew 1/1 beam(s)
2026-05-25 15:38:34.805 +02:00 [INF] Map "d5c08240-0436-454a-8993-362abf5bc477": window light drew 1/1 beam(s)
2026-05-25 15:38:34.851 +02:00 [INF] Map "d5c08240-0436-454a-8993-362abf5bc477": window light drew 1/1 beam(s)
2026-05-25 15:38:34.897 +02:00 [INF] Map "d5c08240-0436-454a-8993-362abf5bc477": window light drew 1/1 beam(s)
2026-05-25 15:38:34.942 +02:00 [INF] Map "d5c08240-0436-454a-8993-362abf5bc477": window light drew 1/1 beam(s)
2026-05-25 15:38:34.987 +02:00 [INF] Map "d5c08240-0436-454a-8993-362abf5bc477": window light drew 1/1 beam(s)
2026-05-25 15:38:35.046 +02:00 [INF] Map "d5c08240-0436-454a-8993-362abf5bc477": window light drew 1/1 beam(s)
2026-05-25 15:38:35.091 +02:00 [INF] Map "d5c08240-0436-454a-8993-362abf5bc477": window light drew 1/1 beam(s)
2026-05-25 15:38:35.137 +02:00 [INF] Map "d5c08240-0436-454a-8993-362abf5bc477": window light drew 1/1 beam(s)
2026-05-25 15:38:35.183 +02:00 [INF] Map "d5c08240-0436-454a-8993-362abf5bc477": window light drew 1/1 beam(s)
2026-05-25 15:38:35.229 +02:00 [INF] Map "d5c08240-0436-454a-8993-362abf5bc477": window light drew 1/1 beam(s)
2026-05-25 15:38:35.274 +02:00 [INF] Map "d5c08240-0436-454a-8993-362abf5bc477": window light drew 1/1 beam(s)
2026-05-25 15:38:35.319 +02:00 [INF] Map "d5c08240-0436-454a-8993-362abf5bc477": window light drew 1/1 beam(s)
2026-05-25 15:38:35.364 +02:00 [INF] Map "d5c08240-0436-454a-8993-362abf5bc477": window light drew 1/1 beam(s)
2026-05-25 15:38:35.410 +02:00 [INF] Map "d5c08240-0436-454a-8993-362abf5bc477": window light drew 1/1 beam(s)
2026-05-25 15:38:35.469 +02:00 [INF] Map "d5c08240-0436-454a-8993-362abf5bc477": window light drew 1/1 beam(s)
2026-05-25 15:38:35.514 +02:00 [INF] Map "d5c08240-0436-454a-8993-362abf5bc477": window light drew 1/1 beam(s)
2026-05-25 15:38:35.559 +02:00 [INF] Map "d5c08240-0436-454a-8993-362abf5bc477": window light drew 1/1 beam(s)
2026-05-25 15:38:35.604 +02:00 [INF] Map "d5c08240-0436-454a-8993-362abf5bc477": window light drew 1/1 beam(s)
2026-05-25 15:38:35.650 +02:00 [INF] Map "d5c08240-0436-454a-8993-362abf5bc477": window light drew 1/1 beam(s)
2026-05-25 15:38:35.695 +02:00 [INF] Map "d5c08240-0436-454a-8993-362abf5bc477": window light drew 1/1 beam(s)
2026-05-25 15:38:35.741 +02:00 [INF] Map "d5c08240-0436-454a-8993-362abf5bc477": window light drew 1/1 beam(s)
2026-05-25 15:38:35.787 +02:00 [INF] Map "d5c08240-0436-454a-8993-362abf5bc477": window light drew 1/1 beam(s)
2026-05-25 15:38:35.832 +02:00 [INF] Map "d5c08240-0436-454a-8993-362abf5bc477": window light drew 1/1 beam(s)
2026-05-25 15:38:35.891 +02:00 [INF] Map "d5c08240-0436-454a-8993-362abf5bc477": window light drew 1/1 beam(s)
2026-05-25 15:38:35.937 +02:00 [INF] Map "d5c08240-0436-454a-8993-362abf5bc477": window light drew 1/1 beam(s)
2026-05-25 15:38:35.983 +02:00 [INF] Map "d5c08240-0436-454a-8993-362abf5bc477": window light drew 1/1 beam(s)
2026-05-25 15:38:36.028 +02:00 [INF] Map "d5c08240-0436-454a-8993-362abf5bc477": window light drew 1/1 beam(s)
2026-05-25 15:38:36.074 +02:00 [INF] Map "d5c08240-0436-454a-8993-362abf5bc477": window light drew 1/1 beam(s)
2026-05-25 15:38:36.120 +02:00 [INF] Map "d5c08240-0436-454a-8993-362abf5bc477": window light drew 1/1 beam(s)
2026-05-25 15:38:36.165 +02:00 [INF] Map "d5c08240-0436-454a-8993-362abf5bc477": window light drew 1/1 beam(s)
2026-05-25 15:38:36.210 +02:00 [INF] Map "d5c08240-0436-454a-8993-362abf5bc477": window light drew 1/1 beam(s)
2026-05-25 15:38:36.257 +02:00 [INF] Map "d5c08240-0436-454a-8993-362abf5bc477": window light drew 1/1 beam(s)
2026-05-25 15:38:36.315 +02:00 [INF] Map "d5c08240-0436-454a-8993-362abf5bc477": window light drew 1/1 beam(s)
2026-05-25 15:38:36.360 +02:00 [INF] Map "d5c08240-0436-454a-8993-362abf5bc477": window light drew 1/1 beam(s)
2026-05-25 15:38:36.406 +02:00 [INF] Map "d5c08240-0436-454a-8993-362abf5bc477": window light drew 1/1 beam(s)
2026-05-25 15:38:36.451 +02:00 [INF] Map "d5c08240-0436-454a-8993-362abf5bc477": window light drew 1/1 beam(s)
2026-05-25 15:38:36.497 +02:00 [INF] Map "d5c08240-0436-454a-8993-362abf5bc477": window light drew 1/1 beam(s)
2026-05-25 15:38:36.542 +02:00 [INF] Map "d5c08240-0436-454a-8993-362abf5bc477": window light drew 1/1 beam(s)
2026-05-25 15:38:36.588 +02:00 [INF] Map "d5c08240-0436-454a-8993-362abf5bc477": window light drew 1/1 beam(s)
2026-05-25 15:38:36.633 +02:00 [INF] Map "d5c08240-0436-454a-8993-362abf5bc477": window light drew 1/1 beam(s)
2026-05-25 15:38:36.680 +02:00 [INF] Map "d5c08240-0436-454a-8993-362abf5bc477": window light drew 1/1 beam(s)
2026-05-25 15:38:36.738 +02:00 [INF] Map "d5c08240-0436-454a-8993-362abf5bc477": window light drew 1/1 beam(s)
2026-05-25 15:38:36.784 +02:00 [INF] Map "d5c08240-0436-454a-8993-362abf5bc477": window light drew 1/1 beam(s)
2026-05-25 15:38:36.830 +02:00 [INF] Map "d5c08240-0436-454a-8993-362abf5bc477": window light drew 1/1 beam(s)
2026-05-25 15:38:36.877 +02:00 [INF] Map "d5c08240-0436-454a-8993-362abf5bc477": window light drew 1/1 beam(s)
2026-05-25 15:38:36.923 +02:00 [INF] Map "d5c08240-0436-454a-8993-362abf5bc477": window light drew 1/1 beam(s)
2026-05-25 15:38:36.969 +02:00 [INF] Map "d5c08240-0436-454a-8993-362abf5bc477": window light drew 1/1 beam(s)
2026-05-25 15:38:37.016 +02:00 [INF] Map "d5c08240-0436-454a-8993-362abf5bc477": window light drew 1/1 beam(s)
2026-05-25 15:38:37.061 +02:00 [INF] Map "d5c08240-0436-454a-8993-362abf5bc477": window light drew 1/1 beam(s)
2026-05-25 15:38:37.107 +02:00 [INF] Map "d5c08240-0436-454a-8993-362abf5bc477": window light drew 1/1 beam(s)
2026-05-25 15:38:37.165 +02:00 [INF] Map "d5c08240-0436-454a-8993-362abf5bc477": window light drew 1/1 beam(s)
2026-05-25 15:38:37.211 +02:00 [INF] Map "d5c08240-0436-454a-8993-362abf5bc477": window light drew 1/1 beam(s)
2026-05-25 15:38:37.257 +02:00 [INF] Map "d5c08240-0436-454a-8993-362abf5bc477": window light drew 1/1 beam(s)
2026-05-25 15:38:37.302 +02:00 [INF] Map "d5c08240-0436-454a-8993-362abf5bc477": window light drew 1/1 beam(s)
2026-05-25 15:38:37.348 +02:00 [INF] Map "d5c08240-0436-454a-8993-362abf5bc477": window light drew 1/1 beam(s)
2026-05-25 15:38:37.394 +02:00 [INF] Map "d5c08240-0436-454a-8993-362abf5bc477": window light drew 1/1 beam(s)
2026-05-25 15:38:37.439 +02:00 [INF] Map "d5c08240-0436-454a-8993-362abf5bc477": window light drew 1/1 beam(s)
2026-05-25 15:38:37.485 +02:00 [INF] Map "d5c08240-0436-454a-8993-362abf5bc477": window light drew 1/1 beam(s)
2026-05-25 15:38:37.531 +02:00 [INF] Map "d5c08240-0436-454a-8993-362abf5bc477": window light drew 1/1 beam(s)
2026-05-25 15:38:37.589 +02:00 [INF] Map "d5c08240-0436-454a-8993-362abf5bc477": window light drew 1/1 beam(s)
2026-05-25 15:38:37.635 +02:00 [INF] Map "d5c08240-0436-454a-8993-362abf5bc477": window light drew 1/1 beam(s)
2026-05-25 15:38:37.681 +02:00 [INF] Map "d5c08240-0436-454a-8993-362abf5bc477": window light drew 1/1 beam(s)
2026-05-25 15:38:37.727 +02:00 [INF] Map "d5c08240-0436-454a-8993-362abf5bc477": window light drew 1/1 beam(s)
2026-05-25 15:38:37.773 +02:00 [INF] Map "d5c08240-0436-454a-8993-362abf5bc477": window light drew 1/1 beam(s)
2026-05-25 15:38:37.818 +02:00 [INF] Map "d5c08240-0436-454a-8993-362abf5bc477": window light drew 1/1 beam(s)
2026-05-25 15:38:37.864 +02:00 [INF] Map "d5c08240-0436-454a-8993-362abf5bc477": window light drew 1/1 beam(s)
2026-05-25 15:38:37.910 +02:00 [INF] Map "d5c08240-0436-454a-8993-362abf5bc477": window light drew 1/1 beam(s)
2026-05-25 15:38:37.956 +02:00 [INF] Map "d5c08240-0436-454a-8993-362abf5bc477": window light drew 1/1 beam(s)
2026-05-25 15:38:38.014 +02:00 [INF] Map "d5c08240-0436-454a-8993-362abf5bc477": window light drew 1/1 beam(s)
2026-05-25 15:38:38.061 +02:00 [INF] Map "d5c08240-0436-454a-8993-362abf5bc477": window light drew 1/1 beam(s)
2026-05-25 15:38:38.107 +02:00 [INF] Map "d5c08240-0436-454a-8993-362abf5bc477": window light drew 1/1 beam(s)
2026-05-25 15:38:38.154 +02:00 [INF] Map "d5c08240-0436-454a-8993-362abf5bc477": window light drew 1/1 beam(s)
2026-05-25 15:38:38.200 +02:00 [INF] Map "d5c08240-0436-454a-8993-362abf5bc477": window light drew 1/1 beam(s)
2026-05-25 15:38:38.241 +02:00 [INF] Map "d5c08240-0436-454a-8993-362abf5bc477": window light drew 1/1 beam(s)
2026-05-25 15:38:38.270 +02:00 [INF] Map "d5c08240-0436-454a-8993-362abf5bc477": window light drew 1/1 beam(s)
2026-05-25 15:38:38.296 +02:00 [INF] Map "d5c08240-0436-454a-8993-362abf5bc477": window light drew 1/1 beam(s)
2026-05-25 15:38:38.321 +02:00 [INF] Map "d5c08240-0436-454a-8993-362abf5bc477": window light drew 1/1 beam(s)
2026-05-25 15:38:38.361 +02:00 [INF] Map "d5c08240-0436-454a-8993-362abf5bc477": window light drew 1/1 beam(s)
2026-05-25 15:38:38.387 +02:00 [INF] Map "d5c08240-0436-454a-8993-362abf5bc477": window light drew 1/1 beam(s)
2026-05-25 15:38:38.413 +02:00 [INF] Map "d5c08240-0436-454a-8993-362abf5bc477": window light drew 1/1 beam(s)
2026-05-25 15:38:38.439 +02:00 [INF] Map "d5c08240-0436-454a-8993-362abf5bc477": window light drew 1/1 beam(s)
2026-05-25 15:38:38.464 +02:00 [INF] Map "d5c08240-0436-454a-8993-362abf5bc477": window light drew 1/1 beam(s)
2026-05-25 15:38:38.489 +02:00 [INF] Map "d5c08240-0436-454a-8993-362abf5bc477": window light drew 1/1 beam(s)
2026-05-25 15:38:38.513 +02:00 [INF] Map "d5c08240-0436-454a-8993-362abf5bc477": window light drew 1/1 beam(s)
2026-05-25 15:38:38.538 +02:00 [INF] Map "d5c08240-0436-454a-8993-362abf5bc477": window light drew 1/1 beam(s)
2026-05-25 15:38:38.563 +02:00 [INF] Map "d5c08240-0436-454a-8993-362abf5bc477": window light drew 1/1 beam(s)
2026-05-25 15:38:38.602 +02:00 [INF] Map "d5c08240-0436-454a-8993-362abf5bc477": window light drew 1/1 beam(s)
2026-05-25 15:38:38.649 +02:00 [INF] Map "d5c08240-0436-454a-8993-362abf5bc477": window light drew 1/1 beam(s)
2026-05-25 15:38:38.694 +02:00 [INF] Map "d5c08240-0436-454a-8993-362abf5bc477": window light drew 1/1 beam(s)
2026-05-25 15:38:38.740 +02:00 [INF] Map "d5c08240-0436-454a-8993-362abf5bc477": window light drew 1/1 beam(s)
2026-05-25 15:38:38.787 +02:00 [INF] Map "d5c08240-0436-454a-8993-362abf5bc477": window light drew 1/1 beam(s)
2026-05-25 15:38:38.832 +02:00 [INF] Map "d5c08240-0436-454a-8993-362abf5bc477": window light drew 1/1 beam(s)
2026-05-25 15:38:38.878 +02:00 [INF] Map "d5c08240-0436-454a-8993-362abf5bc477": window light drew 1/1 beam(s)
2026-05-25 15:38:38.924 +02:00 [INF] Map "d5c08240-0436-454a-8993-362abf5bc477": window light drew 1/1 beam(s)
2026-05-25 15:38:38.970 +02:00 [INF] Map "d5c08240-0436-454a-8993-362abf5bc477": window light drew 1/1 beam(s)
2026-05-25 15:38:39.028 +02:00 [INF] Map "d5c08240-0436-454a-8993-362abf5bc477": window light drew 1/1 beam(s)
2026-05-25 15:38:39.074 +02:00 [INF] Map "d5c08240-0436-454a-8993-362abf5bc477": window light drew 1/1 beam(s)
2026-05-25 15:38:39.119 +02:00 [INF] Map "d5c08240-0436-454a-8993-362abf5bc477": window light drew 1/1 beam(s)
2026-05-25 15:38:39.165 +02:00 [INF] Map "d5c08240-0436-454a-8993-362abf5bc477": window light drew 1/1 beam(s)
2026-05-25 15:38:39.210 +02:00 [INF] Map "d5c08240-0436-454a-8993-362abf5bc477": window light drew 1/1 beam(s)
2026-05-25 15:38:39.257 +02:00 [INF] Map "d5c08240-0436-454a-8993-362abf5bc477": window light drew 1/1 beam(s)
2026-05-25 15:38:39.302 +02:00 [INF] Map "d5c08240-0436-454a-8993-362abf5bc477": window light drew 1/1 beam(s)
2026-05-25 15:38:39.348 +02:00 [INF] Map "d5c08240-0436-454a-8993-362abf5bc477": window light drew 1/1 beam(s)
2026-05-25 15:38:39.394 +02:00 [INF] Map "d5c08240-0436-454a-8993-362abf5bc477": window light drew 1/1 beam(s)
2026-05-25 15:38:39.453 +02:00 [INF] Map "d5c08240-0436-454a-8993-362abf5bc477": window light drew 1/1 beam(s)
2026-05-25 15:38:39.499 +02:00 [INF] Map "d5c08240-0436-454a-8993-362abf5bc477": window light drew 1/1 beam(s)
2026-05-25 15:38:39.545 +02:00 [INF] Map "d5c08240-0436-454a-8993-362abf5bc477": window light drew 1/1 beam(s)
2026-05-25 15:38:39.591 +02:00 [INF] Map "d5c08240-0436-454a-8993-362abf5bc477": window light drew 1/1 beam(s)
2026-05-25 15:38:39.637 +02:00 [INF] Map "d5c08240-0436-454a-8993-362abf5bc477": window light drew 1/1 beam(s)
2026-05-25 15:38:39.682 +02:00 [INF] Map "d5c08240-0436-454a-8993-362abf5bc477": window light drew 1/1 beam(s)
2026-05-25 15:38:39.728 +02:00 [INF] Map "d5c08240-0436-454a-8993-362abf5bc477": window light drew 1/1 beam(s)
2026-05-25 15:38:39.774 +02:00 [INF] Map "d5c08240-0436-454a-8993-362abf5bc477": window light drew 1/1 beam(s)
2026-05-25 15:38:39.820 +02:00 [INF] Map "d5c08240-0436-454a-8993-362abf5bc477": window light drew 1/1 beam(s)
2026-05-25 15:38:39.879 +02:00 [INF] Map "d5c08240-0436-454a-8993-362abf5bc477": window light drew 1/1 beam(s)
2026-05-25 15:38:39.925 +02:00 [INF] Map "d5c08240-0436-454a-8993-362abf5bc477": window light drew 1/1 beam(s)
2026-05-25 15:38:39.971 +02:00 [INF] Map "d5c08240-0436-454a-8993-362abf5bc477": window light drew 1/1 beam(s)
2026-05-25 15:38:40.017 +02:00 [INF] Map "d5c08240-0436-454a-8993-362abf5bc477": window light drew 1/1 beam(s)
2026-05-25 15:38:40.062 +02:00 [INF] Map "d5c08240-0436-454a-8993-362abf5bc477": window light drew 1/1 beam(s)
2026-05-25 15:38:40.108 +02:00 [INF] Map "d5c08240-0436-454a-8993-362abf5bc477": window light drew 1/1 beam(s)
2026-05-25 15:38:40.154 +02:00 [INF] Map "d5c08240-0436-454a-8993-362abf5bc477": window light drew 1/1 beam(s)
2026-05-25 15:38:40.200 +02:00 [INF] Map "d5c08240-0436-454a-8993-362abf5bc477": window light drew 1/1 beam(s)
2026-05-25 15:38:40.245 +02:00 [INF] Map "d5c08240-0436-454a-8993-362abf5bc477": window light drew 1/1 beam(s)
2026-05-25 15:38:40.304 +02:00 [INF] Map "d5c08240-0436-454a-8993-362abf5bc477": window light drew 1/1 beam(s)
2026-05-25 15:38:40.350 +02:00 [INF] Map "d5c08240-0436-454a-8993-362abf5bc477": window light drew 1/1 beam(s)
2026-05-25 15:38:40.397 +02:00 [INF] Map "d5c08240-0436-454a-8993-362abf5bc477": window light drew 1/1 beam(s)
2026-05-25 15:38:40.431 +02:00 [INF] Map "d5c08240-0436-454a-8993-362abf5bc477": window light drew 1/1 beam(s)
2026-05-25 15:38:40.460 +02:00 [INF] Map "d5c08240-0436-454a-8993-362abf5bc477": window light drew 1/1 beam(s)
2026-05-25 15:38:40.486 +02:00 [INF] Map "d5c08240-0436-454a-8993-362abf5bc477": window light drew 1/1 beam(s)
2026-05-25 15:38:40.512 +02:00 [INF] Map "d5c08240-0436-454a-8993-362abf5bc477": window light drew 1/1 beam(s)
2026-05-25 15:38:40.537 +02:00 [INF] Map "d5c08240-0436-454a-8993-362abf5bc477": window light drew 1/1 beam(s)
2026-05-25 15:38:40.563 +02:00 [INF] Map "d5c08240-0436-454a-8993-362abf5bc477": window light drew 1/1 beam(s)
2026-05-25 15:38:40.601 +02:00 [INF] Map "d5c08240-0436-454a-8993-362abf5bc477": window light drew 1/1 beam(s)
2026-05-25 15:38:40.627 +02:00 [INF] Map "d5c08240-0436-454a-8993-362abf5bc477": window light drew 1/1 beam(s)
2026-05-25 15:38:40.652 +02:00 [INF] Map "d5c08240-0436-454a-8993-362abf5bc477": window light drew 1/1 beam(s)
2026-05-25 15:38:40.677 +02:00 [INF] Map "d5c08240-0436-454a-8993-362abf5bc477": window light drew 1/1 beam(s)
2026-05-25 15:38:40.702 +02:00 [INF] Map "d5c08240-0436-454a-8993-362abf5bc477": window light drew 1/1 beam(s)
2026-05-25 15:38:40.727 +02:00 [INF] Map "d5c08240-0436-454a-8993-362abf5bc477": window light drew 1/1 beam(s)
2026-05-25 15:38:40.752 +02:00 [INF] Map "d5c08240-0436-454a-8993-362abf5bc477": window light drew 1/1 beam(s)
2026-05-25 15:38:40.777 +02:00 [INF] Map "d5c08240-0436-454a-8993-362abf5bc477": window light drew 1/1 beam(s)
2026-05-25 15:38:40.802 +02:00 [INF] Map "d5c08240-0436-454a-8993-362abf5bc477": window light drew 1/1 beam(s)
2026-05-25 15:38:40.839 +02:00 [INF] Map "d5c08240-0436-454a-8993-362abf5bc477": window light drew 1/1 beam(s)
2026-05-25 15:38:40.864 +02:00 [INF] Map "d5c08240-0436-454a-8993-362abf5bc477": window light drew 1/1 beam(s)
2026-05-25 15:38:40.890 +02:00 [INF] Map "d5c08240-0436-454a-8993-362abf5bc477": window light drew 1/1 beam(s)
2026-05-25 15:38:40.915 +02:00 [INF] Map "d5c08240-0436-454a-8993-362abf5bc477": window light drew 1/1 beam(s)
2026-05-25 15:38:40.941 +02:00 [INF] Map "d5c08240-0436-454a-8993-362abf5bc477": window light drew 1/1 beam(s)
2026-05-25 15:38:40.966 +02:00 [INF] Map "d5c08240-0436-454a-8993-362abf5bc477": window light drew 1/1 beam(s)
2026-05-25 15:38:40.991 +02:00 [INF] Map "d5c08240-0436-454a-8993-362abf5bc477": window light drew 1/1 beam(s)
2026-05-25 15:38:41.017 +02:00 [INF] Map "d5c08240-0436-454a-8993-362abf5bc477": window light drew 1/1 beam(s)
2026-05-25 15:38:41.042 +02:00 [INF] Map "d5c08240-0436-454a-8993-362abf5bc477": window light drew 1/1 beam(s)
2026-05-25 15:38:41.081 +02:00 [INF] Map "d5c08240-0436-454a-8993-362abf5bc477": window light drew 1/1 beam(s)
2026-05-25 15:38:41.109 +02:00 [INF] Map "d5c08240-0436-454a-8993-362abf5bc477": window light drew 1/1 beam(s)
2026-05-25 15:38:41.136 +02:00 [INF] Map "d5c08240-0436-454a-8993-362abf5bc477": window light drew 1/1 beam(s)
2026-05-25 15:38:41.186 +02:00 [INF] Map "d5c08240-0436-454a-8993-362abf5bc477": window light drew 1/1 beam(s)
2026-05-25 15:38:41.233 +02:00 [INF] Map "d5c08240-0436-454a-8993-362abf5bc477": window light drew 1/1 beam(s)
2026-05-25 15:38:41.289 +02:00 [INF] Map "d5c08240-0436-454a-8993-362abf5bc477": window light drew 1/1 beam(s)
2026-05-25 15:38:41.341 +02:00 [INF] Map "d5c08240-0436-454a-8993-362abf5bc477": window light drew 1/1 beam(s)
2026-05-25 15:38:41.410 +02:00 [INF] Map "d5c08240-0436-454a-8993-362abf5bc477": window light drew 1/1 beam(s)
2026-05-25 15:38:41.459 +02:00 [INF] Map "d5c08240-0436-454a-8993-362abf5bc477": window light drew 1/1 beam(s)
2026-05-25 15:38:41.520 +02:00 [INF] Map "d5c08240-0436-454a-8993-362abf5bc477": window light drew 1/1 beam(s)
2026-05-25 15:38:41.566 +02:00 [INF] Map "d5c08240-0436-454a-8993-362abf5bc477": window light drew 1/1 beam(s)
2026-05-25 15:38:41.612 +02:00 [INF] Map "d5c08240-0436-454a-8993-362abf5bc477": window light drew 1/1 beam(s)
2026-05-25 15:38:41.659 +02:00 [INF] Map "d5c08240-0436-454a-8993-362abf5bc477": window light drew 1/1 beam(s)
2026-05-25 15:38:41.705 +02:00 [INF] Map "d5c08240-0436-454a-8993-362abf5bc477": window light drew 1/1 beam(s)
2026-05-25 15:38:41.753 +02:00 [INF] Map "d5c08240-0436-454a-8993-362abf5bc477": window light drew 1/1 beam(s)
2026-05-25 15:38:41.801 +02:00 [INF] Map "d5c08240-0436-454a-8993-362abf5bc477": window light drew 1/1 beam(s)
2026-05-25 15:38:41.848 +02:00 [INF] Map "d5c08240-0436-454a-8993-362abf5bc477": window light drew 1/1 beam(s)
2026-05-25 15:38:41.894 +02:00 [INF] Map "d5c08240-0436-454a-8993-362abf5bc477": window light drew 1/1 beam(s)
2026-05-25 15:38:41.955 +02:00 [INF] Map "d5c08240-0436-454a-8993-362abf5bc477": window light drew 1/1 beam(s)
2026-05-25 15:38:42.002 +02:00 [INF] Map "d5c08240-0436-454a-8993-362abf5bc477": window light drew 1/1 beam(s)
2026-05-25 15:38:42.049 +02:00 [INF] Map "d5c08240-0436-454a-8993-362abf5bc477": window light drew 1/1 beam(s)
2026-05-25 15:38:42.095 +02:00 [INF] Map "d5c08240-0436-454a-8993-362abf5bc477": window light drew 1/1 beam(s)
2026-05-25 15:38:42.142 +02:00 [INF] Map "d5c08240-0436-454a-8993-362abf5bc477": window light drew 1/1 beam(s)
2026-05-25 15:38:42.189 +02:00 [INF] Map "d5c08240-0436-454a-8993-362abf5bc477": window light drew 1/1 beam(s)
2026-05-25 15:38:42.236 +02:00 [INF] Map "d5c08240-0436-454a-8993-362abf5bc477": window light drew 1/1 beam(s)
2026-05-25 15:38:42.287 +02:00 [INF] Map "d5c08240-0436-454a-8993-362abf5bc477": window light drew 1/1 beam(s)
2026-05-25 15:38:42.378 +02:00 [INF] Map "d5c08240-0436-454a-8993-362abf5bc477": window light drew 1/1 beam(s)
2026-05-25 15:38:42.449 +02:00 [INF] Map "d5c08240-0436-454a-8993-362abf5bc477": window light drew 1/1 beam(s)
2026-05-25 15:38:42.487 +02:00 [INF] Map "d5c08240-0436-454a-8993-362abf5bc477": window light drew 1/1 beam(s)
2026-05-25 15:38:42.515 +02:00 [INF] Map "d5c08240-0436-454a-8993-362abf5bc477": window light drew 1/1 beam(s)
2026-05-25 15:38:42.540 +02:00 [INF] Map "d5c08240-0436-454a-8993-362abf5bc477": window light drew 1/1 beam(s)
2026-05-25 15:38:42.566 +02:00 [INF] Map "d5c08240-0436-454a-8993-362abf5bc477": window light drew 1/1 beam(s)
2026-05-25 15:38:42.591 +02:00 [INF] Map "d5c08240-0436-454a-8993-362abf5bc477": window light drew 1/1 beam(s)
2026-05-25 15:38:42.616 +02:00 [INF] Map "d5c08240-0436-454a-8993-362abf5bc477": window light drew 1/1 beam(s)
2026-05-25 15:38:42.641 +02:00 [INF] Map "d5c08240-0436-454a-8993-362abf5bc477": window light drew 1/1 beam(s)
2026-05-25 15:38:42.679 +02:00 [INF] Map "d5c08240-0436-454a-8993-362abf5bc477": window light drew 1/1 beam(s)
2026-05-25 15:38:42.704 +02:00 [INF] Map "d5c08240-0436-454a-8993-362abf5bc477": window light drew 1/1 beam(s)
2026-05-25 15:38:42.728 +02:00 [INF] Map "d5c08240-0436-454a-8993-362abf5bc477": window light drew 1/1 beam(s)
2026-05-25 15:38:42.753 +02:00 [INF] Map "d5c08240-0436-454a-8993-362abf5bc477": window light drew 1/1 beam(s)
2026-05-25 15:38:42.778 +02:00 [INF] Map "d5c08240-0436-454a-8993-362abf5bc477": window light drew 1/1 beam(s)
2026-05-25 15:38:42.802 +02:00 [INF] Map "d5c08240-0436-454a-8993-362abf5bc477": window light drew 1/1 beam(s)
2026-05-25 15:38:42.827 +02:00 [INF] Map "d5c08240-0436-454a-8993-362abf5bc477": window light drew 1/1 beam(s)
2026-05-25 15:38:42.852 +02:00 [INF] Map "d5c08240-0436-454a-8993-362abf5bc477": window light drew 1/1 beam(s)
2026-05-25 15:38:42.877 +02:00 [INF] Map "d5c08240-0436-454a-8993-362abf5bc477": window light drew 1/1 beam(s)
2026-05-25 15:38:42.915 +02:00 [INF] Map "d5c08240-0436-454a-8993-362abf5bc477": window light drew 1/1 beam(s)
2026-05-25 15:38:42.941 +02:00 [INF] Map "d5c08240-0436-454a-8993-362abf5bc477": window light drew 1/1 beam(s)
2026-05-25 15:38:42.965 +02:00 [INF] Map "d5c08240-0436-454a-8993-362abf5bc477": window light drew 1/1 beam(s)
2026-05-25 15:38:42.991 +02:00 [INF] Map "d5c08240-0436-454a-8993-362abf5bc477": window light drew 1/1 beam(s)
2026-05-25 15:38:43.016 +02:00 [INF] Map "d5c08240-0436-454a-8993-362abf5bc477": window light drew 1/1 beam(s)
2026-05-25 15:38:43.041 +02:00 [INF] Map "d5c08240-0436-454a-8993-362abf5bc477": window light drew 1/1 beam(s)
2026-05-25 15:38:43.065 +02:00 [INF] Map "d5c08240-0436-454a-8993-362abf5bc477": window light drew 1/1 beam(s)
2026-05-25 15:38:43.090 +02:00 [INF] Map "d5c08240-0436-454a-8993-362abf5bc477": window light drew 1/1 beam(s)
2026-05-25 15:38:43.115 +02:00 [INF] Map "d5c08240-0436-454a-8993-362abf5bc477": window light drew 1/1 beam(s)
2026-05-25 15:38:43.153 +02:00 [INF] Map "d5c08240-0436-454a-8993-362abf5bc477": window light drew 1/1 beam(s)
2026-05-25 15:38:43.178 +02:00 [INF] Map "d5c08240-0436-454a-8993-362abf5bc477": window light drew 1/1 beam(s)
2026-05-25 15:38:43.202 +02:00 [INF] Map "d5c08240-0436-454a-8993-362abf5bc477": window light drew 1/1 beam(s)
2026-05-25 15:38:43.228 +02:00 [INF] Map "d5c08240-0436-454a-8993-362abf5bc477": window light drew 1/1 beam(s)
2026-05-25 15:38:43.254 +02:00 [INF] Map "d5c08240-0436-454a-8993-362abf5bc477": window light drew 1/1 beam(s)
2026-05-25 15:38:43.279 +02:00 [INF] Map "d5c08240-0436-454a-8993-362abf5bc477": window light drew 1/1 beam(s)
2026-05-25 15:38:43.305 +02:00 [INF] Map "d5c08240-0436-454a-8993-362abf5bc477": window light drew 1/1 beam(s)
2026-05-25 15:38:43.331 +02:00 [INF] Map "d5c08240-0436-454a-8993-362abf5bc477": window light drew 1/1 beam(s)
2026-05-25 15:38:43.356 +02:00 [INF] Map "d5c08240-0436-454a-8993-362abf5bc477": window light drew 1/1 beam(s)
2026-05-25 15:38:43.395 +02:00 [INF] Map "d5c08240-0436-454a-8993-362abf5bc477": window light drew 1/1 beam(s)
2026-05-25 15:38:43.421 +02:00 [INF] Map "d5c08240-0436-454a-8993-362abf5bc477": window light drew 1/1 beam(s)
2026-05-25 15:38:43.447 +02:00 [INF] Map "d5c08240-0436-454a-8993-362abf5bc477": window light drew 1/1 beam(s)
2026-05-25 15:38:43.473 +02:00 [INF] Map "d5c08240-0436-454a-8993-362abf5bc477": window light drew 1/1 beam(s)
2026-05-25 15:38:43.499 +02:00 [INF] Map "d5c08240-0436-454a-8993-362abf5bc477": window light drew 1/1 beam(s)
2026-05-25 15:38:43.524 +02:00 [INF] Map "d5c08240-0436-454a-8993-362abf5bc477": window light drew 1/1 beam(s)
2026-05-25 15:38:43.550 +02:00 [INF] Map "d5c08240-0436-454a-8993-362abf5bc477": window light drew 1/1 beam(s)
2026-05-25 15:38:43.577 +02:00 [INF] Map "d5c08240-0436-454a-8993-362abf5bc477": window light drew 1/1 beam(s)
2026-05-25 15:38:43.602 +02:00 [INF] Map "d5c08240-0436-454a-8993-362abf5bc477": window light drew 1/1 beam(s)
2026-05-25 15:38:43.641 +02:00 [INF] Map "d5c08240-0436-454a-8993-362abf5bc477": window light drew 1/1 beam(s)
2026-05-25 15:38:43.666 +02:00 [INF] Map "d5c08240-0436-454a-8993-362abf5bc477": window light drew 1/1 beam(s)
2026-05-25 15:38:43.691 +02:00 [INF] Map "d5c08240-0436-454a-8993-362abf5bc477": window light drew 1/1 beam(s)
2026-05-25 15:38:43.716 +02:00 [INF] Map "d5c08240-0436-454a-8993-362abf5bc477": window light drew 1/1 beam(s)
2026-05-25 15:38:43.741 +02:00 [INF] Map "d5c08240-0436-454a-8993-362abf5bc477": window light drew 1/1 beam(s)
2026-05-25 15:38:43.766 +02:00 [INF] Map "d5c08240-0436-454a-8993-362abf5bc477": window light drew 1/1 beam(s)
2026-05-25 15:38:43.791 +02:00 [INF] Map "d5c08240-0436-454a-8993-362abf5bc477": window light drew 1/1 beam(s)
2026-05-25 15:38:43.815 +02:00 [INF] Map "d5c08240-0436-454a-8993-362abf5bc477": window light drew 1/1 beam(s)
2026-05-25 15:38:43.840 +02:00 [INF] Map "d5c08240-0436-454a-8993-362abf5bc477": window light drew 1/1 beam(s)
2026-05-25 15:38:43.879 +02:00 [INF] Map "d5c08240-0436-454a-8993-362abf5bc477": window light drew 1/1 beam(s)
2026-05-25 15:38:43.904 +02:00 [INF] Map "d5c08240-0436-454a-8993-362abf5bc477": window light drew 1/1 beam(s)
2026-05-25 15:38:43.929 +02:00 [INF] Map "d5c08240-0436-454a-8993-362abf5bc477": window light drew 1/1 beam(s)
2026-05-25 15:38:43.954 +02:00 [INF] Map "d5c08240-0436-454a-8993-362abf5bc477": window light drew 1/1 beam(s)
2026-05-25 15:38:44.003 +02:00 [INF] Map "d5c08240-0436-454a-8993-362abf5bc477": window light drew 1/1 beam(s)
2026-05-25 15:38:44.052 +02:00 [INF] Map "d5c08240-0436-454a-8993-362abf5bc477": window light drew 1/1 beam(s)
2026-05-25 15:38:44.098 +02:00 [INF] Map "d5c08240-0436-454a-8993-362abf5bc477": window light drew 1/1 beam(s)
2026-05-25 15:38:44.143 +02:00 [INF] Map "d5c08240-0436-454a-8993-362abf5bc477": window light drew 1/1 beam(s)
2026-05-25 15:38:44.189 +02:00 [INF] Map "d5c08240-0436-454a-8993-362abf5bc477": window light drew 1/1 beam(s)
2026-05-25 15:38:44.248 +02:00 [INF] Map "d5c08240-0436-454a-8993-362abf5bc477": window light drew 1/1 beam(s)
2026-05-25 15:38:44.294 +02:00 [INF] Map "d5c08240-0436-454a-8993-362abf5bc477": window light drew 1/1 beam(s)
2026-05-25 15:38:44.340 +02:00 [INF] Map "d5c08240-0436-454a-8993-362abf5bc477": window light drew 1/1 beam(s)
2026-05-25 15:38:44.385 +02:00 [INF] Map "d5c08240-0436-454a-8993-362abf5bc477": window light drew 1/1 beam(s)
2026-05-25 15:38:44.432 +02:00 [INF] Map "d5c08240-0436-454a-8993-362abf5bc477": window light drew 1/1 beam(s)
2026-05-25 15:38:44.477 +02:00 [INF] Map "d5c08240-0436-454a-8993-362abf5bc477": window light drew 1/1 beam(s)
2026-05-25 15:38:44.525 +02:00 [INF] Map "d5c08240-0436-454a-8993-362abf5bc477": window light drew 1/1 beam(s)
2026-05-25 15:38:44.571 +02:00 [INF] Map "d5c08240-0436-454a-8993-362abf5bc477": window light drew 1/1 beam(s)
2026-05-25 15:38:44.617 +02:00 [INF] Map "d5c08240-0436-454a-8993-362abf5bc477": window light drew 1/1 beam(s)
2026-05-25 15:38:44.677 +02:00 [INF] Map "d5c08240-0436-454a-8993-362abf5bc477": window light drew 1/1 beam(s)
2026-05-25 15:38:44.722 +02:00 [INF] Map "d5c08240-0436-454a-8993-362abf5bc477": window light drew 1/1 beam(s)
2026-05-25 15:38:44.768 +02:00 [INF] Map "d5c08240-0436-454a-8993-362abf5bc477": window light drew 1/1 beam(s)
2026-05-25 15:38:44.814 +02:00 [INF] Map "d5c08240-0436-454a-8993-362abf5bc477": window light drew 1/1 beam(s)
2026-05-25 15:38:44.859 +02:00 [INF] Map "d5c08240-0436-454a-8993-362abf5bc477": window light drew 1/1 beam(s)
2026-05-25 15:38:44.905 +02:00 [INF] Map "d5c08240-0436-454a-8993-362abf5bc477": window light drew 1/1 beam(s)
2026-05-25 15:38:44.950 +02:00 [INF] Map "d5c08240-0436-454a-8993-362abf5bc477": window light drew 1/1 beam(s)
2026-05-25 15:38:44.996 +02:00 [INF] Map "d5c08240-0436-454a-8993-362abf5bc477": window light drew 1/1 beam(s)
2026-05-25 15:38:45.043 +02:00 [INF] Map "d5c08240-0436-454a-8993-362abf5bc477": window light drew 1/1 beam(s)
2026-05-25 15:38:45.101 +02:00 [INF] Map "d5c08240-0436-454a-8993-362abf5bc477": window light drew 1/1 beam(s)
2026-05-25 15:38:45.147 +02:00 [INF] Map "d5c08240-0436-454a-8993-362abf5bc477": window light drew 1/1 beam(s)
2026-05-25 15:38:45.193 +02:00 [INF] Map "d5c08240-0436-454a-8993-362abf5bc477": window light drew 1/1 beam(s)
2026-05-25 15:38:45.238 +02:00 [INF] Map "d5c08240-0436-454a-8993-362abf5bc477": window light drew 1/1 beam(s)
2026-05-25 15:38:45.284 +02:00 [INF] Map "d5c08240-0436-454a-8993-362abf5bc477": window light drew 1/1 beam(s)
2026-05-25 15:38:45.330 +02:00 [INF] Map "d5c08240-0436-454a-8993-362abf5bc477": window light drew 1/1 beam(s)
2026-05-25 15:38:45.376 +02:00 [INF] Map "d5c08240-0436-454a-8993-362abf5bc477": window light drew 1/1 beam(s)
2026-05-25 15:38:45.421 +02:00 [INF] Map "d5c08240-0436-454a-8993-362abf5bc477": window light drew 1/1 beam(s)
2026-05-25 15:38:45.466 +02:00 [INF] Map "d5c08240-0436-454a-8993-362abf5bc477": window light drew 1/1 beam(s)
2026-05-25 15:38:45.525 +02:00 [INF] Map "d5c08240-0436-454a-8993-362abf5bc477": window light drew 1/1 beam(s)
2026-05-25 15:38:45.570 +02:00 [INF] Map "d5c08240-0436-454a-8993-362abf5bc477": window light drew 1/1 beam(s)
2026-05-25 15:38:45.615 +02:00 [INF] Map "d5c08240-0436-454a-8993-362abf5bc477": window light drew 1/1 beam(s)
2026-05-25 15:38:45.661 +02:00 [INF] Map "d5c08240-0436-454a-8993-362abf5bc477": window light drew 1/1 beam(s)
2026-05-25 15:38:45.707 +02:00 [INF] Map "d5c08240-0436-454a-8993-362abf5bc477": window light drew 1/1 beam(s)
2026-05-25 15:38:45.753 +02:00 [INF] Map "d5c08240-0436-454a-8993-362abf5bc477": window light drew 1/1 beam(s)
2026-05-25 15:38:45.799 +02:00 [INF] Map "d5c08240-0436-454a-8993-362abf5bc477": window light drew 1/1 beam(s)
2026-05-25 15:38:45.844 +02:00 [INF] Map "d5c08240-0436-454a-8993-362abf5bc477": window light drew 1/1 beam(s)
2026-05-25 15:38:45.889 +02:00 [INF] Map "d5c08240-0436-454a-8993-362abf5bc477": window light drew 1/1 beam(s)
2026-05-25 15:38:45.944 +02:00 [INF] Map "d5c08240-0436-454a-8993-362abf5bc477": window light drew 1/1 beam(s)
2026-05-25 15:38:45.990 +02:00 [INF] Map "d5c08240-0436-454a-8993-362abf5bc477": window light drew 1/1 beam(s)
2026-05-25 15:38:46.036 +02:00 [INF] Map "d5c08240-0436-454a-8993-362abf5bc477": window light drew 1/1 beam(s)
2026-05-25 15:38:46.082 +02:00 [INF] Map "d5c08240-0436-454a-8993-362abf5bc477": window light drew 1/1 beam(s)
2026-05-25 15:38:46.127 +02:00 [INF] Map "d5c08240-0436-454a-8993-362abf5bc477": window light drew 1/1 beam(s)
2026-05-25 15:38:46.172 +02:00 [INF] Map "d5c08240-0436-454a-8993-362abf5bc477": window light drew 1/1 beam(s)
2026-05-25 15:38:46.218 +02:00 [INF] Map "d5c08240-0436-454a-8993-362abf5bc477": window light drew 1/1 beam(s)
2026-05-25 15:38:46.266 +02:00 [INF] Map "d5c08240-0436-454a-8993-362abf5bc477": window light drew 1/1 beam(s)
2026-05-25 15:38:46.311 +02:00 [INF] Map "d5c08240-0436-454a-8993-362abf5bc477": window light drew 1/1 beam(s)
2026-05-25 15:38:46.370 +02:00 [INF] Map "d5c08240-0436-454a-8993-362abf5bc477": window light drew 1/1 beam(s)
2026-05-25 15:38:46.417 +02:00 [INF] Map "d5c08240-0436-454a-8993-362abf5bc477": window light drew 1/1 beam(s)
2026-05-25 15:38:46.462 +02:00 [INF] Map "d5c08240-0436-454a-8993-362abf5bc477": window light drew 1/1 beam(s)
2026-05-25 15:38:46.508 +02:00 [INF] Map "d5c08240-0436-454a-8993-362abf5bc477": window light drew 1/1 beam(s)
2026-05-25 15:38:46.553 +02:00 [INF] Map "d5c08240-0436-454a-8993-362abf5bc477": window light drew 1/1 beam(s)
2026-05-25 15:38:46.599 +02:00 [INF] Map "d5c08240-0436-454a-8993-362abf5bc477": window light drew 1/1 beam(s)
2026-05-25 15:38:46.645 +02:00 [INF] Map "d5c08240-0436-454a-8993-362abf5bc477": window light drew 1/1 beam(s)
2026-05-25 15:38:46.690 +02:00 [INF] Map "d5c08240-0436-454a-8993-362abf5bc477": window light drew 1/1 beam(s)
2026-05-25 15:38:46.737 +02:00 [INF] Map "d5c08240-0436-454a-8993-362abf5bc477": window light drew 1/1 beam(s)
2026-05-25 15:38:46.797 +02:00 [INF] Map "d5c08240-0436-454a-8993-362abf5bc477": window light drew 1/1 beam(s)
2026-05-25 15:38:46.844 +02:00 [INF] Map "d5c08240-0436-454a-8993-362abf5bc477": window light drew 1/1 beam(s)
2026-05-25 15:38:46.890 +02:00 [INF] Map "d5c08240-0436-454a-8993-362abf5bc477": window light drew 1/1 beam(s)
2026-05-25 15:38:46.937 +02:00 [INF] Map "d5c08240-0436-454a-8993-362abf5bc477": window light drew 1/1 beam(s)
2026-05-25 15:38:46.984 +02:00 [INF] Map "d5c08240-0436-454a-8993-362abf5bc477": window light drew 1/1 beam(s)
2026-05-25 15:38:47.031 +02:00 [INF] Map "d5c08240-0436-454a-8993-362abf5bc477": window light drew 1/1 beam(s)
2026-05-25 15:38:47.077 +02:00 [INF] Map "d5c08240-0436-454a-8993-362abf5bc477": window light drew 1/1 beam(s)
2026-05-25 15:38:47.126 +02:00 [INF] Map "d5c08240-0436-454a-8993-362abf5bc477": window light drew 1/1 beam(s)
2026-05-25 15:38:47.173 +02:00 [INF] Map "d5c08240-0436-454a-8993-362abf5bc477": window light drew 1/1 beam(s)
2026-05-25 15:38:47.233 +02:00 [INF] Map "d5c08240-0436-454a-8993-362abf5bc477": window light drew 1/1 beam(s)
2026-05-25 15:38:47.279 +02:00 [INF] Map "d5c08240-0436-454a-8993-362abf5bc477": window light drew 1/1 beam(s)
2026-05-25 15:38:47.324 +02:00 [INF] Map "d5c08240-0436-454a-8993-362abf5bc477": window light drew 1/1 beam(s)
2026-05-25 15:38:47.371 +02:00 [INF] Map "d5c08240-0436-454a-8993-362abf5bc477": window light drew 1/1 beam(s)
2026-05-25 15:38:47.417 +02:00 [INF] Map "d5c08240-0436-454a-8993-362abf5bc477": window light drew 1/1 beam(s)
2026-05-25 15:38:47.464 +02:00 [INF] Map "d5c08240-0436-454a-8993-362abf5bc477": window light drew 1/1 beam(s)
2026-05-25 15:38:47.509 +02:00 [INF] Map "d5c08240-0436-454a-8993-362abf5bc477": window light drew 1/1 beam(s)
2026-05-25 15:38:47.555 +02:00 [INF] Map "d5c08240-0436-454a-8993-362abf5bc477": window light drew 1/1 beam(s)
2026-05-25 15:38:47.600 +02:00 [INF] Map "d5c08240-0436-454a-8993-362abf5bc477": window light drew 1/1 beam(s)
2026-05-25 15:38:47.665 +02:00 [INF] Map "d5c08240-0436-454a-8993-362abf5bc477": window light drew 1/1 beam(s)
2026-05-25 15:38:47.717 +02:00 [INF] Map "d5c08240-0436-454a-8993-362abf5bc477": window light drew 1/1 beam(s)
2026-05-25 15:38:47.763 +02:00 [INF] Map "d5c08240-0436-454a-8993-362abf5bc477": window light drew 1/1 beam(s)
2026-05-25 15:38:47.809 +02:00 [INF] Map "d5c08240-0436-454a-8993-362abf5bc477": window light drew 1/1 beam(s)
2026-05-25 15:38:47.855 +02:00 [INF] Map "d5c08240-0436-454a-8993-362abf5bc477": window light drew 1/1 beam(s)
2026-05-25 15:38:47.901 +02:00 [INF] Map "d5c08240-0436-454a-8993-362abf5bc477": window light drew 1/1 beam(s)
2026-05-25 15:38:47.947 +02:00 [INF] Map "d5c08240-0436-454a-8993-362abf5bc477": window light drew 1/1 beam(s)
2026-05-25 15:38:47.992 +02:00 [INF] Map "d5c08240-0436-454a-8993-362abf5bc477": window light drew 1/1 beam(s)
2026-05-25 15:38:48.039 +02:00 [INF] Map "d5c08240-0436-454a-8993-362abf5bc477": window light drew 1/1 beam(s)
2026-05-25 15:38:48.097 +02:00 [INF] Map "d5c08240-0436-454a-8993-362abf5bc477": window light drew 1/1 beam(s)
2026-05-25 15:38:48.144 +02:00 [INF] Map "d5c08240-0436-454a-8993-362abf5bc477": window light drew 1/1 beam(s)
2026-05-25 15:38:48.190 +02:00 [INF] Map "d5c08240-0436-454a-8993-362abf5bc477": window light drew 1/1 beam(s)
2026-05-25 15:38:48.235 +02:00 [INF] Map "d5c08240-0436-454a-8993-362abf5bc477": window light drew 1/1 beam(s)
2026-05-25 15:38:48.281 +02:00 [INF] Map "d5c08240-0436-454a-8993-362abf5bc477": window light drew 1/1 beam(s)
2026-05-25 15:38:48.327 +02:00 [INF] Map "d5c08240-0436-454a-8993-362abf5bc477": window light drew 1/1 beam(s)
2026-05-25 15:38:48.373 +02:00 [INF] Map "d5c08240-0436-454a-8993-362abf5bc477": window light drew 1/1 beam(s)
2026-05-25 15:38:48.419 +02:00 [INF] Map "d5c08240-0436-454a-8993-362abf5bc477": window light drew 1/1 beam(s)
2026-05-25 15:38:48.465 +02:00 [INF] Map "d5c08240-0436-454a-8993-362abf5bc477": window light drew 1/1 beam(s)
2026-05-25 15:38:48.524 +02:00 [INF] Map "d5c08240-0436-454a-8993-362abf5bc477": window light drew 1/1 beam(s)
2026-05-25 15:38:48.570 +02:00 [INF] Map "d5c08240-0436-454a-8993-362abf5bc477": window light drew 1/1 beam(s)
2026-05-25 15:38:48.617 +02:00 [INF] Map "d5c08240-0436-454a-8993-362abf5bc477": window light drew 1/1 beam(s)
2026-05-25 15:38:48.663 +02:00 [INF] Map "d5c08240-0436-454a-8993-362abf5bc477": window light drew 1/1 beam(s)
2026-05-25 15:38:48.710 +02:00 [INF] Map "d5c08240-0436-454a-8993-362abf5bc477": window light drew 1/1 beam(s)
2026-05-25 15:38:48.755 +02:00 [INF] Map "d5c08240-0436-454a-8993-362abf5bc477": window light drew 1/1 beam(s)
2026-05-25 15:38:48.805 +02:00 [INF] Map "d5c08240-0436-454a-8993-362abf5bc477": window light drew 1/1 beam(s)
2026-05-25 15:38:48.851 +02:00 [INF] Map "d5c08240-0436-454a-8993-362abf5bc477": window light drew 1/1 beam(s)
2026-05-25 15:38:48.898 +02:00 [INF] Map "d5c08240-0436-454a-8993-362abf5bc477": window light drew 1/1 beam(s)
2026-05-25 15:38:48.958 +02:00 [INF] Map "d5c08240-0436-454a-8993-362abf5bc477": window light drew 1/1 beam(s)
2026-05-25 15:38:49.004 +02:00 [INF] Map "d5c08240-0436-454a-8993-362abf5bc477": window light drew 1/1 beam(s)
2026-05-25 15:38:49.051 +02:00 [INF] Map "d5c08240-0436-454a-8993-362abf5bc477": window light drew 1/1 beam(s)
2026-05-25 15:38:49.097 +02:00 [INF] Map "d5c08240-0436-454a-8993-362abf5bc477": window light drew 1/1 beam(s)
2026-05-25 15:38:49.144 +02:00 [INF] Map "d5c08240-0436-454a-8993-362abf5bc477": window light drew 1/1 beam(s)
2026-05-25 15:38:49.195 +02:00 [INF] Map "d5c08240-0436-454a-8993-362abf5bc477": window light drew 1/1 beam(s)
2026-05-25 15:38:49.241 +02:00 [INF] Map "d5c08240-0436-454a-8993-362abf5bc477": window light drew 1/1 beam(s)
2026-05-25 15:38:49.288 +02:00 [INF] Map "d5c08240-0436-454a-8993-362abf5bc477": window light drew 1/1 beam(s)
2026-05-25 15:38:49.333 +02:00 [INF] Map "d5c08240-0436-454a-8993-362abf5bc477": window light drew 1/1 beam(s)
2026-05-25 15:38:49.394 +02:00 [INF] Map "d5c08240-0436-454a-8993-362abf5bc477": window light drew 1/1 beam(s)
2026-05-25 15:38:49.441 +02:00 [INF] Map "d5c08240-0436-454a-8993-362abf5bc477": window light drew 1/1 beam(s)
2026-05-25 15:38:49.487 +02:00 [INF] Map "d5c08240-0436-454a-8993-362abf5bc477": window light drew 1/1 beam(s)
2026-05-25 15:38:49.533 +02:00 [INF] Map "d5c08240-0436-454a-8993-362abf5bc477": window light drew 1/1 beam(s)
2026-05-25 15:38:49.579 +02:00 [INF] Map "d5c08240-0436-454a-8993-362abf5bc477": window light drew 1/1 beam(s)
2026-05-25 15:38:49.625 +02:00 [INF] Map "d5c08240-0436-454a-8993-362abf5bc477": window light drew 1/1 beam(s)
2026-05-25 15:38:49.671 +02:00 [INF] Map "d5c08240-0436-454a-8993-362abf5bc477": window light drew 1/1 beam(s)
2026-05-25 15:38:49.716 +02:00 [INF] Map "d5c08240-0436-454a-8993-362abf5bc477": window light drew 1/1 beam(s)
2026-05-25 15:38:49.761 +02:00 [INF] Map "d5c08240-0436-454a-8993-362abf5bc477": window light drew 1/1 beam(s)
2026-05-25 15:38:49.815 +02:00 [INF] Map "d5c08240-0436-454a-8993-362abf5bc477": window light drew 1/1 beam(s)
2026-05-25 15:38:49.861 +02:00 [INF] Map "d5c08240-0436-454a-8993-362abf5bc477": window light drew 1/1 beam(s)
2026-05-25 15:38:49.907 +02:00 [INF] Map "d5c08240-0436-454a-8993-362abf5bc477": window light drew 1/1 beam(s)
2026-05-25 15:38:49.952 +02:00 [INF] Map "d5c08240-0436-454a-8993-362abf5bc477": window light drew 1/1 beam(s)
2026-05-25 15:38:49.998 +02:00 [INF] Map "d5c08240-0436-454a-8993-362abf5bc477": window light drew 1/1 beam(s)
2026-05-25 15:38:50.044 +02:00 [INF] Map "d5c08240-0436-454a-8993-362abf5bc477": window light drew 1/1 beam(s)
2026-05-25 15:38:50.089 +02:00 [INF] Map "d5c08240-0436-454a-8993-362abf5bc477": window light drew 1/1 beam(s)
2026-05-25 15:38:50.135 +02:00 [INF] Map "d5c08240-0436-454a-8993-362abf5bc477": window light drew 1/1 beam(s)
2026-05-25 15:38:50.181 +02:00 [INF] Map "d5c08240-0436-454a-8993-362abf5bc477": window light drew 1/1 beam(s)
2026-05-25 15:38:50.239 +02:00 [INF] Map "d5c08240-0436-454a-8993-362abf5bc477": window light drew 1/1 beam(s)
2026-05-25 15:38:50.285 +02:00 [INF] Map "d5c08240-0436-454a-8993-362abf5bc477": window light drew 1/1 beam(s)
2026-05-25 15:38:50.330 +02:00 [INF] Map "d5c08240-0436-454a-8993-362abf5bc477": window light drew 1/1 beam(s)
2026-05-25 15:38:50.376 +02:00 [INF] Map "d5c08240-0436-454a-8993-362abf5bc477": window light drew 1/1 beam(s)
2026-05-25 15:38:50.422 +02:00 [INF] Map "d5c08240-0436-454a-8993-362abf5bc477": window light drew 1/1 beam(s)
2026-05-25 15:38:50.468 +02:00 [INF] Map "d5c08240-0436-454a-8993-362abf5bc477": window light drew 1/1 beam(s)
2026-05-25 15:38:50.513 +02:00 [INF] Map "d5c08240-0436-454a-8993-362abf5bc477": window light drew 1/1 beam(s)
2026-05-25 15:38:50.559 +02:00 [INF] Map "d5c08240-0436-454a-8993-362abf5bc477": window light drew 1/1 beam(s)
2026-05-25 15:38:50.604 +02:00 [INF] Map "d5c08240-0436-454a-8993-362abf5bc477": window light drew 1/1 beam(s)
2026-05-25 15:38:50.664 +02:00 [INF] Map "d5c08240-0436-454a-8993-362abf5bc477": window light drew 1/1 beam(s)
2026-05-25 15:38:50.709 +02:00 [INF] Map "d5c08240-0436-454a-8993-362abf5bc477": window light drew 1/1 beam(s)
2026-05-25 15:38:50.754 +02:00 [INF] Map "d5c08240-0436-454a-8993-362abf5bc477": window light drew 1/1 beam(s)
2026-05-25 15:38:50.799 +02:00 [INF] Map "d5c08240-0436-454a-8993-362abf5bc477": window light drew 1/1 beam(s)
2026-05-25 15:38:50.845 +02:00 [INF] Map "d5c08240-0436-454a-8993-362abf5bc477": window light drew 1/1 beam(s)
2026-05-25 15:38:50.890 +02:00 [INF] Map "d5c08240-0436-454a-8993-362abf5bc477": window light drew 1/1 beam(s)
2026-05-25 15:38:50.936 +02:00 [INF] Map "d5c08240-0436-454a-8993-362abf5bc477": window light drew 1/1 beam(s)
2026-05-25 15:38:50.982 +02:00 [INF] Map "d5c08240-0436-454a-8993-362abf5bc477": window light drew 1/1 beam(s)
2026-05-25 15:38:51.028 +02:00 [INF] Map "d5c08240-0436-454a-8993-362abf5bc477": window light drew 1/1 beam(s)
2026-05-25 15:38:51.087 +02:00 [INF] Map "d5c08240-0436-454a-8993-362abf5bc477": window light drew 1/1 beam(s)
2026-05-25 15:38:51.132 +02:00 [INF] Map "d5c08240-0436-454a-8993-362abf5bc477": window light drew 1/1 beam(s)
2026-05-25 15:38:51.178 +02:00 [INF] Map "d5c08240-0436-454a-8993-362abf5bc477": window light drew 1/1 beam(s)
2026-05-25 15:38:51.224 +02:00 [INF] Map "d5c08240-0436-454a-8993-362abf5bc477": window light drew 1/1 beam(s)
2026-05-25 15:38:51.268 +02:00 [INF] Map "d5c08240-0436-454a-8993-362abf5bc477": window light drew 1/1 beam(s)
2026-05-25 15:38:51.314 +02:00 [INF] Map "d5c08240-0436-454a-8993-362abf5bc477": window light drew 1/1 beam(s)
2026-05-25 15:38:51.359 +02:00 [INF] Map "d5c08240-0436-454a-8993-362abf5bc477": window light drew 1/1 beam(s)
2026-05-25 15:38:51.405 +02:00 [INF] Map "d5c08240-0436-454a-8993-362abf5bc477": window light drew 1/1 beam(s)
2026-05-25 15:38:51.451 +02:00 [INF] Map "d5c08240-0436-454a-8993-362abf5bc477": window light drew 1/1 beam(s)
2026-05-25 15:38:51.510 +02:00 [INF] Map "d5c08240-0436-454a-8993-362abf5bc477": window light drew 1/1 beam(s)
2026-05-25 15:38:51.555 +02:00 [INF] Map "d5c08240-0436-454a-8993-362abf5bc477": window light drew 1/1 beam(s)
2026-05-25 15:38:51.600 +02:00 [INF] Map "d5c08240-0436-454a-8993-362abf5bc477": window light drew 1/1 beam(s)
2026-05-25 15:38:51.647 +02:00 [INF] Map "d5c08240-0436-454a-8993-362abf5bc477": window light drew 1/1 beam(s)
2026-05-25 15:38:51.693 +02:00 [INF] Map "d5c08240-0436-454a-8993-362abf5bc477": window light drew 1/1 beam(s)
2026-05-25 15:38:51.739 +02:00 [INF] Map "d5c08240-0436-454a-8993-362abf5bc477": window light drew 1/1 beam(s)
2026-05-25 15:38:51.784 +02:00 [INF] Map "d5c08240-0436-454a-8993-362abf5bc477": window light drew 1/1 beam(s)
2026-05-25 15:38:51.829 +02:00 [INF] Map "d5c08240-0436-454a-8993-362abf5bc477": window light drew 1/1 beam(s)
2026-05-25 15:38:51.875 +02:00 [INF] Map "d5c08240-0436-454a-8993-362abf5bc477": window light drew 1/1 beam(s)
2026-05-25 15:38:51.934 +02:00 [INF] Map "d5c08240-0436-454a-8993-362abf5bc477": window light drew 1/1 beam(s)
2026-05-25 15:38:51.980 +02:00 [INF] Map "d5c08240-0436-454a-8993-362abf5bc477": window light drew 1/1 beam(s)
2026-05-25 15:38:52.026 +02:00 [INF] Map "d5c08240-0436-454a-8993-362abf5bc477": window light drew 1/1 beam(s)
2026-05-25 15:38:52.072 +02:00 [INF] Map "d5c08240-0436-454a-8993-362abf5bc477": window light drew 1/1 beam(s)
2026-05-25 15:38:52.117 +02:00 [INF] Map "d5c08240-0436-454a-8993-362abf5bc477": window light drew 1/1 beam(s)
2026-05-25 15:38:52.163 +02:00 [INF] Map "d5c08240-0436-454a-8993-362abf5bc477": window light drew 1/1 beam(s)
2026-05-25 15:38:52.208 +02:00 [INF] Map "d5c08240-0436-454a-8993-362abf5bc477": window light drew 1/1 beam(s)
2026-05-25 15:38:52.254 +02:00 [INF] Map "d5c08240-0436-454a-8993-362abf5bc477": window light drew 1/1 beam(s)
2026-05-25 15:38:52.300 +02:00 [INF] Map "d5c08240-0436-454a-8993-362abf5bc477": window light drew 1/1 beam(s)
2026-05-25 15:38:52.359 +02:00 [INF] Map "d5c08240-0436-454a-8993-362abf5bc477": window light drew 1/1 beam(s)
2026-05-25 15:38:52.405 +02:00 [INF] Map "d5c08240-0436-454a-8993-362abf5bc477": window light drew 1/1 beam(s)
2026-05-25 15:38:52.450 +02:00 [INF] Map "d5c08240-0436-454a-8993-362abf5bc477": window light drew 1/1 beam(s)
2026-05-25 15:38:52.497 +02:00 [INF] Map "d5c08240-0436-454a-8993-362abf5bc477": window light drew 1/1 beam(s)
2026-05-25 15:38:52.543 +02:00 [INF] Map "d5c08240-0436-454a-8993-362abf5bc477": window light drew 1/1 beam(s)
2026-05-25 15:38:52.588 +02:00 [INF] Map "d5c08240-0436-454a-8993-362abf5bc477": window light drew 1/1 beam(s)
2026-05-25 15:38:52.634 +02:00 [INF] Map "d5c08240-0436-454a-8993-362abf5bc477": window light drew 1/1 beam(s)
2026-05-25 15:38:52.680 +02:00 [INF] Map "d5c08240-0436-454a-8993-362abf5bc477": window light drew 1/1 beam(s)
2026-05-25 15:38:52.725 +02:00 [INF] Map "d5c08240-0436-454a-8993-362abf5bc477": window light drew 1/1 beam(s)
2026-05-25 15:38:52.783 +02:00 [INF] Map "d5c08240-0436-454a-8993-362abf5bc477": window light drew 1/1 beam(s)
2026-05-25 15:38:52.829 +02:00 [INF] Map "d5c08240-0436-454a-8993-362abf5bc477": window light drew 1/1 beam(s)
2026-05-25 15:38:52.875 +02:00 [INF] Map "d5c08240-0436-454a-8993-362abf5bc477": window light drew 1/1 beam(s)
2026-05-25 15:38:52.920 +02:00 [INF] Map "d5c08240-0436-454a-8993-362abf5bc477": window light drew 1/1 beam(s)
2026-05-25 15:38:52.966 +02:00 [INF] Map "d5c08240-0436-454a-8993-362abf5bc477": window light drew 1/1 beam(s)
2026-05-25 15:38:53.012 +02:00 [INF] Map "d5c08240-0436-454a-8993-362abf5bc477": window light drew 1/1 beam(s)
2026-05-25 15:38:53.057 +02:00 [INF] Map "d5c08240-0436-454a-8993-362abf5bc477": window light drew 1/1 beam(s)
2026-05-25 15:38:53.102 +02:00 [INF] Map "d5c08240-0436-454a-8993-362abf5bc477": window light drew 1/1 beam(s)
2026-05-25 15:38:53.148 +02:00 [INF] Map "d5c08240-0436-454a-8993-362abf5bc477": window light drew 1/1 beam(s)
2026-05-25 15:38:53.207 +02:00 [INF] Map "d5c08240-0436-454a-8993-362abf5bc477": window light drew 1/1 beam(s)
2026-05-25 15:38:53.252 +02:00 [INF] Map "d5c08240-0436-454a-8993-362abf5bc477": window light drew 1/1 beam(s)
2026-05-25 15:38:53.298 +02:00 [INF] Map "d5c08240-0436-454a-8993-362abf5bc477": window light drew 1/1 beam(s)
2026-05-25 15:38:53.344 +02:00 [INF] Map "d5c08240-0436-454a-8993-362abf5bc477": window light drew 1/1 beam(s)
2026-05-25 15:38:53.389 +02:00 [INF] Map "d5c08240-0436-454a-8993-362abf5bc477": window light drew 1/1 beam(s)
2026-05-25 15:38:53.434 +02:00 [INF] Map "d5c08240-0436-454a-8993-362abf5bc477": window light drew 1/1 beam(s)
2026-05-25 15:38:53.480 +02:00 [INF] Map "d5c08240-0436-454a-8993-362abf5bc477": window light drew 1/1 beam(s)
2026-05-25 15:38:53.526 +02:00 [INF] Map "d5c08240-0436-454a-8993-362abf5bc477": window light drew 1/1 beam(s)
2026-05-25 15:38:53.572 +02:00 [INF] Map "d5c08240-0436-454a-8993-362abf5bc477": window light drew 1/1 beam(s)
2026-05-25 15:38:53.631 +02:00 [INF] Map "d5c08240-0436-454a-8993-362abf5bc477": window light drew 1/1 beam(s)
2026-05-25 15:38:53.677 +02:00 [INF] Map "d5c08240-0436-454a-8993-362abf5bc477": window light drew 1/1 beam(s)
2026-05-25 15:38:53.722 +02:00 [INF] Map "d5c08240-0436-454a-8993-362abf5bc477": window light drew 1/1 beam(s)
2026-05-25 15:38:53.768 +02:00 [INF] Map "d5c08240-0436-454a-8993-362abf5bc477": window light drew 1/1 beam(s)
2026-05-25 15:38:53.814 +02:00 [INF] Map "d5c08240-0436-454a-8993-362abf5bc477": window light drew 1/1 beam(s)
2026-05-25 15:38:53.859 +02:00 [INF] Map "d5c08240-0436-454a-8993-362abf5bc477": window light drew 1/1 beam(s)
2026-05-25 15:38:53.905 +02:00 [INF] Map "d5c08240-0436-454a-8993-362abf5bc477": window light drew 1/1 beam(s)
2026-05-25 15:38:53.950 +02:00 [INF] Map "d5c08240-0436-454a-8993-362abf5bc477": window light drew 1/1 beam(s)
2026-05-25 15:38:53.995 +02:00 [INF] Map "d5c08240-0436-454a-8993-362abf5bc477": window light drew 1/1 beam(s)
2026-05-25 15:38:54.055 +02:00 [INF] Map "d5c08240-0436-454a-8993-362abf5bc477": window light drew 1/1 beam(s)
2026-05-25 15:38:54.100 +02:00 [INF] Map "d5c08240-0436-454a-8993-362abf5bc477": window light drew 1/1 beam(s)
2026-05-25 15:38:54.147 +02:00 [INF] Map "d5c08240-0436-454a-8993-362abf5bc477": window light drew 1/1 beam(s)
2026-05-25 15:38:54.192 +02:00 [INF] Map "d5c08240-0436-454a-8993-362abf5bc477": window light drew 1/1 beam(s)
2026-05-25 15:38:54.238 +02:00 [INF] Map "d5c08240-0436-454a-8993-362abf5bc477": window light drew 1/1 beam(s)
2026-05-25 15:38:54.284 +02:00 [INF] Map "d5c08240-0436-454a-8993-362abf5bc477": window light drew 1/1 beam(s)
2026-05-25 15:38:54.331 +02:00 [INF] Map "d5c08240-0436-454a-8993-362abf5bc477": window light drew 1/1 beam(s)
2026-05-25 15:38:54.376 +02:00 [INF] Map "d5c08240-0436-454a-8993-362abf5bc477": window light drew 1/1 beam(s)
2026-05-25 15:38:54.421 +02:00 [INF] Map "d5c08240-0436-454a-8993-362abf5bc477": window light drew 1/1 beam(s)
2026-05-25 15:38:54.480 +02:00 [INF] Map "d5c08240-0436-454a-8993-362abf5bc477": window light drew 1/1 beam(s)
2026-05-25 15:38:54.525 +02:00 [INF] Map "d5c08240-0436-454a-8993-362abf5bc477": window light drew 1/1 beam(s)
2026-05-25 15:38:54.571 +02:00 [INF] Map "d5c08240-0436-454a-8993-362abf5bc477": window light drew 1/1 beam(s)
2026-05-25 15:38:54.618 +02:00 [INF] Map "d5c08240-0436-454a-8993-362abf5bc477": window light drew 1/1 beam(s)
2026-05-25 15:38:54.665 +02:00 [INF] Map "d5c08240-0436-454a-8993-362abf5bc477": window light drew 1/1 beam(s)
2026-05-25 15:38:54.710 +02:00 [INF] Map "d5c08240-0436-454a-8993-362abf5bc477": window light drew 1/1 beam(s)
2026-05-25 15:38:54.756 +02:00 [INF] Map "d5c08240-0436-454a-8993-362abf5bc477": window light drew 1/1 beam(s)
2026-05-25 15:38:54.801 +02:00 [INF] Map "d5c08240-0436-454a-8993-362abf5bc477": window light drew 1/1 beam(s)
2026-05-25 15:38:54.847 +02:00 [INF] Map "d5c08240-0436-454a-8993-362abf5bc477": window light drew 1/1 beam(s)
2026-05-25 15:38:54.906 +02:00 [INF] Map "d5c08240-0436-454a-8993-362abf5bc477": window light drew 1/1 beam(s)
2026-05-25 15:38:54.951 +02:00 [INF] Map "d5c08240-0436-454a-8993-362abf5bc477": window light drew 1/1 beam(s)
2026-05-25 15:38:54.998 +02:00 [INF] Map "d5c08240-0436-454a-8993-362abf5bc477": window light drew 1/1 beam(s)
2026-05-25 15:38:55.043 +02:00 [INF] Map "d5c08240-0436-454a-8993-362abf5bc477": window light drew 1/1 beam(s)
2026-05-25 15:38:55.089 +02:00 [INF] Map "d5c08240-0436-454a-8993-362abf5bc477": window light drew 1/1 beam(s)
2026-05-25 15:38:55.134 +02:00 [INF] Map "d5c08240-0436-454a-8993-362abf5bc477": window light drew 1/1 beam(s)
2026-05-25 15:38:55.180 +02:00 [INF] Map "d5c08240-0436-454a-8993-362abf5bc477": window light drew 1/1 beam(s)
2026-05-25 15:38:55.225 +02:00 [INF] Map "d5c08240-0436-454a-8993-362abf5bc477": window light drew 1/1 beam(s)
2026-05-25 15:38:55.271 +02:00 [INF] Map "d5c08240-0436-454a-8993-362abf5bc477": window light drew 1/1 beam(s)
2026-05-25 15:38:55.331 +02:00 [INF] Map "d5c08240-0436-454a-8993-362abf5bc477": window light drew 1/1 beam(s)
2026-05-25 15:38:55.378 +02:00 [INF] Map "d5c08240-0436-454a-8993-362abf5bc477": window light drew 1/1 beam(s)
2026-05-25 15:38:55.424 +02:00 [INF] Map "d5c08240-0436-454a-8993-362abf5bc477": window light drew 1/1 beam(s)
2026-05-25 15:38:55.469 +02:00 [INF] Map "d5c08240-0436-454a-8993-362abf5bc477": window light drew 1/1 beam(s)
2026-05-25 15:38:55.515 +02:00 [INF] Map "d5c08240-0436-454a-8993-362abf5bc477": window light drew 1/1 beam(s)
2026-05-25 15:38:55.560 +02:00 [INF] Map "d5c08240-0436-454a-8993-362abf5bc477": window light drew 1/1 beam(s)
2026-05-25 15:38:55.605 +02:00 [INF] Map "d5c08240-0436-454a-8993-362abf5bc477": window light drew 1/1 beam(s)
2026-05-25 15:38:55.651 +02:00 [INF] Map "d5c08240-0436-454a-8993-362abf5bc477": window light drew 1/1 beam(s)
2026-05-25 15:38:55.697 +02:00 [INF] Map "d5c08240-0436-454a-8993-362abf5bc477": window light drew 1/1 beam(s)
2026-05-25 15:38:55.756 +02:00 [INF] Map "d5c08240-0436-454a-8993-362abf5bc477": window light drew 1/1 beam(s)
2026-05-25 15:38:55.801 +02:00 [INF] Map "d5c08240-0436-454a-8993-362abf5bc477": window light drew 1/1 beam(s)
2026-05-25 15:38:55.848 +02:00 [INF] Map "d5c08240-0436-454a-8993-362abf5bc477": window light drew 1/1 beam(s)
2026-05-25 15:38:55.895 +02:00 [INF] Map "d5c08240-0436-454a-8993-362abf5bc477": window light drew 1/1 beam(s)
2026-05-25 15:38:55.940 +02:00 [INF] Map "d5c08240-0436-454a-8993-362abf5bc477": window light drew 1/1 beam(s)
2026-05-25 15:38:55.986 +02:00 [INF] Map "d5c08240-0436-454a-8993-362abf5bc477": window light drew 1/1 beam(s)
2026-05-25 15:38:56.032 +02:00 [INF] Map "d5c08240-0436-454a-8993-362abf5bc477": window light drew 1/1 beam(s)
2026-05-25 15:38:56.077 +02:00 [INF] Map "d5c08240-0436-454a-8993-362abf5bc477": window light drew 1/1 beam(s)
2026-05-25 15:38:56.123 +02:00 [INF] Map "d5c08240-0436-454a-8993-362abf5bc477": window light drew 1/1 beam(s)
2026-05-25 15:38:56.183 +02:00 [INF] Map "d5c08240-0436-454a-8993-362abf5bc477": window light drew 1/1 beam(s)
2026-05-25 15:38:56.230 +02:00 [INF] Map "d5c08240-0436-454a-8993-362abf5bc477": window light drew 1/1 beam(s)
2026-05-25 15:38:56.276 +02:00 [INF] Map "d5c08240-0436-454a-8993-362abf5bc477": window light drew 1/1 beam(s)
2026-05-25 15:38:56.321 +02:00 [INF] Map "d5c08240-0436-454a-8993-362abf5bc477": window light drew 1/1 beam(s)
2026-05-25 15:38:56.367 +02:00 [INF] Map "d5c08240-0436-454a-8993-362abf5bc477": window light drew 1/1 beam(s)
2026-05-25 15:38:56.413 +02:00 [INF] Map "d5c08240-0436-454a-8993-362abf5bc477": window light drew 1/1 beam(s)
2026-05-25 15:38:56.458 +02:00 [INF] Map "d5c08240-0436-454a-8993-362abf5bc477": window light drew 1/1 beam(s)
2026-05-25 15:38:56.509 +02:00 [INF] Map "d5c08240-0436-454a-8993-362abf5bc477": window light drew 1/1 beam(s)
2026-05-25 15:38:56.555 +02:00 [INF] Map "d5c08240-0436-454a-8993-362abf5bc477": window light drew 1/1 beam(s)
2026-05-25 15:38:56.614 +02:00 [INF] Map "d5c08240-0436-454a-8993-362abf5bc477": window light drew 1/1 beam(s)
2026-05-25 15:38:56.661 +02:00 [INF] Map "d5c08240-0436-454a-8993-362abf5bc477": window light drew 1/1 beam(s)
2026-05-25 15:38:56.707 +02:00 [INF] Map "d5c08240-0436-454a-8993-362abf5bc477": window light drew 1/1 beam(s)
2026-05-25 15:38:56.752 +02:00 [INF] Map "d5c08240-0436-454a-8993-362abf5bc477": window light drew 1/1 beam(s)
2026-05-25 15:38:56.798 +02:00 [INF] Map "d5c08240-0436-454a-8993-362abf5bc477": window light drew 1/1 beam(s)
2026-05-25 15:38:56.844 +02:00 [INF] Map "d5c08240-0436-454a-8993-362abf5bc477": window light drew 1/1 beam(s)
2026-05-25 15:38:56.891 +02:00 [INF] Map "d5c08240-0436-454a-8993-362abf5bc477": window light drew 1/1 beam(s)
2026-05-25 15:38:56.937 +02:00 [INF] Map "d5c08240-0436-454a-8993-362abf5bc477": window light drew 1/1 beam(s)
2026-05-25 15:38:56.982 +02:00 [INF] Map "d5c08240-0436-454a-8993-362abf5bc477": window light drew 1/1 beam(s)
2026-05-25 15:38:57.040 +02:00 [INF] Map "d5c08240-0436-454a-8993-362abf5bc477": window light drew 1/1 beam(s)
2026-05-25 15:38:57.086 +02:00 [INF] Map "d5c08240-0436-454a-8993-362abf5bc477": window light drew 1/1 beam(s)
2026-05-25 15:38:57.132 +02:00 [INF] Map "d5c08240-0436-454a-8993-362abf5bc477": window light drew 1/1 beam(s)
2026-05-25 15:38:57.177 +02:00 [INF] Map "d5c08240-0436-454a-8993-362abf5bc477": window light drew 1/1 beam(s)
2026-05-25 15:38:57.223 +02:00 [INF] Map "d5c08240-0436-454a-8993-362abf5bc477": window light drew 1/1 beam(s)
2026-05-25 15:38:57.270 +02:00 [INF] Map "d5c08240-0436-454a-8993-362abf5bc477": window light drew 1/1 beam(s)
2026-05-25 15:38:57.316 +02:00 [INF] Map "d5c08240-0436-454a-8993-362abf5bc477": window light drew 1/1 beam(s)
2026-05-25 15:38:57.363 +02:00 [INF] Map "d5c08240-0436-454a-8993-362abf5bc477": window light drew 1/1 beam(s)
2026-05-25 15:38:57.409 +02:00 [INF] Map "d5c08240-0436-454a-8993-362abf5bc477": window light drew 1/1 beam(s)
2026-05-25 15:38:57.468 +02:00 [INF] Map "d5c08240-0436-454a-8993-362abf5bc477": window light drew 1/1 beam(s)
2026-05-25 15:38:57.514 +02:00 [INF] Map "d5c08240-0436-454a-8993-362abf5bc477": window light drew 1/1 beam(s)
2026-05-25 15:38:57.561 +02:00 [INF] Map "d5c08240-0436-454a-8993-362abf5bc477": window light drew 1/1 beam(s)
2026-05-25 15:38:57.607 +02:00 [INF] Map "d5c08240-0436-454a-8993-362abf5bc477": window light drew 1/1 beam(s)
2026-05-25 15:38:57.653 +02:00 [INF] Map "d5c08240-0436-454a-8993-362abf5bc477": window light drew 1/1 beam(s)
2026-05-25 15:38:57.699 +02:00 [INF] Map "d5c08240-0436-454a-8993-362abf5bc477": window light drew 1/1 beam(s)
2026-05-25 15:38:57.745 +02:00 [INF] Map "d5c08240-0436-454a-8993-362abf5bc477": window light drew 1/1 beam(s)
2026-05-25 15:38:57.791 +02:00 [INF] Map "d5c08240-0436-454a-8993-362abf5bc477": window light drew 1/1 beam(s)
2026-05-25 15:38:57.837 +02:00 [INF] Map "d5c08240-0436-454a-8993-362abf5bc477": window light drew 1/1 beam(s)
2026-05-25 15:38:57.898 +02:00 [INF] Map "d5c08240-0436-454a-8993-362abf5bc477": window light drew 1/1 beam(s)
2026-05-25 15:38:57.944 +02:00 [INF] Map "d5c08240-0436-454a-8993-362abf5bc477": window light drew 1/1 beam(s)
2026-05-25 15:38:57.991 +02:00 [INF] Map "d5c08240-0436-454a-8993-362abf5bc477": window light drew 1/1 beam(s)
2026-05-25 15:38:58.036 +02:00 [INF] Map "d5c08240-0436-454a-8993-362abf5bc477": window light drew 1/1 beam(s)
2026-05-25 15:38:58.081 +02:00 [INF] Map "d5c08240-0436-454a-8993-362abf5bc477": window light drew 1/1 beam(s)
2026-05-25 15:38:58.127 +02:00 [INF] Map "d5c08240-0436-454a-8993-362abf5bc477": window light drew 1/1 beam(s)
2026-05-25 15:38:58.172 +02:00 [INF] Map "d5c08240-0436-454a-8993-362abf5bc477": window light drew 1/1 beam(s)
2026-05-25 15:38:58.218 +02:00 [INF] Map "d5c08240-0436-454a-8993-362abf5bc477": window light drew 1/1 beam(s)
2026-05-25 15:38:58.264 +02:00 [INF] Map "d5c08240-0436-454a-8993-362abf5bc477": window light drew 1/1 beam(s)
2026-05-25 15:38:58.322 +02:00 [INF] Map "d5c08240-0436-454a-8993-362abf5bc477": window light drew 1/1 beam(s)
2026-05-25 15:38:58.369 +02:00 [INF] Map "d5c08240-0436-454a-8993-362abf5bc477": window light drew 1/1 beam(s)
2026-05-25 15:38:58.415 +02:00 [INF] Map "d5c08240-0436-454a-8993-362abf5bc477": window light drew 1/1 beam(s)
2026-05-25 15:38:58.461 +02:00 [INF] Map "d5c08240-0436-454a-8993-362abf5bc477": window light drew 1/1 beam(s)
2026-05-25 15:38:58.507 +02:00 [INF] Map "d5c08240-0436-454a-8993-362abf5bc477": window light drew 1/1 beam(s)
2026-05-25 15:38:58.552 +02:00 [INF] Map "d5c08240-0436-454a-8993-362abf5bc477": window light drew 1/1 beam(s)
2026-05-25 15:38:58.599 +02:00 [INF] Map "d5c08240-0436-454a-8993-362abf5bc477": window light drew 1/1 beam(s)
2026-05-25 15:38:58.645 +02:00 [INF] Map "d5c08240-0436-454a-8993-362abf5bc477": window light drew 1/1 beam(s)
2026-05-25 15:38:58.690 +02:00 [INF] Map "d5c08240-0436-454a-8993-362abf5bc477": window light drew 1/1 beam(s)
2026-05-25 15:38:58.750 +02:00 [INF] Map "d5c08240-0436-454a-8993-362abf5bc477": window light drew 1/1 beam(s)
2026-05-25 15:38:58.796 +02:00 [INF] Map "d5c08240-0436-454a-8993-362abf5bc477": window light drew 1/1 beam(s)
2026-05-25 15:38:58.841 +02:00 [INF] Map "d5c08240-0436-454a-8993-362abf5bc477": window light drew 1/1 beam(s)
2026-05-25 15:38:58.887 +02:00 [INF] Map "d5c08240-0436-454a-8993-362abf5bc477": window light drew 1/1 beam(s)
2026-05-25 15:38:58.934 +02:00 [INF] Map "d5c08240-0436-454a-8993-362abf5bc477": window light drew 1/1 beam(s)
2026-05-25 15:38:58.980 +02:00 [INF] Map "d5c08240-0436-454a-8993-362abf5bc477": window light drew 1/1 beam(s)
2026-05-25 15:38:59.027 +02:00 [INF] Map "d5c08240-0436-454a-8993-362abf5bc477": window light drew 1/1 beam(s)
2026-05-25 15:38:59.073 +02:00 [INF] Map "d5c08240-0436-454a-8993-362abf5bc477": window light drew 1/1 beam(s)
2026-05-25 15:38:59.119 +02:00 [INF] Map "d5c08240-0436-454a-8993-362abf5bc477": window light drew 1/1 beam(s)
2026-05-25 15:38:59.178 +02:00 [INF] Map "d5c08240-0436-454a-8993-362abf5bc477": window light drew 1/1 beam(s)
2026-05-25 15:38:59.223 +02:00 [INF] Map "d5c08240-0436-454a-8993-362abf5bc477": window light drew 1/1 beam(s)
2026-05-25 15:38:59.269 +02:00 [INF] Map "d5c08240-0436-454a-8993-362abf5bc477": window light drew 1/1 beam(s)
2026-05-25 15:38:59.314 +02:00 [INF] Map "d5c08240-0436-454a-8993-362abf5bc477": window light drew 1/1 beam(s)
2026-05-25 15:38:59.360 +02:00 [INF] Map "d5c08240-0436-454a-8993-362abf5bc477": window light drew 1/1 beam(s)
2026-05-25 15:38:59.407 +02:00 [INF] Map "d5c08240-0436-454a-8993-362abf5bc477": window light drew 1/1 beam(s)
2026-05-25 15:38:59.452 +02:00 [INF] Map "d5c08240-0436-454a-8993-362abf5bc477": window light drew 1/1 beam(s)
2026-05-25 15:38:59.498 +02:00 [INF] Map "d5c08240-0436-454a-8993-362abf5bc477": window light drew 1/1 beam(s)
2026-05-25 15:38:59.544 +02:00 [INF] Map "d5c08240-0436-454a-8993-362abf5bc477": window light drew 1/1 beam(s)
2026-05-25 15:38:59.604 +02:00 [INF] Map "d5c08240-0436-454a-8993-362abf5bc477": window light drew 1/1 beam(s)
2026-05-25 15:38:59.649 +02:00 [INF] Map "d5c08240-0436-454a-8993-362abf5bc477": window light drew 1/1 beam(s)
2026-05-25 15:38:59.695 +02:00 [INF] Map "d5c08240-0436-454a-8993-362abf5bc477": window light drew 1/1 beam(s)
2026-05-25 15:38:59.740 +02:00 [INF] Map "d5c08240-0436-454a-8993-362abf5bc477": window light drew 1/1 beam(s)
2026-05-25 15:38:59.786 +02:00 [INF] Map "d5c08240-0436-454a-8993-362abf5bc477": window light drew 1/1 beam(s)
2026-05-25 15:38:59.832 +02:00 [INF] Map "d5c08240-0436-454a-8993-362abf5bc477": window light drew 1/1 beam(s)
2026-05-25 15:38:59.878 +02:00 [INF] Map "d5c08240-0436-454a-8993-362abf5bc477": window light drew 1/1 beam(s)
2026-05-25 15:38:59.924 +02:00 [INF] Map "d5c08240-0436-454a-8993-362abf5bc477": window light drew 1/1 beam(s)
2026-05-25 15:38:59.970 +02:00 [INF] Map "d5c08240-0436-454a-8993-362abf5bc477": window light drew 1/1 beam(s)
2026-05-25 15:39:00.029 +02:00 [INF] Map "d5c08240-0436-454a-8993-362abf5bc477": window light drew 1/1 beam(s)
2026-05-25 15:39:00.074 +02:00 [INF] Map "d5c08240-0436-454a-8993-362abf5bc477": window light drew 1/1 beam(s)
2026-05-25 15:39:00.120 +02:00 [INF] Map "d5c08240-0436-454a-8993-362abf5bc477": window light drew 1/1 beam(s)
2026-05-25 15:39:00.164 +02:00 [INF] Map "d5c08240-0436-454a-8993-362abf5bc477": window light drew 1/1 beam(s)
2026-05-25 15:39:00.209 +02:00 [INF] Map "d5c08240-0436-454a-8993-362abf5bc477": window light drew 1/1 beam(s)
2026-05-25 15:39:00.255 +02:00 [INF] Map "d5c08240-0436-454a-8993-362abf5bc477": window light drew 1/1 beam(s)
2026-05-25 15:39:00.301 +02:00 [INF] Map "d5c08240-0436-454a-8993-362abf5bc477": window light drew 1/1 beam(s)
2026-05-25 15:39:00.346 +02:00 [INF] Map "d5c08240-0436-454a-8993-362abf5bc477": window light drew 1/1 beam(s)
2026-05-25 15:39:00.391 +02:00 [INF] Map "d5c08240-0436-454a-8993-362abf5bc477": window light drew 1/1 beam(s)
2026-05-25 15:39:00.452 +02:00 [INF] Map "d5c08240-0436-454a-8993-362abf5bc477": window light drew 1/1 beam(s)
2026-05-25 15:39:00.498 +02:00 [INF] Map "d5c08240-0436-454a-8993-362abf5bc477": window light drew 1/1 beam(s)
2026-05-25 15:39:00.543 +02:00 [INF] Map "d5c08240-0436-454a-8993-362abf5bc477": window light drew 1/1 beam(s)
2026-05-25 15:39:00.589 +02:00 [INF] Map "d5c08240-0436-454a-8993-362abf5bc477": window light drew 1/1 beam(s)
2026-05-25 15:39:00.634 +02:00 [INF] Map "d5c08240-0436-454a-8993-362abf5bc477": window light drew 1/1 beam(s)
2026-05-25 15:39:00.680 +02:00 [INF] Map "d5c08240-0436-454a-8993-362abf5bc477": window light drew 1/1 beam(s)
2026-05-25 15:39:00.725 +02:00 [INF] Map "d5c08240-0436-454a-8993-362abf5bc477": window light drew 1/1 beam(s)
2026-05-25 15:39:00.770 +02:00 [INF] Map "d5c08240-0436-454a-8993-362abf5bc477": window light drew 1/1 beam(s)
2026-05-25 15:39:00.815 +02:00 [INF] Map "d5c08240-0436-454a-8993-362abf5bc477": window light drew 1/1 beam(s)
2026-05-25 15:39:00.874 +02:00 [INF] Map "d5c08240-0436-454a-8993-362abf5bc477": window light drew 1/1 beam(s)
2026-05-25 15:39:00.919 +02:00 [INF] Map "d5c08240-0436-454a-8993-362abf5bc477": window light drew 1/1 beam(s)
2026-05-25 15:39:00.965 +02:00 [INF] Map "d5c08240-0436-454a-8993-362abf5bc477": window light drew 1/1 beam(s)
2026-05-25 15:39:01.010 +02:00 [INF] Map "d5c08240-0436-454a-8993-362abf5bc477": window light drew 1/1 beam(s)
2026-05-25 15:39:01.055 +02:00 [INF] Map "d5c08240-0436-454a-8993-362abf5bc477": window light drew 1/1 beam(s)
2026-05-25 15:39:01.101 +02:00 [INF] Map "d5c08240-0436-454a-8993-362abf5bc477": window light drew 1/1 beam(s)
2026-05-25 15:39:01.147 +02:00 [INF] Map "d5c08240-0436-454a-8993-362abf5bc477": window light drew 1/1 beam(s)
2026-05-25 15:39:01.193 +02:00 [INF] Map "d5c08240-0436-454a-8993-362abf5bc477": window light drew 1/1 beam(s)
2026-05-25 15:39:01.238 +02:00 [INF] Map "d5c08240-0436-454a-8993-362abf5bc477": window light drew 1/1 beam(s)
2026-05-25 15:39:01.297 +02:00 [INF] Map "d5c08240-0436-454a-8993-362abf5bc477": window light drew 1/1 beam(s)
2026-05-25 15:39:01.343 +02:00 [INF] Map "d5c08240-0436-454a-8993-362abf5bc477": window light drew 1/1 beam(s)
2026-05-25 15:39:01.390 +02:00 [INF] Map "d5c08240-0436-454a-8993-362abf5bc477": window light drew 1/1 beam(s)
2026-05-25 15:39:01.435 +02:00 [INF] Map "d5c08240-0436-454a-8993-362abf5bc477": window light drew 1/1 beam(s)
2026-05-25 15:39:01.481 +02:00 [INF] Map "d5c08240-0436-454a-8993-362abf5bc477": window light drew 1/1 beam(s)
2026-05-25 15:39:01.527 +02:00 [INF] Map "d5c08240-0436-454a-8993-362abf5bc477": window light drew 1/1 beam(s)
2026-05-25 15:39:01.572 +02:00 [INF] Map "d5c08240-0436-454a-8993-362abf5bc477": window light drew 1/1 beam(s)
2026-05-25 15:39:01.618 +02:00 [INF] Map "d5c08240-0436-454a-8993-362abf5bc477": window light drew 1/1 beam(s)
2026-05-25 15:39:01.664 +02:00 [INF] Map "d5c08240-0436-454a-8993-362abf5bc477": window light drew 1/1 beam(s)
2026-05-25 15:39:01.723 +02:00 [INF] Map "d5c08240-0436-454a-8993-362abf5bc477": window light drew 1/1 beam(s)
2026-05-25 15:39:01.767 +02:00 [INF] Map "d5c08240-0436-454a-8993-362abf5bc477": window light drew 1/1 beam(s)
2026-05-25 15:39:01.813 +02:00 [INF] Map "d5c08240-0436-454a-8993-362abf5bc477": window light drew 1/1 beam(s)
2026-05-25 15:39:01.858 +02:00 [INF] Map "d5c08240-0436-454a-8993-362abf5bc477": window light drew 1/1 beam(s)
2026-05-25 15:39:01.904 +02:00 [INF] Map "d5c08240-0436-454a-8993-362abf5bc477": window light drew 1/1 beam(s)
2026-05-25 15:39:01.950 +02:00 [INF] Map "d5c08240-0436-454a-8993-362abf5bc477": window light drew 1/1 beam(s)
2026-05-25 15:39:01.996 +02:00 [INF] Map "d5c08240-0436-454a-8993-362abf5bc477": window light drew 1/1 beam(s)
2026-05-25 15:39:02.041 +02:00 [INF] Map "d5c08240-0436-454a-8993-362abf5bc477": window light drew 1/1 beam(s)
2026-05-25 15:39:02.086 +02:00 [INF] Map "d5c08240-0436-454a-8993-362abf5bc477": window light drew 1/1 beam(s)
2026-05-25 15:39:02.144 +02:00 [INF] Map "d5c08240-0436-454a-8993-362abf5bc477": window light drew 1/1 beam(s)
2026-05-25 15:39:02.190 +02:00 [INF] Map "d5c08240-0436-454a-8993-362abf5bc477": window light drew 1/1 beam(s)
2026-05-25 15:39:02.236 +02:00 [INF] Map "d5c08240-0436-454a-8993-362abf5bc477": window light drew 1/1 beam(s)
2026-05-25 15:39:02.282 +02:00 [INF] Map "d5c08240-0436-454a-8993-362abf5bc477": window light drew 1/1 beam(s)
2026-05-25 15:39:02.327 +02:00 [INF] Map "d5c08240-0436-454a-8993-362abf5bc477": window light drew 1/1 beam(s)
2026-05-25 15:39:02.372 +02:00 [INF] Map "d5c08240-0436-454a-8993-362abf5bc477": window light drew 1/1 beam(s)
2026-05-25 15:39:02.417 +02:00 [INF] Map "d5c08240-0436-454a-8993-362abf5bc477": window light drew 1/1 beam(s)
2026-05-25 15:39:02.463 +02:00 [INF] Map "d5c08240-0436-454a-8993-362abf5bc477": window light drew 1/1 beam(s)
2026-05-25 15:39:02.508 +02:00 [INF] Map "d5c08240-0436-454a-8993-362abf5bc477": window light drew 1/1 beam(s)
2026-05-25 15:39:02.567 +02:00 [INF] Map "d5c08240-0436-454a-8993-362abf5bc477": window light drew 1/1 beam(s)
2026-05-25 15:39:02.613 +02:00 [INF] Map "d5c08240-0436-454a-8993-362abf5bc477": window light drew 1/1 beam(s)
2026-05-25 15:39:02.658 +02:00 [INF] Map "d5c08240-0436-454a-8993-362abf5bc477": window light drew 1/1 beam(s)
2026-05-25 15:39:02.703 +02:00 [INF] Map "d5c08240-0436-454a-8993-362abf5bc477": window light drew 1/1 beam(s)
2026-05-25 15:39:02.748 +02:00 [INF] Map "d5c08240-0436-454a-8993-362abf5bc477": window light drew 1/1 beam(s)
2026-05-25 15:39:02.793 +02:00 [INF] Map "d5c08240-0436-454a-8993-362abf5bc477": window light drew 1/1 beam(s)
2026-05-25 15:39:02.838 +02:00 [INF] Map "d5c08240-0436-454a-8993-362abf5bc477": window light drew 1/1 beam(s)
2026-05-25 15:39:02.884 +02:00 [INF] Map "d5c08240-0436-454a-8993-362abf5bc477": window light drew 1/1 beam(s)
2026-05-25 15:39:02.929 +02:00 [INF] Map "d5c08240-0436-454a-8993-362abf5bc477": window light drew 1/1 beam(s)
2026-05-25 15:39:02.988 +02:00 [INF] Map "d5c08240-0436-454a-8993-362abf5bc477": window light drew 1/1 beam(s)
2026-05-25 15:39:03.034 +02:00 [INF] Map "d5c08240-0436-454a-8993-362abf5bc477": window light drew 1/1 beam(s)
2026-05-25 15:39:03.080 +02:00 [INF] Map "d5c08240-0436-454a-8993-362abf5bc477": window light drew 1/1 beam(s)
2026-05-25 15:39:03.126 +02:00 [INF] Map "d5c08240-0436-454a-8993-362abf5bc477": window light drew 1/1 beam(s)
2026-05-25 15:39:03.171 +02:00 [INF] Map "d5c08240-0436-454a-8993-362abf5bc477": window light drew 1/1 beam(s)
2026-05-25 15:39:03.217 +02:00 [INF] Map "d5c08240-0436-454a-8993-362abf5bc477": window light drew 1/1 beam(s)
2026-05-25 15:39:03.263 +02:00 [INF] Map "d5c08240-0436-454a-8993-362abf5bc477": window light drew 1/1 beam(s)
2026-05-25 15:39:03.309 +02:00 [INF] Map "d5c08240-0436-454a-8993-362abf5bc477": window light drew 1/1 beam(s)
2026-05-25 15:39:03.354 +02:00 [INF] Map "d5c08240-0436-454a-8993-362abf5bc477": window light drew 1/1 beam(s)
2026-05-25 15:39:03.413 +02:00 [INF] Map "d5c08240-0436-454a-8993-362abf5bc477": window light drew 1/1 beam(s)
2026-05-25 15:39:03.459 +02:00 [INF] Map "d5c08240-0436-454a-8993-362abf5bc477": window light drew 1/1 beam(s)
2026-05-25 15:39:03.504 +02:00 [INF] Map "d5c08240-0436-454a-8993-362abf5bc477": window light drew 1/1 beam(s)
2026-05-25 15:39:03.550 +02:00 [INF] Map "d5c08240-0436-454a-8993-362abf5bc477": window light drew 1/1 beam(s)
2026-05-25 15:39:03.595 +02:00 [INF] Map "d5c08240-0436-454a-8993-362abf5bc477": window light drew 1/1 beam(s)
2026-05-25 15:39:03.641 +02:00 [INF] Map "d5c08240-0436-454a-8993-362abf5bc477": window light drew 1/1 beam(s)
2026-05-25 15:39:03.687 +02:00 [INF] Map "d5c08240-0436-454a-8993-362abf5bc477": window light drew 1/1 beam(s)
2026-05-25 15:39:03.733 +02:00 [INF] Map "d5c08240-0436-454a-8993-362abf5bc477": window light drew 1/1 beam(s)
2026-05-25 15:39:03.779 +02:00 [INF] Map "d5c08240-0436-454a-8993-362abf5bc477": window light drew 1/1 beam(s)
2026-05-25 15:39:03.838 +02:00 [INF] Map "d5c08240-0436-454a-8993-362abf5bc477": window light drew 1/1 beam(s)
2026-05-25 15:39:03.884 +02:00 [INF] Map "d5c08240-0436-454a-8993-362abf5bc477": window light drew 1/1 beam(s)
2026-05-25 15:39:03.930 +02:00 [INF] Map "d5c08240-0436-454a-8993-362abf5bc477": window light drew 1/1 beam(s)
2026-05-25 15:39:03.976 +02:00 [INF] Map "d5c08240-0436-454a-8993-362abf5bc477": window light drew 1/1 beam(s)
2026-05-25 15:39:04.022 +02:00 [INF] Map "d5c08240-0436-454a-8993-362abf5bc477": window light drew 1/1 beam(s)
2026-05-25 15:39:04.068 +02:00 [INF] Map "d5c08240-0436-454a-8993-362abf5bc477": window light drew 1/1 beam(s)
2026-05-25 15:39:04.113 +02:00 [INF] Map "d5c08240-0436-454a-8993-362abf5bc477": window light drew 1/1 beam(s)
2026-05-25 15:39:04.158 +02:00 [INF] Map "d5c08240-0436-454a-8993-362abf5bc477": window light drew 1/1 beam(s)
2026-05-25 15:39:04.204 +02:00 [INF] Map "d5c08240-0436-454a-8993-362abf5bc477": window light drew 1/1 beam(s)
2026-05-25 15:39:04.264 +02:00 [INF] Map "d5c08240-0436-454a-8993-362abf5bc477": window light drew 1/1 beam(s)
2026-05-25 15:39:04.310 +02:00 [INF] Map "d5c08240-0436-454a-8993-362abf5bc477": window light drew 1/1 beam(s)
2026-05-25 15:39:04.356 +02:00 [INF] Map "d5c08240-0436-454a-8993-362abf5bc477": window light drew 1/1 beam(s)
2026-05-25 15:39:04.401 +02:00 [INF] Map "d5c08240-0436-454a-8993-362abf5bc477": window light drew 1/1 beam(s)
2026-05-25 15:39:04.447 +02:00 [INF] Map "d5c08240-0436-454a-8993-362abf5bc477": window light drew 1/1 beam(s)
2026-05-25 15:39:04.493 +02:00 [INF] Map "d5c08240-0436-454a-8993-362abf5bc477": window light drew 1/1 beam(s)
2026-05-25 15:39:04.538 +02:00 [INF] Map "d5c08240-0436-454a-8993-362abf5bc477": window light drew 1/1 beam(s)
2026-05-25 15:39:04.583 +02:00 [INF] Map "d5c08240-0436-454a-8993-362abf5bc477": window light drew 1/1 beam(s)
2026-05-25 15:39:04.630 +02:00 [INF] Map "d5c08240-0436-454a-8993-362abf5bc477": window light drew 1/1 beam(s)
2026-05-25 15:39:04.689 +02:00 [INF] Map "d5c08240-0436-454a-8993-362abf5bc477": window light drew 1/1 beam(s)
2026-05-25 15:39:04.734 +02:00 [INF] Map "d5c08240-0436-454a-8993-362abf5bc477": window light drew 1/1 beam(s)
2026-05-25 15:39:04.780 +02:00 [INF] Map "d5c08240-0436-454a-8993-362abf5bc477": window light drew 1/1 beam(s)
2026-05-25 15:39:04.825 +02:00 [INF] Map "d5c08240-0436-454a-8993-362abf5bc477": window light drew 1/1 beam(s)
2026-05-25 15:39:04.871 +02:00 [INF] Map "d5c08240-0436-454a-8993-362abf5bc477": window light drew 1/1 beam(s)
2026-05-25 15:39:04.917 +02:00 [INF] Map "d5c08240-0436-454a-8993-362abf5bc477": window light drew 1/1 beam(s)
2026-05-25 15:39:04.962 +02:00 [INF] Map "d5c08240-0436-454a-8993-362abf5bc477": window light drew 1/1 beam(s)
2026-05-25 15:39:05.008 +02:00 [INF] Map "d5c08240-0436-454a-8993-362abf5bc477": window light drew 1/1 beam(s)
2026-05-25 15:39:05.053 +02:00 [INF] Map "d5c08240-0436-454a-8993-362abf5bc477": window light drew 1/1 beam(s)
2026-05-25 15:39:05.112 +02:00 [INF] Map "d5c08240-0436-454a-8993-362abf5bc477": window light drew 1/1 beam(s)
2026-05-25 15:39:05.158 +02:00 [INF] Map "d5c08240-0436-454a-8993-362abf5bc477": window light drew 1/1 beam(s)
2026-05-25 15:39:05.204 +02:00 [INF] Map "d5c08240-0436-454a-8993-362abf5bc477": window light drew 1/1 beam(s)
2026-05-25 15:39:05.250 +02:00 [INF] Map "d5c08240-0436-454a-8993-362abf5bc477": window light drew 1/1 beam(s)
2026-05-25 15:39:05.297 +02:00 [INF] Map "d5c08240-0436-454a-8993-362abf5bc477": window light drew 1/1 beam(s)
2026-05-25 15:39:05.343 +02:00 [INF] Map "d5c08240-0436-454a-8993-362abf5bc477": window light drew 1/1 beam(s)
2026-05-25 15:39:05.389 +02:00 [INF] Map "d5c08240-0436-454a-8993-362abf5bc477": window light drew 1/1 beam(s)
2026-05-25 15:39:05.434 +02:00 [INF] Map "d5c08240-0436-454a-8993-362abf5bc477": window light drew 1/1 beam(s)
2026-05-25 15:39:05.480 +02:00 [INF] Map "d5c08240-0436-454a-8993-362abf5bc477": window light drew 1/1 beam(s)
2026-05-25 15:39:05.540 +02:00 [INF] Map "d5c08240-0436-454a-8993-362abf5bc477": window light drew 1/1 beam(s)
2026-05-25 15:39:05.586 +02:00 [INF] Map "d5c08240-0436-454a-8993-362abf5bc477": window light drew 1/1 beam(s)
2026-05-25 15:39:05.631 +02:00 [INF] Map "d5c08240-0436-454a-8993-362abf5bc477": window light drew 1/1 beam(s)
2026-05-25 15:39:05.677 +02:00 [INF] Map "d5c08240-0436-454a-8993-362abf5bc477": window light drew 1/1 beam(s)
2026-05-25 15:39:05.722 +02:00 [INF] Map "d5c08240-0436-454a-8993-362abf5bc477": window light drew 1/1 beam(s)
2026-05-25 15:39:05.768 +02:00 [INF] Map "d5c08240-0436-454a-8993-362abf5bc477": window light drew 1/1 beam(s)
2026-05-25 15:39:05.814 +02:00 [INF] Map "d5c08240-0436-454a-8993-362abf5bc477": window light drew 1/1 beam(s)
2026-05-25 15:39:05.860 +02:00 [INF] Map "d5c08240-0436-454a-8993-362abf5bc477": window light drew 1/1 beam(s)
2026-05-25 15:39:05.905 +02:00 [INF] Map "d5c08240-0436-454a-8993-362abf5bc477": window light drew 1/1 beam(s)
2026-05-25 15:39:05.964 +02:00 [INF] Map "d5c08240-0436-454a-8993-362abf5bc477": window light drew 1/1 beam(s)
2026-05-25 15:39:06.009 +02:00 [INF] Map "d5c08240-0436-454a-8993-362abf5bc477": window light drew 1/1 beam(s)
2026-05-25 15:39:06.055 +02:00 [INF] Map "d5c08240-0436-454a-8993-362abf5bc477": window light drew 1/1 beam(s)
2026-05-25 15:39:06.101 +02:00 [INF] Map "d5c08240-0436-454a-8993-362abf5bc477": window light drew 1/1 beam(s)
2026-05-25 15:39:06.147 +02:00 [INF] Map "d5c08240-0436-454a-8993-362abf5bc477": window light drew 1/1 beam(s)
2026-05-25 15:39:06.193 +02:00 [INF] Map "d5c08240-0436-454a-8993-362abf5bc477": window light drew 1/1 beam(s)
2026-05-25 15:39:06.238 +02:00 [INF] Map "d5c08240-0436-454a-8993-362abf5bc477": window light drew 1/1 beam(s)
2026-05-25 15:39:06.284 +02:00 [INF] Map "d5c08240-0436-454a-8993-362abf5bc477": window light drew 1/1 beam(s)
2026-05-25 15:39:06.330 +02:00 [INF] Map "d5c08240-0436-454a-8993-362abf5bc477": window light drew 1/1 beam(s)
2026-05-25 15:39:06.389 +02:00 [INF] Map "d5c08240-0436-454a-8993-362abf5bc477": window light drew 1/1 beam(s)
2026-05-25 15:39:06.435 +02:00 [INF] Map "d5c08240-0436-454a-8993-362abf5bc477": window light drew 1/1 beam(s)
2026-05-25 15:39:06.480 +02:00 [INF] Map "d5c08240-0436-454a-8993-362abf5bc477": window light drew 1/1 beam(s)
2026-05-25 15:39:06.527 +02:00 [INF] Map "d5c08240-0436-454a-8993-362abf5bc477": window light drew 1/1 beam(s)
2026-05-25 15:39:06.572 +02:00 [INF] Map "d5c08240-0436-454a-8993-362abf5bc477": window light drew 1/1 beam(s)
2026-05-25 15:39:06.618 +02:00 [INF] Map "d5c08240-0436-454a-8993-362abf5bc477": window light drew 1/1 beam(s)
2026-05-25 15:39:06.665 +02:00 [INF] Map "d5c08240-0436-454a-8993-362abf5bc477": window light drew 1/1 beam(s)
2026-05-25 15:39:06.710 +02:00 [INF] Map "d5c08240-0436-454a-8993-362abf5bc477": window light drew 1/1 beam(s)
2026-05-25 15:39:06.755 +02:00 [INF] Map "d5c08240-0436-454a-8993-362abf5bc477": window light drew 1/1 beam(s)
2026-05-25 15:39:06.814 +02:00 [INF] Map "d5c08240-0436-454a-8993-362abf5bc477": window light drew 1/1 beam(s)
2026-05-25 15:39:06.860 +02:00 [INF] Map "d5c08240-0436-454a-8993-362abf5bc477": window light drew 1/1 beam(s)
2026-05-25 15:39:06.906 +02:00 [INF] Map "d5c08240-0436-454a-8993-362abf5bc477": window light drew 1/1 beam(s)
2026-05-25 15:39:06.956 +02:00 [INF] Map "d5c08240-0436-454a-8993-362abf5bc477": window light drew 1/1 beam(s)
2026-05-25 15:39:07.001 +02:00 [INF] Map "d5c08240-0436-454a-8993-362abf5bc477": window light drew 1/1 beam(s)
2026-05-25 15:39:07.047 +02:00 [INF] Map "d5c08240-0436-454a-8993-362abf5bc477": window light drew 1/1 beam(s)
2026-05-25 15:39:07.092 +02:00 [INF] Map "d5c08240-0436-454a-8993-362abf5bc477": window light drew 1/1 beam(s)
2026-05-25 15:39:07.138 +02:00 [INF] Map "d5c08240-0436-454a-8993-362abf5bc477": window light drew 1/1 beam(s)
2026-05-25 15:39:07.184 +02:00 [INF] Map "d5c08240-0436-454a-8993-362abf5bc477": window light drew 1/1 beam(s)
2026-05-25 15:39:07.243 +02:00 [INF] Map "d5c08240-0436-454a-8993-362abf5bc477": window light drew 1/1 beam(s)
2026-05-25 15:39:07.289 +02:00 [INF] Map "d5c08240-0436-454a-8993-362abf5bc477": window light drew 1/1 beam(s)
2026-05-25 15:39:07.334 +02:00 [INF] Map "d5c08240-0436-454a-8993-362abf5bc477": window light drew 1/1 beam(s)
2026-05-25 15:39:07.379 +02:00 [INF] Map "d5c08240-0436-454a-8993-362abf5bc477": window light drew 1/1 beam(s)
2026-05-25 15:39:07.425 +02:00 [INF] Map "d5c08240-0436-454a-8993-362abf5bc477": window light drew 1/1 beam(s)
2026-05-25 15:39:07.470 +02:00 [INF] Map "d5c08240-0436-454a-8993-362abf5bc477": window light drew 1/1 beam(s)
2026-05-25 15:39:07.515 +02:00 [INF] Map "d5c08240-0436-454a-8993-362abf5bc477": window light drew 1/1 beam(s)
2026-05-25 15:39:07.561 +02:00 [INF] Map "d5c08240-0436-454a-8993-362abf5bc477": window light drew 1/1 beam(s)
2026-05-25 15:39:07.607 +02:00 [INF] Map "d5c08240-0436-454a-8993-362abf5bc477": window light drew 1/1 beam(s)
2026-05-25 15:39:07.667 +02:00 [INF] Map "d5c08240-0436-454a-8993-362abf5bc477": window light drew 1/1 beam(s)
2026-05-25 15:39:07.712 +02:00 [INF] Map "d5c08240-0436-454a-8993-362abf5bc477": window light drew 1/1 beam(s)
2026-05-25 15:39:07.758 +02:00 [INF] Map "d5c08240-0436-454a-8993-362abf5bc477": window light drew 1/1 beam(s)
2026-05-25 15:39:07.803 +02:00 [INF] Map "d5c08240-0436-454a-8993-362abf5bc477": window light drew 1/1 beam(s)
2026-05-25 15:39:07.849 +02:00 [INF] Map "d5c08240-0436-454a-8993-362abf5bc477": window light drew 1/1 beam(s)
2026-05-25 15:39:07.895 +02:00 [INF] Map "d5c08240-0436-454a-8993-362abf5bc477": window light drew 1/1 beam(s)
2026-05-25 15:39:07.941 +02:00 [INF] Map "d5c08240-0436-454a-8993-362abf5bc477": window light drew 1/1 beam(s)
2026-05-25 15:39:07.987 +02:00 [INF] Map "d5c08240-0436-454a-8993-362abf5bc477": window light drew 1/1 beam(s)
2026-05-25 15:39:08.032 +02:00 [INF] Map "d5c08240-0436-454a-8993-362abf5bc477": window light drew 1/1 beam(s)
2026-05-25 15:39:08.092 +02:00 [INF] Map "d5c08240-0436-454a-8993-362abf5bc477": window light drew 1/1 beam(s)
2026-05-25 15:39:08.138 +02:00 [INF] Map "d5c08240-0436-454a-8993-362abf5bc477": window light drew 1/1 beam(s)
2026-05-25 15:39:08.183 +02:00 [INF] Map "d5c08240-0436-454a-8993-362abf5bc477": window light drew 1/1 beam(s)
2026-05-25 15:39:08.228 +02:00 [INF] Map "d5c08240-0436-454a-8993-362abf5bc477": window light drew 1/1 beam(s)
2026-05-25 15:39:08.274 +02:00 [INF] Map "d5c08240-0436-454a-8993-362abf5bc477": window light drew 1/1 beam(s)
2026-05-25 15:39:08.320 +02:00 [INF] Map "d5c08240-0436-454a-8993-362abf5bc477": window light drew 1/1 beam(s)
2026-05-25 15:39:08.365 +02:00 [INF] Map "d5c08240-0436-454a-8993-362abf5bc477": window light drew 1/1 beam(s)
2026-05-25 15:39:08.411 +02:00 [INF] Map "d5c08240-0436-454a-8993-362abf5bc477": window light drew 1/1 beam(s)
2026-05-25 15:39:08.457 +02:00 [INF] Map "d5c08240-0436-454a-8993-362abf5bc477": window light drew 1/1 beam(s)
2026-05-25 15:39:08.516 +02:00 [INF] Map "d5c08240-0436-454a-8993-362abf5bc477": window light drew 1/1 beam(s)
2026-05-25 15:39:08.562 +02:00 [INF] Map "d5c08240-0436-454a-8993-362abf5bc477": window light drew 1/1 beam(s)
2026-05-25 15:39:08.608 +02:00 [INF] Map "d5c08240-0436-454a-8993-362abf5bc477": window light drew 1/1 beam(s)
2026-05-25 15:39:08.653 +02:00 [INF] Map "d5c08240-0436-454a-8993-362abf5bc477": window light drew 1/1 beam(s)
2026-05-25 15:39:08.699 +02:00 [INF] Map "d5c08240-0436-454a-8993-362abf5bc477": window light drew 1/1 beam(s)
2026-05-25 15:39:08.746 +02:00 [INF] Map "d5c08240-0436-454a-8993-362abf5bc477": window light drew 1/1 beam(s)
2026-05-25 15:39:08.791 +02:00 [INF] Map "d5c08240-0436-454a-8993-362abf5bc477": window light drew 1/1 beam(s)
2026-05-25 15:39:08.836 +02:00 [INF] Map "d5c08240-0436-454a-8993-362abf5bc477": window light drew 1/1 beam(s)
2026-05-25 15:39:08.881 +02:00 [INF] Map "d5c08240-0436-454a-8993-362abf5bc477": window light drew 1/1 beam(s)
2026-05-25 15:39:08.940 +02:00 [INF] Map "d5c08240-0436-454a-8993-362abf5bc477": window light drew 1/1 beam(s)
2026-05-25 15:39:08.987 +02:00 [INF] Map "d5c08240-0436-454a-8993-362abf5bc477": window light drew 1/1 beam(s)
2026-05-25 15:39:09.033 +02:00 [INF] Map "d5c08240-0436-454a-8993-362abf5bc477": window light drew 1/1 beam(s)
2026-05-25 15:39:09.079 +02:00 [INF] Map "d5c08240-0436-454a-8993-362abf5bc477": window light drew 1/1 beam(s)
2026-05-25 15:39:09.124 +02:00 [INF] Map "d5c08240-0436-454a-8993-362abf5bc477": window light drew 1/1 beam(s)
2026-05-25 15:39:09.170 +02:00 [INF] Map "d5c08240-0436-454a-8993-362abf5bc477": window light drew 1/1 beam(s)
2026-05-25 15:39:09.215 +02:00 [INF] Map "d5c08240-0436-454a-8993-362abf5bc477": window light drew 1/1 beam(s)
2026-05-25 15:39:09.260 +02:00 [INF] Map "d5c08240-0436-454a-8993-362abf5bc477": window light drew 1/1 beam(s)
2026-05-25 15:39:09.305 +02:00 [INF] Map "d5c08240-0436-454a-8993-362abf5bc477": window light drew 1/1 beam(s)
2026-05-25 15:39:09.364 +02:00 [INF] Map "d5c08240-0436-454a-8993-362abf5bc477": window light drew 1/1 beam(s)
2026-05-25 15:39:09.409 +02:00 [INF] Map "d5c08240-0436-454a-8993-362abf5bc477": window light drew 1/1 beam(s)
2026-05-25 15:39:09.455 +02:00 [INF] Map "d5c08240-0436-454a-8993-362abf5bc477": window light drew 1/1 beam(s)
2026-05-25 15:39:09.500 +02:00 [INF] Map "d5c08240-0436-454a-8993-362abf5bc477": window light drew 1/1 beam(s)
2026-05-25 15:39:09.546 +02:00 [INF] Map "d5c08240-0436-454a-8993-362abf5bc477": window light drew 1/1 beam(s)
2026-05-25 15:39:09.591 +02:00 [INF] Map "d5c08240-0436-454a-8993-362abf5bc477": window light drew 1/1 beam(s)
2026-05-25 15:39:09.637 +02:00 [INF] Map "d5c08240-0436-454a-8993-362abf5bc477": window light drew 1/1 beam(s)
2026-05-25 15:39:09.682 +02:00 [INF] Map "d5c08240-0436-454a-8993-362abf5bc477": window light drew 1/1 beam(s)
2026-05-25 15:39:09.727 +02:00 [INF] Map "d5c08240-0436-454a-8993-362abf5bc477": window light drew 1/1 beam(s)
2026-05-25 15:39:09.786 +02:00 [INF] Map "d5c08240-0436-454a-8993-362abf5bc477": window light drew 1/1 beam(s)
2026-05-25 15:39:09.831 +02:00 [INF] Map "d5c08240-0436-454a-8993-362abf5bc477": window light drew 1/1 beam(s)
2026-05-25 15:39:09.877 +02:00 [INF] Map "d5c08240-0436-454a-8993-362abf5bc477": window light drew 1/1 beam(s)
2026-05-25 15:39:09.922 +02:00 [INF] Map "d5c08240-0436-454a-8993-362abf5bc477": window light drew 1/1 beam(s)
2026-05-25 15:39:09.967 +02:00 [INF] Map "d5c08240-0436-454a-8993-362abf5bc477": window light drew 1/1 beam(s)
2026-05-25 15:39:10.012 +02:00 [INF] Map "d5c08240-0436-454a-8993-362abf5bc477": window light drew 1/1 beam(s)
2026-05-25 15:39:10.058 +02:00 [INF] Map "d5c08240-0436-454a-8993-362abf5bc477": window light drew 1/1 beam(s)
2026-05-25 15:39:10.103 +02:00 [INF] Map "d5c08240-0436-454a-8993-362abf5bc477": window light drew 1/1 beam(s)
2026-05-25 15:39:10.148 +02:00 [INF] Map "d5c08240-0436-454a-8993-362abf5bc477": window light drew 1/1 beam(s)
2026-05-25 15:39:10.207 +02:00 [INF] Map "d5c08240-0436-454a-8993-362abf5bc477": window light drew 1/1 beam(s)
2026-05-25 15:39:10.252 +02:00 [INF] Map "d5c08240-0436-454a-8993-362abf5bc477": window light drew 1/1 beam(s)
2026-05-25 15:39:10.297 +02:00 [INF] Map "d5c08240-0436-454a-8993-362abf5bc477": window light drew 1/1 beam(s)
2026-05-25 15:39:10.343 +02:00 [INF] Map "d5c08240-0436-454a-8993-362abf5bc477": window light drew 1/1 beam(s)
2026-05-25 15:39:10.389 +02:00 [INF] Map "d5c08240-0436-454a-8993-362abf5bc477": window light drew 1/1 beam(s)
2026-05-25 15:39:10.436 +02:00 [INF] Map "d5c08240-0436-454a-8993-362abf5bc477": window light drew 1/1 beam(s)
2026-05-25 15:39:10.483 +02:00 [INF] Map "d5c08240-0436-454a-8993-362abf5bc477": window light drew 1/1 beam(s)
2026-05-25 15:39:10.529 +02:00 [INF] Map "d5c08240-0436-454a-8993-362abf5bc477": window light drew 1/1 beam(s)
2026-05-25 15:39:10.575 +02:00 [INF] Map "d5c08240-0436-454a-8993-362abf5bc477": window light drew 1/1 beam(s)
2026-05-25 15:39:10.634 +02:00 [INF] Map "d5c08240-0436-454a-8993-362abf5bc477": window light drew 1/1 beam(s)
2026-05-25 15:39:10.680 +02:00 [INF] Map "d5c08240-0436-454a-8993-362abf5bc477": window light drew 1/1 beam(s)
2026-05-25 15:39:10.726 +02:00 [INF] Map "d5c08240-0436-454a-8993-362abf5bc477": window light drew 1/1 beam(s)
2026-05-25 15:39:10.772 +02:00 [INF] Map "d5c08240-0436-454a-8993-362abf5bc477": window light drew 1/1 beam(s)
2026-05-25 15:39:10.817 +02:00 [INF] Map "d5c08240-0436-454a-8993-362abf5bc477": window light drew 1/1 beam(s)
2026-05-25 15:39:10.863 +02:00 [INF] Map "d5c08240-0436-454a-8993-362abf5bc477": window light drew 1/1 beam(s)
2026-05-25 15:39:10.909 +02:00 [INF] Map "d5c08240-0436-454a-8993-362abf5bc477": window light drew 1/1 beam(s)
2026-05-25 15:39:10.955 +02:00 [INF] Map "d5c08240-0436-454a-8993-362abf5bc477": window light drew 1/1 beam(s)
2026-05-25 15:39:11.002 +02:00 [INF] Map "d5c08240-0436-454a-8993-362abf5bc477": window light drew 1/1 beam(s)
2026-05-25 15:39:11.063 +02:00 [INF] Map "d5c08240-0436-454a-8993-362abf5bc477": window light drew 1/1 beam(s)
2026-05-25 15:39:11.110 +02:00 [INF] Map "d5c08240-0436-454a-8993-362abf5bc477": window light drew 1/1 beam(s)
2026-05-25 15:39:11.157 +02:00 [INF] Map "d5c08240-0436-454a-8993-362abf5bc477": window light drew 1/1 beam(s)
2026-05-25 15:39:11.204 +02:00 [INF] Map "d5c08240-0436-454a-8993-362abf5bc477": window light drew 1/1 beam(s)
2026-05-25 15:39:11.252 +02:00 [INF] Map "d5c08240-0436-454a-8993-362abf5bc477": window light drew 1/1 beam(s)
2026-05-25 15:39:11.299 +02:00 [INF] Map "d5c08240-0436-454a-8993-362abf5bc477": window light drew 1/1 beam(s)
2026-05-25 15:39:11.354 +02:00 [INF] Map "d5c08240-0436-454a-8993-362abf5bc477": window light drew 1/1 beam(s)
2026-05-25 15:39:11.400 +02:00 [INF] Map "d5c08240-0436-454a-8993-362abf5bc477": window light drew 1/1 beam(s)
2026-05-25 15:39:11.447 +02:00 [INF] Map "d5c08240-0436-454a-8993-362abf5bc477": window light drew 1/1 beam(s)
2026-05-25 15:39:11.507 +02:00 [INF] Map "d5c08240-0436-454a-8993-362abf5bc477": window light drew 1/1 beam(s)
2026-05-25 15:39:11.553 +02:00 [INF] Map "d5c08240-0436-454a-8993-362abf5bc477": window light drew 1/1 beam(s)
2026-05-25 15:39:11.601 +02:00 [INF] Map "d5c08240-0436-454a-8993-362abf5bc477": window light drew 1/1 beam(s)
2026-05-25 15:39:11.648 +02:00 [INF] Map "d5c08240-0436-454a-8993-362abf5bc477": window light drew 1/1 beam(s)
2026-05-25 15:39:11.695 +02:00 [INF] Map "d5c08240-0436-454a-8993-362abf5bc477": window light drew 1/1 beam(s)
2026-05-25 15:39:11.743 +02:00 [INF] Map "d5c08240-0436-454a-8993-362abf5bc477": window light drew 1/1 beam(s)
2026-05-25 15:39:11.791 +02:00 [INF] Map "d5c08240-0436-454a-8993-362abf5bc477": window light drew 1/1 beam(s)
2026-05-25 15:39:11.839 +02:00 [INF] Map "d5c08240-0436-454a-8993-362abf5bc477": window light drew 1/1 beam(s)
2026-05-25 15:39:11.887 +02:00 [INF] Map "d5c08240-0436-454a-8993-362abf5bc477": window light drew 1/1 beam(s)
2026-05-25 15:39:11.949 +02:00 [INF] Map "d5c08240-0436-454a-8993-362abf5bc477": window light drew 1/1 beam(s)
2026-05-25 15:39:11.996 +02:00 [INF] Map "d5c08240-0436-454a-8993-362abf5bc477": window light drew 1/1 beam(s)
2026-05-25 15:39:12.042 +02:00 [INF] Map "d5c08240-0436-454a-8993-362abf5bc477": window light drew 1/1 beam(s)
2026-05-25 15:39:12.089 +02:00 [INF] Map "d5c08240-0436-454a-8993-362abf5bc477": window light drew 1/1 beam(s)
2026-05-25 15:39:12.135 +02:00 [INF] Map "d5c08240-0436-454a-8993-362abf5bc477": window light drew 1/1 beam(s)
2026-05-25 15:39:12.181 +02:00 [INF] Map "d5c08240-0436-454a-8993-362abf5bc477": window light drew 1/1 beam(s)
2026-05-25 15:39:12.228 +02:00 [INF] Map "d5c08240-0436-454a-8993-362abf5bc477": window light drew 1/1 beam(s)
2026-05-25 15:39:12.274 +02:00 [INF] Map "d5c08240-0436-454a-8993-362abf5bc477": window light drew 1/1 beam(s)
2026-05-25 15:39:12.321 +02:00 [INF] Map "d5c08240-0436-454a-8993-362abf5bc477": window light drew 1/1 beam(s)
2026-05-25 15:39:12.380 +02:00 [INF] Map "d5c08240-0436-454a-8993-362abf5bc477": window light drew 1/1 beam(s)
2026-05-25 15:39:12.425 +02:00 [INF] Map "d5c08240-0436-454a-8993-362abf5bc477": window light drew 1/1 beam(s)
2026-05-25 15:39:12.470 +02:00 [INF] Map "d5c08240-0436-454a-8993-362abf5bc477": window light drew 1/1 beam(s)
2026-05-25 15:39:12.517 +02:00 [INF] Map "d5c08240-0436-454a-8993-362abf5bc477": window light drew 1/1 beam(s)
2026-05-25 15:39:12.563 +02:00 [INF] Map "d5c08240-0436-454a-8993-362abf5bc477": window light drew 1/1 beam(s)
2026-05-25 15:39:12.609 +02:00 [INF] Map "d5c08240-0436-454a-8993-362abf5bc477": window light drew 1/1 beam(s)
2026-05-25 15:39:12.654 +02:00 [INF] Map "d5c08240-0436-454a-8993-362abf5bc477": window light drew 1/1 beam(s)
2026-05-25 15:39:12.700 +02:00 [INF] Map "d5c08240-0436-454a-8993-362abf5bc477": window light drew 1/1 beam(s)
2026-05-25 15:39:12.747 +02:00 [INF] Map "d5c08240-0436-454a-8993-362abf5bc477": window light drew 1/1 beam(s)
2026-05-25 15:39:12.807 +02:00 [INF] Map "d5c08240-0436-454a-8993-362abf5bc477": window light drew 1/1 beam(s)
2026-05-25 15:39:12.856 +02:00 [INF] Map "d5c08240-0436-454a-8993-362abf5bc477": window light drew 1/1 beam(s)
2026-05-25 15:39:12.907 +02:00 [INF] Map "d5c08240-0436-454a-8993-362abf5bc477": window light drew 1/1 beam(s)
2026-05-25 15:39:12.956 +02:00 [INF] Map "d5c08240-0436-454a-8993-362abf5bc477": window light drew 1/1 beam(s)
2026-05-25 15:39:13.005 +02:00 [INF] Map "d5c08240-0436-454a-8993-362abf5bc477": window light drew 1/1 beam(s)
2026-05-25 15:39:13.053 +02:00 [INF] Map "d5c08240-0436-454a-8993-362abf5bc477": window light drew 1/1 beam(s)
2026-05-25 15:39:13.100 +02:00 [INF] Map "d5c08240-0436-454a-8993-362abf5bc477": window light drew 1/1 beam(s)
2026-05-25 15:39:13.147 +02:00 [INF] Map "d5c08240-0436-454a-8993-362abf5bc477": window light drew 1/1 beam(s)
2026-05-25 15:39:13.193 +02:00 [INF] Map "d5c08240-0436-454a-8993-362abf5bc477": window light drew 1/1 beam(s)
2026-05-25 15:39:13.253 +02:00 [INF] Map "d5c08240-0436-454a-8993-362abf5bc477": window light drew 1/1 beam(s)
2026-05-25 15:39:13.299 +02:00 [INF] Map "d5c08240-0436-454a-8993-362abf5bc477": window light drew 1/1 beam(s)
2026-05-25 15:39:13.347 +02:00 [INF] Map "d5c08240-0436-454a-8993-362abf5bc477": window light drew 1/1 beam(s)
2026-05-25 15:39:13.393 +02:00 [INF] Map "d5c08240-0436-454a-8993-362abf5bc477": window light drew 1/1 beam(s)
2026-05-25 15:39:13.439 +02:00 [INF] Map "d5c08240-0436-454a-8993-362abf5bc477": window light drew 1/1 beam(s)
2026-05-25 15:39:13.485 +02:00 [INF] Map "d5c08240-0436-454a-8993-362abf5bc477": window light drew 1/1 beam(s)
2026-05-25 15:39:13.532 +02:00 [INF] Map "d5c08240-0436-454a-8993-362abf5bc477": window light drew 1/1 beam(s)
2026-05-25 15:39:13.578 +02:00 [INF] Map "d5c08240-0436-454a-8993-362abf5bc477": window light drew 1/1 beam(s)
2026-05-25 15:39:13.624 +02:00 [INF] Map "d5c08240-0436-454a-8993-362abf5bc477": window light drew 1/1 beam(s)
2026-05-25 15:39:13.685 +02:00 [INF] Map "d5c08240-0436-454a-8993-362abf5bc477": window light drew 1/1 beam(s)
2026-05-25 15:39:13.732 +02:00 [INF] Map "d5c08240-0436-454a-8993-362abf5bc477": window light drew 1/1 beam(s)
2026-05-25 15:39:13.778 +02:00 [INF] Map "d5c08240-0436-454a-8993-362abf5bc477": window light drew 1/1 beam(s)
2026-05-25 15:39:13.824 +02:00 [INF] Map "d5c08240-0436-454a-8993-362abf5bc477": window light drew 1/1 beam(s)
2026-05-25 15:39:13.869 +02:00 [INF] Map "d5c08240-0436-454a-8993-362abf5bc477": window light drew 1/1 beam(s)
2026-05-25 15:39:13.915 +02:00 [INF] Map "d5c08240-0436-454a-8993-362abf5bc477": window light drew 1/1 beam(s)
2026-05-25 15:39:13.962 +02:00 [INF] Map "d5c08240-0436-454a-8993-362abf5bc477": window light drew 1/1 beam(s)
2026-05-25 15:39:14.008 +02:00 [INF] Map "d5c08240-0436-454a-8993-362abf5bc477": window light drew 1/1 beam(s)
2026-05-25 15:39:14.165 +02:00 [INF] Map "d5c08240-0436-454a-8993-362abf5bc477": window light drew 1/1 beam(s)
2026-05-25 15:39:14.207 +02:00 [INF] Map "d5c08240-0436-454a-8993-362abf5bc477": window light drew 1/1 beam(s)
2026-05-25 15:39:14.284 +02:00 [INF] Map "d5c08240-0436-454a-8993-362abf5bc477": window light drew 1/1 beam(s)
2026-05-25 15:39:14.311 +02:00 [INF] Map "d5c08240-0436-454a-8993-362abf5bc477": window light drew 1/1 beam(s)
2026-05-25 15:39:14.337 +02:00 [INF] Map "d5c08240-0436-454a-8993-362abf5bc477": window light drew 1/1 beam(s)
2026-05-25 15:39:14.362 +02:00 [INF] Map "d5c08240-0436-454a-8993-362abf5bc477": window light drew 1/1 beam(s)
2026-05-25 15:39:14.388 +02:00 [INF] Map "d5c08240-0436-454a-8993-362abf5bc477": window light drew 1/1 beam(s)
2026-05-25 15:39:14.413 +02:00 [INF] Map "d5c08240-0436-454a-8993-362abf5bc477": window light drew 1/1 beam(s)
2026-05-25 15:39:14.439 +02:00 [INF] Map "d5c08240-0436-454a-8993-362abf5bc477": window light drew 1/1 beam(s)
2026-05-25 15:39:14.478 +02:00 [INF] Map "d5c08240-0436-454a-8993-362abf5bc477": window light drew 1/1 beam(s)
2026-05-25 15:39:14.504 +02:00 [INF] Map "d5c08240-0436-454a-8993-362abf5bc477": window light drew 1/1 beam(s)
2026-05-25 15:39:14.529 +02:00 [INF] Map "d5c08240-0436-454a-8993-362abf5bc477": window light drew 1/1 beam(s)
2026-05-25 15:39:14.554 +02:00 [INF] Map "d5c08240-0436-454a-8993-362abf5bc477": window light drew 1/1 beam(s)
2026-05-25 15:39:14.579 +02:00 [INF] Map "d5c08240-0436-454a-8993-362abf5bc477": window light drew 1/1 beam(s)
2026-05-25 15:39:14.604 +02:00 [INF] Map "d5c08240-0436-454a-8993-362abf5bc477": window light drew 1/1 beam(s)
2026-05-25 15:39:14.629 +02:00 [INF] Map "d5c08240-0436-454a-8993-362abf5bc477": window light drew 1/1 beam(s)
2026-05-25 15:39:14.655 +02:00 [INF] Map "d5c08240-0436-454a-8993-362abf5bc477": window light drew 1/1 beam(s)
2026-05-25 15:39:14.680 +02:00 [INF] Map "d5c08240-0436-454a-8993-362abf5bc477": window light drew 1/1 beam(s)
2026-05-25 15:39:14.719 +02:00 [INF] Map "d5c08240-0436-454a-8993-362abf5bc477": window light drew 1/1 beam(s)
2026-05-25 15:39:14.744 +02:00 [INF] Map "d5c08240-0436-454a-8993-362abf5bc477": window light drew 1/1 beam(s)
2026-05-25 15:39:14.769 +02:00 [INF] Map "d5c08240-0436-454a-8993-362abf5bc477": window light drew 1/1 beam(s)
2026-05-25 15:39:14.794 +02:00 [INF] Map "d5c08240-0436-454a-8993-362abf5bc477": window light drew 1/1 beam(s)
2026-05-25 15:39:14.819 +02:00 [INF] Map "d5c08240-0436-454a-8993-362abf5bc477": window light drew 1/1 beam(s)
2026-05-25 15:39:14.844 +02:00 [INF] Map "d5c08240-0436-454a-8993-362abf5bc477": window light drew 1/1 beam(s)
2026-05-25 15:39:14.870 +02:00 [INF] Map "d5c08240-0436-454a-8993-362abf5bc477": window light drew 1/1 beam(s)
2026-05-25 15:39:14.895 +02:00 [INF] Map "d5c08240-0436-454a-8993-362abf5bc477": window light drew 1/1 beam(s)
2026-05-25 15:39:14.921 +02:00 [INF] Map "d5c08240-0436-454a-8993-362abf5bc477": window light drew 1/1 beam(s)
2026-05-25 15:39:14.960 +02:00 [INF] Map "d5c08240-0436-454a-8993-362abf5bc477": window light drew 1/1 beam(s)
2026-05-25 15:39:14.985 +02:00 [INF] Map "d5c08240-0436-454a-8993-362abf5bc477": window light drew 1/1 beam(s)
2026-05-25 15:39:15.011 +02:00 [INF] Map "d5c08240-0436-454a-8993-362abf5bc477": window light drew 1/1 beam(s)
2026-05-25 15:39:15.036 +02:00 [INF] Map "d5c08240-0436-454a-8993-362abf5bc477": window light drew 1/1 beam(s)
2026-05-25 15:39:15.061 +02:00 [INF] Map "d5c08240-0436-454a-8993-362abf5bc477": window light drew 1/1 beam(s)
2026-05-25 15:39:15.085 +02:00 [INF] Map "d5c08240-0436-454a-8993-362abf5bc477": window light drew 1/1 beam(s)
2026-05-25 15:39:15.111 +02:00 [INF] Map "d5c08240-0436-454a-8993-362abf5bc477": window light drew 1/1 beam(s)
2026-05-25 15:39:15.136 +02:00 [INF] Map "d5c08240-0436-454a-8993-362abf5bc477": window light drew 1/1 beam(s)
2026-05-25 15:39:15.161 +02:00 [INF] Map "d5c08240-0436-454a-8993-362abf5bc477": window light drew 1/1 beam(s)
2026-05-25 15:39:15.200 +02:00 [INF] Map "d5c08240-0436-454a-8993-362abf5bc477": window light drew 1/1 beam(s)
2026-05-25 15:39:15.225 +02:00 [INF] Map "d5c08240-0436-454a-8993-362abf5bc477": window light drew 1/1 beam(s)
2026-05-25 15:39:15.251 +02:00 [INF] Map "d5c08240-0436-454a-8993-362abf5bc477": window light drew 1/1 beam(s)
2026-05-25 15:39:15.277 +02:00 [INF] Map "d5c08240-0436-454a-8993-362abf5bc477": window light drew 1/1 beam(s)
2026-05-25 15:39:15.302 +02:00 [INF] Map "d5c08240-0436-454a-8993-362abf5bc477": window light drew 1/1 beam(s)
2026-05-25 15:39:15.327 +02:00 [INF] Map "d5c08240-0436-454a-8993-362abf5bc477": window light drew 1/1 beam(s)
2026-05-25 15:39:15.352 +02:00 [INF] Map "d5c08240-0436-454a-8993-362abf5bc477": window light drew 1/1 beam(s)
2026-05-25 15:39:15.378 +02:00 [INF] Map "d5c08240-0436-454a-8993-362abf5bc477": window light drew 1/1 beam(s)
2026-05-25 15:39:15.403 +02:00 [INF] Map "d5c08240-0436-454a-8993-362abf5bc477": window light drew 1/1 beam(s)
2026-05-25 15:39:15.441 +02:00 [INF] Map "d5c08240-0436-454a-8993-362abf5bc477": window light drew 1/1 beam(s)
2026-05-25 15:39:15.466 +02:00 [INF] Map "d5c08240-0436-454a-8993-362abf5bc477": window light drew 1/1 beam(s)
2026-05-25 15:39:15.491 +02:00 [INF] Map "d5c08240-0436-454a-8993-362abf5bc477": window light drew 1/1 beam(s)
2026-05-25 15:39:15.517 +02:00 [INF] Map "d5c08240-0436-454a-8993-362abf5bc477": window light drew 1/1 beam(s)
2026-05-25 15:39:15.543 +02:00 [INF] Map "d5c08240-0436-454a-8993-362abf5bc477": window light drew 1/1 beam(s)
2026-05-25 15:39:15.568 +02:00 [INF] Map "d5c08240-0436-454a-8993-362abf5bc477": window light drew 1/1 beam(s)
2026-05-25 15:39:15.593 +02:00 [INF] Map "d5c08240-0436-454a-8993-362abf5bc477": window light drew 1/1 beam(s)
2026-05-25 15:39:15.618 +02:00 [INF] Map "d5c08240-0436-454a-8993-362abf5bc477": window light drew 1/1 beam(s)
2026-05-25 15:39:15.644 +02:00 [INF] Map "d5c08240-0436-454a-8993-362abf5bc477": window light drew 1/1 beam(s)
2026-05-25 15:39:15.682 +02:00 [INF] Map "d5c08240-0436-454a-8993-362abf5bc477": window light drew 1/1 beam(s)
2026-05-25 15:39:15.707 +02:00 [INF] Map "d5c08240-0436-454a-8993-362abf5bc477": window light drew 1/1 beam(s)
2026-05-25 15:39:15.732 +02:00 [INF] Map "d5c08240-0436-454a-8993-362abf5bc477": window light drew 1/1 beam(s)
2026-05-25 15:39:15.757 +02:00 [INF] Map "d5c08240-0436-454a-8993-362abf5bc477": window light drew 1/1 beam(s)
2026-05-25 15:39:15.781 +02:00 [INF] Map "d5c08240-0436-454a-8993-362abf5bc477": window light drew 1/1 beam(s)
2026-05-25 15:39:15.806 +02:00 [INF] Map "d5c08240-0436-454a-8993-362abf5bc477": window light drew 1/1 beam(s)
2026-05-25 15:39:15.831 +02:00 [INF] Map "d5c08240-0436-454a-8993-362abf5bc477": window light drew 1/1 beam(s)
2026-05-25 15:39:15.856 +02:00 [INF] Map "d5c08240-0436-454a-8993-362abf5bc477": window light drew 1/1 beam(s)
2026-05-25 15:39:15.881 +02:00 [INF] Map "d5c08240-0436-454a-8993-362abf5bc477": window light drew 1/1 beam(s)
2026-05-25 15:39:15.920 +02:00 [INF] Map "d5c08240-0436-454a-8993-362abf5bc477": window light drew 1/1 beam(s)
2026-05-25 15:39:15.945 +02:00 [INF] Map "d5c08240-0436-454a-8993-362abf5bc477": window light drew 1/1 beam(s)
2026-05-25 15:39:15.969 +02:00 [INF] Map "d5c08240-0436-454a-8993-362abf5bc477": window light drew 1/1 beam(s)
2026-05-25 15:39:15.995 +02:00 [INF] Map "d5c08240-0436-454a-8993-362abf5bc477": window light drew 1/1 beam(s)
2026-05-25 15:39:16.020 +02:00 [INF] Map "d5c08240-0436-454a-8993-362abf5bc477": window light drew 1/1 beam(s)
2026-05-25 15:39:16.116 +02:00 [INF] System window closing (due to user interaction most likely).
2026-05-25 15:39:16.119 +02:00 [INF] Disconnected [26cb2de3-1207-49d4-bb76-3b764e5c8a96].
2026-05-25 15:39:16.120 +02:00 [INF] Updating active permission set to 'default'
2026-05-25 15:39:16.153 +02:00 [INF] Acquiring context lock... (0ms)
2026-05-25 15:39:16.153 +02:00 [INF] Acquired. (0ms)
2026-05-25 15:39:16.154 +02:00 [INF] Beginning context dispose. (0ms)
2026-05-25 15:39:16.154 +02:00 [INF] GC.SuppressFinalize (0ms)
2026-05-25 15:39:16.154 +02:00 [INF] InternalDispose() completed. (0ms)
2026-05-25 15:39:16.154 +02:00 [INF] Clearing instance... (1ms)
2026-05-25 15:39:16.154 +02:00 [INF] Releasing context lock... (1ms)
2026-05-25 15:39:16.154 +02:00 [INF] Released. (1ms)
